game_id,season,week,home_team,away_team,commence_time,captured_at,side,spread_home_at_capture,model_predicted_margin,edge_points_at_capture
401856766,2026,1,TCU Horned Frogs,North Carolina Tar Heels,2026-08-29T16:00:00Z,2026-08-29T15:09:37.583225+00:00,home,-7.5,9.76,2.26
401858202,2026,1,Virginia Cavaliers,NC State Wolfpack,2026-08-29T19:30:00Z,2026-08-29T15:09:37.583225+00:00,home,-4.0,7.76,3.76
401864570,2026,1,Florida State Seminoles,New Mexico State Aggies,2026-08-29T23:00:00Z,2026-08-29T15:09:37.583225+00:00,away,-31.5,18.5,-13.0
401858201,2026,1,Stanford Cardinal,Hawaii Rainbow Warriors,2026-08-29T23:00:00Z,2026-08-29T15:09:37.583225+00:00,away,-4.0,-5.22,-9.219999999999999
401862693,2026,1,UNLV Rebels,Memphis Tigers,2026-08-30T02:00:00Z,2026-08-29T15:09:37.583225+00:00,away,-4.0,1.47,-2.5300000000000002
401858204,2026,1,Wake Forest Demon Deacons,Akron Zips,2026-09-03T23:00:00Z,2026-08-29T15:09:37.583225+00:00,away,-24.5,16.47,-8.030000000000001
401856776,2026,1,Georgia Tech Yellow Jackets,Colorado Buffaloes,2026-09-04T00:00:00Z,2026-08-29T15:09:37.583225+00:00,home,-6.5,15.16,8.66
401858424,2026,1,Illinois Fighting Illini,UAB Blazers,2026-09-04T01:00:00Z,2026-08-29T15:09:37.583225+00:00,away,-28.5,22.44,-6.059999999999999
401858429,2026,1,Michigan State Spartans,Toledo Rockets,2026-09-05T00:00:00Z,2026-08-29T15:09:37.583225+00:00,away,-10.0,-2.53,-12.53
401858436,2026,1,USC Trojans,Fresno State Bulldogs,2026-09-05T01:00:00Z,2026-08-29T15:09:37.583225+00:00,away,-23.5,13.52,-9.98
401858206,2026,1,Stanford Cardinal,Miami Hurricanes,2026-09-05T01:00:00Z,2026-08-29T15:09:37.583225+00:00,home,23.5,-17.67,5.829999999999998
401856634,2026,1,Alabama Crimson Tide,East Carolina Pirates,2026-09-05T16:00:00Z,2026-08-29T15:09:37.583225+00:00,away,-28.5,8.09,-20.41
401856780,2026,1,West Virginia Mountaineers,Coastal Carolina Chanticleers,2026-09-05T16:00:00Z,2026-08-29T15:09:37.583225+00:00,away,-21.5,9.07,-12.43
401869960,2026,1,James Madison Dukes,Liberty Flames,2026-09-05T16:00:00Z,2026-08-29T15:09:37.583225+00:00,home,-6.5,17.59,11.09
401858207,2026,1,Pittsburgh Panthers,Miami (OH) RedHawks,2026-09-05T16:00:00Z,2026-08-29T15:09:37.583225+00:00,away,-16.5,11.36,-5.140000000000001
401858430,2026,1,Nebraska Cornhuskers,Ohio Bobcats,2026-09-05T16:00:00Z,2026-08-29T15:09:37.583225+00:00,away,-23.5,10.31,-13.19
401856665,2026,1,South Carolina Gamecocks,Kent State Golden Flashes,2026-09-05T16:45:00Z,2026-08-29T15:09:37.583225+00:00,away,-36.5,20.14,-16.36
401858433,2026,1,Oregon Ducks,Boise State Broncos,2026-09-05T19:30:00Z,2026-08-29T15:09:37.583225+00:00,away,-24.5,18.57,-5.93
401856777,2026,1,Cincinnati Bearcats,Boston College Eagles,2026-09-05T19:30:00Z,2026-08-29T15:09:37.583225+00:00,home,-7.5,12.15,4.65
401858209,2026,1,Duke Blue Devils,Tulane Green Wave,2026-09-05T19:30:00Z,2026-08-29T15:09:37.583225+00:00,away,-9.5,3.83,-5.67
401858434,2026,1,Penn State Nittany Lions,Marshall Thundering Herd,2026-09-05T19:30:00Z,2026-08-29T15:09:37.583225+00:00,away,-24.5,18.44,-6.059999999999999
401856667,2026,1,Texas Longhorns,Texas State Bobcats,2026-09-05T19:30:00Z,2026-08-29T15:09:37.583225+00:00,away,-30.5,12.74,-17.759999999999998
401856772,2026,1,Tulsa Golden Hurricane,Oklahoma State Cowboys,2026-09-05T19:45:00Z,2026-08-29T15:09:37.583225+00:00,home,14.0,6.97,20.97
401858426,2026,1,Iowa Hawkeyes,Northern Illinois Huskies,2026-09-05T20:15:00Z,2026-08-29T15:09:37.583225+00:00,away,-31.5,27.48,-4.02
401860878,2026,1,Colorado State Rams,Wyoming Cowboys,2026-09-05T22:00:00Z,2026-08-29T15:09:37.583225+00:00,away,-3.5,0.81,-2.69
401862695,2026,1,Memphis Tigers,Arkansas State Red Wolves,2026-09-05T23:00:00Z,2026-08-29T15:09:37.583225+00:00,home,-8.5,14.38,5.880000000000001
401862699,2026,1,South Florida Bulls,Florida International Panthers,2026-09-05T23:00:00Z,2026-08-29T15:09:37.583225+00:00,home,-13.5,18.11,4.609999999999999
401858428,2026,1,Michigan Wolverines,Western Michigan Broncos,2026-09-05T23:00:00Z,2026-08-29T15:09:37.583225+00:00,away,-28.5,12.67,-15.83
401856660,2026,1,LSU Tigers,Clemson Tigers,2026-09-05T23:30:00Z,2026-08-29T15:09:37.583225+00:00,away,-10.5,4.15,-6.35
401856637,2026,1,Florida Gators,Florida Atlantic Owls,2026-09-05T23:45:00Z,2026-08-29T15:09:37.583225+00:00,away,-26.5,11.62,-14.88
401864497,2026,1,Hawaii Rainbow Warriors,UNLV Rebels,2026-09-06T02:00:00Z,2026-08-29T15:09:37.583225+00:00,home,3.0,1.93,4.93
401858210,2026,1,California Golden Bears,UCLA Bruins,2026-09-06T02:30:00Z,2026-08-29T15:09:37.583225+00:00,home,1.5,7.23,8.73
401864432,2026,1,Nevada Wolf Pack,Western Kentucky Hilltoppers,2026-09-06T02:30:00Z,2026-08-29T15:09:37.583225+00:00,away,2.5,-6.2,-3.7
401858437,2026,1,Washington Huskies,Washington State Cougars,2026-09-06T20:00:00Z,2026-08-29T15:09:37.583225+00:00,away,-23.5,13.2,-10.3
401858212,2026,1,Florida State Seminoles,SMU Mustangs,2026-09-07T23:30:00Z,2026-08-29T15:09:37.583225+00:00,home,2.5,-0.43,2.07
401856678,2026,2,Kansas Jayhawks,Missouri Tigers,2026-09-12T00:00:00Z,2026-08-29T15:09:37.583225+00:00,home,6.5,-3.12,3.38
401856670,2026,2,Utah Utes,Arkansas Razorbacks,2026-09-12T16:00:00Z,2026-08-29T15:09:37.583225+00:00,home,-7.5,14.83,7.33
401856782,2026,2,Oklahoma State Cowboys,Oregon Ducks,2026-09-12T16:00:00Z,2026-08-29T15:09:37.583225+00:00,away,17.5,-23.24,-5.739999999999998
401856788,2026,2,Iowa Hawkeyes,Iowa State Cyclones,2026-09-12T23:30:00Z,2026-08-29T15:09:37.583225+00:00,away,-13.5,10.05,-3.4499999999999993
401856682,2026,2,Texas Longhorns,Ohio State Buckeyes,2026-09-12T23:30:00Z,2026-08-29T15:09:37.583225+00:00,away,-1.5,-5.48,-6.98
401856686,2026,3,Arkansas Razorbacks,Georgia Bulldogs,2026-09-19T16:00:00Z,2026-08-29T15:09:37.583225+00:00,home,16.5,-8.82,7.68
401856688,2026,3,Ole Miss Rebels,LSU Tigers,2026-09-19T23:30:00Z,2026-08-29T15:09:37.583225+00:00,home,-2.5,12.61,10.11
401856717,2026,6,Oklahoma Sooners,Texas Longhorns,2026-10-10T16:00:00Z,2026-08-29T15:09:37.583225+00:00,home,6.5,1.38,7.88
401858488,2026,7,Indiana Hoosiers,Ohio State Buckeyes,2026-10-17T16:00:00Z,2026-08-29T15:09:37.583225+00:00,home,1.5,5.14,6.64
401858540,2026,13,Ohio State Buckeyes,Michigan Wolverines,2026-11-28T17:00:00Z,2026-08-29T15:09:37.583225+00:00,home,-11.5,15.23,3.7300000000000004
401858204,2026,1,Wake Forest Demon Deacons,Akron Zips,2026-09-03T23:00:00Z,2026-08-30T18:39:14.143103+00:00,away,-24.5,16.47,-8.030000000000001
401856776,2026,1,Georgia Tech Yellow Jackets,Colorado Buffaloes,2026-09-04T00:00:00Z,2026-08-30T18:39:14.143103+00:00,home,-6.5,15.16,8.66
401858424,2026,1,Illinois Fighting Illini,UAB Blazers,2026-09-04T01:00:00Z,2026-08-30T18:39:14.143103+00:00,away,-28.5,22.44,-6.059999999999999
401858429,2026,1,Michigan State Spartans,Toledo Rockets,2026-09-05T00:00:00Z,2026-08-30T18:39:14.143103+00:00,away,-10.0,-2.53,-12.53
401858436,2026,1,USC Trojans,Fresno State Bulldogs,2026-09-05T01:00:00Z,2026-08-30T18:39:14.143103+00:00,away,-22.5,13.52,-8.98
401858206,2026,1,Stanford Cardinal,Miami Hurricanes,2026-09-05T01:00:00Z,2026-08-30T18:39:14.143103+00:00,home,24.5,-17.67,6.829999999999998
401856634,2026,1,Alabama Crimson Tide,East Carolina Pirates,2026-09-05T16:00:00Z,2026-08-30T18:39:14.143103+00:00,away,-28.5,8.09,-20.41
401856780,2026,1,West Virginia Mountaineers,Coastal Carolina Chanticleers,2026-09-05T16:00:00Z,2026-08-30T18:39:14.143103+00:00,away,-21.5,9.07,-12.43
401869960,2026,1,James Madison Dukes,Liberty Flames,2026-09-05T16:00:00Z,2026-08-30T18:39:14.143103+00:00,home,-6.5,17.59,11.09
401858207,2026,1,Pittsburgh Panthers,Miami (OH) RedHawks,2026-09-05T16:00:00Z,2026-08-30T18:39:14.143103+00:00,away,-16.5,11.36,-5.140000000000001
401858430,2026,1,Nebraska Cornhuskers,Ohio Bobcats,2026-09-05T16:00:00Z,2026-08-30T18:39:14.143103+00:00,away,-23.5,10.31,-13.19
401856665,2026,1,South Carolina Gamecocks,Kent State Golden Flashes,2026-09-05T16:45:00Z,2026-08-30T18:39:14.143103+00:00,away,-36.5,20.14,-16.36
401858433,2026,1,Oregon Ducks,Boise State Broncos,2026-09-05T19:30:00Z,2026-08-30T18:39:14.143103+00:00,away,-24.5,18.57,-5.93
401856777,2026,1,Cincinnati Bearcats,Boston College Eagles,2026-09-05T19:30:00Z,2026-08-30T18:39:14.143103+00:00,home,-7.5,12.15,4.65
401858209,2026,1,Duke Blue Devils,Tulane Green Wave,2026-09-05T19:30:00Z,2026-08-30T18:39:14.143103+00:00,away,-9.5,3.83,-5.67
401858434,2026,1,Penn State Nittany Lions,Marshall Thundering Herd,2026-09-05T19:30:00Z,2026-08-30T18:39:14.143103+00:00,away,-24.5,18.44,-6.059999999999999
401856667,2026,1,Texas Longhorns,Texas State Bobcats,2026-09-05T19:30:00Z,2026-08-30T18:39:14.143103+00:00,away,-30.5,12.74,-17.759999999999998
401856772,2026,1,Tulsa Golden Hurricane,Oklahoma State Cowboys,2026-09-05T19:45:00Z,2026-08-30T18:39:14.143103+00:00,home,14.0,6.97,20.97
401858426,2026,1,Iowa Hawkeyes,Northern Illinois Huskies,2026-09-05T20:15:00Z,2026-08-30T18:39:14.143103+00:00,away,-31.5,27.48,-4.02
401860878,2026,1,Colorado State Rams,Wyoming Cowboys,2026-09-05T22:00:00Z,2026-08-30T18:39:14.143103+00:00,away,-3.0,0.81,-2.19
401862695,2026,1,Memphis Tigers,Arkansas State Red Wolves,2026-09-05T23:00:00Z,2026-08-30T18:39:14.143103+00:00,home,-9.5,14.38,4.880000000000001
401862699,2026,1,South Florida Bulls,Florida International Panthers,2026-09-05T23:00:00Z,2026-08-30T18:39:14.143103+00:00,home,-13.5,18.11,4.609999999999999
401858428,2026,1,Michigan Wolverines,Western Michigan Broncos,2026-09-05T23:00:00Z,2026-08-30T18:39:14.143103+00:00,away,-27.5,12.67,-14.83
401856660,2026,1,LSU Tigers,Clemson Tigers,2026-09-05T23:30:00Z,2026-08-30T18:39:14.143103+00:00,away,-10.5,4.15,-6.35
401856662,2026,1,Mississippi State Bulldogs,UL Monroe Warhawks,2026-09-05T23:30:00Z,2026-08-30T18:39:14.143103+00:00,away,-28.5,20.47,-8.030000000000001
401856637,2026,1,Florida Gators,Florida Atlantic Owls,2026-09-05T23:45:00Z,2026-08-30T18:39:14.143103+00:00,away,-27.5,11.62,-15.88
401864497,2026,1,Hawaii Rainbow Warriors,UNLV Rebels,2026-09-06T02:00:00Z,2026-08-30T18:39:14.143103+00:00,home,3.0,1.93,4.93
401858210,2026,1,California Golden Bears,UCLA Bruins,2026-09-06T02:30:00Z,2026-08-30T18:39:14.143103+00:00,home,1.5,7.23,8.73
401864432,2026,1,Nevada Wolf Pack,Western Kentucky Hilltoppers,2026-09-06T02:30:00Z,2026-08-30T18:39:14.143103+00:00,away,2.5,-6.2,-3.7
401858437,2026,1,Washington Huskies,Washington State Cougars,2026-09-06T20:00:00Z,2026-08-30T18:39:14.143103+00:00,away,-23.5,13.2,-10.3
401858212,2026,1,Florida State Seminoles,SMU Mustangs,2026-09-07T23:30:00Z,2026-08-30T18:39:14.143103+00:00,home,2.5,-0.43,2.07
401856678,2026,2,Kansas Jayhawks,Missouri Tigers,2026-09-12T00:00:00Z,2026-08-30T18:39:14.143103+00:00,home,6.5,-3.12,3.38
401856670,2026,2,Utah Utes,Arkansas Razorbacks,2026-09-12T16:00:00Z,2026-08-30T18:39:14.143103+00:00,home,-7.5,14.83,7.33
401856782,2026,2,Oklahoma State Cowboys,Oregon Ducks,2026-09-12T16:00:00Z,2026-08-30T18:39:14.143103+00:00,away,17.5,-23.24,-5.739999999999998
401856788,2026,2,Iowa Hawkeyes,Iowa State Cyclones,2026-09-12T23:30:00Z,2026-08-30T18:39:14.143103+00:00,away,-13.5,10.05,-3.4499999999999993
401856682,2026,2,Texas Longhorns,Ohio State Buckeyes,2026-09-12T23:30:00Z,2026-08-30T18:39:14.143103+00:00,away,-1.5,-5.48,-6.98
401856686,2026,3,Arkansas Razorbacks,Georgia Bulldogs,2026-09-19T16:00:00Z,2026-08-30T18:39:14.143103+00:00,home,16.5,-8.82,7.68
401856688,2026,3,Ole Miss Rebels,LSU Tigers,2026-09-19T23:30:00Z,2026-08-30T18:39:14.143103+00:00,home,-2.5,12.61,10.11
401856717,2026,6,Oklahoma Sooners,Texas Longhorns,2026-10-10T16:00:00Z,2026-08-30T18:39:14.143103+00:00,home,6.5,1.38,7.88
401858488,2026,7,Indiana Hoosiers,Ohio State Buckeyes,2026-10-17T16:00:00Z,2026-08-30T18:39:14.143103+00:00,home,1.5,5.14,6.64
401858540,2026,13,Ohio State Buckeyes,Michigan Wolverines,2026-11-28T17:00:00Z,2026-08-30T18:39:14.143103+00:00,home,-11.5,15.23,3.7300000000000004
401858204,2026,1,Wake Forest Demon Deacons,Akron Zips,2026-09-03T23:00:00Z,2026-08-30T19:04:30.656124+00:00,away,-24.5,16.47,-8.030000000000001
401856776,2026,1,Georgia Tech Yellow Jackets,Colorado Buffaloes,2026-09-04T00:00:00Z,2026-08-30T19:04:30.656124+00:00,home,-6.5,15.16,8.66
401858424,2026,1,Illinois Fighting Illini,UAB Blazers,2026-09-04T01:00:00Z,2026-08-30T19:04:30.656124+00:00,away,-28.5,22.44,-6.059999999999999
401858429,2026,1,Michigan State Spartans,Toledo Rockets,2026-09-05T00:00:00Z,2026-08-30T19:04:30.656124+00:00,away,-10.0,-2.53,-12.53
401858436,2026,1,USC Trojans,Fresno State Bulldogs,2026-09-05T01:00:00Z,2026-08-30T19:04:30.656124+00:00,away,-22.5,13.52,-8.98
401858206,2026,1,Stanford Cardinal,Miami Hurricanes,2026-09-05T01:00:00Z,2026-08-30T19:04:30.656124+00:00,home,24.5,-17.67,6.829999999999998
401856634,2026,1,Alabama Crimson Tide,East Carolina Pirates,2026-09-05T16:00:00Z,2026-08-30T19:04:30.656124+00:00,away,-28.5,8.09,-20.41
401856780,2026,1,West Virginia Mountaineers,Coastal Carolina Chanticleers,2026-09-05T16:00:00Z,2026-08-30T19:04:30.656124+00:00,away,-21.5,9.07,-12.43
401869960,2026,1,James Madison Dukes,Liberty Flames,2026-09-05T16:00:00Z,2026-08-30T19:04:30.656124+00:00,home,-6.5,17.59,11.09
401858207,2026,1,Pittsburgh Panthers,Miami (OH) RedHawks,2026-09-05T16:00:00Z,2026-08-30T19:04:30.656124+00:00,away,-16.5,11.36,-5.140000000000001
401858430,2026,1,Nebraska Cornhuskers,Ohio Bobcats,2026-09-05T16:00:00Z,2026-08-30T19:04:30.656124+00:00,away,-23.5,10.31,-13.19
401856665,2026,1,South Carolina Gamecocks,Kent State Golden Flashes,2026-09-05T16:45:00Z,2026-08-30T19:04:30.656124+00:00,away,-36.5,20.14,-16.36
401858433,2026,1,Oregon Ducks,Boise State Broncos,2026-09-05T19:30:00Z,2026-08-30T19:04:30.656124+00:00,away,-24.5,18.57,-5.93
401856777,2026,1,Cincinnati Bearcats,Boston College Eagles,2026-09-05T19:30:00Z,2026-08-30T19:04:30.656124+00:00,home,-7.5,12.15,4.65
401858209,2026,1,Duke Blue Devils,Tulane Green Wave,2026-09-05T19:30:00Z,2026-08-30T19:04:30.656124+00:00,away,-9.5,3.83,-5.67
401858434,2026,1,Penn State Nittany Lions,Marshall Thundering Herd,2026-09-05T19:30:00Z,2026-08-30T19:04:30.656124+00:00,away,-24.5,18.44,-6.059999999999999
401856667,2026,1,Texas Longhorns,Texas State Bobcats,2026-09-05T19:30:00Z,2026-08-30T19:04:30.656124+00:00,away,-30.5,12.74,-17.759999999999998
401856772,2026,1,Tulsa Golden Hurricane,Oklahoma State Cowboys,2026-09-05T19:45:00Z,2026-08-30T19:04:30.656124+00:00,home,14.0,6.97,20.97
401858426,2026,1,Iowa Hawkeyes,Northern Illinois Huskies,2026-09-05T20:15:00Z,2026-08-30T19:04:30.656124+00:00,away,-31.5,27.48,-4.02
401860878,2026,1,Colorado State Rams,Wyoming Cowboys,2026-09-05T22:00:00Z,2026-08-30T19:04:30.656124+00:00,away,-3.0,0.81,-2.19
401862695,2026,1,Memphis Tigers,Arkansas State Red Wolves,2026-09-05T23:00:00Z,2026-08-30T19:04:30.656124+00:00,home,-9.5,14.38,4.880000000000001
401862699,2026,1,South Florida Bulls,Florida International Panthers,2026-09-05T23:00:00Z,2026-08-30T19:04:30.656124+00:00,home,-13.5,18.11,4.609999999999999
401858428,2026,1,Michigan Wolverines,Western Michigan Broncos,2026-09-05T23:00:00Z,2026-08-30T19:04:30.656124+00:00,away,-27.5,12.67,-14.83
401856660,2026,1,LSU Tigers,Clemson Tigers,2026-09-05T23:30:00Z,2026-08-30T19:04:30.656124+00:00,away,-10.5,4.15,-6.35
401856662,2026,1,Mississippi State Bulldogs,UL Monroe Warhawks,2026-09-05T23:30:00Z,2026-08-30T19:04:30.656124+00:00,away,-28.5,20.47,-8.030000000000001
401856637,2026,1,Florida Gators,Florida Atlantic Owls,2026-09-05T23:45:00Z,2026-08-30T19:04:30.656124+00:00,away,-27.5,11.62,-15.88
401864497,2026,1,Hawaii Rainbow Warriors,UNLV Rebels,2026-09-06T02:00:00Z,2026-08-30T19:04:30.656124+00:00,home,3.0,1.93,4.93
401858210,2026,1,California Golden Bears,UCLA Bruins,2026-09-06T02:30:00Z,2026-08-30T19:04:30.656124+00:00,home,1.5,7.23,8.73
401864432,2026,1,Nevada Wolf Pack,Western Kentucky Hilltoppers,2026-09-06T02:30:00Z,2026-08-30T19:04:30.656124+00:00,away,2.5,-6.2,-3.7
401858437,2026,1,Washington Huskies,Washington State Cougars,2026-09-06T20:00:00Z,2026-08-30T19:04:30.656124+00:00,away,-23.5,13.2,-10.3
401858212,2026,1,Florida State Seminoles,SMU Mustangs,2026-09-07T23:30:00Z,2026-08-30T19:04:30.656124+00:00,home,2.5,-0.43,2.07
401856678,2026,2,Kansas Jayhawks,Missouri Tigers,2026-09-12T00:00:00Z,2026-08-30T19:04:30.656124+00:00,home,6.5,-3.12,3.38
401856670,2026,2,Utah Utes,Arkansas Razorbacks,2026-09-12T16:00:00Z,2026-08-30T19:04:30.656124+00:00,home,-7.5,14.83,7.33
401856782,2026,2,Oklahoma State Cowboys,Oregon Ducks,2026-09-12T16:00:00Z,2026-08-30T19:04:30.656124+00:00,away,17.5,-23.24,-5.739999999999998
401856788,2026,2,Iowa Hawkeyes,Iowa State Cyclones,2026-09-12T23:30:00Z,2026-08-30T19:04:30.656124+00:00,away,-13.5,10.05,-3.4499999999999993
401856682,2026,2,Texas Longhorns,Ohio State Buckeyes,2026-09-12T23:30:00Z,2026-08-30T19:04:30.656124+00:00,away,-1.5,-5.48,-6.98
401856686,2026,3,Arkansas Razorbacks,Georgia Bulldogs,2026-09-19T16:00:00Z,2026-08-30T19:04:30.656124+00:00,home,16.5,-8.82,7.68
401856688,2026,3,Ole Miss Rebels,LSU Tigers,2026-09-19T23:30:00Z,2026-08-30T19:04:30.656124+00:00,home,-2.5,12.61,10.11
401856717,2026,6,Oklahoma Sooners,Texas Longhorns,2026-10-10T16:00:00Z,2026-08-30T19:04:30.656124+00:00,home,6.5,1.38,7.88
401858488,2026,7,Indiana Hoosiers,Ohio State Buckeyes,2026-10-17T16:00:00Z,2026-08-30T19:04:30.656124+00:00,home,1.5,5.14,6.64
401858540,2026,13,Ohio State Buckeyes,Michigan Wolverines,2026-11-28T17:00:00Z,2026-08-30T19:04:30.656124+00:00,home,-11.5,15.23,3.7300000000000004
401858204,2026,1,Wake Forest Demon Deacons,Akron Zips,2026-09-03T23:00:00Z,2026-08-30T19:22:12.790472+00:00,away,-24.5,16.47,-8.030000000000001
401856776,2026,1,Georgia Tech Yellow Jackets,Colorado Buffaloes,2026-09-04T00:00:00Z,2026-08-30T19:22:12.790472+00:00,home,-6.5,15.16,8.66
401858424,2026,1,Illinois Fighting Illini,UAB Blazers,2026-09-04T01:00:00Z,2026-08-30T19:22:12.790472+00:00,away,-28.5,22.44,-6.059999999999999
401858429,2026,1,Michigan State Spartans,Toledo Rockets,2026-09-05T00:00:00Z,2026-08-30T19:22:12.790472+00:00,away,-10.0,-2.53,-12.53
401858436,2026,1,USC Trojans,Fresno State Bulldogs,2026-09-05T01:00:00Z,2026-08-30T19:22:12.790472+00:00,away,-22.5,13.52,-8.98
401858206,2026,1,Stanford Cardinal,Miami Hurricanes,2026-09-05T01:00:00Z,2026-08-30T19:22:12.790472+00:00,home,24.5,-17.67,6.829999999999998
401856634,2026,1,Alabama Crimson Tide,East Carolina Pirates,2026-09-05T16:00:00Z,2026-08-30T19:22:12.790472+00:00,away,-28.5,8.09,-20.41
401856780,2026,1,West Virginia Mountaineers,Coastal Carolina Chanticleers,2026-09-05T16:00:00Z,2026-08-30T19:22:12.790472+00:00,away,-21.5,9.07,-12.43
401869960,2026,1,James Madison Dukes,Liberty Flames,2026-09-05T16:00:00Z,2026-08-30T19:22:12.790472+00:00,home,-6.5,17.59,11.09
401858207,2026,1,Pittsburgh Panthers,Miami (OH) RedHawks,2026-09-05T16:00:00Z,2026-08-30T19:22:12.790472+00:00,away,-16.5,11.36,-5.140000000000001
401858430,2026,1,Nebraska Cornhuskers,Ohio Bobcats,2026-09-05T16:00:00Z,2026-08-30T19:22:12.790472+00:00,away,-23.5,10.31,-13.19
401856665,2026,1,South Carolina Gamecocks,Kent State Golden Flashes,2026-09-05T16:45:00Z,2026-08-30T19:22:12.790472+00:00,away,-36.5,20.14,-16.36
401858433,2026,1,Oregon Ducks,Boise State Broncos,2026-09-05T19:30:00Z,2026-08-30T19:22:12.790472+00:00,away,-24.5,18.57,-5.93
401856777,2026,1,Cincinnati Bearcats,Boston College Eagles,2026-09-05T19:30:00Z,2026-08-30T19:22:12.790472+00:00,home,-7.5,12.15,4.65
401858209,2026,1,Duke Blue Devils,Tulane Green Wave,2026-09-05T19:30:00Z,2026-08-30T19:22:12.790472+00:00,away,-9.5,3.83,-5.67
401858434,2026,1,Penn State Nittany Lions,Marshall Thundering Herd,2026-09-05T19:30:00Z,2026-08-30T19:22:12.790472+00:00,away,-24.5,18.44,-6.059999999999999
401856667,2026,1,Texas Longhorns,Texas State Bobcats,2026-09-05T19:30:00Z,2026-08-30T19:22:12.790472+00:00,away,-30.5,12.74,-17.759999999999998
401856772,2026,1,Tulsa Golden Hurricane,Oklahoma State Cowboys,2026-09-05T19:45:00Z,2026-08-30T19:22:12.790472+00:00,home,14.0,6.97,20.97
401858426,2026,1,Iowa Hawkeyes,Northern Illinois Huskies,2026-09-05T20:15:00Z,2026-08-30T19:22:12.790472+00:00,away,-31.5,27.48,-4.02
401860878,2026,1,Colorado State Rams,Wyoming Cowboys,2026-09-05T22:00:00Z,2026-08-30T19:22:12.790472+00:00,away,-3.0,0.81,-2.19
401862695,2026,1,Memphis Tigers,Arkansas State Red Wolves,2026-09-05T23:00:00Z,2026-08-30T19:22:12.790472+00:00,home,-9.5,14.38,4.880000000000001
401862699,2026,1,South Florida Bulls,Florida International Panthers,2026-09-05T23:00:00Z,2026-08-30T19:22:12.790472+00:00,home,-13.5,18.11,4.609999999999999
401858428,2026,1,Michigan Wolverines,Western Michigan Broncos,2026-09-05T23:00:00Z,2026-08-30T19:22:12.790472+00:00,away,-27.5,12.67,-14.83
401856660,2026,1,LSU Tigers,Clemson Tigers,2026-09-05T23:30:00Z,2026-08-30T19:22:12.790472+00:00,away,-10.5,4.15,-6.35
401856662,2026,1,Mississippi State Bulldogs,UL Monroe Warhawks,2026-09-05T23:30:00Z,2026-08-30T19:22:12.790472+00:00,away,-28.5,20.47,-8.030000000000001
401856637,2026,1,Florida Gators,Florida Atlantic Owls,2026-09-05T23:45:00Z,2026-08-30T19:22:12.790472+00:00,away,-27.5,11.62,-15.88
401864497,2026,1,Hawaii Rainbow Warriors,UNLV Rebels,2026-09-06T02:00:00Z,2026-08-30T19:22:12.790472+00:00,home,3.0,1.93,4.93
401858210,2026,1,California Golden Bears,UCLA Bruins,2026-09-06T02:30:00Z,2026-08-30T19:22:12.790472+00:00,home,1.5,7.23,8.73
401864432,2026,1,Nevada Wolf Pack,Western Kentucky Hilltoppers,2026-09-06T02:30:00Z,2026-08-30T19:22:12.790472+00:00,away,2.5,-6.2,-3.7
401858437,2026,1,Washington Huskies,Washington State Cougars,2026-09-06T20:00:00Z,2026-08-30T19:22:12.790472+00:00,away,-23.5,13.2,-10.3
401858212,2026,1,Florida State Seminoles,SMU Mustangs,2026-09-07T23:30:00Z,2026-08-30T19:22:12.790472+00:00,home,2.5,-0.43,2.07
401856678,2026,2,Kansas Jayhawks,Missouri Tigers,2026-09-12T00:00:00Z,2026-08-30T19:22:12.790472+00:00,home,6.5,-3.12,3.38
401856670,2026,2,Utah Utes,Arkansas Razorbacks,2026-09-12T16:00:00Z,2026-08-30T19:22:12.790472+00:00,home,-7.5,14.83,7.33
401856782,2026,2,Oklahoma State Cowboys,Oregon Ducks,2026-09-12T16:00:00Z,2026-08-30T19:22:12.790472+00:00,away,17.5,-23.24,-5.739999999999998
401856788,2026,2,Iowa Hawkeyes,Iowa State Cyclones,2026-09-12T23:30:00Z,2026-08-30T19:22:12.790472+00:00,away,-13.5,10.05,-3.4499999999999993
401856682,2026,2,Texas Longhorns,Ohio State Buckeyes,2026-09-12T23:30:00Z,2026-08-30T19:22:12.790472+00:00,away,-1.5,-5.48,-6.98
401856686,2026,3,Arkansas Razorbacks,Georgia Bulldogs,2026-09-19T16:00:00Z,2026-08-30T19:22:12.790472+00:00,home,16.5,-8.82,7.68
401856688,2026,3,Ole Miss Rebels,LSU Tigers,2026-09-19T23:30:00Z,2026-08-30T19:22:12.790472+00:00,home,-2.5,12.61,10.11
401856717,2026,6,Oklahoma Sooners,Texas Longhorns,2026-10-10T16:00:00Z,2026-08-30T19:22:12.790472+00:00,home,6.5,1.38,7.88
401858488,2026,7,Indiana Hoosiers,Ohio State Buckeyes,2026-10-17T16:00:00Z,2026-08-30T19:22:12.790472+00:00,home,1.5,5.14,6.64
401858540,2026,13,Ohio State Buckeyes,Michigan Wolverines,2026-11-28T17:00:00Z,2026-08-30T19:22:12.790472+00:00,home,-11.5,15.23,3.7300000000000004
401858204,2026,1,Wake Forest Demon Deacons,Akron Zips,2026-09-03T23:00:00Z,2026-09-02T16:06:18.929477+00:00,away,-24.5,16.47,-8.030000000000001
401856776,2026,1,Georgia Tech Yellow Jackets,Colorado Buffaloes,2026-09-04T00:00:00Z,2026-09-02T16:06:18.929477+00:00,home,-6.5,15.16,8.66
401858424,2026,1,Illinois Fighting Illini,UAB Blazers,2026-09-04T01:00:00Z,2026-09-02T16:06:18.929477+00:00,away,-27.5,22.44,-5.059999999999999
401858429,2026,1,Michigan State Spartans,Toledo Rockets,2026-09-05T00:00:00Z,2026-09-02T16:06:18.929477+00:00,away,-9.5,-2.53,-12.03
401858436,2026,1,USC Trojans,Fresno State Bulldogs,2026-09-05T01:00:00Z,2026-09-02T16:06:18.929477+00:00,away,-21.5,13.52,-7.98
401858206,2026,1,Stanford Cardinal,Miami Hurricanes,2026-09-05T01:00:00Z,2026-09-02T16:06:18.929477+00:00,home,24.5,-17.67,6.829999999999998
401856634,2026,1,Alabama Crimson Tide,East Carolina Pirates,2026-09-05T16:00:00Z,2026-09-02T16:06:18.929477+00:00,away,-27.5,8.09,-19.41
401856780,2026,1,West Virginia Mountaineers,Coastal Carolina Chanticleers,2026-09-05T16:00:00Z,2026-09-02T16:06:18.929477+00:00,away,-21.0,9.07,-11.93
401856778,2026,1,Houston Cougars,Oregon State Beavers,2026-09-05T16:00:00Z,2026-09-02T16:06:18.929477+00:00,away,-21.0,18.9,-2.1000000000000014
401869960,2026,1,James Madison Dukes,Liberty Flames,2026-09-05T16:00:00Z,2026-09-02T16:06:18.929477+00:00,home,-6.0,17.59,11.59
401858207,2026,1,Pittsburgh Panthers,Miami (OH) RedHawks,2026-09-05T16:00:00Z,2026-09-02T16:06:18.929477+00:00,away,-16.5,11.36,-5.140000000000001
401858430,2026,1,Nebraska Cornhuskers,Ohio Bobcats,2026-09-05T16:00:00Z,2026-09-02T16:06:18.929477+00:00,away,-23.5,10.31,-13.19
401856665,2026,1,South Carolina Gamecocks,Kent State Golden Flashes,2026-09-05T16:45:00Z,2026-09-02T16:06:18.929477+00:00,away,-35.5,20.14,-15.36
401858433,2026,1,Oregon Ducks,Boise State Broncos,2026-09-05T19:30:00Z,2026-09-02T16:06:18.929477+00:00,away,-24.5,18.57,-5.93
401856777,2026,1,Cincinnati Bearcats,Boston College Eagles,2026-09-05T19:30:00Z,2026-09-02T16:06:18.929477+00:00,home,-7.5,12.15,4.65
401858209,2026,1,Duke Blue Devils,Tulane Green Wave,2026-09-05T19:30:00Z,2026-09-02T16:06:18.929477+00:00,away,-7.5,3.83,-3.67
401858434,2026,1,Penn State Nittany Lions,Marshall Thundering Herd,2026-09-05T19:30:00Z,2026-09-02T16:06:18.929477+00:00,away,-24.5,18.44,-6.059999999999999
401856667,2026,1,Texas Longhorns,Texas State Bobcats,2026-09-05T19:30:00Z,2026-09-02T16:06:18.929477+00:00,away,-29.5,12.74,-16.759999999999998
401856772,2026,1,Tulsa Golden Hurricane,Oklahoma State Cowboys,2026-09-05T19:45:00Z,2026-09-02T16:06:18.929477+00:00,home,13.5,6.97,20.47
401858426,2026,1,Iowa Hawkeyes,Northern Illinois Huskies,2026-09-05T20:15:00Z,2026-09-02T16:06:18.929477+00:00,away,-31.5,27.48,-4.02
401860878,2026,1,Colorado State Rams,Wyoming Cowboys,2026-09-05T22:00:00Z,2026-09-02T16:06:18.929477+00:00,away,-3.0,0.81,-2.19
401862695,2026,1,Memphis Tigers,Arkansas State Red Wolves,2026-09-05T23:00:00Z,2026-09-02T16:06:18.929477+00:00,home,-11.5,14.38,2.880000000000001
401862699,2026,1,South Florida Bulls,Florida International Panthers,2026-09-05T23:00:00Z,2026-09-02T16:06:18.929477+00:00,home,-14.0,18.11,4.109999999999999
401858428,2026,1,Michigan Wolverines,Western Michigan Broncos,2026-09-05T23:00:00Z,2026-09-02T16:06:18.929477+00:00,away,-27.5,12.67,-14.83
401856660,2026,1,LSU Tigers,Clemson Tigers,2026-09-05T23:30:00Z,2026-09-02T16:06:18.929477+00:00,away,-10.0,4.15,-5.85
401856662,2026,1,Mississippi State Bulldogs,UL Monroe Warhawks,2026-09-05T23:30:00Z,2026-09-02T16:06:18.929477+00:00,away,-28.5,20.47,-8.030000000000001
401856637,2026,1,Florida Gators,Florida Atlantic Owls,2026-09-05T23:45:00Z,2026-09-02T16:06:18.929477+00:00,away,-26.5,11.62,-14.88
401864497,2026,1,Hawaii Rainbow Warriors,UNLV Rebels,2026-09-06T02:00:00Z,2026-09-02T16:06:18.929477+00:00,home,3.0,1.93,4.93
401858210,2026,1,California Golden Bears,UCLA Bruins,2026-09-06T02:30:00Z,2026-09-02T16:06:18.929477+00:00,home,2.5,7.23,9.73
401864432,2026,1,Nevada Wolf Pack,Western Kentucky Hilltoppers,2026-09-06T02:30:00Z,2026-09-02T16:06:18.929477+00:00,away,1.5,-6.2,-4.7
401858437,2026,1,Washington Huskies,Washington State Cougars,2026-09-06T20:00:00Z,2026-09-02T16:06:18.929477+00:00,away,-23.5,13.2,-10.3
401858212,2026,1,Florida State Seminoles,SMU Mustangs,2026-09-07T23:30:00Z,2026-09-02T16:06:18.929477+00:00,home,3.0,-0.43,2.57
401856678,2026,2,Kansas Jayhawks,Missouri Tigers,2026-09-12T00:00:00Z,2026-09-02T16:06:18.929477+00:00,home,7.0,-3.12,3.88
401856670,2026,2,Utah Utes,Arkansas Razorbacks,2026-09-12T16:00:00Z,2026-09-02T16:06:18.929477+00:00,home,-9.5,14.83,5.33
401856782,2026,2,Oklahoma State Cowboys,Oregon Ducks,2026-09-12T16:00:00Z,2026-09-02T16:06:18.929477+00:00,away,18.5,-23.24,-4.739999999999998
401856682,2026,2,Texas Longhorns,Ohio State Buckeyes,2026-09-12T23:30:00Z,2026-09-02T16:06:18.929477+00:00,away,-1.5,-5.48,-6.98
401856686,2026,3,Arkansas Razorbacks,Georgia Bulldogs,2026-09-19T16:00:00Z,2026-09-02T16:06:18.929477+00:00,home,16.5,-8.82,7.68
401856687,2026,3,Auburn Tigers,Florida Gators,2026-09-19T23:00:00Z,2026-09-02T16:06:18.929477+00:00,home,1.5,8.94,10.44
401856688,2026,3,Ole Miss Rebels,LSU Tigers,2026-09-19T23:30:00Z,2026-09-02T16:06:18.929477+00:00,home,-1.5,12.61,11.11
401856811,2026,3,Texas Tech Red Raiders,Houston Cougars,2026-09-20T00:00:00Z,2026-09-02T16:06:18.929477+00:00,home,-13.5,16.87,3.370000000000001
401856700,2026,4,Georgia Bulldogs,Oklahoma Sooners,2026-09-26T16:00:00Z,2026-09-02T16:06:18.929477+00:00,away,-10.0,7.43,-2.5700000000000003
401856702,2026,4,LSU Tigers,Texas A&M Aggies,2026-09-26T16:00:00Z,2026-09-02T16:06:18.929477+00:00,away,-3.0,-3.19,-6.1899999999999995
401856704,2026,4,Tennessee Volunteers,Texas Longhorns,2026-09-26T16:00:00Z,2026-09-02T16:06:18.929477+00:00,home,6.5,2.84,9.34
401858249,2026,5,Clemson Tigers,Miami Hurricanes,2026-10-03T16:00:00Z,2026-09-02T16:06:18.929477+00:00,home,7.0,-3.71,3.29
401856717,2026,6,Oklahoma Sooners,Texas Longhorns,2026-10-10T16:00:00Z,2026-09-02T16:06:18.929477+00:00,home,6.0,1.38,7.38
401856723,2026,7,Tennessee Volunteers,Alabama Crimson Tide,2026-10-17T16:00:00Z,2026-09-02T16:06:18.929477+00:00,home,1.5,3.76,5.26
401856719,2026,7,Georgia Bulldogs,Auburn Tigers,2026-10-17T16:00:00Z,2026-09-02T16:06:18.929477+00:00,away,-16.5,11.82,-4.68
401856809,2026,7,BYU Cougars,Notre Dame Fighting Irish,2026-10-17T16:00:00Z,2026-09-02T16:06:18.929477+00:00,home,10.0,-1.94,8.06
401858488,2026,7,Indiana Hoosiers,Ohio State Buckeyes,2026-10-17T16:00:00Z,2026-09-02T16:06:18.929477+00:00,home,1.5,5.14,6.64
401856830,2026,7,Kansas State Wildcats,Kansas Jayhawks,2026-10-17T16:00:00Z,2026-09-02T16:06:18.929477+00:00,away,-7.5,5.53,-1.9699999999999998
401858490,2026,7,Michigan Wolverines,Penn State Nittany Lions,2026-10-17T16:00:00Z,2026-09-02T16:06:18.929477+00:00,away,-6.5,-0.11,-6.61
401858492,2026,7,Oregon Ducks,Nebraska Cornhuskers,2026-10-17T16:00:00Z,2026-09-02T16:06:18.929477+00:00,away,-21.5,16.54,-4.960000000000001
401856727,2026,8,Alabama Crimson Tide,Texas A&M Aggies,2026-10-24T16:00:00Z,2026-09-02T16:06:18.929477+00:00,away,-2.5,-0.24,-2.74
401856837,2026,8,Utah Utes,Houston Cougars,2026-10-24T16:00:00Z,2026-09-02T16:06:18.929477+00:00,home,-6.5,13.33,6.83
401858496,2026,8,Michigan Wolverines,Indiana Hoosiers,2026-10-24T16:00:00Z,2026-09-02T16:06:18.929477+00:00,away,6.0,-9.48,-3.4800000000000004
401856732,2026,8,Texas Longhorns,Ole Miss Rebels,2026-10-24T16:00:00Z,2026-09-02T16:06:18.929477+00:00,away,-8.5,-1.48,-9.98
401856740,2026,10,LSU Tigers,Alabama Crimson Tide,2026-11-07T16:00:00Z,2026-09-02T16:06:18.929477+00:00,away,-3.5,0.68,-2.82
401856849,2026,10,Utah Utes,BYU Cougars,2026-11-07T16:00:00Z,2026-09-02T16:06:18.929477+00:00,home,-3.0,7.76,4.76
401856741,2026,10,Ole Miss Rebels,Georgia Bulldogs,2026-11-07T16:00:00Z,2026-09-02T16:06:18.929477+00:00,home,4.5,3.56,8.06
401858511,2026,10,Michigan Wolverines,Michigan State Spartans,2026-11-07T16:00:00Z,2026-09-02T16:06:18.929477+00:00,away,-16.5,13.98,-2.5199999999999996
401858296,2026,11,Miami Hurricanes,Duke Blue Devils,2026-11-14T16:00:00Z,2026-09-02T16:06:18.929477+00:00,away,-21.0,12.87,-8.13
401856885,2026,11,LSU Tigers,Texas Longhorns,2026-11-14T16:00:00Z,2026-09-02T16:06:18.929477+00:00,home,2.5,-0.24,2.26
401856887,2026,11,Oklahoma Sooners,Ole Miss Rebels,2026-11-14T16:00:00Z,2026-09-02T16:06:18.929477+00:00,away,-4.0,-0.11,-4.11
401856863,2026,11,Oklahoma State Cowboys,Texas Tech Red Raiders,2026-11-14T16:00:00Z,2026-09-02T16:06:18.929477+00:00,away,15.5,-24.35,-8.850000000000001
401856754,2026,12,Tennessee Volunteers,LSU Tigers,2026-11-21T16:00:00Z,2026-09-02T16:06:18.929477+00:00,home,1.5,6.71,8.21
401858302,2026,12,Miami Hurricanes,Virginia Tech Hokies,2026-11-21T16:00:00Z,2026-09-02T16:06:18.929477+00:00,home,-16.5,23.81,7.309999999999999
401858307,2026,12,Notre Dame Fighting Irish,SMU Mustangs,2026-11-22T00:30:00Z,2026-09-02T16:06:18.929477+00:00,away,-17.5,10.84,-6.66
401856762,2026,13,Ole Miss Rebels,Mississippi State Bulldogs,2026-11-27T17:00:00Z,2026-09-02T16:06:18.929477+00:00,home,-14.5,16.67,2.1700000000000017
401856756,2026,13,Texas A&M Aggies,Texas Longhorns,2026-11-28T00:30:00Z,2026-09-02T16:06:18.929477+00:00,home,2.5,6.58,9.08
401856757,2026,13,Alabama Crimson Tide,Auburn Tigers,2026-11-28T16:00:00Z,2026-09-02T16:06:18.929477+00:00,away,-10.0,5.73,-4.27
401856873,2026,13,Arizona Wildcats,Arizona State Sun Devils,2026-11-28T16:00:00Z,2026-09-02T16:06:18.929477+00:00,home,-4.5,8.94,4.4399999999999995
401856764,2026,13,Clemson Tigers,South Carolina Gamecocks,2026-11-28T16:00:00Z,2026-09-02T16:06:18.929477+00:00,home,-3.0,5.99,2.99
401858537,2026,13,Northwestern Wildcats,Illinois Fighting Illini,2026-11-28T16:00:00Z,2026-09-02T16:06:18.929477+00:00,home,3.5,-1.02,2.48
401858541,2026,13,Oregon Ducks,Washington Huskies,2026-11-28T16:00:00Z,2026-09-02T16:06:18.929477+00:00,away,-15.5,8.54,-6.960000000000001
401856765,2026,13,Vanderbilt Commodores,Tennessee Volunteers,2026-11-28T16:00:00Z,2026-09-02T16:06:18.929477+00:00,home,3.0,7.1,10.1
401858204,2026,1,Wake Forest Demon Deacons,Akron Zips,2026-09-03T23:00:00Z,2026-09-03T13:24:18.628629+00:00,away,-24.5,16.47,-8.030000000000001
401856776,2026,1,Georgia Tech Yellow Jackets,Colorado Buffaloes,2026-09-04T00:00:00Z,2026-09-03T13:24:18.628629+00:00,home,-6.5,15.16,8.66
401858424,2026,1,Illinois Fighting Illini,UAB Blazers,2026-09-04T01:00:00Z,2026-09-03T13:24:18.628629+00:00,away,-27.5,22.44,-5.059999999999999
401858429,2026,1,Michigan State Spartans,Toledo Rockets,2026-09-05T00:00:00Z,2026-09-03T13:24:18.628629+00:00,away,-10.0,-2.53,-12.53
401858436,2026,1,USC Trojans,Fresno State Bulldogs,2026-09-05T01:00:00Z,2026-09-03T13:24:18.628629+00:00,away,-22.5,13.52,-8.98
401858206,2026,1,Stanford Cardinal,Miami Hurricanes,2026-09-05T01:00:00Z,2026-09-03T13:24:18.628629+00:00,home,24.5,-17.67,6.829999999999998
401856634,2026,1,Alabama Crimson Tide,East Carolina Pirates,2026-09-05T16:00:00Z,2026-09-03T13:24:18.628629+00:00,away,-28.5,8.09,-20.41
401856780,2026,1,West Virginia Mountaineers,Coastal Carolina Chanticleers,2026-09-05T16:00:00Z,2026-09-03T13:24:18.628629+00:00,away,-21.0,9.07,-11.93
401869960,2026,1,James Madison Dukes,Liberty Flames,2026-09-05T16:00:00Z,2026-09-03T13:24:18.628629+00:00,home,-6.0,17.59,11.59
401858207,2026,1,Pittsburgh Panthers,Miami (OH) RedHawks,2026-09-05T16:00:00Z,2026-09-03T13:24:18.628629+00:00,away,-16.5,11.36,-5.140000000000001
401858430,2026,1,Nebraska Cornhuskers,Ohio Bobcats,2026-09-05T16:00:00Z,2026-09-03T13:24:18.628629+00:00,away,-23.5,10.31,-13.19
401856665,2026,1,South Carolina Gamecocks,Kent State Golden Flashes,2026-09-05T16:45:00Z,2026-09-03T13:24:18.628629+00:00,away,-35.5,20.14,-15.36
401858433,2026,1,Oregon Ducks,Boise State Broncos,2026-09-05T19:30:00Z,2026-09-03T13:24:18.628629+00:00,away,-24.5,18.57,-5.93
401856777,2026,1,Cincinnati Bearcats,Boston College Eagles,2026-09-05T19:30:00Z,2026-09-03T13:24:18.628629+00:00,home,-7.5,12.15,4.65
401858209,2026,1,Duke Blue Devils,Tulane Green Wave,2026-09-05T19:30:00Z,2026-09-03T13:24:18.628629+00:00,away,-7.5,3.83,-3.67
401858434,2026,1,Penn State Nittany Lions,Marshall Thundering Herd,2026-09-05T19:30:00Z,2026-09-03T13:24:18.628629+00:00,away,-24.5,18.44,-6.059999999999999
401856667,2026,1,Texas Longhorns,Texas State Bobcats,2026-09-05T19:30:00Z,2026-09-03T13:24:18.628629+00:00,away,-29.5,12.74,-16.759999999999998
401856772,2026,1,Tulsa Golden Hurricane,Oklahoma State Cowboys,2026-09-05T19:45:00Z,2026-09-03T13:24:18.628629+00:00,home,13.5,6.97,20.47
401858426,2026,1,Iowa Hawkeyes,Northern Illinois Huskies,2026-09-05T20:15:00Z,2026-09-03T13:24:18.628629+00:00,away,-31.5,27.48,-4.02
401860878,2026,1,Colorado State Rams,Wyoming Cowboys,2026-09-05T22:00:00Z,2026-09-03T13:24:18.628629+00:00,away,-3.0,0.81,-2.19
401862695,2026,1,Memphis Tigers,Arkansas State Red Wolves,2026-09-05T23:00:00Z,2026-09-03T13:24:18.628629+00:00,home,-11.5,14.38,2.880000000000001
401862699,2026,1,South Florida Bulls,Florida International Panthers,2026-09-05T23:00:00Z,2026-09-03T13:24:18.628629+00:00,home,-14.5,18.11,3.6099999999999994
401858428,2026,1,Michigan Wolverines,Western Michigan Broncos,2026-09-05T23:00:00Z,2026-09-03T13:24:18.628629+00:00,away,-27.5,12.67,-14.83
401856660,2026,1,LSU Tigers,Clemson Tigers,2026-09-05T23:30:00Z,2026-09-03T13:24:18.628629+00:00,away,-10.0,4.15,-5.85
401856662,2026,1,Mississippi State Bulldogs,UL Monroe Warhawks,2026-09-05T23:30:00Z,2026-09-03T13:24:18.628629+00:00,away,-28.5,20.47,-8.030000000000001
401856637,2026,1,Florida Gators,Florida Atlantic Owls,2026-09-05T23:45:00Z,2026-09-03T13:24:18.628629+00:00,away,-26.5,11.62,-14.88
401864497,2026,1,Hawaii Rainbow Warriors,UNLV Rebels,2026-09-06T02:00:00Z,2026-09-03T13:24:18.628629+00:00,home,3.0,1.93,4.93
401858210,2026,1,California Golden Bears,UCLA Bruins,2026-09-06T02:30:00Z,2026-09-03T13:24:18.628629+00:00,home,1.5,7.23,8.73
401864432,2026,1,Nevada Wolf Pack,Western Kentucky Hilltoppers,2026-09-06T02:30:00Z,2026-09-03T13:24:18.628629+00:00,away,1.5,-6.2,-4.7
401858437,2026,1,Washington Huskies,Washington State Cougars,2026-09-06T20:00:00Z,2026-09-03T13:24:18.628629+00:00,away,-23.5,13.2,-10.3
401858212,2026,1,Florida State Seminoles,SMU Mustangs,2026-09-07T23:30:00Z,2026-09-03T13:24:18.628629+00:00,home,3.0,-0.43,2.57
401856678,2026,2,Kansas Jayhawks,Missouri Tigers,2026-09-12T00:00:00Z,2026-09-03T13:24:18.628629+00:00,home,6.5,-3.12,3.38
401856670,2026,2,Utah Utes,Arkansas Razorbacks,2026-09-12T16:00:00Z,2026-09-03T13:24:18.628629+00:00,home,-9.5,14.83,5.33
401856782,2026,2,Oklahoma State Cowboys,Oregon Ducks,2026-09-12T16:00:00Z,2026-09-03T13:24:18.628629+00:00,away,18.5,-23.24,-4.739999999999998
401856788,2026,2,Iowa Hawkeyes,Iowa State Cyclones,2026-09-12T23:30:00Z,2026-09-03T13:24:18.628629+00:00,away,-12.5,10.05,-2.4499999999999993
401856682,2026,2,Texas Longhorns,Ohio State Buckeyes,2026-09-12T23:30:00Z,2026-09-03T13:24:18.628629+00:00,away,-1.5,-5.48,-6.98
401856686,2026,3,Arkansas Razorbacks,Georgia Bulldogs,2026-09-19T16:00:00Z,2026-09-03T13:24:18.628629+00:00,home,16.5,-8.82,7.68
401856687,2026,3,Auburn Tigers,Florida Gators,2026-09-19T23:00:00Z,2026-09-03T13:24:18.628629+00:00,home,1.5,8.94,10.44
401856688,2026,3,Ole Miss Rebels,LSU Tigers,2026-09-19T23:30:00Z,2026-09-03T13:24:18.628629+00:00,home,-1.5,12.61,11.11
401856811,2026,3,Texas Tech Red Raiders,Houston Cougars,2026-09-20T00:00:00Z,2026-09-03T13:24:18.628629+00:00,home,-13.5,16.87,3.370000000000001
401856700,2026,4,Georgia Bulldogs,Oklahoma Sooners,2026-09-26T16:00:00Z,2026-09-03T13:24:18.628629+00:00,away,-10.0,7.43,-2.5700000000000003
401856702,2026,4,LSU Tigers,Texas A&M Aggies,2026-09-26T16:00:00Z,2026-09-03T13:24:18.628629+00:00,away,-3.0,-3.19,-6.1899999999999995
401856704,2026,4,Tennessee Volunteers,Texas Longhorns,2026-09-26T16:00:00Z,2026-09-03T13:24:18.628629+00:00,home,6.5,2.84,9.34
401858249,2026,5,Clemson Tigers,Miami Hurricanes,2026-10-03T16:00:00Z,2026-09-03T13:24:18.628629+00:00,home,7.0,-3.71,3.29
401856717,2026,6,Oklahoma Sooners,Texas Longhorns,2026-10-10T16:00:00Z,2026-09-03T13:24:18.628629+00:00,home,6.0,1.38,7.38
401856723,2026,7,Tennessee Volunteers,Alabama Crimson Tide,2026-10-17T16:00:00Z,2026-09-03T13:24:18.628629+00:00,home,1.5,3.76,5.26
401856719,2026,7,Georgia Bulldogs,Auburn Tigers,2026-10-17T16:00:00Z,2026-09-03T13:24:18.628629+00:00,away,-16.5,11.82,-4.68
401856809,2026,7,BYU Cougars,Notre Dame Fighting Irish,2026-10-17T16:00:00Z,2026-09-03T13:24:18.628629+00:00,home,10.0,-1.94,8.06
401858488,2026,7,Indiana Hoosiers,Ohio State Buckeyes,2026-10-17T16:00:00Z,2026-09-03T13:24:18.628629+00:00,home,-1.5,5.14,3.6399999999999997
401856830,2026,7,Kansas State Wildcats,Kansas Jayhawks,2026-10-17T16:00:00Z,2026-09-03T13:24:18.628629+00:00,away,-7.5,5.53,-1.9699999999999998
401858490,2026,7,Michigan Wolverines,Penn State Nittany Lions,2026-10-17T16:00:00Z,2026-09-03T13:24:18.628629+00:00,away,-6.5,-0.11,-6.61
401858492,2026,7,Oregon Ducks,Nebraska Cornhuskers,2026-10-17T16:00:00Z,2026-09-03T13:24:18.628629+00:00,away,-21.5,16.54,-4.960000000000001
401856727,2026,8,Alabama Crimson Tide,Texas A&M Aggies,2026-10-24T16:00:00Z,2026-09-03T13:24:18.628629+00:00,away,-2.5,-0.24,-2.74
401856837,2026,8,Utah Utes,Houston Cougars,2026-10-24T16:00:00Z,2026-09-03T13:24:18.628629+00:00,home,-6.5,13.33,6.83
401858496,2026,8,Michigan Wolverines,Indiana Hoosiers,2026-10-24T16:00:00Z,2026-09-03T13:24:18.628629+00:00,away,6.0,-9.48,-3.4800000000000004
401856732,2026,8,Texas Longhorns,Ole Miss Rebels,2026-10-24T16:00:00Z,2026-09-03T13:24:18.628629+00:00,away,-8.5,-1.48,-9.98
401856740,2026,10,LSU Tigers,Alabama Crimson Tide,2026-11-07T16:00:00Z,2026-09-03T13:24:18.628629+00:00,away,-3.5,0.68,-2.82
401856849,2026,10,Utah Utes,BYU Cougars,2026-11-07T16:00:00Z,2026-09-03T13:24:18.628629+00:00,home,-3.0,7.76,4.76
401856741,2026,10,Ole Miss Rebels,Georgia Bulldogs,2026-11-07T16:00:00Z,2026-09-03T13:24:18.628629+00:00,home,4.5,3.56,8.06
401858511,2026,10,Michigan Wolverines,Michigan State Spartans,2026-11-07T16:00:00Z,2026-09-03T13:24:18.628629+00:00,away,-16.5,13.98,-2.5199999999999996
401858296,2026,11,Miami Hurricanes,Duke Blue Devils,2026-11-14T16:00:00Z,2026-09-03T13:24:18.628629+00:00,away,-21.0,12.87,-8.13
401856885,2026,11,LSU Tigers,Texas Longhorns,2026-11-14T16:00:00Z,2026-09-03T13:24:18.628629+00:00,home,2.5,-0.24,2.26
401856887,2026,11,Oklahoma Sooners,Ole Miss Rebels,2026-11-14T16:00:00Z,2026-09-03T13:24:18.628629+00:00,away,-4.0,-0.11,-4.11
401856863,2026,11,Oklahoma State Cowboys,Texas Tech Red Raiders,2026-11-14T16:00:00Z,2026-09-03T13:24:18.628629+00:00,away,15.5,-24.35,-8.850000000000001
401856754,2026,12,Tennessee Volunteers,LSU Tigers,2026-11-21T16:00:00Z,2026-09-03T13:24:18.628629+00:00,home,1.5,6.71,8.21
401858302,2026,12,Miami Hurricanes,Virginia Tech Hokies,2026-11-21T16:00:00Z,2026-09-03T13:24:18.628629+00:00,home,-16.5,23.81,7.309999999999999
401858307,2026,12,Notre Dame Fighting Irish,SMU Mustangs,2026-11-22T00:30:00Z,2026-09-03T13:24:18.628629+00:00,away,-17.5,10.84,-6.66
401856762,2026,13,Ole Miss Rebels,Mississippi State Bulldogs,2026-11-27T17:00:00Z,2026-09-03T13:24:18.628629+00:00,home,-14.5,16.67,2.1700000000000017
401856756,2026,13,Texas A&M Aggies,Texas Longhorns,2026-11-28T00:30:00Z,2026-09-03T13:24:18.628629+00:00,home,2.5,6.58,9.08
401856757,2026,13,Alabama Crimson Tide,Auburn Tigers,2026-11-28T16:00:00Z,2026-09-03T13:24:18.628629+00:00,away,-10.0,5.73,-4.27
401856873,2026,13,Arizona Wildcats,Arizona State Sun Devils,2026-11-28T16:00:00Z,2026-09-03T13:24:18.628629+00:00,home,-4.5,8.94,4.4399999999999995
401856764,2026,13,Clemson Tigers,South Carolina Gamecocks,2026-11-28T16:00:00Z,2026-09-03T13:24:18.628629+00:00,home,-3.0,5.99,2.99
401858537,2026,13,Northwestern Wildcats,Illinois Fighting Illini,2026-11-28T16:00:00Z,2026-09-03T13:24:18.628629+00:00,home,3.5,-1.02,2.48
401858541,2026,13,Oregon Ducks,Washington Huskies,2026-11-28T16:00:00Z,2026-09-03T13:24:18.628629+00:00,away,-15.5,8.54,-6.960000000000001
401856765,2026,13,Vanderbilt Commodores,Tennessee Volunteers,2026-11-28T16:00:00Z,2026-09-03T13:24:18.628629+00:00,home,3.0,7.1,10.1
401858204,2026,1,Wake Forest Demon Deacons,Akron Zips,2026-09-03T23:00:00Z,2026-09-03T13:39:19.580703+00:00,away,-24.5,16.47,-8.030000000000001
401856776,2026,1,Georgia Tech Yellow Jackets,Colorado Buffaloes,2026-09-04T00:00:00Z,2026-09-03T13:39:19.580703+00:00,home,-6.5,15.16,8.66
401858424,2026,1,Illinois Fighting Illini,UAB Blazers,2026-09-04T01:00:00Z,2026-09-03T13:39:19.580703+00:00,away,-27.5,22.44,-5.059999999999999
401858429,2026,1,Michigan State Spartans,Toledo Rockets,2026-09-05T00:00:00Z,2026-09-03T13:39:19.580703+00:00,away,-10.0,-2.53,-12.53
401858436,2026,1,USC Trojans,Fresno State Bulldogs,2026-09-05T01:00:00Z,2026-09-03T13:39:19.580703+00:00,away,-22.5,13.52,-8.98
401858206,2026,1,Stanford Cardinal,Miami Hurricanes,2026-09-05T01:00:00Z,2026-09-03T13:39:19.580703+00:00,home,24.5,-17.67,6.829999999999998
401856634,2026,1,Alabama Crimson Tide,East Carolina Pirates,2026-09-05T16:00:00Z,2026-09-03T13:39:19.580703+00:00,away,-28.5,8.09,-20.41
401856780,2026,1,West Virginia Mountaineers,Coastal Carolina Chanticleers,2026-09-05T16:00:00Z,2026-09-03T13:39:19.580703+00:00,away,-21.0,9.07,-11.93
401869960,2026,1,James Madison Dukes,Liberty Flames,2026-09-05T16:00:00Z,2026-09-03T13:39:19.580703+00:00,home,-6.0,17.59,11.59
401858207,2026,1,Pittsburgh Panthers,Miami (OH) RedHawks,2026-09-05T16:00:00Z,2026-09-03T13:39:19.580703+00:00,away,-16.5,11.36,-5.140000000000001
401858430,2026,1,Nebraska Cornhuskers,Ohio Bobcats,2026-09-05T16:00:00Z,2026-09-03T13:39:19.580703+00:00,away,-23.5,10.31,-13.19
401856665,2026,1,South Carolina Gamecocks,Kent State Golden Flashes,2026-09-05T16:45:00Z,2026-09-03T13:39:19.580703+00:00,away,-35.5,20.14,-15.36
401858433,2026,1,Oregon Ducks,Boise State Broncos,2026-09-05T19:30:00Z,2026-09-03T13:39:19.580703+00:00,away,-24.5,18.57,-5.93
401856777,2026,1,Cincinnati Bearcats,Boston College Eagles,2026-09-05T19:30:00Z,2026-09-03T13:39:19.580703+00:00,home,-7.5,12.15,4.65
401858209,2026,1,Duke Blue Devils,Tulane Green Wave,2026-09-05T19:30:00Z,2026-09-03T13:39:19.580703+00:00,away,-7.5,3.83,-3.67
401858434,2026,1,Penn State Nittany Lions,Marshall Thundering Herd,2026-09-05T19:30:00Z,2026-09-03T13:39:19.580703+00:00,away,-24.5,18.44,-6.059999999999999
401856667,2026,1,Texas Longhorns,Texas State Bobcats,2026-09-05T19:30:00Z,2026-09-03T13:39:19.580703+00:00,away,-29.5,12.74,-16.759999999999998
401856772,2026,1,Tulsa Golden Hurricane,Oklahoma State Cowboys,2026-09-05T19:45:00Z,2026-09-03T13:39:19.580703+00:00,home,13.5,6.97,20.47
401858426,2026,1,Iowa Hawkeyes,Northern Illinois Huskies,2026-09-05T20:15:00Z,2026-09-03T13:39:19.580703+00:00,away,-31.5,27.48,-4.02
401860878,2026,1,Colorado State Rams,Wyoming Cowboys,2026-09-05T22:00:00Z,2026-09-03T13:39:19.580703+00:00,away,-3.0,0.81,-2.19
401862695,2026,1,Memphis Tigers,Arkansas State Red Wolves,2026-09-05T23:00:00Z,2026-09-03T13:39:19.580703+00:00,home,-11.5,14.38,2.880000000000001
401862699,2026,1,South Florida Bulls,Florida International Panthers,2026-09-05T23:00:00Z,2026-09-03T13:39:19.580703+00:00,home,-14.5,18.11,3.6099999999999994
401858428,2026,1,Michigan Wolverines,Western Michigan Broncos,2026-09-05T23:00:00Z,2026-09-03T13:39:19.580703+00:00,away,-27.5,12.67,-14.83
401856660,2026,1,LSU Tigers,Clemson Tigers,2026-09-05T23:30:00Z,2026-09-03T13:39:19.580703+00:00,away,-10.0,4.15,-5.85
401856662,2026,1,Mississippi State Bulldogs,UL Monroe Warhawks,2026-09-05T23:30:00Z,2026-09-03T13:39:19.580703+00:00,away,-28.5,20.47,-8.030000000000001
401856637,2026,1,Florida Gators,Florida Atlantic Owls,2026-09-05T23:45:00Z,2026-09-03T13:39:19.580703+00:00,away,-26.5,11.62,-14.88
401864497,2026,1,Hawaii Rainbow Warriors,UNLV Rebels,2026-09-06T02:00:00Z,2026-09-03T13:39:19.580703+00:00,home,3.0,1.93,4.93
401858210,2026,1,California Golden Bears,UCLA Bruins,2026-09-06T02:30:00Z,2026-09-03T13:39:19.580703+00:00,home,1.5,7.23,8.73
401864432,2026,1,Nevada Wolf Pack,Western Kentucky Hilltoppers,2026-09-06T02:30:00Z,2026-09-03T13:39:19.580703+00:00,away,1.5,-6.2,-4.7
401858437,2026,1,Washington Huskies,Washington State Cougars,2026-09-06T20:00:00Z,2026-09-03T13:39:19.580703+00:00,away,-23.5,13.2,-10.3
401858212,2026,1,Florida State Seminoles,SMU Mustangs,2026-09-07T23:30:00Z,2026-09-03T13:39:19.580703+00:00,home,3.0,-0.43,2.57
401856678,2026,2,Kansas Jayhawks,Missouri Tigers,2026-09-12T00:00:00Z,2026-09-03T13:39:19.580703+00:00,home,6.5,-3.12,3.38
401856670,2026,2,Utah Utes,Arkansas Razorbacks,2026-09-12T16:00:00Z,2026-09-03T13:39:19.580703+00:00,home,-9.5,14.83,5.33
401856782,2026,2,Oklahoma State Cowboys,Oregon Ducks,2026-09-12T16:00:00Z,2026-09-03T13:39:19.580703+00:00,away,18.5,-23.24,-4.739999999999998
401856788,2026,2,Iowa Hawkeyes,Iowa State Cyclones,2026-09-12T23:30:00Z,2026-09-03T13:39:19.580703+00:00,away,-12.5,10.05,-2.4499999999999993
401856682,2026,2,Texas Longhorns,Ohio State Buckeyes,2026-09-12T23:30:00Z,2026-09-03T13:39:19.580703+00:00,away,-1.5,-5.48,-6.98
401856686,2026,3,Arkansas Razorbacks,Georgia Bulldogs,2026-09-19T16:00:00Z,2026-09-03T13:39:19.580703+00:00,home,16.5,-8.82,7.68
401856687,2026,3,Auburn Tigers,Florida Gators,2026-09-19T23:00:00Z,2026-09-03T13:39:19.580703+00:00,home,1.5,8.94,10.44
401856688,2026,3,Ole Miss Rebels,LSU Tigers,2026-09-19T23:30:00Z,2026-09-03T13:39:19.580703+00:00,home,-1.5,12.61,11.11
401856811,2026,3,Texas Tech Red Raiders,Houston Cougars,2026-09-20T00:00:00Z,2026-09-03T13:39:19.580703+00:00,home,-13.5,16.87,3.370000000000001
401856700,2026,4,Georgia Bulldogs,Oklahoma Sooners,2026-09-26T16:00:00Z,2026-09-03T13:39:19.580703+00:00,away,-10.0,7.43,-2.5700000000000003
401856702,2026,4,LSU Tigers,Texas A&M Aggies,2026-09-26T16:00:00Z,2026-09-03T13:39:19.580703+00:00,away,-3.0,-3.19,-6.1899999999999995
401856704,2026,4,Tennessee Volunteers,Texas Longhorns,2026-09-26T16:00:00Z,2026-09-03T13:39:19.580703+00:00,home,6.5,2.84,9.34
401858249,2026,5,Clemson Tigers,Miami Hurricanes,2026-10-03T16:00:00Z,2026-09-03T13:39:19.580703+00:00,home,7.0,-3.71,3.29
401856717,2026,6,Oklahoma Sooners,Texas Longhorns,2026-10-10T16:00:00Z,2026-09-03T13:39:19.580703+00:00,home,6.0,1.38,7.38
401856723,2026,7,Tennessee Volunteers,Alabama Crimson Tide,2026-10-17T16:00:00Z,2026-09-03T13:39:19.580703+00:00,home,1.5,3.76,5.26
401856719,2026,7,Georgia Bulldogs,Auburn Tigers,2026-10-17T16:00:00Z,2026-09-03T13:39:19.580703+00:00,away,-16.5,11.82,-4.68
401856809,2026,7,BYU Cougars,Notre Dame Fighting Irish,2026-10-17T16:00:00Z,2026-09-03T13:39:19.580703+00:00,home,10.0,-1.94,8.06
401858488,2026,7,Indiana Hoosiers,Ohio State Buckeyes,2026-10-17T16:00:00Z,2026-09-03T13:39:19.580703+00:00,home,-1.5,5.14,3.6399999999999997
401856830,2026,7,Kansas State Wildcats,Kansas Jayhawks,2026-10-17T16:00:00Z,2026-09-03T13:39:19.580703+00:00,away,-7.5,5.53,-1.9699999999999998
401858490,2026,7,Michigan Wolverines,Penn State Nittany Lions,2026-10-17T16:00:00Z,2026-09-03T13:39:19.580703+00:00,away,-6.5,-0.11,-6.61
401858492,2026,7,Oregon Ducks,Nebraska Cornhuskers,2026-10-17T16:00:00Z,2026-09-03T13:39:19.580703+00:00,away,-21.5,16.54,-4.960000000000001
401856727,2026,8,Alabama Crimson Tide,Texas A&M Aggies,2026-10-24T16:00:00Z,2026-09-03T13:39:19.580703+00:00,away,-2.5,-0.24,-2.74
401856837,2026,8,Utah Utes,Houston Cougars,2026-10-24T16:00:00Z,2026-09-03T13:39:19.580703+00:00,home,-6.5,13.33,6.83
401858496,2026,8,Michigan Wolverines,Indiana Hoosiers,2026-10-24T16:00:00Z,2026-09-03T13:39:19.580703+00:00,away,6.0,-9.48,-3.4800000000000004
401856732,2026,8,Texas Longhorns,Ole Miss Rebels,2026-10-24T16:00:00Z,2026-09-03T13:39:19.580703+00:00,away,-8.5,-1.48,-9.98
401856740,2026,10,LSU Tigers,Alabama Crimson Tide,2026-11-07T16:00:00Z,2026-09-03T13:39:19.580703+00:00,away,-3.5,0.68,-2.82
401856849,2026,10,Utah Utes,BYU Cougars,2026-11-07T16:00:00Z,2026-09-03T13:39:19.580703+00:00,home,-3.0,7.76,4.76
401856741,2026,10,Ole Miss Rebels,Georgia Bulldogs,2026-11-07T16:00:00Z,2026-09-03T13:39:19.580703+00:00,home,4.5,3.56,8.06
401858511,2026,10,Michigan Wolverines,Michigan State Spartans,2026-11-07T16:00:00Z,2026-09-03T13:39:19.580703+00:00,away,-16.5,13.98,-2.5199999999999996
401858296,2026,11,Miami Hurricanes,Duke Blue Devils,2026-11-14T16:00:00Z,2026-09-03T13:39:19.580703+00:00,away,-21.0,12.87,-8.13
401856885,2026,11,LSU Tigers,Texas Longhorns,2026-11-14T16:00:00Z,2026-09-03T13:39:19.580703+00:00,home,2.5,-0.24,2.26
401856887,2026,11,Oklahoma Sooners,Ole Miss Rebels,2026-11-14T16:00:00Z,2026-09-03T13:39:19.580703+00:00,away,-4.0,-0.11,-4.11
401856863,2026,11,Oklahoma State Cowboys,Texas Tech Red Raiders,2026-11-14T16:00:00Z,2026-09-03T13:39:19.580703+00:00,away,15.5,-24.35,-8.850000000000001
401856754,2026,12,Tennessee Volunteers,LSU Tigers,2026-11-21T16:00:00Z,2026-09-03T13:39:19.580703+00:00,home,1.5,6.71,8.21
401858302,2026,12,Miami Hurricanes,Virginia Tech Hokies,2026-11-21T16:00:00Z,2026-09-03T13:39:19.580703+00:00,home,-16.5,23.81,7.309999999999999
401858307,2026,12,Notre Dame Fighting Irish,SMU Mustangs,2026-11-22T00:30:00Z,2026-09-03T13:39:19.580703+00:00,away,-17.5,10.84,-6.66
401856762,2026,13,Ole Miss Rebels,Mississippi State Bulldogs,2026-11-27T17:00:00Z,2026-09-03T13:39:19.580703+00:00,home,-14.5,16.67,2.1700000000000017
401856756,2026,13,Texas A&M Aggies,Texas Longhorns,2026-11-28T00:30:00Z,2026-09-03T13:39:19.580703+00:00,home,2.5,6.58,9.08
401856757,2026,13,Alabama Crimson Tide,Auburn Tigers,2026-11-28T16:00:00Z,2026-09-03T13:39:19.580703+00:00,away,-10.0,5.73,-4.27
401856873,2026,13,Arizona Wildcats,Arizona State Sun Devils,2026-11-28T16:00:00Z,2026-09-03T13:39:19.580703+00:00,home,-4.5,8.94,4.4399999999999995
401856764,2026,13,Clemson Tigers,South Carolina Gamecocks,2026-11-28T16:00:00Z,2026-09-03T13:39:19.580703+00:00,home,-3.0,5.99,2.99
401858537,2026,13,Northwestern Wildcats,Illinois Fighting Illini,2026-11-28T16:00:00Z,2026-09-03T13:39:19.580703+00:00,home,3.5,-1.02,2.48
401858541,2026,13,Oregon Ducks,Washington Huskies,2026-11-28T16:00:00Z,2026-09-03T13:39:19.580703+00:00,away,-15.5,8.54,-6.960000000000001
401856765,2026,13,Vanderbilt Commodores,Tennessee Volunteers,2026-11-28T16:00:00Z,2026-09-03T13:39:19.580703+00:00,home,3.0,7.1,10.1
401858204,2026,1,Wake Forest Demon Deacons,Akron Zips,2026-09-03T23:00:00Z,2026-09-03T14:49:54.569102+00:00,away,-25.5,16.47,-9.030000000000001
401856776,2026,1,Georgia Tech Yellow Jackets,Colorado Buffaloes,2026-09-04T00:00:00Z,2026-09-03T14:49:54.569102+00:00,home,-6.5,15.16,8.66
401858424,2026,1,Illinois Fighting Illini,UAB Blazers,2026-09-04T01:00:00Z,2026-09-03T14:49:54.569102+00:00,away,-27.5,22.44,-5.059999999999999
401858429,2026,1,Michigan State Spartans,Toledo Rockets,2026-09-05T00:00:00Z,2026-09-03T14:49:54.569102+00:00,away,-10.0,-2.53,-12.53
401858436,2026,1,USC Trojans,Fresno State Bulldogs,2026-09-05T01:00:00Z,2026-09-03T14:49:54.569102+00:00,away,-22.5,13.52,-8.98
401858206,2026,1,Stanford Cardinal,Miami Hurricanes,2026-09-05T01:00:00Z,2026-09-03T14:49:54.569102+00:00,home,24.5,-17.67,6.829999999999998
401856634,2026,1,Alabama Crimson Tide,East Carolina Pirates,2026-09-05T16:00:00Z,2026-09-03T14:49:54.569102+00:00,away,-28.5,8.09,-20.41
401856780,2026,1,West Virginia Mountaineers,Coastal Carolina Chanticleers,2026-09-05T16:00:00Z,2026-09-03T14:49:54.569102+00:00,away,-21.0,9.07,-11.93
401869960,2026,1,James Madison Dukes,Liberty Flames,2026-09-05T16:00:00Z,2026-09-03T14:49:54.569102+00:00,home,-6.0,17.59,11.59
401858207,2026,1,Pittsburgh Panthers,Miami (OH) RedHawks,2026-09-05T16:00:00Z,2026-09-03T14:49:54.569102+00:00,away,-16.5,11.36,-5.140000000000001
401858430,2026,1,Nebraska Cornhuskers,Ohio Bobcats,2026-09-05T16:00:00Z,2026-09-03T14:49:54.569102+00:00,away,-23.5,10.31,-13.19
401856665,2026,1,South Carolina Gamecocks,Kent State Golden Flashes,2026-09-05T16:45:00Z,2026-09-03T14:49:54.569102+00:00,away,-35.5,20.14,-15.36
401858433,2026,1,Oregon Ducks,Boise State Broncos,2026-09-05T19:30:00Z,2026-09-03T14:49:54.569102+00:00,away,-24.5,18.57,-5.93
401856777,2026,1,Cincinnati Bearcats,Boston College Eagles,2026-09-05T19:30:00Z,2026-09-03T14:49:54.569102+00:00,home,-7.5,12.15,4.65
401858209,2026,1,Duke Blue Devils,Tulane Green Wave,2026-09-05T19:30:00Z,2026-09-03T14:49:54.569102+00:00,away,-7.5,3.83,-3.67
401858434,2026,1,Penn State Nittany Lions,Marshall Thundering Herd,2026-09-05T19:30:00Z,2026-09-03T14:49:54.569102+00:00,away,-24.5,18.44,-6.059999999999999
401856667,2026,1,Texas Longhorns,Texas State Bobcats,2026-09-05T19:30:00Z,2026-09-03T14:49:54.569102+00:00,away,-29.5,12.74,-16.759999999999998
401856772,2026,1,Tulsa Golden Hurricane,Oklahoma State Cowboys,2026-09-05T19:45:00Z,2026-09-03T14:49:54.569102+00:00,home,13.5,6.97,20.47
401858426,2026,1,Iowa Hawkeyes,Northern Illinois Huskies,2026-09-05T20:15:00Z,2026-09-03T14:49:54.569102+00:00,away,-31.5,27.48,-4.02
401860878,2026,1,Colorado State Rams,Wyoming Cowboys,2026-09-05T22:00:00Z,2026-09-03T14:49:54.569102+00:00,away,-3.0,0.81,-2.19
401862695,2026,1,Memphis Tigers,Arkansas State Red Wolves,2026-09-05T23:00:00Z,2026-09-03T14:49:54.569102+00:00,home,-11.5,14.38,2.880000000000001
401862699,2026,1,South Florida Bulls,Florida International Panthers,2026-09-05T23:00:00Z,2026-09-03T14:49:54.569102+00:00,home,-14.5,18.11,3.6099999999999994
401858428,2026,1,Michigan Wolverines,Western Michigan Broncos,2026-09-05T23:00:00Z,2026-09-03T14:49:54.569102+00:00,away,-27.5,12.67,-14.83
401856660,2026,1,LSU Tigers,Clemson Tigers,2026-09-05T23:30:00Z,2026-09-03T14:49:54.569102+00:00,away,-10.0,4.15,-5.85
401856662,2026,1,Mississippi State Bulldogs,UL Monroe Warhawks,2026-09-05T23:30:00Z,2026-09-03T14:49:54.569102+00:00,away,-28.5,20.47,-8.030000000000001
401856637,2026,1,Florida Gators,Florida Atlantic Owls,2026-09-05T23:45:00Z,2026-09-03T14:49:54.569102+00:00,away,-26.5,11.62,-14.88
401864497,2026,1,Hawaii Rainbow Warriors,UNLV Rebels,2026-09-06T02:00:00Z,2026-09-03T14:49:54.569102+00:00,home,3.0,1.93,4.93
401858210,2026,1,California Golden Bears,UCLA Bruins,2026-09-06T02:30:00Z,2026-09-03T14:49:54.569102+00:00,home,1.5,7.23,8.73
401864432,2026,1,Nevada Wolf Pack,Western Kentucky Hilltoppers,2026-09-06T02:30:00Z,2026-09-03T14:49:54.569102+00:00,away,1.5,-6.2,-4.7
401858437,2026,1,Washington Huskies,Washington State Cougars,2026-09-06T20:00:00Z,2026-09-03T14:49:54.569102+00:00,away,-23.5,13.2,-10.3
401858212,2026,1,Florida State Seminoles,SMU Mustangs,2026-09-07T23:30:00Z,2026-09-03T14:49:54.569102+00:00,home,3.0,-0.43,2.57
401856678,2026,2,Kansas Jayhawks,Missouri Tigers,2026-09-12T00:00:00Z,2026-09-03T14:49:54.569102+00:00,home,6.5,-3.12,3.38
401856670,2026,2,Utah Utes,Arkansas Razorbacks,2026-09-12T16:00:00Z,2026-09-03T14:49:54.569102+00:00,home,-9.5,14.83,5.33
401856782,2026,2,Oklahoma State Cowboys,Oregon Ducks,2026-09-12T16:00:00Z,2026-09-03T14:49:54.569102+00:00,away,18.5,-23.24,-4.739999999999998
401856788,2026,2,Iowa Hawkeyes,Iowa State Cyclones,2026-09-12T23:30:00Z,2026-09-03T14:49:54.569102+00:00,away,-12.5,10.05,-2.4499999999999993
401856682,2026,2,Texas Longhorns,Ohio State Buckeyes,2026-09-12T23:30:00Z,2026-09-03T14:49:54.569102+00:00,away,-1.5,-5.48,-6.98
401856686,2026,3,Arkansas Razorbacks,Georgia Bulldogs,2026-09-19T16:00:00Z,2026-09-03T14:49:54.569102+00:00,home,16.5,-8.82,7.68
401856687,2026,3,Auburn Tigers,Florida Gators,2026-09-19T23:00:00Z,2026-09-03T14:49:54.569102+00:00,home,1.5,8.94,10.44
401856688,2026,3,Ole Miss Rebels,LSU Tigers,2026-09-19T23:30:00Z,2026-09-03T14:49:54.569102+00:00,home,-1.5,12.61,11.11
401856811,2026,3,Texas Tech Red Raiders,Houston Cougars,2026-09-20T00:00:00Z,2026-09-03T14:49:54.569102+00:00,home,-13.5,16.87,3.370000000000001
401856700,2026,4,Georgia Bulldogs,Oklahoma Sooners,2026-09-26T16:00:00Z,2026-09-03T14:49:54.569102+00:00,away,-10.0,7.43,-2.5700000000000003
401856702,2026,4,LSU Tigers,Texas A&M Aggies,2026-09-26T16:00:00Z,2026-09-03T14:49:54.569102+00:00,away,-3.0,-3.19,-6.1899999999999995
401856704,2026,4,Tennessee Volunteers,Texas Longhorns,2026-09-26T16:00:00Z,2026-09-03T14:49:54.569102+00:00,home,6.5,2.84,9.34
401858249,2026,5,Clemson Tigers,Miami Hurricanes,2026-10-03T16:00:00Z,2026-09-03T14:49:54.569102+00:00,home,7.0,-3.71,3.29
401856717,2026,6,Oklahoma Sooners,Texas Longhorns,2026-10-10T16:00:00Z,2026-09-03T14:49:54.569102+00:00,home,6.0,1.38,7.38
401856723,2026,7,Tennessee Volunteers,Alabama Crimson Tide,2026-10-17T16:00:00Z,2026-09-03T14:49:54.569102+00:00,home,1.5,3.76,5.26
401856719,2026,7,Georgia Bulldogs,Auburn Tigers,2026-10-17T16:00:00Z,2026-09-03T14:49:54.569102+00:00,away,-16.5,11.82,-4.68
401856809,2026,7,BYU Cougars,Notre Dame Fighting Irish,2026-10-17T16:00:00Z,2026-09-03T14:49:54.569102+00:00,home,10.0,-1.94,8.06
401858488,2026,7,Indiana Hoosiers,Ohio State Buckeyes,2026-10-17T16:00:00Z,2026-09-03T14:49:54.569102+00:00,home,-1.5,5.14,3.6399999999999997
401856830,2026,7,Kansas State Wildcats,Kansas Jayhawks,2026-10-17T16:00:00Z,2026-09-03T14:49:54.569102+00:00,away,-7.5,5.53,-1.9699999999999998
401858490,2026,7,Michigan Wolverines,Penn State Nittany Lions,2026-10-17T16:00:00Z,2026-09-03T14:49:54.569102+00:00,away,-6.5,-0.11,-6.61
401858492,2026,7,Oregon Ducks,Nebraska Cornhuskers,2026-10-17T16:00:00Z,2026-09-03T14:49:54.569102+00:00,away,-21.5,16.54,-4.960000000000001
401856727,2026,8,Alabama Crimson Tide,Texas A&M Aggies,2026-10-24T16:00:00Z,2026-09-03T14:49:54.569102+00:00,away,-2.5,-0.24,-2.74
401856837,2026,8,Utah Utes,Houston Cougars,2026-10-24T16:00:00Z,2026-09-03T14:49:54.569102+00:00,home,-6.5,13.33,6.83
401858496,2026,8,Michigan Wolverines,Indiana Hoosiers,2026-10-24T16:00:00Z,2026-09-03T14:49:54.569102+00:00,away,6.0,-9.48,-3.4800000000000004
401856732,2026,8,Texas Longhorns,Ole Miss Rebels,2026-10-24T16:00:00Z,2026-09-03T14:49:54.569102+00:00,away,-8.5,-1.48,-9.98
401856740,2026,10,LSU Tigers,Alabama Crimson Tide,2026-11-07T16:00:00Z,2026-09-03T14:49:54.569102+00:00,away,-3.5,0.68,-2.82
401856849,2026,10,Utah Utes,BYU Cougars,2026-11-07T16:00:00Z,2026-09-03T14:49:54.569102+00:00,home,-3.0,7.76,4.76
401856741,2026,10,Ole Miss Rebels,Georgia Bulldogs,2026-11-07T16:00:00Z,2026-09-03T14:49:54.569102+00:00,home,4.5,3.56,8.06
401858511,2026,10,Michigan Wolverines,Michigan State Spartans,2026-11-07T16:00:00Z,2026-09-03T14:49:54.569102+00:00,away,-16.5,13.98,-2.5199999999999996
401858296,2026,11,Miami Hurricanes,Duke Blue Devils,2026-11-14T16:00:00Z,2026-09-03T14:49:54.569102+00:00,away,-21.0,12.87,-8.13
401856885,2026,11,LSU Tigers,Texas Longhorns,2026-11-14T16:00:00Z,2026-09-03T14:49:54.569102+00:00,home,2.5,-0.24,2.26
401856887,2026,11,Oklahoma Sooners,Ole Miss Rebels,2026-11-14T16:00:00Z,2026-09-03T14:49:54.569102+00:00,away,-4.0,-0.11,-4.11
401856863,2026,11,Oklahoma State Cowboys,Texas Tech Red Raiders,2026-11-14T16:00:00Z,2026-09-03T14:49:54.569102+00:00,away,15.5,-24.35,-8.850000000000001
401856754,2026,12,Tennessee Volunteers,LSU Tigers,2026-11-21T16:00:00Z,2026-09-03T14:49:54.569102+00:00,home,1.5,6.71,8.21
401858302,2026,12,Miami Hurricanes,Virginia Tech Hokies,2026-11-21T16:00:00Z,2026-09-03T14:49:54.569102+00:00,home,-16.5,23.81,7.309999999999999
401858307,2026,12,Notre Dame Fighting Irish,SMU Mustangs,2026-11-22T00:30:00Z,2026-09-03T14:49:54.569102+00:00,away,-17.5,10.84,-6.66
401856762,2026,13,Ole Miss Rebels,Mississippi State Bulldogs,2026-11-27T17:00:00Z,2026-09-03T14:49:54.569102+00:00,home,-14.5,16.67,2.1700000000000017
401856756,2026,13,Texas A&M Aggies,Texas Longhorns,2026-11-28T00:30:00Z,2026-09-03T14:49:54.569102+00:00,home,2.5,6.58,9.08
401856757,2026,13,Alabama Crimson Tide,Auburn Tigers,2026-11-28T16:00:00Z,2026-09-03T14:49:54.569102+00:00,away,-10.0,5.73,-4.27
401856873,2026,13,Arizona Wildcats,Arizona State Sun Devils,2026-11-28T16:00:00Z,2026-09-03T14:49:54.569102+00:00,home,-4.5,8.94,4.4399999999999995
401856764,2026,13,Clemson Tigers,South Carolina Gamecocks,2026-11-28T16:00:00Z,2026-09-03T14:49:54.569102+00:00,home,-3.0,5.99,2.99
401858537,2026,13,Northwestern Wildcats,Illinois Fighting Illini,2026-11-28T16:00:00Z,2026-09-03T14:49:54.569102+00:00,home,3.5,-1.02,2.48
401858541,2026,13,Oregon Ducks,Washington Huskies,2026-11-28T16:00:00Z,2026-09-03T14:49:54.569102+00:00,away,-15.5,8.54,-6.960000000000001
401856765,2026,13,Vanderbilt Commodores,Tennessee Volunteers,2026-11-28T16:00:00Z,2026-09-03T14:49:54.569102+00:00,home,3.0,7.1,10.1
401858429,2026,1,Michigan State Spartans,Toledo Rockets,2026-09-05T00:00:00Z,2026-09-04T13:24:47.477802+00:00,away,-10.0,-2.53,-12.53
401858436,2026,1,USC Trojans,Fresno State Bulldogs,2026-09-05T01:00:00Z,2026-09-04T13:24:47.477802+00:00,away,-22.5,13.52,-8.98
401858206,2026,1,Stanford Cardinal,Miami Hurricanes,2026-09-05T01:00:00Z,2026-09-04T13:24:47.477802+00:00,home,24.5,-17.67,6.829999999999998
401856634,2026,1,Alabama Crimson Tide,East Carolina Pirates,2026-09-05T16:00:00Z,2026-09-04T13:24:47.477802+00:00,away,-27.5,8.09,-19.41
401856780,2026,1,West Virginia Mountaineers,Coastal Carolina Chanticleers,2026-09-05T16:00:00Z,2026-09-04T13:24:47.477802+00:00,away,-21.0,9.07,-11.93
401856778,2026,1,Houston Cougars,Oregon State Beavers,2026-09-05T16:00:00Z,2026-09-04T13:24:47.477802+00:00,away,-21.0,18.9,-2.1000000000000014
401869960,2026,1,James Madison Dukes,Liberty Flames,2026-09-05T16:00:00Z,2026-09-04T13:24:47.477802+00:00,home,-6.0,17.59,11.59
401858207,2026,1,Pittsburgh Panthers,Miami (OH) RedHawks,2026-09-05T16:00:00Z,2026-09-04T13:24:47.477802+00:00,away,-16.5,11.36,-5.140000000000001
401858430,2026,1,Nebraska Cornhuskers,Ohio Bobcats,2026-09-05T16:00:00Z,2026-09-04T13:24:47.477802+00:00,away,-23.5,10.31,-13.19
401856665,2026,1,South Carolina Gamecocks,Kent State Golden Flashes,2026-09-05T16:45:00Z,2026-09-04T13:24:47.477802+00:00,away,-35.5,20.14,-15.36
401858433,2026,1,Oregon Ducks,Boise State Broncos,2026-09-05T19:30:00Z,2026-09-04T13:24:47.477802+00:00,away,-24.5,18.57,-5.93
401856777,2026,1,Cincinnati Bearcats,Boston College Eagles,2026-09-05T19:30:00Z,2026-09-04T13:24:47.477802+00:00,home,-7.5,12.15,4.65
401858209,2026,1,Duke Blue Devils,Tulane Green Wave,2026-09-05T19:30:00Z,2026-09-04T13:24:47.477802+00:00,away,-7.5,3.83,-3.67
401858434,2026,1,Penn State Nittany Lions,Marshall Thundering Herd,2026-09-05T19:30:00Z,2026-09-04T13:24:47.477802+00:00,away,-23.5,18.44,-5.059999999999999
401856667,2026,1,Texas Longhorns,Texas State Bobcats,2026-09-05T19:30:00Z,2026-09-04T13:24:47.477802+00:00,away,-29.5,12.74,-16.759999999999998
401856772,2026,1,Tulsa Golden Hurricane,Oklahoma State Cowboys,2026-09-05T19:45:00Z,2026-09-04T13:24:47.477802+00:00,home,13.5,6.97,20.47
401858426,2026,1,Iowa Hawkeyes,Northern Illinois Huskies,2026-09-05T20:15:00Z,2026-09-04T13:24:47.477802+00:00,away,-31.5,27.48,-4.02
401860878,2026,1,Colorado State Rams,Wyoming Cowboys,2026-09-05T22:00:00Z,2026-09-04T13:24:47.477802+00:00,away,-3.0,0.81,-2.19
401862695,2026,1,Memphis Tigers,Arkansas State Red Wolves,2026-09-05T23:00:00Z,2026-09-04T13:24:47.477802+00:00,home,-11.5,14.38,2.880000000000001
401862699,2026,1,South Florida Bulls,Florida International Panthers,2026-09-05T23:00:00Z,2026-09-04T13:24:47.477802+00:00,home,-14.5,18.11,3.6099999999999994
401858428,2026,1,Michigan Wolverines,Western Michigan Broncos,2026-09-05T23:00:00Z,2026-09-04T13:24:47.477802+00:00,away,-27.5,12.67,-14.83
401856660,2026,1,LSU Tigers,Clemson Tigers,2026-09-05T23:30:00Z,2026-09-04T13:24:47.477802+00:00,away,-10.0,4.15,-5.85
401856662,2026,1,Mississippi State Bulldogs,UL Monroe Warhawks,2026-09-05T23:30:00Z,2026-09-04T13:24:47.477802+00:00,away,-28.5,20.47,-8.030000000000001
401856637,2026,1,Florida Gators,Florida Atlantic Owls,2026-09-05T23:45:00Z,2026-09-04T13:24:47.477802+00:00,away,-26.5,11.62,-14.88
401864497,2026,1,Hawaii Rainbow Warriors,UNLV Rebels,2026-09-06T02:00:00Z,2026-09-04T13:24:47.477802+00:00,home,3.0,1.93,4.93
401858210,2026,1,California Golden Bears,UCLA Bruins,2026-09-06T02:30:00Z,2026-09-04T13:24:47.477802+00:00,home,2.5,7.23,9.73
401864432,2026,1,Nevada Wolf Pack,Western Kentucky Hilltoppers,2026-09-06T02:30:00Z,2026-09-04T13:24:47.477802+00:00,away,1.5,-6.2,-4.7
401858437,2026,1,Washington Huskies,Washington State Cougars,2026-09-06T20:00:00Z,2026-09-04T13:24:47.477802+00:00,away,-23.5,13.2,-10.3
401858212,2026,1,Florida State Seminoles,SMU Mustangs,2026-09-07T23:30:00Z,2026-09-04T13:24:47.477802+00:00,home,3.0,-0.43,2.57
401858214,2026,2,Boston College Eagles,Rutgers Scarlet Knights,2026-09-11T23:30:00Z,2026-09-04T13:24:47.477802+00:00,away,-6.5,-2.6,-9.1
401856678,2026,2,Kansas Jayhawks,Missouri Tigers,2026-09-12T00:00:00Z,2026-09-04T13:24:47.477802+00:00,home,6.5,-3.12,3.38
401856670,2026,2,Utah Utes,Arkansas Razorbacks,2026-09-12T16:00:00Z,2026-09-04T13:24:47.477802+00:00,home,-9.5,14.83,5.33
401862702,2026,2,Army Black Knights,South Florida Bulls,2026-09-12T16:00:00Z,2026-09-04T13:24:47.477802+00:00,away,-1.5,-3.45,-4.95
401856781,2026,2,Kansas State Wildcats,Washington State Cougars,2026-09-12T16:00:00Z,2026-09-04T13:24:47.477802+00:00,away,-18.5,5.73,-12.77
401856782,2026,2,Oklahoma State Cowboys,Oregon Ducks,2026-09-12T16:00:00Z,2026-09-04T13:24:47.477802+00:00,away,18.5,-23.24,-4.739999999999998
401858442,2026,2,Temple Owls,Penn State Nittany Lions,2026-09-12T16:00:00Z,2026-09-04T13:24:47.477802+00:00,home,23.5,-11.57,11.93
401858440,2026,2,Michigan State Spartans,Eastern Michigan Eagles,2026-09-12T19:30:00Z,2026-09-04T13:24:47.477802+00:00,away,-16.5,11.03,-5.470000000000001
401858444,2026,2,UConn Huskies,Maryland Terrapins,2026-09-12T19:30:00Z,2026-09-04T13:24:47.477802+00:00,home,10.5,6.58,17.08
401862708,2026,2,UAB Blazers,UL Monroe Warhawks,2026-09-12T19:30:00Z,2026-09-04T13:24:47.477802+00:00,away,-9.5,7.43,-2.0700000000000003
401858446,2026,2,Washington Huskies,Utah State Aggies,2026-09-12T19:30:00Z,2026-09-04T13:24:47.477802+00:00,away,-24.5,17.72,-6.780000000000001
401862705,2026,2,North Texas Mean Green,UNLV Rebels,2026-09-12T19:45:00Z,2026-09-04T13:24:47.477802+00:00,home,6.5,9.85,16.35
401866414,2026,2,Florida International Panthers,Buffalo Bulls,2026-09-12T22:00:00Z,2026-09-04T13:24:47.477802+00:00,away,-7.5,1.66,-5.84
401866418,2026,2,Ohio Bobcats,Jacksonville State Gamecocks,2026-09-12T22:00:00Z,2026-09-04T13:24:47.477802+00:00,home,-1.5,5.4,3.9000000000000004
401858441,2026,2,Nebraska Cornhuskers,Bowling Green Falcons,2026-09-12T23:00:00Z,2026-09-04T13:24:47.477802+00:00,away,-25.5,15.95,-9.55
401856681,2026,2,Georgia Tech Yellow Jackets,Tennessee Volunteers,2026-09-12T23:00:00Z,2026-09-04T13:24:47.477802+00:00,home,10.5,-0.11,10.39
401856788,2026,2,Iowa Hawkeyes,Iowa State Cyclones,2026-09-12T23:30:00Z,2026-09-04T13:24:47.477802+00:00,away,-12.5,10.05,-2.4499999999999993
401856682,2026,2,Texas Longhorns,Ohio State Buckeyes,2026-09-12T23:30:00Z,2026-09-04T13:24:47.477802+00:00,away,-1.5,-5.48,-6.98
401856783,2026,2,Oregon State Beavers,Texas Tech Red Raiders,2026-09-12T23:30:00Z,2026-09-04T13:24:47.477802+00:00,home,29.5,-24.87,4.629999999999999
401856686,2026,3,Arkansas Razorbacks,Georgia Bulldogs,2026-09-19T16:00:00Z,2026-09-04T13:24:47.477802+00:00,home,16.5,-8.82,7.68
401856687,2026,3,Auburn Tigers,Florida Gators,2026-09-19T23:00:00Z,2026-09-04T13:24:47.477802+00:00,home,1.5,8.94,10.44
401856688,2026,3,Ole Miss Rebels,LSU Tigers,2026-09-19T23:30:00Z,2026-09-04T13:24:47.477802+00:00,home,-1.5,12.61,11.11
401856811,2026,3,Texas Tech Red Raiders,Houston Cougars,2026-09-20T00:00:00Z,2026-09-04T13:24:47.477802+00:00,home,-13.5,16.87,3.370000000000001
401856700,2026,4,Georgia Bulldogs,Oklahoma Sooners,2026-09-26T16:00:00Z,2026-09-04T13:24:47.477802+00:00,away,-10.0,7.43,-2.5700000000000003
401856702,2026,4,LSU Tigers,Texas A&M Aggies,2026-09-26T16:00:00Z,2026-09-04T13:24:47.477802+00:00,away,-3.0,-3.19,-6.1899999999999995
401856704,2026,4,Tennessee Volunteers,Texas Longhorns,2026-09-26T16:00:00Z,2026-09-04T13:24:47.477802+00:00,home,6.5,2.84,9.34
401858249,2026,5,Clemson Tigers,Miami Hurricanes,2026-10-03T16:00:00Z,2026-09-04T13:24:47.477802+00:00,home,7.0,-3.71,3.29
401856717,2026,6,Oklahoma Sooners,Texas Longhorns,2026-10-10T16:00:00Z,2026-09-04T13:24:47.477802+00:00,home,6.0,1.38,7.38
401856723,2026,7,Tennessee Volunteers,Alabama Crimson Tide,2026-10-17T16:00:00Z,2026-09-04T13:24:47.477802+00:00,home,1.5,3.76,5.26
401856719,2026,7,Georgia Bulldogs,Auburn Tigers,2026-10-17T16:00:00Z,2026-09-04T13:24:47.477802+00:00,away,-16.5,11.82,-4.68
401856809,2026,7,BYU Cougars,Notre Dame Fighting Irish,2026-10-17T16:00:00Z,2026-09-04T13:24:47.477802+00:00,home,10.0,-1.94,8.06
401858488,2026,7,Indiana Hoosiers,Ohio State Buckeyes,2026-10-17T16:00:00Z,2026-09-04T13:24:47.477802+00:00,home,-1.5,5.14,3.6399999999999997
401856830,2026,7,Kansas State Wildcats,Kansas Jayhawks,2026-10-17T16:00:00Z,2026-09-04T13:24:47.477802+00:00,away,-7.5,5.53,-1.9699999999999998
401858490,2026,7,Michigan Wolverines,Penn State Nittany Lions,2026-10-17T16:00:00Z,2026-09-04T13:24:47.477802+00:00,away,-6.5,-0.11,-6.61
401858492,2026,7,Oregon Ducks,Nebraska Cornhuskers,2026-10-17T16:00:00Z,2026-09-04T13:24:47.477802+00:00,away,-21.5,16.54,-4.960000000000001
401856727,2026,8,Alabama Crimson Tide,Texas A&M Aggies,2026-10-24T16:00:00Z,2026-09-04T13:24:47.477802+00:00,away,-2.5,-0.24,-2.74
401858496,2026,8,Michigan Wolverines,Indiana Hoosiers,2026-10-24T16:00:00Z,2026-09-04T13:24:47.477802+00:00,away,6.0,-9.48,-3.4800000000000004
401856732,2026,8,Texas Longhorns,Ole Miss Rebels,2026-10-24T16:00:00Z,2026-09-04T13:24:47.477802+00:00,away,-8.5,-1.48,-9.98
401856740,2026,10,LSU Tigers,Alabama Crimson Tide,2026-11-07T16:00:00Z,2026-09-04T13:24:47.477802+00:00,away,-3.5,0.68,-2.82
401856741,2026,10,Ole Miss Rebels,Georgia Bulldogs,2026-11-07T16:00:00Z,2026-09-04T13:24:47.477802+00:00,home,4.5,3.56,8.06
401858511,2026,10,Michigan Wolverines,Michigan State Spartans,2026-11-07T16:00:00Z,2026-09-04T13:24:47.477802+00:00,away,-16.5,13.98,-2.5199999999999996
401858296,2026,11,Miami Hurricanes,Duke Blue Devils,2026-11-14T16:00:00Z,2026-09-04T13:24:47.477802+00:00,away,-21.0,12.87,-8.13
401856885,2026,11,LSU Tigers,Texas Longhorns,2026-11-14T16:00:00Z,2026-09-04T13:24:47.477802+00:00,home,2.5,-0.24,2.26
401856887,2026,11,Oklahoma Sooners,Ole Miss Rebels,2026-11-14T16:00:00Z,2026-09-04T13:24:47.477802+00:00,away,-4.0,-0.11,-4.11
401856863,2026,11,Oklahoma State Cowboys,Texas Tech Red Raiders,2026-11-14T16:00:00Z,2026-09-04T13:24:47.477802+00:00,away,15.5,-24.35,-8.850000000000001
401856754,2026,12,Tennessee Volunteers,LSU Tigers,2026-11-21T16:00:00Z,2026-09-04T13:24:47.477802+00:00,home,1.5,6.71,8.21
401858302,2026,12,Miami Hurricanes,Virginia Tech Hokies,2026-11-21T16:00:00Z,2026-09-04T13:24:47.477802+00:00,home,-16.5,23.81,7.309999999999999
401858307,2026,12,Notre Dame Fighting Irish,SMU Mustangs,2026-11-22T00:30:00Z,2026-09-04T13:24:47.477802+00:00,away,-17.5,10.84,-6.66
401856762,2026,13,Ole Miss Rebels,Mississippi State Bulldogs,2026-11-27T17:00:00Z,2026-09-04T13:24:47.477802+00:00,home,-14.5,16.67,2.1700000000000017
401856756,2026,13,Texas A&M Aggies,Texas Longhorns,2026-11-28T00:30:00Z,2026-09-04T13:24:47.477802+00:00,home,2.5,6.58,9.08
401856757,2026,13,Alabama Crimson Tide,Auburn Tigers,2026-11-28T16:00:00Z,2026-09-04T13:24:47.477802+00:00,away,-10.0,5.73,-4.27
401856873,2026,13,Arizona Wildcats,Arizona State Sun Devils,2026-11-28T16:00:00Z,2026-09-04T13:24:47.477802+00:00,home,-4.5,8.94,4.4399999999999995
401856764,2026,13,Clemson Tigers,South Carolina Gamecocks,2026-11-28T16:00:00Z,2026-09-04T13:24:47.477802+00:00,home,-3.0,5.99,2.99
401858541,2026,13,Oregon Ducks,Washington Huskies,2026-11-28T16:00:00Z,2026-09-04T13:24:47.477802+00:00,away,-15.5,8.54,-6.960000000000001
401856765,2026,13,Vanderbilt Commodores,Tennessee Volunteers,2026-11-28T16:00:00Z,2026-09-04T13:24:47.477802+00:00,home,3.0,7.1,10.1
401856634,2026,1,Alabama Crimson Tide,East Carolina Pirates,2026-09-05T16:00:00Z,2026-09-05T13:41:19.793042+00:00,away,-28.5,8.09,-20.41
401856780,2026,1,West Virginia Mountaineers,Coastal Carolina Chanticleers,2026-09-05T16:00:00Z,2026-09-05T13:41:19.793042+00:00,away,-21.0,9.07,-11.93
401856778,2026,1,Houston Cougars,Oregon State Beavers,2026-09-05T16:00:00Z,2026-09-05T13:41:19.793042+00:00,away,-21.0,18.9,-2.1000000000000014
401869960,2026,1,James Madison Dukes,Liberty Flames,2026-09-05T16:00:00Z,2026-09-05T13:41:19.793042+00:00,home,-6.0,17.59,11.59
401858207,2026,1,Pittsburgh Panthers,Miami (OH) RedHawks,2026-09-05T16:00:00Z,2026-09-05T13:41:19.793042+00:00,away,-16.5,11.36,-5.140000000000001
401858430,2026,1,Nebraska Cornhuskers,Ohio Bobcats,2026-09-05T16:00:00Z,2026-09-05T13:41:19.793042+00:00,away,-23.5,10.31,-13.19
401856665,2026,1,South Carolina Gamecocks,Kent State Golden Flashes,2026-09-05T16:45:00Z,2026-09-05T13:41:19.793042+00:00,away,-35.5,20.14,-15.36
401858433,2026,1,Oregon Ducks,Boise State Broncos,2026-09-05T19:30:00Z,2026-09-05T13:41:19.793042+00:00,away,-24.5,18.57,-5.93
401856777,2026,1,Cincinnati Bearcats,Boston College Eagles,2026-09-05T19:30:00Z,2026-09-05T13:41:19.793042+00:00,home,-7.0,12.15,5.15
401858209,2026,1,Duke Blue Devils,Tulane Green Wave,2026-09-05T19:30:00Z,2026-09-05T13:41:19.793042+00:00,away,-7.5,3.83,-3.67
401858434,2026,1,Penn State Nittany Lions,Marshall Thundering Herd,2026-09-05T19:30:00Z,2026-09-05T13:41:19.793042+00:00,away,-23.5,18.44,-5.059999999999999
401856667,2026,1,Texas Longhorns,Texas State Bobcats,2026-09-05T19:30:00Z,2026-09-05T13:41:19.793042+00:00,away,-29.5,12.74,-16.759999999999998
401856772,2026,1,Tulsa Golden Hurricane,Oklahoma State Cowboys,2026-09-05T19:45:00Z,2026-09-05T13:41:19.793042+00:00,home,13.5,6.97,20.47
401858426,2026,1,Iowa Hawkeyes,Northern Illinois Huskies,2026-09-05T20:15:00Z,2026-09-05T13:41:19.793042+00:00,away,-31.5,27.48,-4.02
401860878,2026,1,Colorado State Rams,Wyoming Cowboys,2026-09-05T22:00:00Z,2026-09-05T13:41:19.793042+00:00,away,-3.0,0.81,-2.19
401862695,2026,1,Memphis Tigers,Arkansas State Red Wolves,2026-09-05T23:00:00Z,2026-09-05T13:41:19.793042+00:00,home,-10.5,14.38,3.880000000000001
401862699,2026,1,South Florida Bulls,Florida International Panthers,2026-09-05T23:00:00Z,2026-09-05T13:41:19.793042+00:00,home,-14.5,18.11,3.6099999999999994
401858428,2026,1,Michigan Wolverines,Western Michigan Broncos,2026-09-05T23:00:00Z,2026-09-05T13:41:19.793042+00:00,away,-27.5,12.67,-14.83
401856660,2026,1,LSU Tigers,Clemson Tigers,2026-09-05T23:30:00Z,2026-09-05T13:41:19.793042+00:00,away,-10.0,4.15,-5.85
401856662,2026,1,Mississippi State Bulldogs,UL Monroe Warhawks,2026-09-05T23:30:00Z,2026-09-05T13:41:19.793042+00:00,away,-28.5,20.47,-8.030000000000001
401856637,2026,1,Florida Gators,Florida Atlantic Owls,2026-09-05T23:45:00Z,2026-09-05T13:41:19.793042+00:00,away,-26.5,11.62,-14.88
401864497,2026,1,Hawaii Rainbow Warriors,UNLV Rebels,2026-09-06T02:00:00Z,2026-09-05T13:41:19.793042+00:00,home,3.0,1.93,4.93
401858210,2026,1,California Golden Bears,UCLA Bruins,2026-09-06T02:30:00Z,2026-09-05T13:41:19.793042+00:00,home,2.5,7.23,9.73
401864432,2026,1,Nevada Wolf Pack,Western Kentucky Hilltoppers,2026-09-06T02:30:00Z,2026-09-05T13:41:19.793042+00:00,away,1.5,-6.2,-4.7
401858437,2026,1,Washington Huskies,Washington State Cougars,2026-09-06T20:00:00Z,2026-09-05T13:41:19.793042+00:00,away,-23.5,13.2,-10.3
401858212,2026,1,Florida State Seminoles,SMU Mustangs,2026-09-07T23:30:00Z,2026-09-05T13:41:19.793042+00:00,home,3.0,-0.43,2.57
401858214,2026,2,Boston College Eagles,Rutgers Scarlet Knights,2026-09-11T23:30:00Z,2026-09-05T13:41:19.793042+00:00,away,-6.5,-2.6,-9.1
401856678,2026,2,Kansas Jayhawks,Missouri Tigers,2026-09-12T00:00:00Z,2026-09-05T13:41:19.793042+00:00,home,6.5,-3.12,3.38
401856670,2026,2,Utah Utes,Arkansas Razorbacks,2026-09-12T16:00:00Z,2026-09-05T13:41:19.793042+00:00,home,-9.5,14.83,5.33
401862702,2026,2,Army Black Knights,South Florida Bulls,2026-09-12T16:00:00Z,2026-09-05T13:41:19.793042+00:00,away,-1.5,-3.45,-4.95
401856781,2026,2,Kansas State Wildcats,Washington State Cougars,2026-09-12T16:00:00Z,2026-09-05T13:41:19.793042+00:00,away,-16.5,5.73,-10.77
401856782,2026,2,Oklahoma State Cowboys,Oregon Ducks,2026-09-12T16:00:00Z,2026-09-05T13:41:19.793042+00:00,away,19.5,-23.24,-3.7399999999999984
401858221,2026,2,Virginia Tech Hokies,Old Dominion Monarchs,2026-09-12T16:00:00Z,2026-09-05T13:41:19.793042+00:00,away,-14.5,-6.85,-21.35
401858442,2026,2,Temple Owls,Penn State Nittany Lions,2026-09-12T16:00:00Z,2026-09-05T13:41:19.793042+00:00,home,21.5,-11.57,9.93
401856674,2026,2,Kentucky Wildcats,Alabama Crimson Tide,2026-09-12T19:30:00Z,2026-09-05T13:41:19.793042+00:00,home,10.5,-4.89,5.61
401858440,2026,2,Michigan State Spartans,Eastern Michigan Eagles,2026-09-12T19:30:00Z,2026-09-05T13:41:19.793042+00:00,away,-16.5,11.03,-5.470000000000001
401858444,2026,2,UConn Huskies,Maryland Terrapins,2026-09-12T19:30:00Z,2026-09-05T13:41:19.793042+00:00,home,12.5,6.58,19.08
401858446,2026,2,Washington Huskies,Utah State Aggies,2026-09-12T19:30:00Z,2026-09-05T13:41:19.793042+00:00,away,-24.5,17.72,-6.780000000000001
401862705,2026,2,North Texas Mean Green,UNLV Rebels,2026-09-12T19:45:00Z,2026-09-05T13:41:19.793042+00:00,home,6.5,9.85,16.35
401856684,2026,2,Vanderbilt Commodores,Delaware Blue Hens,2026-09-12T20:15:00Z,2026-09-05T13:41:19.793042+00:00,home,-21.5,24.07,2.5700000000000003
401860881,2026,2,Boise State Broncos,Memphis Tigers,2026-09-12T22:00:00Z,2026-09-05T13:41:19.793042+00:00,away,-6.5,0.68,-5.82
401866414,2026,2,Florida International Panthers,Buffalo Bulls,2026-09-12T22:00:00Z,2026-09-05T13:41:19.793042+00:00,away,-7.5,1.66,-5.84
401866418,2026,2,Ohio Bobcats,Jacksonville State Gamecocks,2026-09-12T22:00:00Z,2026-09-05T13:41:19.793042+00:00,home,-2.5,5.4,2.9000000000000004
401858441,2026,2,Nebraska Cornhuskers,Bowling Green Falcons,2026-09-12T23:00:00Z,2026-09-05T13:41:19.793042+00:00,away,-25.5,15.95,-9.55
401856681,2026,2,Georgia Tech Yellow Jackets,Tennessee Volunteers,2026-09-12T23:00:00Z,2026-09-05T13:41:19.793042+00:00,home,10.5,-0.11,10.39
401871045,2026,2,Marshall Thundering Herd,Middle Tennessee Blue Raiders,2026-09-12T23:00:00Z,2026-09-05T13:41:19.793042+00:00,away,-17.5,11.17,-6.33
401864575,2026,2,Tulane Green Wave,South Alabama Jaguars,2026-09-12T23:00:00Z,2026-09-05T13:41:19.793042+00:00,home,-10.0,16.08,6.079999999999998
401858443,2026,2,UCLA Bruins,San Diego State Aztecs,2026-09-12T23:15:00Z,2026-09-05T13:41:19.793042+00:00,away,-10.0,-6.46,-16.46
401858219,2026,2,Clemson Tigers,Georgia Southern Eagles,2026-09-12T23:30:00Z,2026-09-05T13:41:19.793042+00:00,away,-26.5,16.01,-10.489999999999998
401856788,2026,2,Iowa Hawkeyes,Iowa State Cyclones,2026-09-12T23:30:00Z,2026-09-05T13:41:19.793042+00:00,away,-12.5,10.05,-2.4499999999999993
401856682,2026,2,Texas Longhorns,Ohio State Buckeyes,2026-09-12T23:30:00Z,2026-09-05T13:41:19.793042+00:00,away,-1.5,-5.48,-6.98
401856783,2026,2,Oregon State Beavers,Texas Tech Red Raiders,2026-09-12T23:30:00Z,2026-09-05T13:41:19.793042+00:00,home,27.5,-24.87,2.629999999999999
401864578,2026,2,Hawaii Rainbow Warriors,New Mexico State Aggies,2026-09-13T04:00:00Z,2026-09-05T13:41:19.793042+00:00,home,-11.5,14.9,3.4000000000000004
401856686,2026,3,Arkansas Razorbacks,Georgia Bulldogs,2026-09-19T16:00:00Z,2026-09-05T13:41:19.793042+00:00,home,16.5,-8.82,7.68
401856687,2026,3,Auburn Tigers,Florida Gators,2026-09-19T23:00:00Z,2026-09-05T13:41:19.793042+00:00,home,1.5,8.94,10.44
401856688,2026,3,Ole Miss Rebels,LSU Tigers,2026-09-19T23:30:00Z,2026-09-05T13:41:19.793042+00:00,home,-1.5,12.61,11.11
401856811,2026,3,Texas Tech Red Raiders,Houston Cougars,2026-09-20T00:00:00Z,2026-09-05T13:41:19.793042+00:00,home,-13.5,16.87,3.370000000000001
401856702,2026,4,LSU Tigers,Texas A&M Aggies,2026-09-26T16:00:00Z,2026-09-05T13:41:19.793042+00:00,away,-3.0,-3.19,-6.1899999999999995
401856704,2026,4,Tennessee Volunteers,Texas Longhorns,2026-09-26T16:00:00Z,2026-09-05T13:41:19.793042+00:00,home,6.5,2.84,9.34
401856717,2026,6,Oklahoma Sooners,Texas Longhorns,2026-10-10T16:00:00Z,2026-09-05T13:41:19.793042+00:00,home,6.5,1.38,7.88
401856723,2026,7,Tennessee Volunteers,Alabama Crimson Tide,2026-10-17T16:00:00Z,2026-09-05T13:41:19.793042+00:00,home,1.5,3.76,5.26
401856719,2026,7,Georgia Bulldogs,Auburn Tigers,2026-10-17T16:00:00Z,2026-09-05T13:41:19.793042+00:00,away,-16.5,11.82,-4.68
401856809,2026,7,BYU Cougars,Notre Dame Fighting Irish,2026-10-17T16:00:00Z,2026-09-05T13:41:19.793042+00:00,home,10.0,-1.94,8.06
401858488,2026,7,Indiana Hoosiers,Ohio State Buckeyes,2026-10-17T16:00:00Z,2026-09-05T13:41:19.793042+00:00,home,-1.5,5.14,3.6399999999999997
401858490,2026,7,Michigan Wolverines,Penn State Nittany Lions,2026-10-17T16:00:00Z,2026-09-05T13:41:19.793042+00:00,away,-6.5,-0.11,-6.61
401858492,2026,7,Oregon Ducks,Nebraska Cornhuskers,2026-10-17T16:00:00Z,2026-09-05T13:41:19.793042+00:00,away,-21.5,16.54,-4.960000000000001
401856727,2026,8,Alabama Crimson Tide,Texas A&M Aggies,2026-10-24T16:00:00Z,2026-09-05T13:41:19.793042+00:00,away,-2.5,-0.24,-2.74
401858496,2026,8,Michigan Wolverines,Indiana Hoosiers,2026-10-24T16:00:00Z,2026-09-05T13:41:19.793042+00:00,away,6.0,-9.48,-3.4800000000000004
401856732,2026,8,Texas Longhorns,Ole Miss Rebels,2026-10-24T16:00:00Z,2026-09-05T13:41:19.793042+00:00,away,-8.5,-1.48,-9.98
401856740,2026,10,LSU Tigers,Alabama Crimson Tide,2026-11-07T16:00:00Z,2026-09-05T13:41:19.793042+00:00,away,-3.5,0.68,-2.82
401856741,2026,10,Ole Miss Rebels,Georgia Bulldogs,2026-11-07T16:00:00Z,2026-09-05T13:41:19.793042+00:00,home,4.5,3.56,8.06
401856885,2026,11,LSU Tigers,Texas Longhorns,2026-11-14T16:00:00Z,2026-09-05T13:41:19.793042+00:00,home,2.5,-0.24,2.26
401856863,2026,11,Oklahoma State Cowboys,Texas Tech Red Raiders,2026-11-14T16:00:00Z,2026-09-05T13:41:19.793042+00:00,away,15.5,-24.35,-8.850000000000001
401856754,2026,12,Tennessee Volunteers,LSU Tigers,2026-11-21T16:00:00Z,2026-09-05T13:41:19.793042+00:00,home,1.5,6.71,8.21
401858307,2026,12,Notre Dame Fighting Irish,SMU Mustangs,2026-11-22T00:30:00Z,2026-09-05T13:41:19.793042+00:00,away,-17.5,10.84,-6.66
401856762,2026,13,Ole Miss Rebels,Mississippi State Bulldogs,2026-11-27T17:00:00Z,2026-09-05T13:41:19.793042+00:00,home,-14.5,16.67,2.1700000000000017
401856756,2026,13,Texas A&M Aggies,Texas Longhorns,2026-11-28T00:30:00Z,2026-09-05T13:41:19.793042+00:00,home,2.5,6.58,9.08
401856757,2026,13,Alabama Crimson Tide,Auburn Tigers,2026-11-28T16:00:00Z,2026-09-05T13:41:19.793042+00:00,away,-10.0,5.73,-4.27
401856873,2026,13,Arizona Wildcats,Arizona State Sun Devils,2026-11-28T16:00:00Z,2026-09-05T13:41:19.793042+00:00,home,-4.5,8.94,4.4399999999999995
401856764,2026,13,Clemson Tigers,South Carolina Gamecocks,2026-11-28T16:00:00Z,2026-09-05T13:41:19.793042+00:00,home,-3.0,5.99,2.99
401858541,2026,13,Oregon Ducks,Washington Huskies,2026-11-28T16:00:00Z,2026-09-05T13:41:19.793042+00:00,away,-15.5,8.54,-6.960000000000001
401856765,2026,13,Vanderbilt Commodores,Tennessee Volunteers,2026-11-28T16:00:00Z,2026-09-05T13:41:19.793042+00:00,home,3.0,7.1,10.1
401856634,2026,1,Alabama Crimson Tide,East Carolina Pirates,2026-09-05T16:00:00Z,2026-09-05T14:23:09.001800+00:00,away,-27.5,8.09,-19.41
401856780,2026,1,West Virginia Mountaineers,Coastal Carolina Chanticleers,2026-09-05T16:00:00Z,2026-09-05T14:23:09.001800+00:00,away,-21.0,9.07,-11.93
401856778,2026,1,Houston Cougars,Oregon State Beavers,2026-09-05T16:00:00Z,2026-09-05T14:23:09.001800+00:00,away,-21.0,18.9,-2.1000000000000014
401869960,2026,1,James Madison Dukes,Liberty Flames,2026-09-05T16:00:00Z,2026-09-05T14:23:09.001800+00:00,home,-6.0,17.59,11.59
401858207,2026,1,Pittsburgh Panthers,Miami (OH) RedHawks,2026-09-05T16:00:00Z,2026-09-05T14:23:09.001800+00:00,away,-16.5,11.36,-5.140000000000001
401858430,2026,1,Nebraska Cornhuskers,Ohio Bobcats,2026-09-05T16:00:00Z,2026-09-05T14:23:09.001800+00:00,away,-24.5,10.31,-14.19
401856665,2026,1,South Carolina Gamecocks,Kent State Golden Flashes,2026-09-05T16:45:00Z,2026-09-05T14:23:09.001800+00:00,away,-35.5,20.14,-15.36
401858433,2026,1,Oregon Ducks,Boise State Broncos,2026-09-05T19:30:00Z,2026-09-05T14:23:09.001800+00:00,away,-24.5,18.57,-5.93
401856777,2026,1,Cincinnati Bearcats,Boston College Eagles,2026-09-05T19:30:00Z,2026-09-05T14:23:09.001800+00:00,home,-7.0,12.15,5.15
401858209,2026,1,Duke Blue Devils,Tulane Green Wave,2026-09-05T19:30:00Z,2026-09-05T14:23:09.001800+00:00,away,-7.5,3.83,-3.67
401858434,2026,1,Penn State Nittany Lions,Marshall Thundering Herd,2026-09-05T19:30:00Z,2026-09-05T14:23:09.001800+00:00,away,-23.5,18.44,-5.059999999999999
401856667,2026,1,Texas Longhorns,Texas State Bobcats,2026-09-05T19:30:00Z,2026-09-05T14:23:09.001800+00:00,away,-29.5,12.74,-16.759999999999998
401856772,2026,1,Tulsa Golden Hurricane,Oklahoma State Cowboys,2026-09-05T19:45:00Z,2026-09-05T14:23:09.001800+00:00,home,13.5,6.97,20.47
401858426,2026,1,Iowa Hawkeyes,Northern Illinois Huskies,2026-09-05T20:15:00Z,2026-09-05T14:23:09.001800+00:00,away,-31.5,27.48,-4.02
401860878,2026,1,Colorado State Rams,Wyoming Cowboys,2026-09-05T22:00:00Z,2026-09-05T14:23:09.001800+00:00,away,-3.0,0.81,-2.19
401862695,2026,1,Memphis Tigers,Arkansas State Red Wolves,2026-09-05T23:00:00Z,2026-09-05T14:23:09.001800+00:00,home,-10.5,14.38,3.880000000000001
401862699,2026,1,South Florida Bulls,Florida International Panthers,2026-09-05T23:00:00Z,2026-09-05T14:23:09.001800+00:00,home,-14.5,18.11,3.6099999999999994
401858428,2026,1,Michigan Wolverines,Western Michigan Broncos,2026-09-05T23:00:00Z,2026-09-05T14:23:09.001800+00:00,away,-27.5,12.67,-14.83
401856660,2026,1,LSU Tigers,Clemson Tigers,2026-09-05T23:30:00Z,2026-09-05T14:23:09.001800+00:00,away,-10.0,4.15,-5.85
401856662,2026,1,Mississippi State Bulldogs,UL Monroe Warhawks,2026-09-05T23:30:00Z,2026-09-05T14:23:09.001800+00:00,away,-28.5,20.47,-8.030000000000001
401856637,2026,1,Florida Gators,Florida Atlantic Owls,2026-09-05T23:45:00Z,2026-09-05T14:23:09.001800+00:00,away,-26.5,11.62,-14.88
401864497,2026,1,Hawaii Rainbow Warriors,UNLV Rebels,2026-09-06T02:00:00Z,2026-09-05T14:23:09.001800+00:00,home,3.0,1.93,4.93
401858210,2026,1,California Golden Bears,UCLA Bruins,2026-09-06T02:30:00Z,2026-09-05T14:23:09.001800+00:00,home,2.5,7.23,9.73
401864432,2026,1,Nevada Wolf Pack,Western Kentucky Hilltoppers,2026-09-06T02:30:00Z,2026-09-05T14:23:09.001800+00:00,away,1.5,-6.2,-4.7
401858437,2026,1,Washington Huskies,Washington State Cougars,2026-09-06T20:00:00Z,2026-09-05T14:23:09.001800+00:00,away,-23.5,13.2,-10.3
401858212,2026,1,Florida State Seminoles,SMU Mustangs,2026-09-07T23:30:00Z,2026-09-05T14:23:09.001800+00:00,home,3.0,-0.43,2.57
401858214,2026,2,Boston College Eagles,Rutgers Scarlet Knights,2026-09-11T23:30:00Z,2026-09-05T14:23:09.001800+00:00,away,-6.5,-2.6,-9.1
401856678,2026,2,Kansas Jayhawks,Missouri Tigers,2026-09-12T00:00:00Z,2026-09-05T14:23:09.001800+00:00,home,6.5,-3.12,3.38
401856670,2026,2,Utah Utes,Arkansas Razorbacks,2026-09-12T16:00:00Z,2026-09-05T14:23:09.001800+00:00,home,-9.5,14.83,5.33
401862702,2026,2,Army Black Knights,South Florida Bulls,2026-09-12T16:00:00Z,2026-09-05T14:23:09.001800+00:00,away,-1.5,-3.45,-4.95
401856781,2026,2,Kansas State Wildcats,Washington State Cougars,2026-09-12T16:00:00Z,2026-09-05T14:23:09.001800+00:00,away,-16.5,5.73,-10.77
401856782,2026,2,Oklahoma State Cowboys,Oregon Ducks,2026-09-12T16:00:00Z,2026-09-05T14:23:09.001800+00:00,away,19.5,-23.24,-3.7399999999999984
401858221,2026,2,Virginia Tech Hokies,Old Dominion Monarchs,2026-09-12T16:00:00Z,2026-09-05T14:23:09.001800+00:00,away,-14.5,-6.85,-21.35
401858442,2026,2,Temple Owls,Penn State Nittany Lions,2026-09-12T16:00:00Z,2026-09-05T14:23:09.001800+00:00,home,21.5,-11.57,9.93
401856674,2026,2,Kentucky Wildcats,Alabama Crimson Tide,2026-09-12T19:30:00Z,2026-09-05T14:23:09.001800+00:00,home,10.5,-4.89,5.61
401858440,2026,2,Michigan State Spartans,Eastern Michigan Eagles,2026-09-12T19:30:00Z,2026-09-05T14:23:09.001800+00:00,away,-16.5,11.03,-5.470000000000001
401858444,2026,2,UConn Huskies,Maryland Terrapins,2026-09-12T19:30:00Z,2026-09-05T14:23:09.001800+00:00,home,12.5,6.58,19.08
401858446,2026,2,Washington Huskies,Utah State Aggies,2026-09-12T19:30:00Z,2026-09-05T14:23:09.001800+00:00,away,-24.5,17.72,-6.780000000000001
401862705,2026,2,North Texas Mean Green,UNLV Rebels,2026-09-12T19:45:00Z,2026-09-05T14:23:09.001800+00:00,home,6.5,9.85,16.35
401856684,2026,2,Vanderbilt Commodores,Delaware Blue Hens,2026-09-12T20:15:00Z,2026-09-05T14:23:09.001800+00:00,home,-21.5,24.07,2.5700000000000003
401860881,2026,2,Boise State Broncos,Memphis Tigers,2026-09-12T22:00:00Z,2026-09-05T14:23:09.001800+00:00,away,-6.5,0.68,-5.82
401866414,2026,2,Florida International Panthers,Buffalo Bulls,2026-09-12T22:00:00Z,2026-09-05T14:23:09.001800+00:00,away,-7.5,1.66,-5.84
401866418,2026,2,Ohio Bobcats,Jacksonville State Gamecocks,2026-09-12T22:00:00Z,2026-09-05T14:23:09.001800+00:00,home,-2.5,5.4,2.9000000000000004
401858441,2026,2,Nebraska Cornhuskers,Bowling Green Falcons,2026-09-12T23:00:00Z,2026-09-05T14:23:09.001800+00:00,away,-25.5,15.95,-9.55
401856681,2026,2,Georgia Tech Yellow Jackets,Tennessee Volunteers,2026-09-12T23:00:00Z,2026-09-05T14:23:09.001800+00:00,home,10.5,-0.11,10.39
401871045,2026,2,Marshall Thundering Herd,Middle Tennessee Blue Raiders,2026-09-12T23:00:00Z,2026-09-05T14:23:09.001800+00:00,away,-17.5,11.17,-6.33
401864575,2026,2,Tulane Green Wave,South Alabama Jaguars,2026-09-12T23:00:00Z,2026-09-05T14:23:09.001800+00:00,home,-10.0,16.08,6.079999999999998
401858443,2026,2,UCLA Bruins,San Diego State Aztecs,2026-09-12T23:15:00Z,2026-09-05T14:23:09.001800+00:00,away,-10.0,-6.46,-16.46
401858219,2026,2,Clemson Tigers,Georgia Southern Eagles,2026-09-12T23:30:00Z,2026-09-05T14:23:09.001800+00:00,away,-26.5,16.01,-10.489999999999998
401856788,2026,2,Iowa Hawkeyes,Iowa State Cyclones,2026-09-12T23:30:00Z,2026-09-05T14:23:09.001800+00:00,away,-12.5,10.05,-2.4499999999999993
401856682,2026,2,Texas Longhorns,Ohio State Buckeyes,2026-09-12T23:30:00Z,2026-09-05T14:23:09.001800+00:00,away,-1.5,-5.48,-6.98
401856783,2026,2,Oregon State Beavers,Texas Tech Red Raiders,2026-09-12T23:30:00Z,2026-09-05T14:23:09.001800+00:00,home,27.5,-24.87,2.629999999999999
401864578,2026,2,Hawaii Rainbow Warriors,New Mexico State Aggies,2026-09-13T04:00:00Z,2026-09-05T14:23:09.001800+00:00,home,-11.5,14.9,3.4000000000000004
401856686,2026,3,Arkansas Razorbacks,Georgia Bulldogs,2026-09-19T16:00:00Z,2026-09-05T14:23:09.001800+00:00,home,16.5,-8.82,7.68
401856687,2026,3,Auburn Tigers,Florida Gators,2026-09-19T23:00:00Z,2026-09-05T14:23:09.001800+00:00,home,1.5,8.94,10.44
401856688,2026,3,Ole Miss Rebels,LSU Tigers,2026-09-19T23:30:00Z,2026-09-05T14:23:09.001800+00:00,home,-1.5,12.61,11.11
401856811,2026,3,Texas Tech Red Raiders,Houston Cougars,2026-09-20T00:00:00Z,2026-09-05T14:23:09.001800+00:00,home,-13.5,16.87,3.370000000000001
401856702,2026,4,LSU Tigers,Texas A&M Aggies,2026-09-26T16:00:00Z,2026-09-05T14:23:09.001800+00:00,away,-3.0,-3.19,-6.1899999999999995
401856704,2026,4,Tennessee Volunteers,Texas Longhorns,2026-09-26T16:00:00Z,2026-09-05T14:23:09.001800+00:00,home,6.5,2.84,9.34
401856717,2026,6,Oklahoma Sooners,Texas Longhorns,2026-10-10T16:00:00Z,2026-09-05T14:23:09.001800+00:00,home,6.5,1.38,7.88
401856723,2026,7,Tennessee Volunteers,Alabama Crimson Tide,2026-10-17T16:00:00Z,2026-09-05T14:23:09.001800+00:00,home,1.5,3.76,5.26
401856719,2026,7,Georgia Bulldogs,Auburn Tigers,2026-10-17T16:00:00Z,2026-09-05T14:23:09.001800+00:00,away,-16.5,11.82,-4.68
401856809,2026,7,BYU Cougars,Notre Dame Fighting Irish,2026-10-17T16:00:00Z,2026-09-05T14:23:09.001800+00:00,home,10.0,-1.94,8.06
401858488,2026,7,Indiana Hoosiers,Ohio State Buckeyes,2026-10-17T16:00:00Z,2026-09-05T14:23:09.001800+00:00,home,-1.5,5.14,3.6399999999999997
401858490,2026,7,Michigan Wolverines,Penn State Nittany Lions,2026-10-17T16:00:00Z,2026-09-05T14:23:09.001800+00:00,away,-6.5,-0.11,-6.61
401858492,2026,7,Oregon Ducks,Nebraska Cornhuskers,2026-10-17T16:00:00Z,2026-09-05T14:23:09.001800+00:00,away,-21.5,16.54,-4.960000000000001
401856727,2026,8,Alabama Crimson Tide,Texas A&M Aggies,2026-10-24T16:00:00Z,2026-09-05T14:23:09.001800+00:00,away,-2.5,-0.24,-2.74
401858496,2026,8,Michigan Wolverines,Indiana Hoosiers,2026-10-24T16:00:00Z,2026-09-05T14:23:09.001800+00:00,away,6.0,-9.48,-3.4800000000000004
401856732,2026,8,Texas Longhorns,Ole Miss Rebels,2026-10-24T16:00:00Z,2026-09-05T14:23:09.001800+00:00,away,-8.5,-1.48,-9.98
401856740,2026,10,LSU Tigers,Alabama Crimson Tide,2026-11-07T16:00:00Z,2026-09-05T14:23:09.001800+00:00,away,-3.5,0.68,-2.82
401856741,2026,10,Ole Miss Rebels,Georgia Bulldogs,2026-11-07T16:00:00Z,2026-09-05T14:23:09.001800+00:00,home,4.5,3.56,8.06
401856885,2026,11,LSU Tigers,Texas Longhorns,2026-11-14T16:00:00Z,2026-09-05T14:23:09.001800+00:00,home,2.5,-0.24,2.26
401856863,2026,11,Oklahoma State Cowboys,Texas Tech Red Raiders,2026-11-14T16:00:00Z,2026-09-05T14:23:09.001800+00:00,away,15.5,-24.35,-8.850000000000001
401856754,2026,12,Tennessee Volunteers,LSU Tigers,2026-11-21T16:00:00Z,2026-09-05T14:23:09.001800+00:00,home,1.5,6.71,8.21
401858307,2026,12,Notre Dame Fighting Irish,SMU Mustangs,2026-11-22T00:30:00Z,2026-09-05T14:23:09.001800+00:00,away,-17.5,10.84,-6.66
401856762,2026,13,Ole Miss Rebels,Mississippi State Bulldogs,2026-11-27T17:00:00Z,2026-09-05T14:23:09.001800+00:00,home,-14.5,16.67,2.1700000000000017
401856756,2026,13,Texas A&M Aggies,Texas Longhorns,2026-11-28T00:30:00Z,2026-09-05T14:23:09.001800+00:00,home,2.5,6.58,9.08
401856757,2026,13,Alabama Crimson Tide,Auburn Tigers,2026-11-28T16:00:00Z,2026-09-05T14:23:09.001800+00:00,away,-10.0,5.73,-4.27
401856873,2026,13,Arizona Wildcats,Arizona State Sun Devils,2026-11-28T16:00:00Z,2026-09-05T14:23:09.001800+00:00,home,-4.5,8.94,4.4399999999999995
401856764,2026,13,Clemson Tigers,South Carolina Gamecocks,2026-11-28T16:00:00Z,2026-09-05T14:23:09.001800+00:00,home,-3.0,5.99,2.99
401858541,2026,13,Oregon Ducks,Washington Huskies,2026-11-28T16:00:00Z,2026-09-05T14:23:09.001800+00:00,away,-15.5,8.54,-6.960000000000001
401856765,2026,13,Vanderbilt Commodores,Tennessee Volunteers,2026-11-28T16:00:00Z,2026-09-05T14:23:09.001800+00:00,home,3.0,7.1,10.1
401858214,2026,2,Boston College Eagles,Rutgers Scarlet Knights,2026-09-11T23:30:00Z,2026-09-11T19:10:24.473277+00:00,away,-3.0,-2.6,-5.6
401862702,2026,2,Army Black Knights,South Florida Bulls,2026-09-12T16:00:00Z,2026-09-11T19:10:24.473277+00:00,away,-3.0,-3.45,-6.45
401856781,2026,2,Kansas State Wildcats,Washington State Cougars,2026-09-12T16:00:00Z,2026-09-11T19:10:24.473277+00:00,away,-17.5,5.73,-11.77
401856679,2026,2,Michigan Wolverines,Oklahoma Sooners,2026-09-12T16:00:00Z,2026-09-11T19:10:24.473277+00:00,home,5.5,-0.24,5.26
401858221,2026,2,Virginia Tech Hokies,Old Dominion Monarchs,2026-09-12T16:00:00Z,2026-09-11T19:10:24.473277+00:00,away,-19.5,-6.85,-26.35
401858442,2026,2,Temple Owls,Penn State Nittany Lions,2026-09-12T16:00:00Z,2026-09-11T19:10:24.473277+00:00,home,24.5,-11.57,12.93
401856674,2026,2,Kentucky Wildcats,Alabama Crimson Tide,2026-09-12T19:30:00Z,2026-09-11T19:10:24.473277+00:00,home,10.0,-4.89,5.11
401858216,2026,2,Syracuse Orange,California Golden Bears,2026-09-12T19:30:00Z,2026-09-11T19:10:24.473277+00:00,away,-3.5,-2.86,-6.359999999999999
401858217,2026,2,Illinois Fighting Illini,Duke Blue Devils,2026-09-12T19:30:00Z,2026-09-11T19:10:24.473277+00:00,home,-5.5,7.76,2.26
401858440,2026,2,Michigan State Spartans,Eastern Michigan Eagles,2026-09-12T19:30:00Z,2026-09-11T19:10:24.473277+00:00,away,-17.5,11.03,-6.470000000000001
401858444,2026,2,UConn Huskies,Maryland Terrapins,2026-09-12T19:30:00Z,2026-09-11T19:10:24.473277+00:00,home,11.5,6.58,18.08
401856677,2026,2,Minnesota Golden Gophers,Mississippi State Bulldogs,2026-09-12T19:30:00Z,2026-09-11T19:10:24.473277+00:00,home,1.5,1.93,3.4299999999999997
401856790,2026,2,Pittsburgh Panthers,UCF Knights,2026-09-12T19:30:00Z,2026-09-11T19:10:24.473277+00:00,home,-7.0,9.92,2.92
401862708,2026,2,UAB Blazers,UL Monroe Warhawks,2026-09-12T19:30:00Z,2026-09-11T19:10:24.473277+00:00,away,-10.0,7.43,-2.5700000000000003
401858446,2026,2,Washington Huskies,Utah State Aggies,2026-09-12T19:30:00Z,2026-09-11T19:10:24.473277+00:00,away,-27.5,17.72,-9.780000000000001
401862705,2026,2,North Texas Mean Green,UNLV Rebels,2026-09-12T19:45:00Z,2026-09-11T19:10:24.473277+00:00,home,3.0,9.85,12.85
401856684,2026,2,Vanderbilt Commodores,Delaware Blue Hens,2026-09-12T20:15:00Z,2026-09-11T19:10:24.473277+00:00,home,-21.0,24.07,3.0700000000000003
401860881,2026,2,Boise State Broncos,Memphis Tigers,2026-09-12T22:00:00Z,2026-09-11T19:10:24.473277+00:00,away,-8.5,0.68,-7.82
401866414,2026,2,Florida International Panthers,Buffalo Bulls,2026-09-12T22:00:00Z,2026-09-11T19:10:24.473277+00:00,away,-10.0,1.66,-8.34
401866418,2026,2,Ohio Bobcats,Jacksonville State Gamecocks,2026-09-12T22:00:00Z,2026-09-11T19:10:24.473277+00:00,home,-2.5,5.4,2.9000000000000004
401858441,2026,2,Nebraska Cornhuskers,Bowling Green Falcons,2026-09-12T23:00:00Z,2026-09-11T19:10:24.473277+00:00,away,-30.5,15.95,-14.55
401869955,2026,2,Kennesaw State Owls,Georgia State Panthers,2026-09-12T23:00:00Z,2026-09-11T19:10:24.473277+00:00,home,-8.5,16.15,7.649999999999999
401856681,2026,2,Georgia Tech Yellow Jackets,Tennessee Volunteers,2026-09-12T23:00:00Z,2026-09-11T19:10:24.473277+00:00,home,11.5,-0.11,11.39
401871045,2026,2,Marshall Thundering Herd,Middle Tennessee Blue Raiders,2026-09-12T23:00:00Z,2026-09-11T19:10:24.473277+00:00,away,-13.5,11.17,-2.33
401864575,2026,2,Tulane Green Wave,South Alabama Jaguars,2026-09-12T23:00:00Z,2026-09-11T19:10:24.473277+00:00,home,-10.0,16.08,6.079999999999998
401858443,2026,2,UCLA Bruins,San Diego State Aztecs,2026-09-12T23:15:00Z,2026-09-11T19:10:24.473277+00:00,away,-12.5,-6.46,-18.96
401858219,2026,2,Clemson Tigers,Georgia Southern Eagles,2026-09-12T23:30:00Z,2026-09-11T19:10:24.473277+00:00,away,-19.5,16.01,-3.4899999999999984
401856788,2026,2,Iowa Hawkeyes,Iowa State Cyclones,2026-09-12T23:30:00Z,2026-09-11T19:10:24.473277+00:00,away,-14.0,10.05,-3.9499999999999993
401867796,2026,2,LSU Tigers,Louisiana Tech Bulldogs,2026-09-12T23:30:00Z,2026-09-11T19:10:24.473277+00:00,away,-35.5,11.23,-24.27
401856682,2026,2,Texas Longhorns,Ohio State Buckeyes,2026-09-12T23:30:00Z,2026-09-11T19:10:24.473277+00:00,away,-1.5,-5.48,-6.98
401856670,2026,2,Utah Utes,Arkansas Razorbacks,2026-09-13T02:15:00Z,2026-09-11T19:10:24.473277+00:00,home,-12.5,14.83,2.33
401858445,2026,2,USC Trojans,Louisiana Ragin Cajuns,2026-09-13T03:00:00Z,2026-09-11T19:10:24.473277+00:00,away,-31.5,21.32,-10.18
401864578,2026,2,Hawaii Rainbow Warriors,New Mexico State Aggies,2026-09-13T04:00:00Z,2026-09-11T19:10:24.473277+00:00,home,-7.0,14.9,7.9
401858225,2026,3,Pittsburgh Panthers,Syracuse Orange,2026-09-17T23:30:00Z,2026-09-11T19:10:24.473277+00:00,home,-10.5,17.72,7.219999999999999
401856811,2026,3,Texas Tech Red Raiders,Houston Cougars,2026-09-18T23:00:00Z,2026-09-11T19:10:24.473277+00:00,home,-13.5,16.87,3.370000000000001
401858226,2026,3,Wake Forest Demon Deacons,Miami Hurricanes,2026-09-18T23:30:00Z,2026-09-11T19:10:24.473277+00:00,home,20.5,-6.2,14.3
401856686,2026,3,Arkansas Razorbacks,Georgia Bulldogs,2026-09-19T16:00:00Z,2026-09-11T19:10:24.473277+00:00,home,17.5,-8.82,8.68
401858229,2026,3,Clemson Tigers,North Carolina Tar Heels,2026-09-19T16:00:00Z,2026-09-11T19:10:24.473277+00:00,home,-8.5,14.18,5.68
401856685,2026,3,Alabama Crimson Tide,Florida State Seminoles,2026-09-19T19:30:00Z,2026-09-11T19:10:24.473277+00:00,away,-17.5,8.61,-8.89
401856691,2026,3,South Carolina Gamecocks,Mississippi State Bulldogs,2026-09-19T20:15:00Z,2026-09-11T19:10:24.473277+00:00,away,-7.5,4.81,-2.6900000000000004
401856687,2026,3,Auburn Tigers,Florida Gators,2026-09-19T23:00:00Z,2026-09-11T19:10:24.473277+00:00,home,2.5,8.94,11.44
401856796,2026,3,Northwestern Wildcats,Colorado Buffaloes,2026-09-19T23:30:00Z,2026-09-11T19:10:24.473277+00:00,home,-3.5,12.87,9.37
401856688,2026,3,Ole Miss Rebels,LSU Tigers,2026-09-19T23:30:00Z,2026-09-11T19:10:24.473277+00:00,home,2.5,12.61,15.11
401858232,2026,3,Maryland Terrapins,Virginia Tech Hokies,2026-09-19T23:30:00Z,2026-09-11T19:10:24.473277+00:00,home,1.5,10.64,12.14
401858453,2026,3,Notre Dame Fighting Irish,Michigan State Spartans,2026-09-19T23:30:00Z,2026-09-11T19:10:24.473277+00:00,away,-29.5,21.85,-7.649999999999999
401856802,2026,3,Virginia Cavaliers,West Virginia Mountaineers,2026-09-19T23:30:00Z,2026-09-11T19:10:24.473277+00:00,home,-8.5,11.73,3.2300000000000004
401856811,2026,3,Texas Tech Red Raiders,Houston Cougars,2026-09-20T00:00:00Z,2026-09-11T19:10:24.473277+00:00,home,-14.0,16.87,2.870000000000001
401858225,2026,3,Pittsburgh Panthers,Syracuse Orange,2026-09-17T23:30:00Z,2026-09-16T14:49:42.500529+00:00,home,-10.5,17.72,7.219999999999999
401858226,2026,3,Wake Forest Demon Deacons,Miami Hurricanes,2026-09-18T23:30:00Z,2026-09-16T14:49:42.500529+00:00,home,20.5,-6.2,14.3
401856811,2026,3,Texas Tech Red Raiders,Houston Cougars,2026-09-19T00:00:00Z,2026-09-16T14:49:42.500529+00:00,home,-7.5,16.87,9.370000000000001
401858451,2026,3,Minnesota Golden Gophers,Akron Zips,2026-09-19T16:00:00Z,2026-09-16T14:49:42.500529+00:00,away,-23.5,13.72,-9.78
401856812,2026,3,Arizona State Sun Devils,Kansas Jayhawks,2026-09-19T16:00:00Z,2026-09-16T14:49:42.500529+00:00,away,-5.5,-0.13,-5.63
401856686,2026,3,Arkansas Razorbacks,Georgia Bulldogs,2026-09-19T16:00:00Z,2026-09-16T14:49:42.500529+00:00,home,24.5,-8.82,15.68
401856798,2026,3,Iowa State Cyclones,Bowling Green Falcons,2026-09-19T16:00:00Z,2026-09-16T14:49:42.500529+00:00,away,-23.5,18.37,-5.129999999999999
401858229,2026,3,Clemson Tigers,North Carolina Tar Heels,2026-09-19T16:00:00Z,2026-09-16T14:49:42.500529+00:00,home,-3.5,14.18,10.68
401856792,2026,3,Kansas State Wildcats,Tulane Green Wave,2026-09-19T16:00:00Z,2026-09-16T14:49:42.500529+00:00,away,-20.5,4.09,-16.41
401860889,2026,3,Texas State Bobcats,North Texas Mean Green,2026-09-19T16:00:00Z,2026-09-16T14:49:42.500529+00:00,away,-3.0,-3.91,-6.91
401858460,2026,3,Wisconsin Badgers,Eastern Michigan Eagles,2026-09-19T16:30:00Z,2026-09-16T14:49:42.500529+00:00,away,-24.5,10.38,-14.12
401856695,2026,3,Vanderbilt Commodores,NC State Wolfpack,2026-09-19T16:45:00Z,2026-09-16T14:49:42.500529+00:00,home,-3.5,13.79,10.29
401864508,2026,3,Central Michigan Chippewas,Wyoming Cowboys,2026-09-19T17:00:00Z,2026-09-16T14:49:42.500529+00:00,home,-1.5,5.27,3.7699999999999996
401862774,2026,3,Toledo Rockets,Temple Owls,2026-09-19T19:00:00Z,2026-09-16T14:49:42.500529+00:00,home,-6.0,10.9,4.9
401856685,2026,3,Alabama Crimson Tide,Florida State Seminoles,2026-09-19T19:30:00Z,2026-09-16T14:49:42.500529+00:00,away,-19.5,8.61,-10.89
401856797,2026,3,Cincinnati Bearcats,Miami (OH) RedHawks,2026-09-19T19:30:00Z,2026-09-16T14:49:42.500529+00:00,away,-14.5,8.81,-5.6899999999999995
401858457,2026,3,Rutgers Scarlet Knights,USC Trojans,2026-09-19T19:30:00Z,2026-09-16T14:49:42.500529+00:00,home,23.5,-6.79,16.71
401856801,2026,3,Utah Utes,Utah State Aggies,2026-09-19T19:30:00Z,2026-09-16T14:49:42.500529+00:00,away,-27.5,20.21,-7.289999999999999
401867804,2026,3,Baylor Bears,Louisiana Tech Bulldogs,2026-09-19T20:00:00Z,2026-09-16T14:49:42.500529+00:00,away,-19.5,5.4,-14.1
401858231,2026,3,Duke Blue Devils,Stanford Cardinal,2026-09-19T20:00:00Z,2026-09-16T14:49:42.500529+00:00,home,-9.5,15.69,6.1899999999999995
401862771,2026,3,Florida Atlantic Owls,Florida International Panthers,2026-09-19T22:00:00Z,2026-09-16T14:49:42.500529+00:00,away,-7.0,4.81,-2.1900000000000004
401871047,2026,3,Missouri State Bears,Marshall Thundering Herd,2026-09-19T22:30:00Z,2026-09-16T14:49:42.500529+00:00,home,4.5,-0.43,4.07
401856687,2026,3,Auburn Tigers,Florida Gators,2026-09-19T23:00:00Z,2026-09-16T14:49:42.500529+00:00,home,2.5,8.94,11.44
401869948,2026,3,Jacksonville State Gamecocks,Georgia Southern Eagles,2026-09-19T23:00:00Z,2026-09-16T14:49:42.500529+00:00,home,-3.0,5.4,2.4000000000000004
401864443,2026,3,Middle Tennessee Blue Raiders,Nevada Wolf Pack,2026-09-19T23:00:00Z,2026-09-16T14:49:42.500529+00:00,home,3.5,1.93,5.43
401856689,2026,3,Missouri Tigers,Troy Trojans,2026-09-19T23:00:00Z,2026-09-16T14:49:42.500529+00:00,away,-27.5,16.21,-11.29
401866423,2026,3,South Alabama Jaguars,Ohio Bobcats,2026-09-19T23:00:00Z,2026-09-16T14:49:42.500529+00:00,away,-7.0,-2.07,-9.07
401862773,2026,3,Rice Owls,Western Michigan Broncos,2026-09-19T23:00:00Z,2026-09-16T14:49:42.500529+00:00,home,9.5,-5.15,4.35
401856796,2026,3,Northwestern Wildcats,Colorado Buffaloes,2026-09-19T23:30:00Z,2026-09-16T14:49:42.500529+00:00,home,-3.5,12.87,9.37
401856688,2026,3,Ole Miss Rebels,LSU Tigers,2026-09-19T23:30:00Z,2026-09-16T14:49:42.500529+00:00,home,3.0,12.61,15.61
401858232,2026,3,Maryland Terrapins,Virginia Tech Hokies,2026-09-19T23:30:00Z,2026-09-16T14:49:42.500529+00:00,home,3.0,10.64,13.64
401858453,2026,3,Notre Dame Fighting Irish,Michigan State Spartans,2026-09-19T23:30:00Z,2026-09-16T14:49:42.500529+00:00,away,-29.5,21.85,-7.649999999999999
401856690,2026,3,Oklahoma Sooners,New Mexico Lobos,2026-09-19T23:30:00Z,2026-09-16T14:49:42.500529+00:00,away,-22.5,15.03,-7.470000000000001
401856692,2026,3,Tennessee Volunteers,Kennesaw State Owls,2026-09-19T23:45:00Z,2026-09-16T14:49:42.500529+00:00,away,-35.5,17.0,-18.5
401856799,2026,3,TCU Horned Frogs,Arkansas State Red Wolves,2026-09-20T00:00:00Z,2026-09-16T14:49:42.500529+00:00,away,-19.5,14.83,-4.67
401856693,2026,3,Texas Longhorns,UTSA Roadrunners,2026-09-20T00:00:00Z,2026-09-16T14:49:42.500529+00:00,away,-30.5,11.82,-18.68
401860887,2026,3,San Diego State Aztecs,James Madison Dukes,2026-09-20T02:00:00Z,2026-09-16T14:49:42.500529+00:00,away,-2.5,-0.04,-2.54
401856793,2026,3,Arizona Wildcats,Northern Illinois Huskies,2026-09-20T02:30:00Z,2026-09-16T14:49:42.500529+00:00,away,-34.5,22.44,-12.059999999999999
401858458,2026,3,UCLA Bruins,Purdue Boilermakers,2026-09-20T03:00:00Z,2026-09-16T14:49:42.500529+00:00,away,-14.0,1.93,-12.07
401858469,2026,4,USC Trojans,Oregon Ducks,2026-09-26T23:00:00Z,2026-09-16T14:49:42.500529+00:00,away,-1.5,-2.27,-3.77
401858225,2026,3,Pittsburgh Panthers,Syracuse Orange,2026-09-17T23:30:00Z,2026-09-16T15:13:29.404195+00:00,home,-10.5,17.72,7.219999999999999
401858226,2026,3,Wake Forest Demon Deacons,Miami Hurricanes,2026-09-18T23:30:00Z,2026-09-16T15:13:29.404195+00:00,home,20.5,-6.2,14.3
401856811,2026,3,Texas Tech Red Raiders,Houston Cougars,2026-09-19T00:00:00Z,2026-09-16T15:13:29.404195+00:00,home,-7.5,16.87,9.370000000000001
401858451,2026,3,Minnesota Golden Gophers,Akron Zips,2026-09-19T16:00:00Z,2026-09-16T15:13:29.404195+00:00,away,-23.5,13.72,-9.78
401856812,2026,3,Arizona State Sun Devils,Kansas Jayhawks,2026-09-19T16:00:00Z,2026-09-16T15:13:29.404195+00:00,away,-5.5,-0.13,-5.63
401856686,2026,3,Arkansas Razorbacks,Georgia Bulldogs,2026-09-19T16:00:00Z,2026-09-16T15:13:29.404195+00:00,home,24.5,-8.82,15.68
401856798,2026,3,Iowa State Cyclones,Bowling Green Falcons,2026-09-19T16:00:00Z,2026-09-16T15:13:29.404195+00:00,away,-23.5,18.37,-5.129999999999999
401858229,2026,3,Clemson Tigers,North Carolina Tar Heels,2026-09-19T16:00:00Z,2026-09-16T15:13:29.404195+00:00,home,-3.5,14.18,10.68
401856792,2026,3,Kansas State Wildcats,Tulane Green Wave,2026-09-19T16:00:00Z,2026-09-16T15:13:29.404195+00:00,away,-20.5,4.09,-16.41
401860889,2026,3,Texas State Bobcats,North Texas Mean Green,2026-09-19T16:00:00Z,2026-09-16T15:13:29.404195+00:00,away,-3.0,-3.91,-6.91
401858460,2026,3,Wisconsin Badgers,Eastern Michigan Eagles,2026-09-19T16:30:00Z,2026-09-16T15:13:29.404195+00:00,away,-24.5,10.38,-14.12
401856695,2026,3,Vanderbilt Commodores,NC State Wolfpack,2026-09-19T16:45:00Z,2026-09-16T15:13:29.404195+00:00,home,-3.5,13.79,10.29
401864508,2026,3,Central Michigan Chippewas,Wyoming Cowboys,2026-09-19T17:00:00Z,2026-09-16T15:13:29.404195+00:00,home,-1.5,5.27,3.7699999999999996
401862774,2026,3,Toledo Rockets,Temple Owls,2026-09-19T19:00:00Z,2026-09-16T15:13:29.404195+00:00,home,-6.0,10.9,4.9
401856685,2026,3,Alabama Crimson Tide,Florida State Seminoles,2026-09-19T19:30:00Z,2026-09-16T15:13:29.404195+00:00,away,-19.5,8.61,-10.89
401856797,2026,3,Cincinnati Bearcats,Miami (OH) RedHawks,2026-09-19T19:30:00Z,2026-09-16T15:13:29.404195+00:00,away,-14.5,8.81,-5.6899999999999995
401858457,2026,3,Rutgers Scarlet Knights,USC Trojans,2026-09-19T19:30:00Z,2026-09-16T15:13:29.404195+00:00,home,23.5,-6.79,16.71
401856801,2026,3,Utah Utes,Utah State Aggies,2026-09-19T19:30:00Z,2026-09-16T15:13:29.404195+00:00,away,-27.5,20.21,-7.289999999999999
401867804,2026,3,Baylor Bears,Louisiana Tech Bulldogs,2026-09-19T20:00:00Z,2026-09-16T15:13:29.404195+00:00,away,-19.5,5.4,-14.1
401858231,2026,3,Duke Blue Devils,Stanford Cardinal,2026-09-19T20:00:00Z,2026-09-16T15:13:29.404195+00:00,home,-9.5,15.69,6.1899999999999995
401862771,2026,3,Florida Atlantic Owls,Florida International Panthers,2026-09-19T22:00:00Z,2026-09-16T15:13:29.404195+00:00,away,-7.0,4.81,-2.1900000000000004
401871047,2026,3,Missouri State Bears,Marshall Thundering Herd,2026-09-19T22:30:00Z,2026-09-16T15:13:29.404195+00:00,home,4.5,-0.43,4.07
401856687,2026,3,Auburn Tigers,Florida Gators,2026-09-19T23:00:00Z,2026-09-16T15:13:29.404195+00:00,home,2.5,8.94,11.44
401869948,2026,3,Jacksonville State Gamecocks,Georgia Southern Eagles,2026-09-19T23:00:00Z,2026-09-16T15:13:29.404195+00:00,home,-3.0,5.4,2.4000000000000004
401864443,2026,3,Middle Tennessee Blue Raiders,Nevada Wolf Pack,2026-09-19T23:00:00Z,2026-09-16T15:13:29.404195+00:00,home,3.5,1.93,5.43
401856689,2026,3,Missouri Tigers,Troy Trojans,2026-09-19T23:00:00Z,2026-09-16T15:13:29.404195+00:00,away,-27.5,16.21,-11.29
401866423,2026,3,South Alabama Jaguars,Ohio Bobcats,2026-09-19T23:00:00Z,2026-09-16T15:13:29.404195+00:00,away,-7.0,-2.07,-9.07
401862773,2026,3,Rice Owls,Western Michigan Broncos,2026-09-19T23:00:00Z,2026-09-16T15:13:29.404195+00:00,home,9.5,-5.15,4.35
401856796,2026,3,Northwestern Wildcats,Colorado Buffaloes,2026-09-19T23:30:00Z,2026-09-16T15:13:29.404195+00:00,home,-3.5,12.87,9.37
401856688,2026,3,Ole Miss Rebels,LSU Tigers,2026-09-19T23:30:00Z,2026-09-16T15:13:29.404195+00:00,home,3.0,12.61,15.61
401858232,2026,3,Maryland Terrapins,Virginia Tech Hokies,2026-09-19T23:30:00Z,2026-09-16T15:13:29.404195+00:00,home,3.0,10.64,13.64
401858453,2026,3,Notre Dame Fighting Irish,Michigan State Spartans,2026-09-19T23:30:00Z,2026-09-16T15:13:29.404195+00:00,away,-29.5,21.85,-7.649999999999999
401856690,2026,3,Oklahoma Sooners,New Mexico Lobos,2026-09-19T23:30:00Z,2026-09-16T15:13:29.404195+00:00,away,-22.5,15.03,-7.470000000000001
401856692,2026,3,Tennessee Volunteers,Kennesaw State Owls,2026-09-19T23:45:00Z,2026-09-16T15:13:29.404195+00:00,away,-35.5,17.0,-18.5
401856799,2026,3,TCU Horned Frogs,Arkansas State Red Wolves,2026-09-20T00:00:00Z,2026-09-16T15:13:29.404195+00:00,away,-19.5,14.83,-4.67
401856693,2026,3,Texas Longhorns,UTSA Roadrunners,2026-09-20T00:00:00Z,2026-09-16T15:13:29.404195+00:00,away,-30.5,11.82,-18.68
401860887,2026,3,San Diego State Aztecs,James Madison Dukes,2026-09-20T02:00:00Z,2026-09-16T15:13:29.404195+00:00,away,-2.5,-0.04,-2.54
401856793,2026,3,Arizona Wildcats,Northern Illinois Huskies,2026-09-20T02:30:00Z,2026-09-16T15:13:29.404195+00:00,away,-34.5,22.44,-12.059999999999999
401858458,2026,3,UCLA Bruins,Purdue Boilermakers,2026-09-20T03:00:00Z,2026-09-16T15:13:29.404195+00:00,away,-14.0,1.93,-12.07
401858469,2026,4,USC Trojans,Oregon Ducks,2026-09-26T23:00:00Z,2026-09-16T15:13:29.404195+00:00,away,-1.5,-2.27,-3.77
401858225,2026,3,Pittsburgh Panthers,Syracuse Orange,2026-09-17T23:30:00Z,2026-09-16T15:29:18.426544+00:00,home,-10.5,17.72,7.219999999999999
401858226,2026,3,Wake Forest Demon Deacons,Miami Hurricanes,2026-09-18T23:30:00Z,2026-09-16T15:29:18.426544+00:00,home,20.5,-6.2,14.3
401856811,2026,3,Texas Tech Red Raiders,Houston Cougars,2026-09-19T00:00:00Z,2026-09-16T15:29:18.426544+00:00,home,-7.5,16.87,9.370000000000001
401858451,2026,3,Minnesota Golden Gophers,Akron Zips,2026-09-19T16:00:00Z,2026-09-16T15:29:18.426544+00:00,away,-23.5,13.72,-9.78
401856812,2026,3,Arizona State Sun Devils,Kansas Jayhawks,2026-09-19T16:00:00Z,2026-09-16T15:29:18.426544+00:00,away,-5.5,-0.13,-5.63
401856686,2026,3,Arkansas Razorbacks,Georgia Bulldogs,2026-09-19T16:00:00Z,2026-09-16T15:29:18.426544+00:00,home,24.5,-8.82,15.68
401856798,2026,3,Iowa State Cyclones,Bowling Green Falcons,2026-09-19T16:00:00Z,2026-09-16T15:29:18.426544+00:00,away,-23.5,18.37,-5.129999999999999
401858229,2026,3,Clemson Tigers,North Carolina Tar Heels,2026-09-19T16:00:00Z,2026-09-16T15:29:18.426544+00:00,home,-3.5,14.18,10.68
401856792,2026,3,Kansas State Wildcats,Tulane Green Wave,2026-09-19T16:00:00Z,2026-09-16T15:29:18.426544+00:00,away,-20.5,4.09,-16.41
401860889,2026,3,Texas State Bobcats,North Texas Mean Green,2026-09-19T16:00:00Z,2026-09-16T15:29:18.426544+00:00,away,-3.0,-3.91,-6.91
401858460,2026,3,Wisconsin Badgers,Eastern Michigan Eagles,2026-09-19T16:30:00Z,2026-09-16T15:29:18.426544+00:00,away,-24.5,10.38,-14.12
401856695,2026,3,Vanderbilt Commodores,NC State Wolfpack,2026-09-19T16:45:00Z,2026-09-16T15:29:18.426544+00:00,home,-3.5,13.79,10.29
401864508,2026,3,Central Michigan Chippewas,Wyoming Cowboys,2026-09-19T17:00:00Z,2026-09-16T15:29:18.426544+00:00,home,-1.5,5.27,3.7699999999999996
401862774,2026,3,Toledo Rockets,Temple Owls,2026-09-19T19:00:00Z,2026-09-16T15:29:18.426544+00:00,home,-6.0,10.9,4.9
401856685,2026,3,Alabama Crimson Tide,Florida State Seminoles,2026-09-19T19:30:00Z,2026-09-16T15:29:18.426544+00:00,away,-19.5,8.61,-10.89
401856797,2026,3,Cincinnati Bearcats,Miami (OH) RedHawks,2026-09-19T19:30:00Z,2026-09-16T15:29:18.426544+00:00,away,-14.5,8.81,-5.6899999999999995
401858457,2026,3,Rutgers Scarlet Knights,USC Trojans,2026-09-19T19:30:00Z,2026-09-16T15:29:18.426544+00:00,home,24.5,-6.79,17.71
401856801,2026,3,Utah Utes,Utah State Aggies,2026-09-19T19:30:00Z,2026-09-16T15:29:18.426544+00:00,away,-27.5,20.21,-7.289999999999999
401867804,2026,3,Baylor Bears,Louisiana Tech Bulldogs,2026-09-19T20:00:00Z,2026-09-16T15:29:18.426544+00:00,away,-19.5,5.4,-14.1
401858231,2026,3,Duke Blue Devils,Stanford Cardinal,2026-09-19T20:00:00Z,2026-09-16T15:29:18.426544+00:00,home,-9.5,15.69,6.1899999999999995
401862771,2026,3,Florida Atlantic Owls,Florida International Panthers,2026-09-19T22:00:00Z,2026-09-16T15:29:18.426544+00:00,away,-7.0,4.81,-2.1900000000000004
401871047,2026,3,Missouri State Bears,Marshall Thundering Herd,2026-09-19T22:30:00Z,2026-09-16T15:29:18.426544+00:00,home,4.5,-0.43,4.07
401856687,2026,3,Auburn Tigers,Florida Gators,2026-09-19T23:00:00Z,2026-09-16T15:29:18.426544+00:00,home,2.5,8.94,11.44
401869948,2026,3,Jacksonville State Gamecocks,Georgia Southern Eagles,2026-09-19T23:00:00Z,2026-09-16T15:29:18.426544+00:00,home,-3.0,5.4,2.4000000000000004
401864443,2026,3,Middle Tennessee Blue Raiders,Nevada Wolf Pack,2026-09-19T23:00:00Z,2026-09-16T15:29:18.426544+00:00,home,3.5,1.93,5.43
401856689,2026,3,Missouri Tigers,Troy Trojans,2026-09-19T23:00:00Z,2026-09-16T15:29:18.426544+00:00,away,-27.5,16.21,-11.29
401866423,2026,3,South Alabama Jaguars,Ohio Bobcats,2026-09-19T23:00:00Z,2026-09-16T15:29:18.426544+00:00,away,-7.0,-2.07,-9.07
401862773,2026,3,Rice Owls,Western Michigan Broncos,2026-09-19T23:00:00Z,2026-09-16T15:29:18.426544+00:00,home,9.5,-5.15,4.35
401856796,2026,3,Northwestern Wildcats,Colorado Buffaloes,2026-09-19T23:30:00Z,2026-09-16T15:29:18.426544+00:00,home,-3.5,12.87,9.37
401856688,2026,3,Ole Miss Rebels,LSU Tigers,2026-09-19T23:30:00Z,2026-09-16T15:29:18.426544+00:00,home,3.0,12.61,15.61
401858232,2026,3,Maryland Terrapins,Virginia Tech Hokies,2026-09-19T23:30:00Z,2026-09-16T15:29:18.426544+00:00,home,3.0,10.64,13.64
401858453,2026,3,Notre Dame Fighting Irish,Michigan State Spartans,2026-09-19T23:30:00Z,2026-09-16T15:29:18.426544+00:00,away,-29.5,21.85,-7.649999999999999
401856690,2026,3,Oklahoma Sooners,New Mexico Lobos,2026-09-19T23:30:00Z,2026-09-16T15:29:18.426544+00:00,away,-22.5,15.03,-7.470000000000001
401856692,2026,3,Tennessee Volunteers,Kennesaw State Owls,2026-09-19T23:45:00Z,2026-09-16T15:29:18.426544+00:00,away,-35.5,17.0,-18.5
401856799,2026,3,TCU Horned Frogs,Arkansas State Red Wolves,2026-09-20T00:00:00Z,2026-09-16T15:29:18.426544+00:00,away,-20.5,14.83,-5.67
401856693,2026,3,Texas Longhorns,UTSA Roadrunners,2026-09-20T00:00:00Z,2026-09-16T15:29:18.426544+00:00,away,-30.5,11.82,-18.68
401860887,2026,3,San Diego State Aztecs,James Madison Dukes,2026-09-20T02:00:00Z,2026-09-16T15:29:18.426544+00:00,away,-2.5,-0.04,-2.54
401856793,2026,3,Arizona Wildcats,Northern Illinois Huskies,2026-09-20T02:30:00Z,2026-09-16T15:29:18.426544+00:00,away,-34.5,22.44,-12.059999999999999
401858458,2026,3,UCLA Bruins,Purdue Boilermakers,2026-09-20T03:00:00Z,2026-09-16T15:29:18.426544+00:00,away,-14.0,1.93,-12.07
401858469,2026,4,USC Trojans,Oregon Ducks,2026-09-26T23:00:00Z,2026-09-16T15:29:18.426544+00:00,away,-1.5,-2.27,-3.77
401858225,2026,3,Pittsburgh Panthers,Syracuse Orange,2026-09-17T23:30:00Z,2026-09-16T16:20:56.031110+00:00,home,-10.5,17.72,7.219999999999999
401858226,2026,3,Wake Forest Demon Deacons,Miami Hurricanes,2026-09-18T23:30:00Z,2026-09-16T16:20:56.031110+00:00,home,20.5,-6.2,14.3
401856811,2026,3,Texas Tech Red Raiders,Houston Cougars,2026-09-19T00:00:00Z,2026-09-16T16:20:56.031110+00:00,home,-7.5,16.87,9.370000000000001
401858451,2026,3,Minnesota Golden Gophers,Akron Zips,2026-09-19T16:00:00Z,2026-09-16T16:20:56.031110+00:00,away,-23.5,13.72,-9.78
401856812,2026,3,Arizona State Sun Devils,Kansas Jayhawks,2026-09-19T16:00:00Z,2026-09-16T16:20:56.031110+00:00,away,-5.5,-0.13,-5.63
401856686,2026,3,Arkansas Razorbacks,Georgia Bulldogs,2026-09-19T16:00:00Z,2026-09-16T16:20:56.031110+00:00,home,24.5,-8.82,15.68
401856798,2026,3,Iowa State Cyclones,Bowling Green Falcons,2026-09-19T16:00:00Z,2026-09-16T16:20:56.031110+00:00,away,-23.5,18.37,-5.129999999999999
401858229,2026,3,Clemson Tigers,North Carolina Tar Heels,2026-09-19T16:00:00Z,2026-09-16T16:20:56.031110+00:00,home,-3.5,14.18,10.68
401856792,2026,3,Kansas State Wildcats,Tulane Green Wave,2026-09-19T16:00:00Z,2026-09-16T16:20:56.031110+00:00,away,-20.5,4.09,-16.41
401860889,2026,3,Texas State Bobcats,North Texas Mean Green,2026-09-19T16:00:00Z,2026-09-16T16:20:56.031110+00:00,away,-3.0,-3.91,-6.91
401858460,2026,3,Wisconsin Badgers,Eastern Michigan Eagles,2026-09-19T16:30:00Z,2026-09-16T16:20:56.031110+00:00,away,-23.5,10.38,-13.12
401856695,2026,3,Vanderbilt Commodores,NC State Wolfpack,2026-09-19T16:45:00Z,2026-09-16T16:20:56.031110+00:00,home,-3.5,13.79,10.29
401864508,2026,3,Central Michigan Chippewas,Wyoming Cowboys,2026-09-19T17:00:00Z,2026-09-16T16:20:56.031110+00:00,home,-1.5,5.27,3.7699999999999996
401862774,2026,3,Toledo Rockets,Temple Owls,2026-09-19T19:00:00Z,2026-09-16T16:20:56.031110+00:00,home,-6.0,10.9,4.9
401856685,2026,3,Alabama Crimson Tide,Florida State Seminoles,2026-09-19T19:30:00Z,2026-09-16T16:20:56.031110+00:00,away,-19.5,8.61,-10.89
401856797,2026,3,Cincinnati Bearcats,Miami (OH) RedHawks,2026-09-19T19:30:00Z,2026-09-16T16:20:56.031110+00:00,away,-14.5,8.81,-5.6899999999999995
401858457,2026,3,Rutgers Scarlet Knights,USC Trojans,2026-09-19T19:30:00Z,2026-09-16T16:20:56.031110+00:00,home,23.5,-6.79,16.71
401856801,2026,3,Utah Utes,Utah State Aggies,2026-09-19T19:30:00Z,2026-09-16T16:20:56.031110+00:00,away,-28.5,20.21,-8.29
401867804,2026,3,Baylor Bears,Louisiana Tech Bulldogs,2026-09-19T20:00:00Z,2026-09-16T16:20:56.031110+00:00,away,-19.5,5.4,-14.1
401858231,2026,3,Duke Blue Devils,Stanford Cardinal,2026-09-19T20:00:00Z,2026-09-16T16:20:56.031110+00:00,home,-9.5,15.69,6.1899999999999995
401862771,2026,3,Florida Atlantic Owls,Florida International Panthers,2026-09-19T22:00:00Z,2026-09-16T16:20:56.031110+00:00,away,-7.0,4.81,-2.1900000000000004
401871047,2026,3,Missouri State Bears,Marshall Thundering Herd,2026-09-19T22:30:00Z,2026-09-16T16:20:56.031110+00:00,home,4.5,-0.43,4.07
401856687,2026,3,Auburn Tigers,Florida Gators,2026-09-19T23:00:00Z,2026-09-16T16:20:56.031110+00:00,home,2.5,8.94,11.44
401869948,2026,3,Jacksonville State Gamecocks,Georgia Southern Eagles,2026-09-19T23:00:00Z,2026-09-16T16:20:56.031110+00:00,home,-3.0,5.4,2.4000000000000004
401864443,2026,3,Middle Tennessee Blue Raiders,Nevada Wolf Pack,2026-09-19T23:00:00Z,2026-09-16T16:20:56.031110+00:00,home,3.5,1.93,5.43
401856689,2026,3,Missouri Tigers,Troy Trojans,2026-09-19T23:00:00Z,2026-09-16T16:20:56.031110+00:00,away,-26.5,16.21,-10.29
401866423,2026,3,South Alabama Jaguars,Ohio Bobcats,2026-09-19T23:00:00Z,2026-09-16T16:20:56.031110+00:00,away,-7.0,-2.07,-9.07
401862773,2026,3,Rice Owls,Western Michigan Broncos,2026-09-19T23:00:00Z,2026-09-16T16:20:56.031110+00:00,home,9.5,-5.15,4.35
401856796,2026,3,Northwestern Wildcats,Colorado Buffaloes,2026-09-19T23:30:00Z,2026-09-16T16:20:56.031110+00:00,home,-3.5,12.87,9.37
401856688,2026,3,Ole Miss Rebels,LSU Tigers,2026-09-19T23:30:00Z,2026-09-16T16:20:56.031110+00:00,home,3.0,12.61,15.61
401858232,2026,3,Maryland Terrapins,Virginia Tech Hokies,2026-09-19T23:30:00Z,2026-09-16T16:20:56.031110+00:00,home,3.0,10.64,13.64
401858453,2026,3,Notre Dame Fighting Irish,Michigan State Spartans,2026-09-19T23:30:00Z,2026-09-16T16:20:56.031110+00:00,away,-29.5,21.85,-7.649999999999999
401856690,2026,3,Oklahoma Sooners,New Mexico Lobos,2026-09-19T23:30:00Z,2026-09-16T16:20:56.031110+00:00,away,-22.5,15.03,-7.470000000000001
401856692,2026,3,Tennessee Volunteers,Kennesaw State Owls,2026-09-19T23:45:00Z,2026-09-16T16:20:56.031110+00:00,away,-35.5,17.0,-18.5
401856799,2026,3,TCU Horned Frogs,Arkansas State Red Wolves,2026-09-20T00:00:00Z,2026-09-16T16:20:56.031110+00:00,away,-20.5,14.83,-5.67
401856693,2026,3,Texas Longhorns,UTSA Roadrunners,2026-09-20T00:00:00Z,2026-09-16T16:20:56.031110+00:00,away,-30.5,11.82,-18.68
401860887,2026,3,San Diego State Aztecs,James Madison Dukes,2026-09-20T02:00:00Z,2026-09-16T16:20:56.031110+00:00,away,-2.5,-0.04,-2.54
401856793,2026,3,Arizona Wildcats,Northern Illinois Huskies,2026-09-20T02:30:00Z,2026-09-16T16:20:56.031110+00:00,away,-34.5,22.44,-12.059999999999999
401858458,2026,3,UCLA Bruins,Purdue Boilermakers,2026-09-20T03:00:00Z,2026-09-16T16:20:56.031110+00:00,away,-14.0,1.93,-12.07
401858469,2026,4,USC Trojans,Oregon Ducks,2026-09-26T23:00:00Z,2026-09-16T16:20:56.031110+00:00,away,-1.5,-2.27,-3.77
401858225,2026,3,Pittsburgh Panthers,Syracuse Orange,2026-09-17T23:30:00Z,2026-09-17T01:57:12.504086+00:00,home,-10.5,17.72,7.219999999999999
401858226,2026,3,Wake Forest Demon Deacons,Miami Hurricanes,2026-09-18T23:30:00Z,2026-09-17T01:57:12.504086+00:00,home,21.0,-6.2,14.8
401856811,2026,3,Texas Tech Red Raiders,Houston Cougars,2026-09-19T00:00:00Z,2026-09-17T01:57:12.504086+00:00,home,-7.5,16.87,9.370000000000001
401858451,2026,3,Minnesota Golden Gophers,Akron Zips,2026-09-19T16:00:00Z,2026-09-17T01:57:12.504086+00:00,away,-23.5,13.72,-9.78
401856812,2026,3,Arizona State Sun Devils,Kansas Jayhawks,2026-09-19T16:00:00Z,2026-09-17T01:57:12.504086+00:00,away,-5.5,-0.13,-5.63
401856686,2026,3,Arkansas Razorbacks,Georgia Bulldogs,2026-09-19T16:00:00Z,2026-09-17T01:57:12.504086+00:00,home,25.5,-8.82,16.68
401856798,2026,3,Iowa State Cyclones,Bowling Green Falcons,2026-09-19T16:00:00Z,2026-09-17T01:57:12.504086+00:00,away,-23.5,18.37,-5.129999999999999
401858229,2026,3,Clemson Tigers,North Carolina Tar Heels,2026-09-19T16:00:00Z,2026-09-17T01:57:12.504086+00:00,home,-3.0,14.18,11.18
401856792,2026,3,Kansas State Wildcats,Tulane Green Wave,2026-09-19T16:00:00Z,2026-09-17T01:57:12.504086+00:00,away,-20.5,4.09,-16.41
401860889,2026,3,Texas State Bobcats,North Texas Mean Green,2026-09-19T16:00:00Z,2026-09-17T01:57:12.504086+00:00,away,-3.0,-3.91,-6.91
401858460,2026,3,Wisconsin Badgers,Eastern Michigan Eagles,2026-09-19T16:30:00Z,2026-09-17T01:57:12.504086+00:00,away,-23.5,10.38,-13.12
401856695,2026,3,Vanderbilt Commodores,NC State Wolfpack,2026-09-19T16:45:00Z,2026-09-17T01:57:12.504086+00:00,home,-3.0,13.79,10.79
401864508,2026,3,Central Michigan Chippewas,Wyoming Cowboys,2026-09-19T17:00:00Z,2026-09-17T01:57:12.504086+00:00,home,-1.5,5.27,3.7699999999999996
401862774,2026,3,Toledo Rockets,Temple Owls,2026-09-19T19:00:00Z,2026-09-17T01:57:12.504086+00:00,home,-6.0,10.9,4.9
401856685,2026,3,Alabama Crimson Tide,Florida State Seminoles,2026-09-19T19:30:00Z,2026-09-17T01:57:12.504086+00:00,away,-19.5,8.61,-10.89
401856797,2026,3,Cincinnati Bearcats,Miami (OH) RedHawks,2026-09-19T19:30:00Z,2026-09-17T01:57:12.504086+00:00,away,-14.5,8.81,-5.6899999999999995
401858457,2026,3,Rutgers Scarlet Knights,USC Trojans,2026-09-19T19:30:00Z,2026-09-17T01:57:12.504086+00:00,home,22.5,-6.79,15.71
401856801,2026,3,Utah Utes,Utah State Aggies,2026-09-19T19:30:00Z,2026-09-17T01:57:12.504086+00:00,away,-27.5,20.21,-7.289999999999999
401867804,2026,3,Baylor Bears,Louisiana Tech Bulldogs,2026-09-19T20:00:00Z,2026-09-17T01:57:12.504086+00:00,away,-19.5,5.4,-14.1
401858231,2026,3,Duke Blue Devils,Stanford Cardinal,2026-09-19T20:00:00Z,2026-09-17T01:57:12.504086+00:00,home,-9.5,15.69,6.1899999999999995
401862771,2026,3,Florida Atlantic Owls,Florida International Panthers,2026-09-19T22:00:00Z,2026-09-17T01:57:12.504086+00:00,away,-7.0,4.81,-2.1900000000000004
401871047,2026,3,Missouri State Bears,Marshall Thundering Herd,2026-09-19T22:30:00Z,2026-09-17T01:57:12.504086+00:00,home,4.5,-0.43,4.07
401856687,2026,3,Auburn Tigers,Florida Gators,2026-09-19T23:00:00Z,2026-09-17T01:57:12.504086+00:00,home,2.5,8.94,11.44
401869948,2026,3,Jacksonville State Gamecocks,Georgia Southern Eagles,2026-09-19T23:00:00Z,2026-09-17T01:57:12.504086+00:00,home,-3.0,5.4,2.4000000000000004
401864443,2026,3,Middle Tennessee Blue Raiders,Nevada Wolf Pack,2026-09-19T23:00:00Z,2026-09-17T01:57:12.504086+00:00,home,3.5,1.93,5.43
401856689,2026,3,Missouri Tigers,Troy Trojans,2026-09-19T23:00:00Z,2026-09-17T01:57:12.504086+00:00,away,-27.5,16.21,-11.29
401866423,2026,3,South Alabama Jaguars,Ohio Bobcats,2026-09-19T23:00:00Z,2026-09-17T01:57:12.504086+00:00,away,-7.0,-2.07,-9.07
401862773,2026,3,Rice Owls,Western Michigan Broncos,2026-09-19T23:00:00Z,2026-09-17T01:57:12.504086+00:00,home,9.5,-5.15,4.35
401856796,2026,3,Northwestern Wildcats,Colorado Buffaloes,2026-09-19T23:30:00Z,2026-09-17T01:57:12.504086+00:00,home,-3.5,12.87,9.37
401856688,2026,3,Ole Miss Rebels,LSU Tigers,2026-09-19T23:30:00Z,2026-09-17T01:57:12.504086+00:00,home,2.5,12.61,15.11
401858232,2026,3,Maryland Terrapins,Virginia Tech Hokies,2026-09-19T23:30:00Z,2026-09-17T01:57:12.504086+00:00,home,3.0,10.64,13.64
401858453,2026,3,Notre Dame Fighting Irish,Michigan State Spartans,2026-09-19T23:30:00Z,2026-09-17T01:57:12.504086+00:00,away,-29.5,21.85,-7.649999999999999
401856690,2026,3,Oklahoma Sooners,New Mexico Lobos,2026-09-19T23:30:00Z,2026-09-17T01:57:12.504086+00:00,away,-21.5,15.03,-6.470000000000001
401856692,2026,3,Tennessee Volunteers,Kennesaw State Owls,2026-09-19T23:45:00Z,2026-09-17T01:57:12.504086+00:00,away,-35.5,17.0,-18.5
401856799,2026,3,TCU Horned Frogs,Arkansas State Red Wolves,2026-09-20T00:00:00Z,2026-09-17T01:57:12.504086+00:00,away,-20.5,14.83,-5.67
401856693,2026,3,Texas Longhorns,UTSA Roadrunners,2026-09-20T00:00:00Z,2026-09-17T01:57:12.504086+00:00,away,-30.5,11.82,-18.68
401860887,2026,3,San Diego State Aztecs,James Madison Dukes,2026-09-20T02:00:00Z,2026-09-17T01:57:12.504086+00:00,away,-2.5,-0.04,-2.54
401856793,2026,3,Arizona Wildcats,Northern Illinois Huskies,2026-09-20T02:30:00Z,2026-09-17T01:57:12.504086+00:00,away,-33.5,22.44,-11.059999999999999
401858458,2026,3,UCLA Bruins,Purdue Boilermakers,2026-09-20T03:00:00Z,2026-09-17T01:57:12.504086+00:00,away,-14.0,1.93,-12.07
401860897,2026,4,Western Michigan Broncos,Boise State Broncos,2026-09-26T16:00:00Z,2026-09-17T01:57:12.504086+00:00,home,7.5,0.68,8.18
401856704,2026,4,Tennessee Volunteers,Texas Longhorns,2026-09-26T16:00:00Z,2026-09-17T01:57:12.504086+00:00,home,4.5,2.84,7.34
401858462,2026,4,Maryland Terrapins,UCLA Bruins,2026-09-26T17:30:00Z,2026-09-17T01:57:12.504086+00:00,home,1.5,9.72,11.22
401856699,2026,4,Florida Gators,Ole Miss Rebels,2026-09-26T19:30:00Z,2026-09-17T01:57:12.504086+00:00,away,-1.5,-9.8,-11.3
401856700,2026,4,Georgia Bulldogs,Oklahoma Sooners,2026-09-26T19:30:00Z,2026-09-17T01:57:12.504086+00:00,away,-13.5,7.43,-6.07
401858463,2026,4,Michigan Wolverines,Iowa Hawkeyes,2026-09-26T19:30:00Z,2026-09-17T01:57:12.504086+00:00,away,-4.5,-1.15,-5.65
401856698,2026,4,Auburn Tigers,Vanderbilt Commodores,2026-09-26T20:15:00Z,2026-09-17T01:57:12.504086+00:00,away,-8.5,-2.07,-10.57
401858464,2026,4,Michigan State Spartans,Nebraska Cornhuskers,2026-09-26T21:00:00Z,2026-09-17T01:57:12.504086+00:00,home,5.5,-2.66,2.84
401858466,2026,4,Penn State Nittany Lions,Wisconsin Badgers,2026-09-26T21:00:00Z,2026-09-17T01:57:12.504086+00:00,home,-11.5,18.37,6.870000000000001
401856696,2026,4,Alabama Crimson Tide,South Carolina Gamecocks,2026-09-26T23:00:00Z,2026-09-17T01:57:12.504086+00:00,away,-11.5,9.46,-2.039999999999999
401856881,2026,4,West Virginia Mountaineers,Oklahoma State Cowboys,2026-09-26T23:00:00Z,2026-09-17T01:57:12.504086+00:00,home,2.5,9.07,11.57
401858469,2026,4,USC Trojans,Oregon Ducks,2026-09-26T23:00:00Z,2026-09-17T01:57:12.504086+00:00,away,-2.5,-2.27,-4.77
401856702,2026,4,LSU Tigers,Texas A&M Aggies,2026-09-26T23:30:00Z,2026-09-17T01:57:12.504086+00:00,away,-6.0,-3.19,-9.19
401856703,2026,4,Mississippi State Bulldogs,Missouri Tigers,2026-09-26T23:45:00Z,2026-09-17T01:57:12.504086+00:00,away,-1.5,-3.12,-4.62
401858225,2026,3,Pittsburgh Panthers,Syracuse Orange,2026-09-17T23:30:00Z,2026-09-17T14:24:06.182097+00:00,home,-10.5,17.72,7.219999999999999
401858226,2026,3,Wake Forest Demon Deacons,Miami Hurricanes,2026-09-18T23:30:00Z,2026-09-17T14:24:06.182097+00:00,home,21.0,-6.2,14.8
401856811,2026,3,Texas Tech Red Raiders,Houston Cougars,2026-09-19T00:00:00Z,2026-09-17T14:24:06.182097+00:00,home,-7.5,16.87,9.370000000000001
401858451,2026,3,Minnesota Golden Gophers,Akron Zips,2026-09-19T16:00:00Z,2026-09-17T14:24:06.182097+00:00,away,-23.5,13.72,-9.78
401856812,2026,3,Arizona State Sun Devils,Kansas Jayhawks,2026-09-19T16:00:00Z,2026-09-17T14:24:06.182097+00:00,away,-5.5,-0.13,-5.63
401856686,2026,3,Arkansas Razorbacks,Georgia Bulldogs,2026-09-19T16:00:00Z,2026-09-17T14:24:06.182097+00:00,home,24.5,-8.82,15.68
401856798,2026,3,Iowa State Cyclones,Bowling Green Falcons,2026-09-19T16:00:00Z,2026-09-17T14:24:06.182097+00:00,away,-23.5,18.37,-5.129999999999999
401858229,2026,3,Clemson Tigers,North Carolina Tar Heels,2026-09-19T16:00:00Z,2026-09-17T14:24:06.182097+00:00,home,-3.5,14.18,10.68
401856792,2026,3,Kansas State Wildcats,Tulane Green Wave,2026-09-19T16:00:00Z,2026-09-17T14:24:06.182097+00:00,away,-20.5,4.09,-16.41
401860889,2026,3,Texas State Bobcats,North Texas Mean Green,2026-09-19T16:00:00Z,2026-09-17T14:24:06.182097+00:00,away,-2.5,-3.91,-6.41
401858460,2026,3,Wisconsin Badgers,Eastern Michigan Eagles,2026-09-19T16:30:00Z,2026-09-17T14:24:06.182097+00:00,away,-23.5,10.38,-13.12
401856695,2026,3,Vanderbilt Commodores,NC State Wolfpack,2026-09-19T16:45:00Z,2026-09-17T14:24:06.182097+00:00,home,-3.0,13.79,10.79
401864508,2026,3,Central Michigan Chippewas,Wyoming Cowboys,2026-09-19T17:00:00Z,2026-09-17T14:24:06.182097+00:00,home,-1.5,5.27,3.7699999999999996
401862774,2026,3,Toledo Rockets,Temple Owls,2026-09-19T19:00:00Z,2026-09-17T14:24:06.182097+00:00,home,-6.0,10.9,4.9
401856685,2026,3,Alabama Crimson Tide,Florida State Seminoles,2026-09-19T19:30:00Z,2026-09-17T14:24:06.182097+00:00,away,-19.5,8.61,-10.89
401856797,2026,3,Cincinnati Bearcats,Miami (OH) RedHawks,2026-09-19T19:30:00Z,2026-09-17T14:24:06.182097+00:00,away,-16.5,8.81,-7.6899999999999995
401858457,2026,3,Rutgers Scarlet Knights,USC Trojans,2026-09-19T19:30:00Z,2026-09-17T14:24:06.182097+00:00,home,21.5,-6.79,14.71
401856801,2026,3,Utah Utes,Utah State Aggies,2026-09-19T19:30:00Z,2026-09-17T14:24:06.182097+00:00,away,-27.5,20.21,-7.289999999999999
401867804,2026,3,Baylor Bears,Louisiana Tech Bulldogs,2026-09-19T20:00:00Z,2026-09-17T14:24:06.182097+00:00,away,-19.5,5.4,-14.1
401858231,2026,3,Duke Blue Devils,Stanford Cardinal,2026-09-19T20:00:00Z,2026-09-17T14:24:06.182097+00:00,home,-10.0,15.69,5.6899999999999995
401862771,2026,3,Florida Atlantic Owls,Florida International Panthers,2026-09-19T22:00:00Z,2026-09-17T14:24:06.182097+00:00,away,-7.0,4.81,-2.1900000000000004
401871047,2026,3,Missouri State Bears,Marshall Thundering Herd,2026-09-19T22:30:00Z,2026-09-17T14:24:06.182097+00:00,home,4.0,-0.43,3.57
401856687,2026,3,Auburn Tigers,Florida Gators,2026-09-19T23:00:00Z,2026-09-17T14:24:06.182097+00:00,home,2.5,8.94,11.44
401869948,2026,3,Jacksonville State Gamecocks,Georgia Southern Eagles,2026-09-19T23:00:00Z,2026-09-17T14:24:06.182097+00:00,home,-3.0,5.4,2.4000000000000004
401864443,2026,3,Middle Tennessee Blue Raiders,Nevada Wolf Pack,2026-09-19T23:00:00Z,2026-09-17T14:24:06.182097+00:00,home,3.5,1.93,5.43
401856689,2026,3,Missouri Tigers,Troy Trojans,2026-09-19T23:00:00Z,2026-09-17T14:24:06.182097+00:00,away,-27.5,16.21,-11.29
401866423,2026,3,South Alabama Jaguars,Ohio Bobcats,2026-09-19T23:00:00Z,2026-09-17T14:24:06.182097+00:00,away,-7.0,-2.07,-9.07
401862773,2026,3,Rice Owls,Western Michigan Broncos,2026-09-19T23:00:00Z,2026-09-17T14:24:06.182097+00:00,home,9.5,-5.15,4.35
401856796,2026,3,Northwestern Wildcats,Colorado Buffaloes,2026-09-19T23:30:00Z,2026-09-17T14:24:06.182097+00:00,home,-3.5,12.87,9.37
401856688,2026,3,Ole Miss Rebels,LSU Tigers,2026-09-19T23:30:00Z,2026-09-17T14:24:06.182097+00:00,home,2.5,12.61,15.11
401858232,2026,3,Maryland Terrapins,Virginia Tech Hokies,2026-09-19T23:30:00Z,2026-09-17T14:24:06.182097+00:00,home,3.0,10.64,13.64
401858453,2026,3,Notre Dame Fighting Irish,Michigan State Spartans,2026-09-19T23:30:00Z,2026-09-17T14:24:06.182097+00:00,away,-29.5,21.85,-7.649999999999999
401856690,2026,3,Oklahoma Sooners,New Mexico Lobos,2026-09-19T23:30:00Z,2026-09-17T14:24:06.182097+00:00,away,-21.5,15.03,-6.470000000000001
401856692,2026,3,Tennessee Volunteers,Kennesaw State Owls,2026-09-19T23:45:00Z,2026-09-17T14:24:06.182097+00:00,away,-34.5,17.0,-17.5
401856799,2026,3,TCU Horned Frogs,Arkansas State Red Wolves,2026-09-20T00:00:00Z,2026-09-17T14:24:06.182097+00:00,away,-20.5,14.83,-5.67
401856693,2026,3,Texas Longhorns,UTSA Roadrunners,2026-09-20T00:00:00Z,2026-09-17T14:24:06.182097+00:00,away,-30.5,11.82,-18.68
401856793,2026,3,Arizona Wildcats,Northern Illinois Huskies,2026-09-20T02:30:00Z,2026-09-17T14:24:06.182097+00:00,away,-33.5,22.44,-11.059999999999999
401858458,2026,3,UCLA Bruins,Purdue Boilermakers,2026-09-20T03:00:00Z,2026-09-17T14:24:06.182097+00:00,away,-14.0,1.93,-12.07
401860897,2026,4,Western Michigan Broncos,Boise State Broncos,2026-09-26T16:00:00Z,2026-09-17T14:24:06.182097+00:00,home,7.5,0.68,8.18
401856704,2026,4,Tennessee Volunteers,Texas Longhorns,2026-09-26T16:00:00Z,2026-09-17T14:24:06.182097+00:00,home,4.5,2.84,7.34
401858462,2026,4,Maryland Terrapins,UCLA Bruins,2026-09-26T17:30:00Z,2026-09-17T14:24:06.182097+00:00,home,1.5,9.72,11.22
401856699,2026,4,Florida Gators,Ole Miss Rebels,2026-09-26T19:30:00Z,2026-09-17T14:24:06.182097+00:00,away,-1.5,-9.8,-11.3
401856700,2026,4,Georgia Bulldogs,Oklahoma Sooners,2026-09-26T19:30:00Z,2026-09-17T14:24:06.182097+00:00,away,-13.5,7.43,-6.07
401858463,2026,4,Michigan Wolverines,Iowa Hawkeyes,2026-09-26T19:30:00Z,2026-09-17T14:24:06.182097+00:00,away,-4.5,-1.15,-5.65
401856698,2026,4,Auburn Tigers,Vanderbilt Commodores,2026-09-26T20:15:00Z,2026-09-17T14:24:06.182097+00:00,away,-8.5,-2.07,-10.57
401858464,2026,4,Michigan State Spartans,Nebraska Cornhuskers,2026-09-26T21:00:00Z,2026-09-17T14:24:06.182097+00:00,home,5.5,-2.66,2.84
401858466,2026,4,Penn State Nittany Lions,Wisconsin Badgers,2026-09-26T21:00:00Z,2026-09-17T14:24:06.182097+00:00,home,-11.5,18.37,6.870000000000001
401856696,2026,4,Alabama Crimson Tide,South Carolina Gamecocks,2026-09-26T23:00:00Z,2026-09-17T14:24:06.182097+00:00,away,-11.5,9.46,-2.039999999999999
401856881,2026,4,West Virginia Mountaineers,Oklahoma State Cowboys,2026-09-26T23:00:00Z,2026-09-17T14:24:06.182097+00:00,home,2.5,9.07,11.57
401858469,2026,4,USC Trojans,Oregon Ducks,2026-09-26T23:00:00Z,2026-09-17T14:24:06.182097+00:00,away,-2.5,-2.27,-4.77
401856702,2026,4,LSU Tigers,Texas A&M Aggies,2026-09-26T23:30:00Z,2026-09-17T14:24:06.182097+00:00,away,-5.5,-3.19,-8.69
401856703,2026,4,Mississippi State Bulldogs,Missouri Tigers,2026-09-26T23:45:00Z,2026-09-17T14:24:06.182097+00:00,away,-1.5,-3.12,-4.62
401858225,2026,3,Pittsburgh Panthers,Syracuse Orange,2026-09-17T23:30:00Z,2026-09-17T14:31:36.561053+00:00,home,-10.5,17.72,7.219999999999999
401858226,2026,3,Wake Forest Demon Deacons,Miami Hurricanes,2026-09-18T23:30:00Z,2026-09-17T14:31:36.561053+00:00,home,21.0,-6.2,14.8
401856811,2026,3,Texas Tech Red Raiders,Houston Cougars,2026-09-19T00:00:00Z,2026-09-17T14:31:36.561053+00:00,home,-7.5,16.87,9.370000000000001
401858451,2026,3,Minnesota Golden Gophers,Akron Zips,2026-09-19T16:00:00Z,2026-09-17T14:31:36.561053+00:00,away,-23.5,13.72,-9.78
401856812,2026,3,Arizona State Sun Devils,Kansas Jayhawks,2026-09-19T16:00:00Z,2026-09-17T14:31:36.561053+00:00,away,-5.5,-0.13,-5.63
401856686,2026,3,Arkansas Razorbacks,Georgia Bulldogs,2026-09-19T16:00:00Z,2026-09-17T14:31:36.561053+00:00,home,24.5,-8.82,15.68
401856798,2026,3,Iowa State Cyclones,Bowling Green Falcons,2026-09-19T16:00:00Z,2026-09-17T14:31:36.561053+00:00,away,-23.5,18.37,-5.129999999999999
401858229,2026,3,Clemson Tigers,North Carolina Tar Heels,2026-09-19T16:00:00Z,2026-09-17T14:31:36.561053+00:00,home,-3.5,14.18,10.68
401856792,2026,3,Kansas State Wildcats,Tulane Green Wave,2026-09-19T16:00:00Z,2026-09-17T14:31:36.561053+00:00,away,-20.5,4.09,-16.41
401860889,2026,3,Texas State Bobcats,North Texas Mean Green,2026-09-19T16:00:00Z,2026-09-17T14:31:36.561053+00:00,away,-2.5,-3.91,-6.41
401858460,2026,3,Wisconsin Badgers,Eastern Michigan Eagles,2026-09-19T16:30:00Z,2026-09-17T14:31:36.561053+00:00,away,-23.5,10.38,-13.12
401856695,2026,3,Vanderbilt Commodores,NC State Wolfpack,2026-09-19T16:45:00Z,2026-09-17T14:31:36.561053+00:00,home,-3.0,13.79,10.79
401864508,2026,3,Central Michigan Chippewas,Wyoming Cowboys,2026-09-19T17:00:00Z,2026-09-17T14:31:36.561053+00:00,home,-1.5,5.27,3.7699999999999996
401862774,2026,3,Toledo Rockets,Temple Owls,2026-09-19T19:00:00Z,2026-09-17T14:31:36.561053+00:00,home,-6.0,10.9,4.9
401856685,2026,3,Alabama Crimson Tide,Florida State Seminoles,2026-09-19T19:30:00Z,2026-09-17T14:31:36.561053+00:00,away,-19.5,8.61,-10.89
401856797,2026,3,Cincinnati Bearcats,Miami (OH) RedHawks,2026-09-19T19:30:00Z,2026-09-17T14:31:36.561053+00:00,away,-16.5,8.81,-7.6899999999999995
401858457,2026,3,Rutgers Scarlet Knights,USC Trojans,2026-09-19T19:30:00Z,2026-09-17T14:31:36.561053+00:00,home,21.5,-6.79,14.71
401856801,2026,3,Utah Utes,Utah State Aggies,2026-09-19T19:30:00Z,2026-09-17T14:31:36.561053+00:00,away,-27.5,20.21,-7.289999999999999
401867804,2026,3,Baylor Bears,Louisiana Tech Bulldogs,2026-09-19T20:00:00Z,2026-09-17T14:31:36.561053+00:00,away,-19.5,5.4,-14.1
401858231,2026,3,Duke Blue Devils,Stanford Cardinal,2026-09-19T20:00:00Z,2026-09-17T14:31:36.561053+00:00,home,-10.0,15.69,5.6899999999999995
401862771,2026,3,Florida Atlantic Owls,Florida International Panthers,2026-09-19T22:00:00Z,2026-09-17T14:31:36.561053+00:00,away,-7.0,4.81,-2.1900000000000004
401871047,2026,3,Missouri State Bears,Marshall Thundering Herd,2026-09-19T22:30:00Z,2026-09-17T14:31:36.561053+00:00,home,4.0,-0.43,3.57
401856687,2026,3,Auburn Tigers,Florida Gators,2026-09-19T23:00:00Z,2026-09-17T14:31:36.561053+00:00,home,2.5,8.94,11.44
401869948,2026,3,Jacksonville State Gamecocks,Georgia Southern Eagles,2026-09-19T23:00:00Z,2026-09-17T14:31:36.561053+00:00,home,-3.0,5.4,2.4000000000000004
401864443,2026,3,Middle Tennessee Blue Raiders,Nevada Wolf Pack,2026-09-19T23:00:00Z,2026-09-17T14:31:36.561053+00:00,home,3.5,1.93,5.43
401856689,2026,3,Missouri Tigers,Troy Trojans,2026-09-19T23:00:00Z,2026-09-17T14:31:36.561053+00:00,away,-27.5,16.21,-11.29
401866423,2026,3,South Alabama Jaguars,Ohio Bobcats,2026-09-19T23:00:00Z,2026-09-17T14:31:36.561053+00:00,away,-7.0,-2.07,-9.07
401862773,2026,3,Rice Owls,Western Michigan Broncos,2026-09-19T23:00:00Z,2026-09-17T14:31:36.561053+00:00,home,9.5,-5.15,4.35
401856796,2026,3,Northwestern Wildcats,Colorado Buffaloes,2026-09-19T23:30:00Z,2026-09-17T14:31:36.561053+00:00,home,-3.5,12.87,9.37
401856688,2026,3,Ole Miss Rebels,LSU Tigers,2026-09-19T23:30:00Z,2026-09-17T14:31:36.561053+00:00,home,2.5,12.61,15.11
401858232,2026,3,Maryland Terrapins,Virginia Tech Hokies,2026-09-19T23:30:00Z,2026-09-17T14:31:36.561053+00:00,home,3.0,10.64,13.64
401858453,2026,3,Notre Dame Fighting Irish,Michigan State Spartans,2026-09-19T23:30:00Z,2026-09-17T14:31:36.561053+00:00,away,-29.5,21.85,-7.649999999999999
401856690,2026,3,Oklahoma Sooners,New Mexico Lobos,2026-09-19T23:30:00Z,2026-09-17T14:31:36.561053+00:00,away,-21.5,15.03,-6.470000000000001
401856692,2026,3,Tennessee Volunteers,Kennesaw State Owls,2026-09-19T23:45:00Z,2026-09-17T14:31:36.561053+00:00,away,-34.5,17.0,-17.5
401856799,2026,3,TCU Horned Frogs,Arkansas State Red Wolves,2026-09-20T00:00:00Z,2026-09-17T14:31:36.561053+00:00,away,-20.5,14.83,-5.67
401856693,2026,3,Texas Longhorns,UTSA Roadrunners,2026-09-20T00:00:00Z,2026-09-17T14:31:36.561053+00:00,away,-30.5,11.82,-18.68
401856793,2026,3,Arizona Wildcats,Northern Illinois Huskies,2026-09-20T02:30:00Z,2026-09-17T14:31:36.561053+00:00,away,-33.5,22.44,-11.059999999999999
401858458,2026,3,UCLA Bruins,Purdue Boilermakers,2026-09-20T03:00:00Z,2026-09-17T14:31:36.561053+00:00,away,-14.0,1.93,-12.07
401860897,2026,4,Western Michigan Broncos,Boise State Broncos,2026-09-26T16:00:00Z,2026-09-17T14:31:36.561053+00:00,home,7.5,0.68,8.18
401856704,2026,4,Tennessee Volunteers,Texas Longhorns,2026-09-26T16:00:00Z,2026-09-17T14:31:36.561053+00:00,home,4.5,2.84,7.34
401858462,2026,4,Maryland Terrapins,UCLA Bruins,2026-09-26T17:30:00Z,2026-09-17T14:31:36.561053+00:00,home,1.5,9.72,11.22
401856699,2026,4,Florida Gators,Ole Miss Rebels,2026-09-26T19:30:00Z,2026-09-17T14:31:36.561053+00:00,away,-1.5,-9.8,-11.3
401856700,2026,4,Georgia Bulldogs,Oklahoma Sooners,2026-09-26T19:30:00Z,2026-09-17T14:31:36.561053+00:00,away,-13.5,7.43,-6.07
401858463,2026,4,Michigan Wolverines,Iowa Hawkeyes,2026-09-26T19:30:00Z,2026-09-17T14:31:36.561053+00:00,away,-4.5,-1.15,-5.65
401856698,2026,4,Auburn Tigers,Vanderbilt Commodores,2026-09-26T20:15:00Z,2026-09-17T14:31:36.561053+00:00,away,-8.5,-2.07,-10.57
401858464,2026,4,Michigan State Spartans,Nebraska Cornhuskers,2026-09-26T21:00:00Z,2026-09-17T14:31:36.561053+00:00,home,5.5,-2.66,2.84
401858466,2026,4,Penn State Nittany Lions,Wisconsin Badgers,2026-09-26T21:00:00Z,2026-09-17T14:31:36.561053+00:00,home,-11.5,18.37,6.870000000000001
401856696,2026,4,Alabama Crimson Tide,South Carolina Gamecocks,2026-09-26T23:00:00Z,2026-09-17T14:31:36.561053+00:00,away,-11.5,9.46,-2.039999999999999
401856881,2026,4,West Virginia Mountaineers,Oklahoma State Cowboys,2026-09-26T23:00:00Z,2026-09-17T14:31:36.561053+00:00,home,2.5,9.07,11.57
401858469,2026,4,USC Trojans,Oregon Ducks,2026-09-26T23:00:00Z,2026-09-17T14:31:36.561053+00:00,away,-2.5,-2.27,-4.77
401856702,2026,4,LSU Tigers,Texas A&M Aggies,2026-09-26T23:30:00Z,2026-09-17T14:31:36.561053+00:00,away,-5.5,-3.19,-8.69
401856703,2026,4,Mississippi State Bulldogs,Missouri Tigers,2026-09-26T23:45:00Z,2026-09-17T14:31:36.561053+00:00,away,-1.5,-3.12,-4.62
401858225,2026,3,Pittsburgh Panthers,Syracuse Orange,2026-09-17T23:30:00Z,2026-09-17T15:08:58.165779+00:00,home,-10.5,17.72,7.219999999999999
401858226,2026,3,Wake Forest Demon Deacons,Miami Hurricanes,2026-09-18T23:30:00Z,2026-09-17T15:08:58.165779+00:00,home,21.0,-6.2,14.8
401856811,2026,3,Texas Tech Red Raiders,Houston Cougars,2026-09-19T00:00:00Z,2026-09-17T15:08:58.165779+00:00,home,-7.5,16.87,9.370000000000001
401858451,2026,3,Minnesota Golden Gophers,Akron Zips,2026-09-19T16:00:00Z,2026-09-17T15:08:58.165779+00:00,away,-23.5,13.72,-9.78
401856812,2026,3,Arizona State Sun Devils,Kansas Jayhawks,2026-09-19T16:00:00Z,2026-09-17T15:08:58.165779+00:00,away,-5.5,-0.13,-5.63
401856686,2026,3,Arkansas Razorbacks,Georgia Bulldogs,2026-09-19T16:00:00Z,2026-09-17T15:08:58.165779+00:00,home,24.5,-8.82,15.68
401856798,2026,3,Iowa State Cyclones,Bowling Green Falcons,2026-09-19T16:00:00Z,2026-09-17T15:08:58.165779+00:00,away,-23.5,18.37,-5.129999999999999
401858229,2026,3,Clemson Tigers,North Carolina Tar Heels,2026-09-19T16:00:00Z,2026-09-17T15:08:58.165779+00:00,home,-3.0,14.18,11.18
401856792,2026,3,Kansas State Wildcats,Tulane Green Wave,2026-09-19T16:00:00Z,2026-09-17T15:08:58.165779+00:00,away,-20.5,4.09,-16.41
401860889,2026,3,Texas State Bobcats,North Texas Mean Green,2026-09-19T16:00:00Z,2026-09-17T15:08:58.165779+00:00,away,-2.5,-3.91,-6.41
401858460,2026,3,Wisconsin Badgers,Eastern Michigan Eagles,2026-09-19T16:30:00Z,2026-09-17T15:08:58.165779+00:00,away,-23.5,10.38,-13.12
401856695,2026,3,Vanderbilt Commodores,NC State Wolfpack,2026-09-19T16:45:00Z,2026-09-17T15:08:58.165779+00:00,home,-3.0,13.79,10.79
401864508,2026,3,Central Michigan Chippewas,Wyoming Cowboys,2026-09-19T17:00:00Z,2026-09-17T15:08:58.165779+00:00,home,1.5,5.27,6.77
401862774,2026,3,Toledo Rockets,Temple Owls,2026-09-19T19:00:00Z,2026-09-17T15:08:58.165779+00:00,home,-6.0,10.9,4.9
401856685,2026,3,Alabama Crimson Tide,Florida State Seminoles,2026-09-19T19:30:00Z,2026-09-17T15:08:58.165779+00:00,away,-19.5,8.61,-10.89
401856797,2026,3,Cincinnati Bearcats,Miami (OH) RedHawks,2026-09-19T19:30:00Z,2026-09-17T15:08:58.165779+00:00,away,-16.5,8.81,-7.6899999999999995
401858457,2026,3,Rutgers Scarlet Knights,USC Trojans,2026-09-19T19:30:00Z,2026-09-17T15:08:58.165779+00:00,home,21.5,-6.79,14.71
401856801,2026,3,Utah Utes,Utah State Aggies,2026-09-19T19:30:00Z,2026-09-17T15:08:58.165779+00:00,away,-27.5,20.21,-7.289999999999999
401867804,2026,3,Baylor Bears,Louisiana Tech Bulldogs,2026-09-19T20:00:00Z,2026-09-17T15:08:58.165779+00:00,away,-19.5,5.4,-14.1
401858231,2026,3,Duke Blue Devils,Stanford Cardinal,2026-09-19T20:00:00Z,2026-09-17T15:08:58.165779+00:00,home,-10.0,15.69,5.6899999999999995
401862771,2026,3,Florida Atlantic Owls,Florida International Panthers,2026-09-19T22:00:00Z,2026-09-17T15:08:58.165779+00:00,away,-7.0,4.81,-2.1900000000000004
401871047,2026,3,Missouri State Bears,Marshall Thundering Herd,2026-09-19T22:30:00Z,2026-09-17T15:08:58.165779+00:00,home,4.0,-0.43,3.57
401856687,2026,3,Auburn Tigers,Florida Gators,2026-09-19T23:00:00Z,2026-09-17T15:08:58.165779+00:00,home,2.5,8.94,11.44
401869948,2026,3,Jacksonville State Gamecocks,Georgia Southern Eagles,2026-09-19T23:00:00Z,2026-09-17T15:08:58.165779+00:00,home,-3.0,5.4,2.4000000000000004
401864443,2026,3,Middle Tennessee Blue Raiders,Nevada Wolf Pack,2026-09-19T23:00:00Z,2026-09-17T15:08:58.165779+00:00,home,3.5,1.93,5.43
401856689,2026,3,Missouri Tigers,Troy Trojans,2026-09-19T23:00:00Z,2026-09-17T15:08:58.165779+00:00,away,-27.5,16.21,-11.29
401866423,2026,3,South Alabama Jaguars,Ohio Bobcats,2026-09-19T23:00:00Z,2026-09-17T15:08:58.165779+00:00,away,-7.0,-2.07,-9.07
401862773,2026,3,Rice Owls,Western Michigan Broncos,2026-09-19T23:00:00Z,2026-09-17T15:08:58.165779+00:00,home,9.5,-5.15,4.35
401856796,2026,3,Northwestern Wildcats,Colorado Buffaloes,2026-09-19T23:30:00Z,2026-09-17T15:08:58.165779+00:00,home,-3.5,12.87,9.37
401856688,2026,3,Ole Miss Rebels,LSU Tigers,2026-09-19T23:30:00Z,2026-09-17T15:08:58.165779+00:00,home,2.5,12.61,15.11
401858232,2026,3,Maryland Terrapins,Virginia Tech Hokies,2026-09-19T23:30:00Z,2026-09-17T15:08:58.165779+00:00,home,3.0,10.64,13.64
401858453,2026,3,Notre Dame Fighting Irish,Michigan State Spartans,2026-09-19T23:30:00Z,2026-09-17T15:08:58.165779+00:00,away,-29.5,21.85,-7.649999999999999
401856690,2026,3,Oklahoma Sooners,New Mexico Lobos,2026-09-19T23:30:00Z,2026-09-17T15:08:58.165779+00:00,away,-21.5,15.03,-6.470000000000001
401856692,2026,3,Tennessee Volunteers,Kennesaw State Owls,2026-09-19T23:45:00Z,2026-09-17T15:08:58.165779+00:00,away,-34.5,17.0,-17.5
401856799,2026,3,TCU Horned Frogs,Arkansas State Red Wolves,2026-09-20T00:00:00Z,2026-09-17T15:08:58.165779+00:00,away,-19.5,14.83,-4.67
401856693,2026,3,Texas Longhorns,UTSA Roadrunners,2026-09-20T00:00:00Z,2026-09-17T15:08:58.165779+00:00,away,-30.5,11.82,-18.68
401856793,2026,3,Arizona Wildcats,Northern Illinois Huskies,2026-09-20T02:30:00Z,2026-09-17T15:08:58.165779+00:00,away,-33.5,22.44,-11.059999999999999
401858458,2026,3,UCLA Bruins,Purdue Boilermakers,2026-09-20T03:00:00Z,2026-09-17T15:08:58.165779+00:00,away,-14.0,1.93,-12.07
401860897,2026,4,Western Michigan Broncos,Boise State Broncos,2026-09-26T16:00:00Z,2026-09-17T15:08:58.165779+00:00,home,7.5,0.68,8.18
401856704,2026,4,Tennessee Volunteers,Texas Longhorns,2026-09-26T16:00:00Z,2026-09-17T15:08:58.165779+00:00,home,4.5,2.84,7.34
401858462,2026,4,Maryland Terrapins,UCLA Bruins,2026-09-26T17:30:00Z,2026-09-17T15:08:58.165779+00:00,home,1.5,9.72,11.22
401856699,2026,4,Florida Gators,Ole Miss Rebels,2026-09-26T19:30:00Z,2026-09-17T15:08:58.165779+00:00,away,-1.5,-9.8,-11.3
401856700,2026,4,Georgia Bulldogs,Oklahoma Sooners,2026-09-26T19:30:00Z,2026-09-17T15:08:58.165779+00:00,away,-13.5,7.43,-6.07
401858463,2026,4,Michigan Wolverines,Iowa Hawkeyes,2026-09-26T19:30:00Z,2026-09-17T15:08:58.165779+00:00,away,-4.5,-1.15,-5.65
401856698,2026,4,Auburn Tigers,Vanderbilt Commodores,2026-09-26T20:15:00Z,2026-09-17T15:08:58.165779+00:00,away,-8.5,-2.07,-10.57
401858464,2026,4,Michigan State Spartans,Nebraska Cornhuskers,2026-09-26T21:00:00Z,2026-09-17T15:08:58.165779+00:00,home,5.5,-2.66,2.84
401858466,2026,4,Penn State Nittany Lions,Wisconsin Badgers,2026-09-26T21:00:00Z,2026-09-17T15:08:58.165779+00:00,home,-11.5,18.37,6.870000000000001
401856696,2026,4,Alabama Crimson Tide,South Carolina Gamecocks,2026-09-26T23:00:00Z,2026-09-17T15:08:58.165779+00:00,away,-11.5,9.46,-2.039999999999999
401856881,2026,4,West Virginia Mountaineers,Oklahoma State Cowboys,2026-09-26T23:00:00Z,2026-09-17T15:08:58.165779+00:00,home,2.5,9.07,11.57
401858469,2026,4,USC Trojans,Oregon Ducks,2026-09-26T23:00:00Z,2026-09-17T15:08:58.165779+00:00,away,-2.5,-2.27,-4.77
401856702,2026,4,LSU Tigers,Texas A&M Aggies,2026-09-26T23:30:00Z,2026-09-17T15:08:58.165779+00:00,away,-5.5,-3.19,-8.69
401856703,2026,4,Mississippi State Bulldogs,Missouri Tigers,2026-09-26T23:45:00Z,2026-09-17T15:08:58.165779+00:00,away,-1.5,-3.12,-4.62
401858225,2026,3,Pittsburgh Panthers,Syracuse Orange,2026-09-17T23:30:00Z,2026-09-17T16:31:55.387383+00:00,home,-10.5,17.72,7.219999999999999
401858226,2026,3,Wake Forest Demon Deacons,Miami Hurricanes,2026-09-18T23:30:00Z,2026-09-17T16:31:55.387383+00:00,home,21.0,-6.2,14.8
401856811,2026,3,Texas Tech Red Raiders,Houston Cougars,2026-09-19T00:00:00Z,2026-09-17T16:31:55.387383+00:00,home,-7.5,16.87,9.370000000000001
401858451,2026,3,Minnesota Golden Gophers,Akron Zips,2026-09-19T16:00:00Z,2026-09-17T16:31:55.387383+00:00,away,-23.5,13.72,-9.78
401856812,2026,3,Arizona State Sun Devils,Kansas Jayhawks,2026-09-19T16:00:00Z,2026-09-17T16:31:55.387383+00:00,away,-5.5,-0.13,-5.63
401856686,2026,3,Arkansas Razorbacks,Georgia Bulldogs,2026-09-19T16:00:00Z,2026-09-17T16:31:55.387383+00:00,home,24.5,-8.82,15.68
401856798,2026,3,Iowa State Cyclones,Bowling Green Falcons,2026-09-19T16:00:00Z,2026-09-17T16:31:55.387383+00:00,away,-23.5,18.37,-5.129999999999999
401858229,2026,3,Clemson Tigers,North Carolina Tar Heels,2026-09-19T16:00:00Z,2026-09-17T16:31:55.387383+00:00,home,-3.0,14.18,11.18
401856792,2026,3,Kansas State Wildcats,Tulane Green Wave,2026-09-19T16:00:00Z,2026-09-17T16:31:55.387383+00:00,away,-20.5,4.09,-16.41
401860889,2026,3,Texas State Bobcats,North Texas Mean Green,2026-09-19T16:00:00Z,2026-09-17T16:31:55.387383+00:00,away,-3.0,-3.91,-6.91
401858460,2026,3,Wisconsin Badgers,Eastern Michigan Eagles,2026-09-19T16:30:00Z,2026-09-17T16:31:55.387383+00:00,away,-23.5,10.38,-13.12
401856695,2026,3,Vanderbilt Commodores,NC State Wolfpack,2026-09-19T16:45:00Z,2026-09-17T16:31:55.387383+00:00,home,-3.0,13.79,10.79
401864508,2026,3,Central Michigan Chippewas,Wyoming Cowboys,2026-09-19T17:00:00Z,2026-09-17T16:31:55.387383+00:00,home,1.5,5.27,6.77
401862774,2026,3,Toledo Rockets,Temple Owls,2026-09-19T19:00:00Z,2026-09-17T16:31:55.387383+00:00,home,-6.0,10.9,4.9
401856685,2026,3,Alabama Crimson Tide,Florida State Seminoles,2026-09-19T19:30:00Z,2026-09-17T16:31:55.387383+00:00,away,-19.5,8.61,-10.89
401856797,2026,3,Cincinnati Bearcats,Miami (OH) RedHawks,2026-09-19T19:30:00Z,2026-09-17T16:31:55.387383+00:00,away,-16.5,8.81,-7.6899999999999995
401858457,2026,3,Rutgers Scarlet Knights,USC Trojans,2026-09-19T19:30:00Z,2026-09-17T16:31:55.387383+00:00,home,21.5,-6.79,14.71
401856801,2026,3,Utah Utes,Utah State Aggies,2026-09-19T19:30:00Z,2026-09-17T16:31:55.387383+00:00,away,-27.5,20.21,-7.289999999999999
401867804,2026,3,Baylor Bears,Louisiana Tech Bulldogs,2026-09-19T20:00:00Z,2026-09-17T16:31:55.387383+00:00,away,-17.5,5.4,-12.1
401858231,2026,3,Duke Blue Devils,Stanford Cardinal,2026-09-19T20:00:00Z,2026-09-17T16:31:55.387383+00:00,home,-10.0,15.69,5.6899999999999995
401862771,2026,3,Florida Atlantic Owls,Florida International Panthers,2026-09-19T22:00:00Z,2026-09-17T16:31:55.387383+00:00,away,-7.0,4.81,-2.1900000000000004
401871047,2026,3,Missouri State Bears,Marshall Thundering Herd,2026-09-19T22:30:00Z,2026-09-17T16:31:55.387383+00:00,home,4.0,-0.43,3.57
401856687,2026,3,Auburn Tigers,Florida Gators,2026-09-19T23:00:00Z,2026-09-17T16:31:55.387383+00:00,home,2.5,8.94,11.44
401869948,2026,3,Jacksonville State Gamecocks,Georgia Southern Eagles,2026-09-19T23:00:00Z,2026-09-17T16:31:55.387383+00:00,home,-3.5,5.4,1.9000000000000004
401864443,2026,3,Middle Tennessee Blue Raiders,Nevada Wolf Pack,2026-09-19T23:00:00Z,2026-09-17T16:31:55.387383+00:00,home,3.5,1.93,5.43
401856689,2026,3,Missouri Tigers,Troy Trojans,2026-09-19T23:00:00Z,2026-09-17T16:31:55.387383+00:00,away,-27.5,16.21,-11.29
401866423,2026,3,South Alabama Jaguars,Ohio Bobcats,2026-09-19T23:00:00Z,2026-09-17T16:31:55.387383+00:00,away,-7.0,-2.07,-9.07
401862773,2026,3,Rice Owls,Western Michigan Broncos,2026-09-19T23:00:00Z,2026-09-17T16:31:55.387383+00:00,home,9.5,-5.15,4.35
401856796,2026,3,Northwestern Wildcats,Colorado Buffaloes,2026-09-19T23:30:00Z,2026-09-17T16:31:55.387383+00:00,home,-3.5,12.87,9.37
401856688,2026,3,Ole Miss Rebels,LSU Tigers,2026-09-19T23:30:00Z,2026-09-17T16:31:55.387383+00:00,home,2.5,12.61,15.11
401858232,2026,3,Maryland Terrapins,Virginia Tech Hokies,2026-09-19T23:30:00Z,2026-09-17T16:31:55.387383+00:00,home,3.0,10.64,13.64
401858453,2026,3,Notre Dame Fighting Irish,Michigan State Spartans,2026-09-19T23:30:00Z,2026-09-17T16:31:55.387383+00:00,away,-29.5,21.85,-7.649999999999999
401856690,2026,3,Oklahoma Sooners,New Mexico Lobos,2026-09-19T23:30:00Z,2026-09-17T16:31:55.387383+00:00,away,-21.5,15.03,-6.470000000000001
401856692,2026,3,Tennessee Volunteers,Kennesaw State Owls,2026-09-19T23:45:00Z,2026-09-17T16:31:55.387383+00:00,away,-34.5,17.0,-17.5
401856799,2026,3,TCU Horned Frogs,Arkansas State Red Wolves,2026-09-20T00:00:00Z,2026-09-17T16:31:55.387383+00:00,away,-19.5,14.83,-4.67
401856693,2026,3,Texas Longhorns,UTSA Roadrunners,2026-09-20T00:00:00Z,2026-09-17T16:31:55.387383+00:00,away,-30.5,11.82,-18.68
401856793,2026,3,Arizona Wildcats,Northern Illinois Huskies,2026-09-20T02:30:00Z,2026-09-17T16:31:55.387383+00:00,away,-33.5,22.44,-11.059999999999999
401858458,2026,3,UCLA Bruins,Purdue Boilermakers,2026-09-20T03:00:00Z,2026-09-17T16:31:55.387383+00:00,away,-14.0,1.93,-12.07
401860897,2026,4,Western Michigan Broncos,Boise State Broncos,2026-09-26T16:00:00Z,2026-09-17T16:31:55.387383+00:00,home,7.5,0.68,8.18
401856704,2026,4,Tennessee Volunteers,Texas Longhorns,2026-09-26T16:00:00Z,2026-09-17T16:31:55.387383+00:00,home,4.5,2.84,7.34
401858462,2026,4,Maryland Terrapins,UCLA Bruins,2026-09-26T17:30:00Z,2026-09-17T16:31:55.387383+00:00,home,1.5,9.72,11.22
401856699,2026,4,Florida Gators,Ole Miss Rebels,2026-09-26T19:30:00Z,2026-09-17T16:31:55.387383+00:00,away,-1.5,-9.8,-11.3
401856700,2026,4,Georgia Bulldogs,Oklahoma Sooners,2026-09-26T19:30:00Z,2026-09-17T16:31:55.387383+00:00,away,-13.5,7.43,-6.07
401858463,2026,4,Michigan Wolverines,Iowa Hawkeyes,2026-09-26T19:30:00Z,2026-09-17T16:31:55.387383+00:00,away,-4.5,-1.15,-5.65
401856698,2026,4,Auburn Tigers,Vanderbilt Commodores,2026-09-26T20:15:00Z,2026-09-17T16:31:55.387383+00:00,away,-8.5,-2.07,-10.57
401858464,2026,4,Michigan State Spartans,Nebraska Cornhuskers,2026-09-26T21:00:00Z,2026-09-17T16:31:55.387383+00:00,home,5.5,-2.66,2.84
401858466,2026,4,Penn State Nittany Lions,Wisconsin Badgers,2026-09-26T21:00:00Z,2026-09-17T16:31:55.387383+00:00,home,-11.5,18.37,6.870000000000001
401856696,2026,4,Alabama Crimson Tide,South Carolina Gamecocks,2026-09-26T23:00:00Z,2026-09-17T16:31:55.387383+00:00,away,-11.5,9.46,-2.039999999999999
401856881,2026,4,West Virginia Mountaineers,Oklahoma State Cowboys,2026-09-26T23:00:00Z,2026-09-17T16:31:55.387383+00:00,home,2.5,9.07,11.57
401858469,2026,4,USC Trojans,Oregon Ducks,2026-09-26T23:00:00Z,2026-09-17T16:31:55.387383+00:00,away,-2.5,-2.27,-4.77
401856702,2026,4,LSU Tigers,Texas A&M Aggies,2026-09-26T23:30:00Z,2026-09-17T16:31:55.387383+00:00,away,-5.5,-3.19,-8.69
401856703,2026,4,Mississippi State Bulldogs,Missouri Tigers,2026-09-26T23:45:00Z,2026-09-17T16:31:55.387383+00:00,away,-1.5,-3.12,-4.62
401858225,2026,3,Pittsburgh Panthers,Syracuse Orange,2026-09-17T23:30:00Z,2026-09-17T17:30:06.572811+00:00,home,-10.5,17.72,7.219999999999999
401858226,2026,3,Wake Forest Demon Deacons,Miami Hurricanes,2026-09-18T23:30:00Z,2026-09-17T17:30:06.572811+00:00,home,21.0,-6.2,14.8
401856811,2026,3,Texas Tech Red Raiders,Houston Cougars,2026-09-19T00:00:00Z,2026-09-17T17:30:06.572811+00:00,home,-7.5,16.87,9.370000000000001
401858451,2026,3,Minnesota Golden Gophers,Akron Zips,2026-09-19T16:00:00Z,2026-09-17T17:30:06.572811+00:00,away,-23.5,13.72,-9.78
401856812,2026,3,Arizona State Sun Devils,Kansas Jayhawks,2026-09-19T16:00:00Z,2026-09-17T17:30:06.572811+00:00,away,-5.5,-0.13,-5.63
401856686,2026,3,Arkansas Razorbacks,Georgia Bulldogs,2026-09-19T16:00:00Z,2026-09-17T17:30:06.572811+00:00,home,24.5,-8.82,15.68
401856798,2026,3,Iowa State Cyclones,Bowling Green Falcons,2026-09-19T16:00:00Z,2026-09-17T17:30:06.572811+00:00,away,-23.5,18.37,-5.129999999999999
401858229,2026,3,Clemson Tigers,North Carolina Tar Heels,2026-09-19T16:00:00Z,2026-09-17T17:30:06.572811+00:00,home,-3.0,14.18,11.18
401856792,2026,3,Kansas State Wildcats,Tulane Green Wave,2026-09-19T16:00:00Z,2026-09-17T17:30:06.572811+00:00,away,-20.5,4.09,-16.41
401860889,2026,3,Texas State Bobcats,North Texas Mean Green,2026-09-19T16:00:00Z,2026-09-17T17:30:06.572811+00:00,away,-3.0,-3.91,-6.91
401858460,2026,3,Wisconsin Badgers,Eastern Michigan Eagles,2026-09-19T16:30:00Z,2026-09-17T17:30:06.572811+00:00,away,-23.5,10.38,-13.12
401856695,2026,3,Vanderbilt Commodores,NC State Wolfpack,2026-09-19T16:45:00Z,2026-09-17T17:30:06.572811+00:00,home,-3.0,13.79,10.79
401864508,2026,3,Central Michigan Chippewas,Wyoming Cowboys,2026-09-19T17:00:00Z,2026-09-17T17:30:06.572811+00:00,home,1.5,5.27,6.77
401862774,2026,3,Toledo Rockets,Temple Owls,2026-09-19T19:00:00Z,2026-09-17T17:30:06.572811+00:00,home,-6.0,10.9,4.9
401856685,2026,3,Alabama Crimson Tide,Florida State Seminoles,2026-09-19T19:30:00Z,2026-09-17T17:30:06.572811+00:00,away,-19.5,8.61,-10.89
401856797,2026,3,Cincinnati Bearcats,Miami (OH) RedHawks,2026-09-19T19:30:00Z,2026-09-17T17:30:06.572811+00:00,away,-16.5,8.81,-7.6899999999999995
401858457,2026,3,Rutgers Scarlet Knights,USC Trojans,2026-09-19T19:30:00Z,2026-09-17T17:30:06.572811+00:00,home,22.5,-6.79,15.71
401856801,2026,3,Utah Utes,Utah State Aggies,2026-09-19T19:30:00Z,2026-09-17T17:30:06.572811+00:00,away,-27.5,20.21,-7.289999999999999
401867804,2026,3,Baylor Bears,Louisiana Tech Bulldogs,2026-09-19T20:00:00Z,2026-09-17T17:30:06.572811+00:00,away,-17.5,5.4,-12.1
401858231,2026,3,Duke Blue Devils,Stanford Cardinal,2026-09-19T20:00:00Z,2026-09-17T17:30:06.572811+00:00,home,-10.0,15.69,5.6899999999999995
401871047,2026,3,Missouri State Bears,Marshall Thundering Herd,2026-09-19T22:30:00Z,2026-09-17T17:30:06.572811+00:00,home,4.0,-0.43,3.57
401856687,2026,3,Auburn Tigers,Florida Gators,2026-09-19T23:00:00Z,2026-09-17T17:30:06.572811+00:00,home,2.5,8.94,11.44
401869948,2026,3,Jacksonville State Gamecocks,Georgia Southern Eagles,2026-09-19T23:00:00Z,2026-09-17T17:30:06.572811+00:00,home,-3.5,5.4,1.9000000000000004
401864443,2026,3,Middle Tennessee Blue Raiders,Nevada Wolf Pack,2026-09-19T23:00:00Z,2026-09-17T17:30:06.572811+00:00,home,3.5,1.93,5.43
401856689,2026,3,Missouri Tigers,Troy Trojans,2026-09-19T23:00:00Z,2026-09-17T17:30:06.572811+00:00,away,-27.5,16.21,-11.29
401866423,2026,3,South Alabama Jaguars,Ohio Bobcats,2026-09-19T23:00:00Z,2026-09-17T17:30:06.572811+00:00,away,-7.0,-2.07,-9.07
401862773,2026,3,Rice Owls,Western Michigan Broncos,2026-09-19T23:00:00Z,2026-09-17T17:30:06.572811+00:00,home,9.5,-5.15,4.35
401856796,2026,3,Northwestern Wildcats,Colorado Buffaloes,2026-09-19T23:30:00Z,2026-09-17T17:30:06.572811+00:00,home,-3.5,12.87,9.37
401856688,2026,3,Ole Miss Rebels,LSU Tigers,2026-09-19T23:30:00Z,2026-09-17T17:30:06.572811+00:00,home,2.5,12.61,15.11
401858232,2026,3,Maryland Terrapins,Virginia Tech Hokies,2026-09-19T23:30:00Z,2026-09-17T17:30:06.572811+00:00,home,3.0,10.64,13.64
401858453,2026,3,Notre Dame Fighting Irish,Michigan State Spartans,2026-09-19T23:30:00Z,2026-09-17T17:30:06.572811+00:00,away,-29.5,21.85,-7.649999999999999
401856690,2026,3,Oklahoma Sooners,New Mexico Lobos,2026-09-19T23:30:00Z,2026-09-17T17:30:06.572811+00:00,away,-21.5,15.03,-6.470000000000001
401856692,2026,3,Tennessee Volunteers,Kennesaw State Owls,2026-09-19T23:45:00Z,2026-09-17T17:30:06.572811+00:00,away,-35.5,17.0,-18.5
401856799,2026,3,TCU Horned Frogs,Arkansas State Red Wolves,2026-09-20T00:00:00Z,2026-09-17T17:30:06.572811+00:00,away,-19.5,14.83,-4.67
401856693,2026,3,Texas Longhorns,UTSA Roadrunners,2026-09-20T00:00:00Z,2026-09-17T17:30:06.572811+00:00,away,-30.5,11.82,-18.68
401856793,2026,3,Arizona Wildcats,Northern Illinois Huskies,2026-09-20T02:30:00Z,2026-09-17T17:30:06.572811+00:00,away,-33.5,22.44,-11.059999999999999
401858458,2026,3,UCLA Bruins,Purdue Boilermakers,2026-09-20T03:00:00Z,2026-09-17T17:30:06.572811+00:00,away,-14.0,1.93,-12.07
401860897,2026,4,Western Michigan Broncos,Boise State Broncos,2026-09-26T16:00:00Z,2026-09-17T17:30:06.572811+00:00,home,7.5,0.68,8.18
401856704,2026,4,Tennessee Volunteers,Texas Longhorns,2026-09-26T16:00:00Z,2026-09-17T17:30:06.572811+00:00,home,4.5,2.84,7.34
401858462,2026,4,Maryland Terrapins,UCLA Bruins,2026-09-26T17:30:00Z,2026-09-17T17:30:06.572811+00:00,home,1.5,9.72,11.22
401856699,2026,4,Florida Gators,Ole Miss Rebels,2026-09-26T19:30:00Z,2026-09-17T17:30:06.572811+00:00,away,-1.5,-9.8,-11.3
401856700,2026,4,Georgia Bulldogs,Oklahoma Sooners,2026-09-26T19:30:00Z,2026-09-17T17:30:06.572811+00:00,away,-13.5,7.43,-6.07
401858463,2026,4,Michigan Wolverines,Iowa Hawkeyes,2026-09-26T19:30:00Z,2026-09-17T17:30:06.572811+00:00,away,-4.5,-1.15,-5.65
401856698,2026,4,Auburn Tigers,Vanderbilt Commodores,2026-09-26T20:15:00Z,2026-09-17T17:30:06.572811+00:00,away,-8.5,-2.07,-10.57
401858464,2026,4,Michigan State Spartans,Nebraska Cornhuskers,2026-09-26T21:00:00Z,2026-09-17T17:30:06.572811+00:00,home,5.5,-2.66,2.84
401858466,2026,4,Penn State Nittany Lions,Wisconsin Badgers,2026-09-26T21:00:00Z,2026-09-17T17:30:06.572811+00:00,home,-11.5,18.37,6.870000000000001
401856696,2026,4,Alabama Crimson Tide,South Carolina Gamecocks,2026-09-26T23:00:00Z,2026-09-17T17:30:06.572811+00:00,away,-11.5,9.46,-2.039999999999999
401856881,2026,4,West Virginia Mountaineers,Oklahoma State Cowboys,2026-09-26T23:00:00Z,2026-09-17T17:30:06.572811+00:00,home,2.5,9.07,11.57
401858469,2026,4,USC Trojans,Oregon Ducks,2026-09-26T23:00:00Z,2026-09-17T17:30:06.572811+00:00,away,-2.5,-2.27,-4.77
401856702,2026,4,LSU Tigers,Texas A&M Aggies,2026-09-26T23:30:00Z,2026-09-17T17:30:06.572811+00:00,away,-5.5,-3.19,-8.69
401856703,2026,4,Mississippi State Bulldogs,Missouri Tigers,2026-09-26T23:45:00Z,2026-09-17T17:30:06.572811+00:00,away,-1.5,-3.12,-4.62
401858225,2026,3,Pittsburgh Panthers,Syracuse Orange,2026-09-17T23:30:00Z,2026-09-17T19:06:47.325671+00:00,home,-10.5,17.72,7.219999999999999
401858226,2026,3,Wake Forest Demon Deacons,Miami Hurricanes,2026-09-18T23:30:00Z,2026-09-17T19:06:47.325671+00:00,home,21.0,-6.2,14.8
401856811,2026,3,Texas Tech Red Raiders,Houston Cougars,2026-09-19T00:00:00Z,2026-09-17T19:06:47.325671+00:00,home,-7.5,16.87,9.370000000000001
401858451,2026,3,Minnesota Golden Gophers,Akron Zips,2026-09-19T16:00:00Z,2026-09-17T19:06:47.325671+00:00,away,-23.5,13.72,-9.78
401856812,2026,3,Arizona State Sun Devils,Kansas Jayhawks,2026-09-19T16:00:00Z,2026-09-17T19:06:47.325671+00:00,away,-5.5,-0.13,-5.63
401856686,2026,3,Arkansas Razorbacks,Georgia Bulldogs,2026-09-19T16:00:00Z,2026-09-17T19:06:47.325671+00:00,home,24.5,-8.82,15.68
401856798,2026,3,Iowa State Cyclones,Bowling Green Falcons,2026-09-19T16:00:00Z,2026-09-17T19:06:47.325671+00:00,away,-23.5,18.37,-5.129999999999999
401858229,2026,3,Clemson Tigers,North Carolina Tar Heels,2026-09-19T16:00:00Z,2026-09-17T19:06:47.325671+00:00,home,-3.0,14.18,11.18
401856792,2026,3,Kansas State Wildcats,Tulane Green Wave,2026-09-19T16:00:00Z,2026-09-17T19:06:47.325671+00:00,away,-20.5,4.09,-16.41
401860889,2026,3,Texas State Bobcats,North Texas Mean Green,2026-09-19T16:00:00Z,2026-09-17T19:06:47.325671+00:00,away,-3.0,-3.91,-6.91
401858460,2026,3,Wisconsin Badgers,Eastern Michigan Eagles,2026-09-19T16:30:00Z,2026-09-17T19:06:47.325671+00:00,away,-23.5,10.38,-13.12
401856695,2026,3,Vanderbilt Commodores,NC State Wolfpack,2026-09-19T16:45:00Z,2026-09-17T19:06:47.325671+00:00,home,-3.0,13.79,10.79
401864508,2026,3,Central Michigan Chippewas,Wyoming Cowboys,2026-09-19T17:00:00Z,2026-09-17T19:06:47.325671+00:00,home,1.5,5.27,6.77
401862774,2026,3,Toledo Rockets,Temple Owls,2026-09-19T19:00:00Z,2026-09-17T19:06:47.325671+00:00,home,-6.0,10.9,4.9
401856685,2026,3,Alabama Crimson Tide,Florida State Seminoles,2026-09-19T19:30:00Z,2026-09-17T19:06:47.325671+00:00,away,-19.5,8.61,-10.89
401856797,2026,3,Cincinnati Bearcats,Miami (OH) RedHawks,2026-09-19T19:30:00Z,2026-09-17T19:06:47.325671+00:00,away,-16.5,8.81,-7.6899999999999995
401858457,2026,3,Rutgers Scarlet Knights,USC Trojans,2026-09-19T19:30:00Z,2026-09-17T19:06:47.325671+00:00,home,22.5,-6.79,15.71
401856801,2026,3,Utah Utes,Utah State Aggies,2026-09-19T19:30:00Z,2026-09-17T19:06:47.325671+00:00,away,-27.5,20.21,-7.289999999999999
401867804,2026,3,Baylor Bears,Louisiana Tech Bulldogs,2026-09-19T20:00:00Z,2026-09-17T19:06:47.325671+00:00,away,-19.5,5.4,-14.1
401858231,2026,3,Duke Blue Devils,Stanford Cardinal,2026-09-19T20:00:00Z,2026-09-17T19:06:47.325671+00:00,home,-10.0,15.69,5.6899999999999995
401871047,2026,3,Missouri State Bears,Marshall Thundering Herd,2026-09-19T22:30:00Z,2026-09-17T19:06:47.325671+00:00,home,4.0,-0.43,3.57
401856687,2026,3,Auburn Tigers,Florida Gators,2026-09-19T23:00:00Z,2026-09-17T19:06:47.325671+00:00,home,2.5,8.94,11.44
401869948,2026,3,Jacksonville State Gamecocks,Georgia Southern Eagles,2026-09-19T23:00:00Z,2026-09-17T19:06:47.325671+00:00,home,-3.5,5.4,1.9000000000000004
401864443,2026,3,Middle Tennessee Blue Raiders,Nevada Wolf Pack,2026-09-19T23:00:00Z,2026-09-17T19:06:47.325671+00:00,home,3.5,1.93,5.43
401856689,2026,3,Missouri Tigers,Troy Trojans,2026-09-19T23:00:00Z,2026-09-17T19:06:47.325671+00:00,away,-27.5,16.21,-11.29
401866423,2026,3,South Alabama Jaguars,Ohio Bobcats,2026-09-19T23:00:00Z,2026-09-17T19:06:47.325671+00:00,away,-7.0,-2.07,-9.07
401862773,2026,3,Rice Owls,Western Michigan Broncos,2026-09-19T23:00:00Z,2026-09-17T19:06:47.325671+00:00,home,9.5,-5.15,4.35
401856796,2026,3,Northwestern Wildcats,Colorado Buffaloes,2026-09-19T23:30:00Z,2026-09-17T19:06:47.325671+00:00,home,-3.5,12.87,9.37
401856688,2026,3,Ole Miss Rebels,LSU Tigers,2026-09-19T23:30:00Z,2026-09-17T19:06:47.325671+00:00,home,2.5,12.61,15.11
401858232,2026,3,Maryland Terrapins,Virginia Tech Hokies,2026-09-19T23:30:00Z,2026-09-17T19:06:47.325671+00:00,home,3.0,10.64,13.64
401858453,2026,3,Notre Dame Fighting Irish,Michigan State Spartans,2026-09-19T23:30:00Z,2026-09-17T19:06:47.325671+00:00,away,-29.5,21.85,-7.649999999999999
401856690,2026,3,Oklahoma Sooners,New Mexico Lobos,2026-09-19T23:30:00Z,2026-09-17T19:06:47.325671+00:00,away,-21.5,15.03,-6.470000000000001
401856692,2026,3,Tennessee Volunteers,Kennesaw State Owls,2026-09-19T23:45:00Z,2026-09-17T19:06:47.325671+00:00,away,-35.5,17.0,-18.5
401856799,2026,3,TCU Horned Frogs,Arkansas State Red Wolves,2026-09-20T00:00:00Z,2026-09-17T19:06:47.325671+00:00,away,-19.5,14.83,-4.67
401856693,2026,3,Texas Longhorns,UTSA Roadrunners,2026-09-20T00:00:00Z,2026-09-17T19:06:47.325671+00:00,away,-29.5,11.82,-17.68
401856793,2026,3,Arizona Wildcats,Northern Illinois Huskies,2026-09-20T02:30:00Z,2026-09-17T19:06:47.325671+00:00,away,-33.5,22.44,-11.059999999999999
401858458,2026,3,UCLA Bruins,Purdue Boilermakers,2026-09-20T03:00:00Z,2026-09-17T19:06:47.325671+00:00,away,-14.0,1.93,-12.07
401860897,2026,4,Western Michigan Broncos,Boise State Broncos,2026-09-26T16:00:00Z,2026-09-17T19:06:47.325671+00:00,home,7.5,0.68,8.18
401858465,2026,4,Ohio State Buckeyes,Illinois Fighting Illini,2026-09-26T16:00:00Z,2026-09-17T19:06:47.325671+00:00,away,-26.5,14.9,-11.6
401856704,2026,4,Tennessee Volunteers,Texas Longhorns,2026-09-26T16:00:00Z,2026-09-17T19:06:47.325671+00:00,home,4.5,2.84,7.34
401858462,2026,4,Maryland Terrapins,UCLA Bruins,2026-09-26T17:30:00Z,2026-09-17T19:06:47.325671+00:00,home,1.5,9.72,11.22
401856699,2026,4,Florida Gators,Ole Miss Rebels,2026-09-26T19:30:00Z,2026-09-17T19:06:47.325671+00:00,away,-1.5,-9.8,-11.3
401856700,2026,4,Georgia Bulldogs,Oklahoma Sooners,2026-09-26T19:30:00Z,2026-09-17T19:06:47.325671+00:00,away,-13.5,7.43,-6.07
401858463,2026,4,Michigan Wolverines,Iowa Hawkeyes,2026-09-26T19:30:00Z,2026-09-17T19:06:47.325671+00:00,away,-4.5,-1.15,-5.65
401858470,2026,4,Washington Huskies,Minnesota Golden Gophers,2026-09-26T19:30:00Z,2026-09-17T19:06:47.325671+00:00,home,-8.5,14.7,6.199999999999999
401856698,2026,4,Auburn Tigers,Vanderbilt Commodores,2026-09-26T20:15:00Z,2026-09-17T19:06:47.325671+00:00,away,-8.5,-2.07,-10.57
401858464,2026,4,Michigan State Spartans,Nebraska Cornhuskers,2026-09-26T21:00:00Z,2026-09-17T19:06:47.325671+00:00,home,5.5,-2.66,2.84
401858466,2026,4,Penn State Nittany Lions,Wisconsin Badgers,2026-09-26T21:00:00Z,2026-09-17T19:06:47.325671+00:00,home,-11.5,18.37,6.870000000000001
401856696,2026,4,Alabama Crimson Tide,South Carolina Gamecocks,2026-09-26T23:00:00Z,2026-09-17T19:06:47.325671+00:00,away,-11.5,9.46,-2.039999999999999
401856881,2026,4,West Virginia Mountaineers,Oklahoma State Cowboys,2026-09-26T23:00:00Z,2026-09-17T19:06:47.325671+00:00,home,2.5,9.07,11.57
401858469,2026,4,USC Trojans,Oregon Ducks,2026-09-26T23:00:00Z,2026-09-17T19:06:47.325671+00:00,away,-2.5,-2.27,-4.77
401856702,2026,4,LSU Tigers,Texas A&M Aggies,2026-09-26T23:30:00Z,2026-09-17T19:06:47.325671+00:00,away,-5.5,-3.19,-8.69
401856703,2026,4,Mississippi State Bulldogs,Missouri Tigers,2026-09-26T23:45:00Z,2026-09-17T19:06:47.325671+00:00,away,-1.5,-3.12,-4.62
401858225,2026,3,Pittsburgh Panthers,Syracuse Orange,2026-09-17T23:30:00Z,2026-09-17T19:57:13.293006+00:00,home,-10.5,17.72,7.219999999999999
401858226,2026,3,Wake Forest Demon Deacons,Miami Hurricanes,2026-09-18T23:30:00Z,2026-09-17T19:57:13.293006+00:00,home,21.0,-6.2,14.8
401856811,2026,3,Texas Tech Red Raiders,Houston Cougars,2026-09-19T00:00:00Z,2026-09-17T19:57:13.293006+00:00,home,-7.5,16.87,9.370000000000001
401869940,2026,3,Delaware Blue Hens,Coastal Carolina Chanticleers,2026-09-19T15:30:00Z,2026-09-17T19:57:13.293006+00:00,home,-4.0,6.38,2.38
401858451,2026,3,Minnesota Golden Gophers,Akron Zips,2026-09-19T16:00:00Z,2026-09-17T19:57:13.293006+00:00,away,-23.5,13.72,-9.78
401856812,2026,3,Arizona State Sun Devils,Kansas Jayhawks,2026-09-19T16:00:00Z,2026-09-17T19:57:13.293006+00:00,away,-5.5,-0.13,-5.63
401856686,2026,3,Arkansas Razorbacks,Georgia Bulldogs,2026-09-19T16:00:00Z,2026-09-17T19:57:13.293006+00:00,home,24.5,-8.82,15.68
401856798,2026,3,Iowa State Cyclones,Bowling Green Falcons,2026-09-19T16:00:00Z,2026-09-17T19:57:13.293006+00:00,away,-23.5,18.37,-5.129999999999999
401858229,2026,3,Clemson Tigers,North Carolina Tar Heels,2026-09-19T16:00:00Z,2026-09-17T19:57:13.293006+00:00,home,-3.0,14.18,11.18
401856792,2026,3,Kansas State Wildcats,Tulane Green Wave,2026-09-19T16:00:00Z,2026-09-17T19:57:13.293006+00:00,away,-20.5,4.09,-16.41
401860889,2026,3,Texas State Bobcats,North Texas Mean Green,2026-09-19T16:00:00Z,2026-09-17T19:57:13.293006+00:00,away,-3.0,-3.91,-6.91
401858460,2026,3,Wisconsin Badgers,Eastern Michigan Eagles,2026-09-19T16:30:00Z,2026-09-17T19:57:13.293006+00:00,away,-23.5,10.38,-13.12
401856695,2026,3,Vanderbilt Commodores,NC State Wolfpack,2026-09-19T16:45:00Z,2026-09-17T19:57:13.293006+00:00,home,-3.0,13.79,10.79
401864508,2026,3,Central Michigan Chippewas,Wyoming Cowboys,2026-09-19T17:00:00Z,2026-09-17T19:57:13.293006+00:00,home,1.5,5.27,6.77
401862774,2026,3,Toledo Rockets,Temple Owls,2026-09-19T19:00:00Z,2026-09-17T19:57:13.293006+00:00,home,-6.0,10.9,4.9
401856685,2026,3,Alabama Crimson Tide,Florida State Seminoles,2026-09-19T19:30:00Z,2026-09-17T19:57:13.293006+00:00,away,-19.5,8.61,-10.89
401856797,2026,3,Cincinnati Bearcats,Miami (OH) RedHawks,2026-09-19T19:30:00Z,2026-09-17T19:57:13.293006+00:00,away,-16.5,8.81,-7.6899999999999995
401858457,2026,3,Rutgers Scarlet Knights,USC Trojans,2026-09-19T19:30:00Z,2026-09-17T19:57:13.293006+00:00,home,21.5,-6.79,14.71
401856801,2026,3,Utah Utes,Utah State Aggies,2026-09-19T19:30:00Z,2026-09-17T19:57:13.293006+00:00,away,-27.5,20.21,-7.289999999999999
401867804,2026,3,Baylor Bears,Louisiana Tech Bulldogs,2026-09-19T20:00:00Z,2026-09-17T19:57:13.293006+00:00,away,-19.5,5.4,-14.1
401858231,2026,3,Duke Blue Devils,Stanford Cardinal,2026-09-19T20:00:00Z,2026-09-17T19:57:13.293006+00:00,home,-10.0,15.69,5.6899999999999995
401871047,2026,3,Missouri State Bears,Marshall Thundering Herd,2026-09-19T22:30:00Z,2026-09-17T19:57:13.293006+00:00,home,4.0,-0.43,3.57
401856687,2026,3,Auburn Tigers,Florida Gators,2026-09-19T23:00:00Z,2026-09-17T19:57:13.293006+00:00,home,2.5,8.94,11.44
401869948,2026,3,Jacksonville State Gamecocks,Georgia Southern Eagles,2026-09-19T23:00:00Z,2026-09-17T19:57:13.293006+00:00,home,-3.5,5.4,1.9000000000000004
401864443,2026,3,Middle Tennessee Blue Raiders,Nevada Wolf Pack,2026-09-19T23:00:00Z,2026-09-17T19:57:13.293006+00:00,home,3.5,1.93,5.43
401856689,2026,3,Missouri Tigers,Troy Trojans,2026-09-19T23:00:00Z,2026-09-17T19:57:13.293006+00:00,away,-27.5,16.21,-11.29
401866423,2026,3,South Alabama Jaguars,Ohio Bobcats,2026-09-19T23:00:00Z,2026-09-17T19:57:13.293006+00:00,away,-7.0,-2.07,-9.07
401862773,2026,3,Rice Owls,Western Michigan Broncos,2026-09-19T23:00:00Z,2026-09-17T19:57:13.293006+00:00,home,9.5,-5.15,4.35
401856796,2026,3,Northwestern Wildcats,Colorado Buffaloes,2026-09-19T23:30:00Z,2026-09-17T19:57:13.293006+00:00,home,-3.5,12.87,9.37
401856688,2026,3,Ole Miss Rebels,LSU Tigers,2026-09-19T23:30:00Z,2026-09-17T19:57:13.293006+00:00,home,2.5,12.61,15.11
401858232,2026,3,Maryland Terrapins,Virginia Tech Hokies,2026-09-19T23:30:00Z,2026-09-17T19:57:13.293006+00:00,home,3.0,10.64,13.64
401858453,2026,3,Notre Dame Fighting Irish,Michigan State Spartans,2026-09-19T23:30:00Z,2026-09-17T19:57:13.293006+00:00,away,-29.5,21.85,-7.649999999999999
401856690,2026,3,Oklahoma Sooners,New Mexico Lobos,2026-09-19T23:30:00Z,2026-09-17T19:57:13.293006+00:00,away,-21.5,15.03,-6.470000000000001
401856692,2026,3,Tennessee Volunteers,Kennesaw State Owls,2026-09-19T23:45:00Z,2026-09-17T19:57:13.293006+00:00,away,-35.5,17.0,-18.5
401856799,2026,3,TCU Horned Frogs,Arkansas State Red Wolves,2026-09-20T00:00:00Z,2026-09-17T19:57:13.293006+00:00,away,-18.5,14.83,-3.67
401856693,2026,3,Texas Longhorns,UTSA Roadrunners,2026-09-20T00:00:00Z,2026-09-17T19:57:13.293006+00:00,away,-29.5,11.82,-17.68
401856793,2026,3,Arizona Wildcats,Northern Illinois Huskies,2026-09-20T02:30:00Z,2026-09-17T19:57:13.293006+00:00,away,-33.5,22.44,-11.059999999999999
401858458,2026,3,UCLA Bruins,Purdue Boilermakers,2026-09-20T03:00:00Z,2026-09-17T19:57:13.293006+00:00,away,-14.0,1.93,-12.07
401860897,2026,4,Western Michigan Broncos,Boise State Broncos,2026-09-26T16:00:00Z,2026-09-17T19:57:13.293006+00:00,home,7.5,0.68,8.18
401858465,2026,4,Ohio State Buckeyes,Illinois Fighting Illini,2026-09-26T16:00:00Z,2026-09-17T19:57:13.293006+00:00,away,-26.5,14.9,-11.6
401856704,2026,4,Tennessee Volunteers,Texas Longhorns,2026-09-26T16:00:00Z,2026-09-17T19:57:13.293006+00:00,home,4.5,2.84,7.34
401858462,2026,4,Maryland Terrapins,UCLA Bruins,2026-09-26T17:30:00Z,2026-09-17T19:57:13.293006+00:00,home,1.5,9.72,11.22
401856699,2026,4,Florida Gators,Ole Miss Rebels,2026-09-26T19:30:00Z,2026-09-17T19:57:13.293006+00:00,away,-1.5,-9.8,-11.3
401856700,2026,4,Georgia Bulldogs,Oklahoma Sooners,2026-09-26T19:30:00Z,2026-09-17T19:57:13.293006+00:00,away,-13.5,7.43,-6.07
401858463,2026,4,Michigan Wolverines,Iowa Hawkeyes,2026-09-26T19:30:00Z,2026-09-17T19:57:13.293006+00:00,away,-4.5,-1.15,-5.65
401858470,2026,4,Washington Huskies,Minnesota Golden Gophers,2026-09-26T19:30:00Z,2026-09-17T19:57:13.293006+00:00,home,-8.5,14.7,6.199999999999999
401856698,2026,4,Auburn Tigers,Vanderbilt Commodores,2026-09-26T20:15:00Z,2026-09-17T19:57:13.293006+00:00,away,-8.5,-2.07,-10.57
401858464,2026,4,Michigan State Spartans,Nebraska Cornhuskers,2026-09-26T21:00:00Z,2026-09-17T19:57:13.293006+00:00,home,5.5,-2.66,2.84
401858466,2026,4,Penn State Nittany Lions,Wisconsin Badgers,2026-09-26T21:00:00Z,2026-09-17T19:57:13.293006+00:00,home,-11.5,18.37,6.870000000000001
401856696,2026,4,Alabama Crimson Tide,South Carolina Gamecocks,2026-09-26T23:00:00Z,2026-09-17T19:57:13.293006+00:00,away,-11.5,9.46,-2.039999999999999
401856881,2026,4,West Virginia Mountaineers,Oklahoma State Cowboys,2026-09-26T23:00:00Z,2026-09-17T19:57:13.293006+00:00,home,2.5,9.07,11.57
401858469,2026,4,USC Trojans,Oregon Ducks,2026-09-26T23:00:00Z,2026-09-17T19:57:13.293006+00:00,away,-2.5,-2.27,-4.77
401856702,2026,4,LSU Tigers,Texas A&M Aggies,2026-09-26T23:30:00Z,2026-09-17T19:57:13.293006+00:00,away,-5.5,-3.19,-8.69
401856703,2026,4,Mississippi State Bulldogs,Missouri Tigers,2026-09-26T23:45:00Z,2026-09-17T19:57:13.293006+00:00,away,-1.5,-3.12,-4.62
401858225,2026,3,Pittsburgh Panthers,Syracuse Orange,2026-09-17T23:30:00Z,2026-09-17T20:32:28.811610+00:00,home,-10.5,17.72,7.219999999999999
401858226,2026,3,Wake Forest Demon Deacons,Miami Hurricanes,2026-09-18T23:30:00Z,2026-09-17T20:32:28.811610+00:00,home,21.0,-6.2,14.8
401856811,2026,3,Texas Tech Red Raiders,Houston Cougars,2026-09-19T00:00:00Z,2026-09-17T20:32:28.811610+00:00,home,-7.5,16.87,9.370000000000001
401869940,2026,3,Delaware Blue Hens,Coastal Carolina Chanticleers,2026-09-19T15:30:00Z,2026-09-17T20:32:28.811610+00:00,home,-4.0,6.38,2.38
401858451,2026,3,Minnesota Golden Gophers,Akron Zips,2026-09-19T16:00:00Z,2026-09-17T20:32:28.811610+00:00,away,-23.5,13.72,-9.78
401856812,2026,3,Arizona State Sun Devils,Kansas Jayhawks,2026-09-19T16:00:00Z,2026-09-17T20:32:28.811610+00:00,away,-5.5,-0.13,-5.63
401856686,2026,3,Arkansas Razorbacks,Georgia Bulldogs,2026-09-19T16:00:00Z,2026-09-17T20:32:28.811610+00:00,home,24.5,-8.82,15.68
401856798,2026,3,Iowa State Cyclones,Bowling Green Falcons,2026-09-19T16:00:00Z,2026-09-17T20:32:28.811610+00:00,away,-24.5,18.37,-6.129999999999999
401858229,2026,3,Clemson Tigers,North Carolina Tar Heels,2026-09-19T16:00:00Z,2026-09-17T20:32:28.811610+00:00,home,-3.0,14.18,11.18
401856792,2026,3,Kansas State Wildcats,Tulane Green Wave,2026-09-19T16:00:00Z,2026-09-17T20:32:28.811610+00:00,away,-20.5,4.09,-16.41
401860889,2026,3,Texas State Bobcats,North Texas Mean Green,2026-09-19T16:00:00Z,2026-09-17T20:32:28.811610+00:00,away,-3.0,-3.91,-6.91
401858460,2026,3,Wisconsin Badgers,Eastern Michigan Eagles,2026-09-19T16:30:00Z,2026-09-17T20:32:28.811610+00:00,away,-23.5,10.38,-13.12
401856695,2026,3,Vanderbilt Commodores,NC State Wolfpack,2026-09-19T16:45:00Z,2026-09-17T20:32:28.811610+00:00,home,-3.0,13.79,10.79
401864508,2026,3,Central Michigan Chippewas,Wyoming Cowboys,2026-09-19T17:00:00Z,2026-09-17T20:32:28.811610+00:00,home,1.5,5.27,6.77
401862774,2026,3,Toledo Rockets,Temple Owls,2026-09-19T19:00:00Z,2026-09-17T20:32:28.811610+00:00,home,-6.0,10.9,4.9
401856685,2026,3,Alabama Crimson Tide,Florida State Seminoles,2026-09-19T19:30:00Z,2026-09-17T20:32:28.811610+00:00,away,-19.5,8.61,-10.89
401856797,2026,3,Cincinnati Bearcats,Miami (OH) RedHawks,2026-09-19T19:30:00Z,2026-09-17T20:32:28.811610+00:00,away,-16.5,8.81,-7.6899999999999995
401858457,2026,3,Rutgers Scarlet Knights,USC Trojans,2026-09-19T19:30:00Z,2026-09-17T20:32:28.811610+00:00,home,21.5,-6.79,14.71
401856801,2026,3,Utah Utes,Utah State Aggies,2026-09-19T19:30:00Z,2026-09-17T20:32:28.811610+00:00,away,-27.5,20.21,-7.289999999999999
401867804,2026,3,Baylor Bears,Louisiana Tech Bulldogs,2026-09-19T20:00:00Z,2026-09-17T20:32:28.811610+00:00,away,-20.5,5.4,-15.1
401858231,2026,3,Duke Blue Devils,Stanford Cardinal,2026-09-19T20:00:00Z,2026-09-17T20:32:28.811610+00:00,home,-10.0,15.69,5.6899999999999995
401871047,2026,3,Missouri State Bears,Marshall Thundering Herd,2026-09-19T22:30:00Z,2026-09-17T20:32:28.811610+00:00,home,4.0,-0.43,3.57
401856687,2026,3,Auburn Tigers,Florida Gators,2026-09-19T23:00:00Z,2026-09-17T20:32:28.811610+00:00,home,2.5,8.94,11.44
401869948,2026,3,Jacksonville State Gamecocks,Georgia Southern Eagles,2026-09-19T23:00:00Z,2026-09-17T20:32:28.811610+00:00,home,-3.5,5.4,1.9000000000000004
401864443,2026,3,Middle Tennessee Blue Raiders,Nevada Wolf Pack,2026-09-19T23:00:00Z,2026-09-17T20:32:28.811610+00:00,home,3.5,1.93,5.43
401856689,2026,3,Missouri Tigers,Troy Trojans,2026-09-19T23:00:00Z,2026-09-17T20:32:28.811610+00:00,away,-27.5,16.21,-11.29
401866423,2026,3,South Alabama Jaguars,Ohio Bobcats,2026-09-19T23:00:00Z,2026-09-17T20:32:28.811610+00:00,away,-7.0,-2.07,-9.07
401862773,2026,3,Rice Owls,Western Michigan Broncos,2026-09-19T23:00:00Z,2026-09-17T20:32:28.811610+00:00,home,9.5,-5.15,4.35
401856796,2026,3,Northwestern Wildcats,Colorado Buffaloes,2026-09-19T23:30:00Z,2026-09-17T20:32:28.811610+00:00,home,-3.5,12.87,9.37
401856688,2026,3,Ole Miss Rebels,LSU Tigers,2026-09-19T23:30:00Z,2026-09-17T20:32:28.811610+00:00,home,2.5,12.61,15.11
401858232,2026,3,Maryland Terrapins,Virginia Tech Hokies,2026-09-19T23:30:00Z,2026-09-17T20:32:28.811610+00:00,home,3.0,10.64,13.64
401858453,2026,3,Notre Dame Fighting Irish,Michigan State Spartans,2026-09-19T23:30:00Z,2026-09-17T20:32:28.811610+00:00,away,-29.5,21.85,-7.649999999999999
401856690,2026,3,Oklahoma Sooners,New Mexico Lobos,2026-09-19T23:30:00Z,2026-09-17T20:32:28.811610+00:00,away,-21.5,15.03,-6.470000000000001
401856692,2026,3,Tennessee Volunteers,Kennesaw State Owls,2026-09-19T23:45:00Z,2026-09-17T20:32:28.811610+00:00,away,-35.5,17.0,-18.5
401856799,2026,3,TCU Horned Frogs,Arkansas State Red Wolves,2026-09-20T00:00:00Z,2026-09-17T20:32:28.811610+00:00,away,-19.5,14.83,-4.67
401856693,2026,3,Texas Longhorns,UTSA Roadrunners,2026-09-20T00:00:00Z,2026-09-17T20:32:28.811610+00:00,away,-29.5,11.82,-17.68
401856793,2026,3,Arizona Wildcats,Northern Illinois Huskies,2026-09-20T02:30:00Z,2026-09-17T20:32:28.811610+00:00,away,-33.5,22.44,-11.059999999999999
401858458,2026,3,UCLA Bruins,Purdue Boilermakers,2026-09-20T03:00:00Z,2026-09-17T20:32:28.811610+00:00,away,-14.0,1.93,-12.07
401860897,2026,4,Western Michigan Broncos,Boise State Broncos,2026-09-26T16:00:00Z,2026-09-17T20:32:28.811610+00:00,home,7.5,0.68,8.18
401858465,2026,4,Ohio State Buckeyes,Illinois Fighting Illini,2026-09-26T16:00:00Z,2026-09-17T20:32:28.811610+00:00,away,-26.5,14.9,-11.6
401856704,2026,4,Tennessee Volunteers,Texas Longhorns,2026-09-26T16:00:00Z,2026-09-17T20:32:28.811610+00:00,home,4.5,2.84,7.34
401858462,2026,4,Maryland Terrapins,UCLA Bruins,2026-09-26T17:30:00Z,2026-09-17T20:32:28.811610+00:00,home,1.5,9.72,11.22
401856699,2026,4,Florida Gators,Ole Miss Rebels,2026-09-26T19:30:00Z,2026-09-17T20:32:28.811610+00:00,away,-1.5,-9.8,-11.3
401856700,2026,4,Georgia Bulldogs,Oklahoma Sooners,2026-09-26T19:30:00Z,2026-09-17T20:32:28.811610+00:00,away,-13.5,7.43,-6.07
401858463,2026,4,Michigan Wolverines,Iowa Hawkeyes,2026-09-26T19:30:00Z,2026-09-17T20:32:28.811610+00:00,away,-4.5,-1.15,-5.65
401858470,2026,4,Washington Huskies,Minnesota Golden Gophers,2026-09-26T19:30:00Z,2026-09-17T20:32:28.811610+00:00,home,-7.5,14.7,7.199999999999999
401856698,2026,4,Auburn Tigers,Vanderbilt Commodores,2026-09-26T20:15:00Z,2026-09-17T20:32:28.811610+00:00,away,-8.5,-2.07,-10.57
401858464,2026,4,Michigan State Spartans,Nebraska Cornhuskers,2026-09-26T21:00:00Z,2026-09-17T20:32:28.811610+00:00,home,5.5,-2.66,2.84
401858466,2026,4,Penn State Nittany Lions,Wisconsin Badgers,2026-09-26T21:00:00Z,2026-09-17T20:32:28.811610+00:00,home,-11.5,18.37,6.870000000000001
401856696,2026,4,Alabama Crimson Tide,South Carolina Gamecocks,2026-09-26T23:00:00Z,2026-09-17T20:32:28.811610+00:00,away,-11.5,9.46,-2.039999999999999
401856881,2026,4,West Virginia Mountaineers,Oklahoma State Cowboys,2026-09-26T23:00:00Z,2026-09-17T20:32:28.811610+00:00,home,2.5,9.07,11.57
401858469,2026,4,USC Trojans,Oregon Ducks,2026-09-26T23:00:00Z,2026-09-17T20:32:28.811610+00:00,away,-2.5,-2.27,-4.77
401856702,2026,4,LSU Tigers,Texas A&M Aggies,2026-09-26T23:30:00Z,2026-09-17T20:32:28.811610+00:00,away,-5.5,-3.19,-8.69
401856703,2026,4,Mississippi State Bulldogs,Missouri Tigers,2026-09-26T23:45:00Z,2026-09-17T20:32:28.811610+00:00,away,-1.5,-3.12,-4.62
401858226,2026,3,Wake Forest Demon Deacons,Miami Hurricanes,2026-09-18T23:30:00Z,2026-09-18T15:09:39.173527+00:00,home,20.5,-6.2,14.3
401856811,2026,3,Texas Tech Red Raiders,Houston Cougars,2026-09-19T00:00:00Z,2026-09-18T15:09:39.173527+00:00,home,-7.5,16.87,9.370000000000001
401858451,2026,3,Minnesota Golden Gophers,Akron Zips,2026-09-19T16:00:00Z,2026-09-18T15:09:39.173527+00:00,away,-23.5,13.72,-9.78
401856812,2026,3,Arizona State Sun Devils,Kansas Jayhawks,2026-09-19T16:00:00Z,2026-09-18T15:09:39.173527+00:00,away,-5.5,-0.13,-5.63
401856686,2026,3,Arkansas Razorbacks,Georgia Bulldogs,2026-09-19T16:00:00Z,2026-09-18T15:09:39.173527+00:00,home,24.5,-8.82,15.68
401856798,2026,3,Iowa State Cyclones,Bowling Green Falcons,2026-09-19T16:00:00Z,2026-09-18T15:09:39.173527+00:00,away,-23.5,18.37,-5.129999999999999
401858229,2026,3,Clemson Tigers,North Carolina Tar Heels,2026-09-19T16:00:00Z,2026-09-18T15:09:39.173527+00:00,home,-3.0,14.18,11.18
401856792,2026,3,Kansas State Wildcats,Tulane Green Wave,2026-09-19T16:00:00Z,2026-09-18T15:09:39.173527+00:00,away,-20.5,4.09,-16.41
401860889,2026,3,Texas State Bobcats,North Texas Mean Green,2026-09-19T16:00:00Z,2026-09-18T15:09:39.173527+00:00,away,-2.5,-3.91,-6.41
401858460,2026,3,Wisconsin Badgers,Eastern Michigan Eagles,2026-09-19T16:30:00Z,2026-09-18T15:09:39.173527+00:00,away,-23.5,10.38,-13.12
401856695,2026,3,Vanderbilt Commodores,NC State Wolfpack,2026-09-19T16:45:00Z,2026-09-18T15:09:39.173527+00:00,home,-3.0,13.79,10.79
401864508,2026,3,Central Michigan Chippewas,Wyoming Cowboys,2026-09-19T17:00:00Z,2026-09-18T15:09:39.173527+00:00,home,1.5,5.27,6.77
401862774,2026,3,Toledo Rockets,Temple Owls,2026-09-19T19:00:00Z,2026-09-18T15:09:39.173527+00:00,home,-6.0,10.9,4.9
401856685,2026,3,Alabama Crimson Tide,Florida State Seminoles,2026-09-19T19:30:00Z,2026-09-18T15:09:39.173527+00:00,away,-19.5,8.61,-10.89
401856797,2026,3,Cincinnati Bearcats,Miami (OH) RedHawks,2026-09-19T19:30:00Z,2026-09-18T15:09:39.173527+00:00,away,-15.5,8.81,-6.6899999999999995
401858457,2026,3,Rutgers Scarlet Knights,USC Trojans,2026-09-19T19:30:00Z,2026-09-18T15:09:39.173527+00:00,home,21.5,-6.79,14.71
401856801,2026,3,Utah Utes,Utah State Aggies,2026-09-19T19:30:00Z,2026-09-18T15:09:39.173527+00:00,away,-27.5,20.21,-7.289999999999999
401867804,2026,3,Baylor Bears,Louisiana Tech Bulldogs,2026-09-19T20:00:00Z,2026-09-18T15:09:39.173527+00:00,away,-20.5,5.4,-15.1
401858231,2026,3,Duke Blue Devils,Stanford Cardinal,2026-09-19T20:00:00Z,2026-09-18T15:09:39.173527+00:00,home,-10.0,15.69,5.6899999999999995
401871047,2026,3,Missouri State Bears,Marshall Thundering Herd,2026-09-19T22:30:00Z,2026-09-18T15:09:39.173527+00:00,home,4.0,-0.43,3.57
401856687,2026,3,Auburn Tigers,Florida Gators,2026-09-19T23:00:00Z,2026-09-18T15:09:39.173527+00:00,home,2.5,8.94,11.44
401869948,2026,3,Jacksonville State Gamecocks,Georgia Southern Eagles,2026-09-19T23:00:00Z,2026-09-18T15:09:39.173527+00:00,home,-3.5,5.4,1.9000000000000004
401864443,2026,3,Middle Tennessee Blue Raiders,Nevada Wolf Pack,2026-09-19T23:00:00Z,2026-09-18T15:09:39.173527+00:00,home,3.5,1.93,5.43
401856689,2026,3,Missouri Tigers,Troy Trojans,2026-09-19T23:00:00Z,2026-09-18T15:09:39.173527+00:00,away,-27.5,16.21,-11.29
401866423,2026,3,South Alabama Jaguars,Ohio Bobcats,2026-09-19T23:00:00Z,2026-09-18T15:09:39.173527+00:00,away,-7.0,-2.07,-9.07
401862773,2026,3,Rice Owls,Western Michigan Broncos,2026-09-19T23:00:00Z,2026-09-18T15:09:39.173527+00:00,home,9.5,-5.15,4.35
401856796,2026,3,Northwestern Wildcats,Colorado Buffaloes,2026-09-19T23:30:00Z,2026-09-18T15:09:39.173527+00:00,home,-3.5,12.87,9.37
401856688,2026,3,Ole Miss Rebels,LSU Tigers,2026-09-19T23:30:00Z,2026-09-18T15:09:39.173527+00:00,home,3.0,12.61,15.61
401858232,2026,3,Maryland Terrapins,Virginia Tech Hokies,2026-09-19T23:30:00Z,2026-09-18T15:09:39.173527+00:00,home,3.0,10.64,13.64
401858453,2026,3,Notre Dame Fighting Irish,Michigan State Spartans,2026-09-19T23:30:00Z,2026-09-18T15:09:39.173527+00:00,away,-29.5,21.85,-7.649999999999999
401856690,2026,3,Oklahoma Sooners,New Mexico Lobos,2026-09-19T23:30:00Z,2026-09-18T15:09:39.173527+00:00,away,-21.5,15.03,-6.470000000000001
401856692,2026,3,Tennessee Volunteers,Kennesaw State Owls,2026-09-19T23:45:00Z,2026-09-18T15:09:39.173527+00:00,away,-35.5,17.0,-18.5
401856799,2026,3,TCU Horned Frogs,Arkansas State Red Wolves,2026-09-20T00:00:00Z,2026-09-18T15:09:39.173527+00:00,away,-18.5,14.83,-3.67
401856693,2026,3,Texas Longhorns,UTSA Roadrunners,2026-09-20T00:00:00Z,2026-09-18T15:09:39.173527+00:00,away,-30.5,11.82,-18.68
401856793,2026,3,Arizona Wildcats,Northern Illinois Huskies,2026-09-20T02:30:00Z,2026-09-18T15:09:39.173527+00:00,away,-33.5,22.44,-11.059999999999999
401858458,2026,3,UCLA Bruins,Purdue Boilermakers,2026-09-20T03:00:00Z,2026-09-18T15:09:39.173527+00:00,away,-14.0,1.93,-12.07
401860897,2026,4,Western Michigan Broncos,Boise State Broncos,2026-09-26T16:00:00Z,2026-09-18T15:09:39.173527+00:00,home,7.5,0.68,8.18
401858465,2026,4,Ohio State Buckeyes,Illinois Fighting Illini,2026-09-26T16:00:00Z,2026-09-18T15:09:39.173527+00:00,away,-26.5,14.9,-11.6
401856704,2026,4,Tennessee Volunteers,Texas Longhorns,2026-09-26T16:00:00Z,2026-09-18T15:09:39.173527+00:00,home,4.5,2.84,7.34
401858462,2026,4,Maryland Terrapins,UCLA Bruins,2026-09-26T17:30:00Z,2026-09-18T15:09:39.173527+00:00,home,1.5,9.72,11.22
401856699,2026,4,Florida Gators,Ole Miss Rebels,2026-09-26T19:30:00Z,2026-09-18T15:09:39.173527+00:00,away,-1.5,-9.8,-11.3
401856700,2026,4,Georgia Bulldogs,Oklahoma Sooners,2026-09-26T19:30:00Z,2026-09-18T15:09:39.173527+00:00,away,-13.5,7.43,-6.07
401858463,2026,4,Michigan Wolverines,Iowa Hawkeyes,2026-09-26T19:30:00Z,2026-09-18T15:09:39.173527+00:00,away,-4.5,-1.15,-5.65
401858470,2026,4,Washington Huskies,Minnesota Golden Gophers,2026-09-26T19:30:00Z,2026-09-18T15:09:39.173527+00:00,home,-7.5,14.7,7.199999999999999
401856698,2026,4,Auburn Tigers,Vanderbilt Commodores,2026-09-26T20:15:00Z,2026-09-18T15:09:39.173527+00:00,away,-8.5,-2.07,-10.57
401858464,2026,4,Michigan State Spartans,Nebraska Cornhuskers,2026-09-26T21:00:00Z,2026-09-18T15:09:39.173527+00:00,home,5.5,-2.66,2.84
401858466,2026,4,Penn State Nittany Lions,Wisconsin Badgers,2026-09-26T21:00:00Z,2026-09-18T15:09:39.173527+00:00,home,-11.5,18.37,6.870000000000001
401856696,2026,4,Alabama Crimson Tide,South Carolina Gamecocks,2026-09-26T23:00:00Z,2026-09-18T15:09:39.173527+00:00,away,-11.5,9.46,-2.039999999999999
401856881,2026,4,West Virginia Mountaineers,Oklahoma State Cowboys,2026-09-26T23:00:00Z,2026-09-18T15:09:39.173527+00:00,home,2.5,9.07,11.57
401858469,2026,4,USC Trojans,Oregon Ducks,2026-09-26T23:00:00Z,2026-09-18T15:09:39.173527+00:00,away,-2.5,-2.27,-4.77
401856702,2026,4,LSU Tigers,Texas A&M Aggies,2026-09-26T23:30:00Z,2026-09-18T15:09:39.173527+00:00,away,-5.5,-3.19,-8.69
401856703,2026,4,Mississippi State Bulldogs,Missouri Tigers,2026-09-26T23:45:00Z,2026-09-18T15:09:39.173527+00:00,away,-1.5,-3.12,-4.62
401858226,2026,3,Wake Forest Demon Deacons,Miami Hurricanes,2026-09-18T23:30:00Z,2026-09-18T15:27:56.076480+00:00,home,20.5,-6.2,14.3
401856811,2026,3,Texas Tech Red Raiders,Houston Cougars,2026-09-19T00:00:00Z,2026-09-18T15:27:56.076480+00:00,home,-7.5,16.87,9.370000000000001
401858451,2026,3,Minnesota Golden Gophers,Akron Zips,2026-09-19T16:00:00Z,2026-09-18T15:27:56.076480+00:00,away,-23.5,13.72,-9.78
401856812,2026,3,Arizona State Sun Devils,Kansas Jayhawks,2026-09-19T16:00:00Z,2026-09-18T15:27:56.076480+00:00,away,-5.5,-0.13,-5.63
401856686,2026,3,Arkansas Razorbacks,Georgia Bulldogs,2026-09-19T16:00:00Z,2026-09-18T15:27:56.076480+00:00,home,24.5,-8.82,15.68
401856798,2026,3,Iowa State Cyclones,Bowling Green Falcons,2026-09-19T16:00:00Z,2026-09-18T15:27:56.076480+00:00,away,-23.5,18.37,-5.129999999999999
401858229,2026,3,Clemson Tigers,North Carolina Tar Heels,2026-09-19T16:00:00Z,2026-09-18T15:27:56.076480+00:00,home,-3.0,14.18,11.18
401856792,2026,3,Kansas State Wildcats,Tulane Green Wave,2026-09-19T16:00:00Z,2026-09-18T15:27:56.076480+00:00,away,-20.5,4.09,-16.41
401860889,2026,3,Texas State Bobcats,North Texas Mean Green,2026-09-19T16:00:00Z,2026-09-18T15:27:56.076480+00:00,away,-2.5,-3.91,-6.41
401858460,2026,3,Wisconsin Badgers,Eastern Michigan Eagles,2026-09-19T16:30:00Z,2026-09-18T15:27:56.076480+00:00,away,-23.5,10.38,-13.12
401856695,2026,3,Vanderbilt Commodores,NC State Wolfpack,2026-09-19T16:45:00Z,2026-09-18T15:27:56.076480+00:00,home,-3.0,13.79,10.79
401864508,2026,3,Central Michigan Chippewas,Wyoming Cowboys,2026-09-19T17:00:00Z,2026-09-18T15:27:56.076480+00:00,home,1.5,5.27,6.77
401862774,2026,3,Toledo Rockets,Temple Owls,2026-09-19T19:00:00Z,2026-09-18T15:27:56.076480+00:00,home,-6.0,10.9,4.9
401856685,2026,3,Alabama Crimson Tide,Florida State Seminoles,2026-09-19T19:30:00Z,2026-09-18T15:27:56.076480+00:00,away,-19.5,8.61,-10.89
401856797,2026,3,Cincinnati Bearcats,Miami (OH) RedHawks,2026-09-19T19:30:00Z,2026-09-18T15:27:56.076480+00:00,away,-15.5,8.81,-6.6899999999999995
401858457,2026,3,Rutgers Scarlet Knights,USC Trojans,2026-09-19T19:30:00Z,2026-09-18T15:27:56.076480+00:00,home,21.5,-6.79,14.71
401856801,2026,3,Utah Utes,Utah State Aggies,2026-09-19T19:30:00Z,2026-09-18T15:27:56.076480+00:00,away,-27.5,20.21,-7.289999999999999
401867804,2026,3,Baylor Bears,Louisiana Tech Bulldogs,2026-09-19T20:00:00Z,2026-09-18T15:27:56.076480+00:00,away,-20.5,5.4,-15.1
401858231,2026,3,Duke Blue Devils,Stanford Cardinal,2026-09-19T20:00:00Z,2026-09-18T15:27:56.076480+00:00,home,-10.0,15.69,5.6899999999999995
401871047,2026,3,Missouri State Bears,Marshall Thundering Herd,2026-09-19T22:30:00Z,2026-09-18T15:27:56.076480+00:00,home,4.0,-0.43,3.57
401856687,2026,3,Auburn Tigers,Florida Gators,2026-09-19T23:00:00Z,2026-09-18T15:27:56.076480+00:00,home,2.5,8.94,11.44
401869948,2026,3,Jacksonville State Gamecocks,Georgia Southern Eagles,2026-09-19T23:00:00Z,2026-09-18T15:27:56.076480+00:00,home,-3.5,5.4,1.9000000000000004
401864443,2026,3,Middle Tennessee Blue Raiders,Nevada Wolf Pack,2026-09-19T23:00:00Z,2026-09-18T15:27:56.076480+00:00,home,3.5,1.93,5.43
401856689,2026,3,Missouri Tigers,Troy Trojans,2026-09-19T23:00:00Z,2026-09-18T15:27:56.076480+00:00,away,-27.5,16.21,-11.29
401866423,2026,3,South Alabama Jaguars,Ohio Bobcats,2026-09-19T23:00:00Z,2026-09-18T15:27:56.076480+00:00,away,-7.0,-2.07,-9.07
401862773,2026,3,Rice Owls,Western Michigan Broncos,2026-09-19T23:00:00Z,2026-09-18T15:27:56.076480+00:00,home,9.5,-5.15,4.35
401856796,2026,3,Northwestern Wildcats,Colorado Buffaloes,2026-09-19T23:30:00Z,2026-09-18T15:27:56.076480+00:00,home,-3.5,12.87,9.37
401856688,2026,3,Ole Miss Rebels,LSU Tigers,2026-09-19T23:30:00Z,2026-09-18T15:27:56.076480+00:00,home,3.0,12.61,15.61
401858232,2026,3,Maryland Terrapins,Virginia Tech Hokies,2026-09-19T23:30:00Z,2026-09-18T15:27:56.076480+00:00,home,3.0,10.64,13.64
401858453,2026,3,Notre Dame Fighting Irish,Michigan State Spartans,2026-09-19T23:30:00Z,2026-09-18T15:27:56.076480+00:00,away,-29.5,21.85,-7.649999999999999
401856690,2026,3,Oklahoma Sooners,New Mexico Lobos,2026-09-19T23:30:00Z,2026-09-18T15:27:56.076480+00:00,away,-21.5,15.03,-6.470000000000001
401856692,2026,3,Tennessee Volunteers,Kennesaw State Owls,2026-09-19T23:45:00Z,2026-09-18T15:27:56.076480+00:00,away,-35.5,17.0,-18.5
401856799,2026,3,TCU Horned Frogs,Arkansas State Red Wolves,2026-09-20T00:00:00Z,2026-09-18T15:27:56.076480+00:00,away,-18.5,14.83,-3.67
401856693,2026,3,Texas Longhorns,UTSA Roadrunners,2026-09-20T00:00:00Z,2026-09-18T15:27:56.076480+00:00,away,-30.5,11.82,-18.68
401856793,2026,3,Arizona Wildcats,Northern Illinois Huskies,2026-09-20T02:30:00Z,2026-09-18T15:27:56.076480+00:00,away,-33.5,22.44,-11.059999999999999
401858458,2026,3,UCLA Bruins,Purdue Boilermakers,2026-09-20T03:00:00Z,2026-09-18T15:27:56.076480+00:00,away,-14.0,1.93,-12.07
401860897,2026,4,Western Michigan Broncos,Boise State Broncos,2026-09-26T16:00:00Z,2026-09-18T15:27:56.076480+00:00,home,7.5,0.68,8.18
401858465,2026,4,Ohio State Buckeyes,Illinois Fighting Illini,2026-09-26T16:00:00Z,2026-09-18T15:27:56.076480+00:00,away,-26.5,14.9,-11.6
401856704,2026,4,Tennessee Volunteers,Texas Longhorns,2026-09-26T16:00:00Z,2026-09-18T15:27:56.076480+00:00,home,4.5,2.84,7.34
401858462,2026,4,Maryland Terrapins,UCLA Bruins,2026-09-26T17:30:00Z,2026-09-18T15:27:56.076480+00:00,home,1.5,9.72,11.22
401856699,2026,4,Florida Gators,Ole Miss Rebels,2026-09-26T19:30:00Z,2026-09-18T15:27:56.076480+00:00,away,-1.5,-9.8,-11.3
401856700,2026,4,Georgia Bulldogs,Oklahoma Sooners,2026-09-26T19:30:00Z,2026-09-18T15:27:56.076480+00:00,away,-13.5,7.43,-6.07
401858463,2026,4,Michigan Wolverines,Iowa Hawkeyes,2026-09-26T19:30:00Z,2026-09-18T15:27:56.076480+00:00,away,-4.5,-1.15,-5.65
401858470,2026,4,Washington Huskies,Minnesota Golden Gophers,2026-09-26T19:30:00Z,2026-09-18T15:27:56.076480+00:00,home,-7.5,14.7,7.199999999999999
401856698,2026,4,Auburn Tigers,Vanderbilt Commodores,2026-09-26T20:15:00Z,2026-09-18T15:27:56.076480+00:00,away,-8.5,-2.07,-10.57
401858464,2026,4,Michigan State Spartans,Nebraska Cornhuskers,2026-09-26T21:00:00Z,2026-09-18T15:27:56.076480+00:00,home,5.5,-2.66,2.84
401858466,2026,4,Penn State Nittany Lions,Wisconsin Badgers,2026-09-26T21:00:00Z,2026-09-18T15:27:56.076480+00:00,home,-11.5,18.37,6.870000000000001
401856696,2026,4,Alabama Crimson Tide,South Carolina Gamecocks,2026-09-26T23:00:00Z,2026-09-18T15:27:56.076480+00:00,away,-11.5,9.46,-2.039999999999999
401856881,2026,4,West Virginia Mountaineers,Oklahoma State Cowboys,2026-09-26T23:00:00Z,2026-09-18T15:27:56.076480+00:00,home,2.5,9.07,11.57
401858469,2026,4,USC Trojans,Oregon Ducks,2026-09-26T23:00:00Z,2026-09-18T15:27:56.076480+00:00,away,-2.5,-2.27,-4.77
401856702,2026,4,LSU Tigers,Texas A&M Aggies,2026-09-26T23:30:00Z,2026-09-18T15:27:56.076480+00:00,away,-5.5,-3.19,-8.69
401856703,2026,4,Mississippi State Bulldogs,Missouri Tigers,2026-09-26T23:45:00Z,2026-09-18T15:27:56.076480+00:00,away,-1.5,-3.12,-4.62
401858226,2026,3,Wake Forest Demon Deacons,Miami Hurricanes,2026-09-18T23:30:00Z,2026-09-18T16:00:28.339575+00:00,home,20.5,-12.18,8.32
401856811,2026,3,Texas Tech Red Raiders,Houston Cougars,2026-09-19T00:00:00Z,2026-09-18T16:00:28.339575+00:00,home,-7.5,19.09,11.59
401869940,2026,3,Delaware Blue Hens,Coastal Carolina Chanticleers,2026-09-19T15:30:00Z,2026-09-18T16:00:28.339575+00:00,away,-5.5,-0.09,-5.59
401858451,2026,3,Minnesota Golden Gophers,Akron Zips,2026-09-19T16:00:00Z,2026-09-18T16:00:28.339575+00:00,away,-23.5,12.1,-11.4
401856686,2026,3,Arkansas Razorbacks,Georgia Bulldogs,2026-09-19T16:00:00Z,2026-09-18T16:00:28.339575+00:00,away,24.5,-31.64,-7.140000000000001
401856798,2026,3,Iowa State Cyclones,Bowling Green Falcons,2026-09-19T16:00:00Z,2026-09-18T16:00:28.339575+00:00,home,-23.5,30.89,7.390000000000001
401858229,2026,3,Clemson Tigers,North Carolina Tar Heels,2026-09-19T16:00:00Z,2026-09-18T16:00:28.339575+00:00,home,-3.0,10.39,7.390000000000001
401860889,2026,3,Texas State Bobcats,North Texas Mean Green,2026-09-19T16:00:00Z,2026-09-18T16:00:28.339575+00:00,away,-2.5,-16.78,-19.28
401858460,2026,3,Wisconsin Badgers,Eastern Michigan Eagles,2026-09-19T16:30:00Z,2026-09-18T16:00:28.339575+00:00,away,-23.5,7.22,-16.28
401864508,2026,3,Central Michigan Chippewas,Wyoming Cowboys,2026-09-19T17:00:00Z,2026-09-18T16:00:28.339575+00:00,home,1.5,2.71,4.21
401862774,2026,3,Toledo Rockets,Temple Owls,2026-09-19T19:00:00Z,2026-09-18T16:00:28.339575+00:00,home,-6.0,12.44,6.4399999999999995
401856685,2026,3,Alabama Crimson Tide,Florida State Seminoles,2026-09-19T19:30:00Z,2026-09-18T16:00:28.339575+00:00,away,-19.5,14.49,-5.01
401856694,2026,3,Texas A&M Aggies,Kentucky Wildcats,2026-09-19T19:30:00Z,2026-09-18T16:00:28.339575+00:00,home,-16.5,24.87,8.370000000000001
401858230,2026,3,Louisville Cardinals,SMU Mustangs,2026-09-19T19:30:00Z,2026-09-18T16:00:28.339575+00:00,home,-1.5,11.35,9.85
401858457,2026,3,Rutgers Scarlet Knights,USC Trojans,2026-09-19T19:30:00Z,2026-09-18T16:00:28.339575+00:00,home,21.5,-7.01,14.49
401856801,2026,3,Utah Utes,Utah State Aggies,2026-09-19T19:30:00Z,2026-09-18T16:00:28.339575+00:00,away,-27.5,24.24,-3.2600000000000016
401866422,2026,3,Liberty Flames,Ball State Cardinals,2026-09-19T20:00:00Z,2026-09-18T16:00:28.339575+00:00,away,-14.5,11.32,-3.1799999999999997
401867804,2026,3,Baylor Bears,Louisiana Tech Bulldogs,2026-09-19T20:00:00Z,2026-09-18T16:00:28.339575+00:00,away,-19.5,-25.36,-44.86
401858231,2026,3,Duke Blue Devils,Stanford Cardinal,2026-09-19T20:00:00Z,2026-09-18T16:00:28.339575+00:00,home,-10.0,20.11,10.11
401856691,2026,3,South Carolina Gamecocks,Mississippi State Bulldogs,2026-09-19T20:15:00Z,2026-09-18T16:00:28.339575+00:00,home,-4.0,6.86,2.8600000000000003
401862710,2026,3,Old Dominion Monarchs,East Carolina Pirates,2026-09-19T22:00:00Z,2026-09-18T16:00:28.339575+00:00,home,-3.0,11.64,8.64
401862771,2026,3,Florida Atlantic Owls,Florida International Panthers,2026-09-19T22:00:00Z,2026-09-18T16:00:28.339575+00:00,home,-6.5,16.01,9.510000000000002
401871047,2026,3,Missouri State Bears,Marshall Thundering Herd,2026-09-19T22:30:00Z,2026-09-18T16:00:28.339575+00:00,home,4.0,13.07,17.07
401856687,2026,3,Auburn Tigers,Florida Gators,2026-09-19T23:00:00Z,2026-09-18T16:00:28.339575+00:00,home,2.5,0.5,3.0
401869948,2026,3,Jacksonville State Gamecocks,Georgia Southern Eagles,2026-09-19T23:00:00Z,2026-09-18T16:00:28.339575+00:00,home,-3.5,12.69,9.19
401856800,2026,3,UCF Knights,Georgia State Panthers,2026-09-19T23:00:00Z,2026-09-18T16:00:28.339575+00:00,home,-17.5,25.81,8.309999999999999
401864443,2026,3,Middle Tennessee Blue Raiders,Nevada Wolf Pack,2026-09-19T23:00:00Z,2026-09-18T16:00:28.339575+00:00,home,3.5,8.5,12.0
401866423,2026,3,South Alabama Jaguars,Ohio Bobcats,2026-09-19T23:00:00Z,2026-09-18T16:00:28.339575+00:00,home,-7.0,14.66,7.66
401862773,2026,3,Rice Owls,Western Michigan Broncos,2026-09-19T23:00:00Z,2026-09-18T16:00:28.339575+00:00,away,9.5,-16.19,-6.690000000000001
401856795,2026,3,Colorado State Rams,BYU Cougars,2026-09-19T23:30:00Z,2026-09-18T16:00:28.339575+00:00,home,17.5,-6.72,10.780000000000001
401856796,2026,3,Northwestern Wildcats,Colorado Buffaloes,2026-09-19T23:30:00Z,2026-09-18T16:00:28.339575+00:00,home,-3.5,12.87,9.37
401856688,2026,3,Ole Miss Rebels,LSU Tigers,2026-09-19T23:30:00Z,2026-09-18T16:00:28.339575+00:00,home,3.0,8.31,11.31
401858232,2026,3,Maryland Terrapins,Virginia Tech Hokies,2026-09-19T23:30:00Z,2026-09-18T16:00:28.339575+00:00,home,3.0,3.14,6.140000000000001
401858453,2026,3,Notre Dame Fighting Irish,Michigan State Spartans,2026-09-19T23:30:00Z,2026-09-18T16:00:28.339575+00:00,home,-29.5,32.14,2.6400000000000006
401856690,2026,3,Oklahoma Sooners,New Mexico Lobos,2026-09-19T23:30:00Z,2026-09-18T16:00:28.339575+00:00,away,-21.5,1.56,-19.94
401856692,2026,3,Tennessee Volunteers,Kennesaw State Owls,2026-09-19T23:45:00Z,2026-09-18T16:00:28.339575+00:00,away,-35.5,21.18,-14.32
401856799,2026,3,TCU Horned Frogs,Arkansas State Red Wolves,2026-09-20T00:00:00Z,2026-09-18T16:00:28.339575+00:00,away,-18.5,16.5,-2.0
401862776,2026,3,Louisiana Ragin Cajuns,UAB Blazers,2026-09-20T00:00:00Z,2026-09-18T16:00:28.339575+00:00,home,-7.5,27.06,19.56
401856693,2026,3,Texas Longhorns,UTSA Roadrunners,2026-09-20T00:00:00Z,2026-09-18T16:00:28.339575+00:00,away,-30.5,8.83,-21.67
401860887,2026,3,San Diego State Aztecs,James Madison Dukes,2026-09-20T02:00:00Z,2026-09-18T16:00:28.339575+00:00,away,-1.5,-16.02,-17.52
401856793,2026,3,Arizona Wildcats,Northern Illinois Huskies,2026-09-20T02:30:00Z,2026-09-18T16:00:28.339575+00:00,home,-33.5,35.45,1.9500000000000028
401860888,2026,3,San Jose State Spartans,Fresno State Bulldogs,2026-09-20T03:00:00Z,2026-09-18T16:00:28.339575+00:00,home,6.5,-2.5,4.0
401858458,2026,3,UCLA Bruins,Purdue Boilermakers,2026-09-20T03:00:00Z,2026-09-18T16:00:28.339575+00:00,home,-14.0,17.12,3.120000000000001
401860897,2026,4,Western Michigan Broncos,Boise State Broncos,2026-09-26T16:00:00Z,2026-09-18T16:00:28.339575+00:00,home,7.5,4.73,12.23
401858465,2026,4,Ohio State Buckeyes,Illinois Fighting Illini,2026-09-26T16:00:00Z,2026-09-18T16:00:28.339575+00:00,away,-26.5,19.46,-7.039999999999999
401856704,2026,4,Tennessee Volunteers,Texas Longhorns,2026-09-26T16:00:00Z,2026-09-18T16:00:28.339575+00:00,home,4.5,11.11,15.61
401858462,2026,4,Maryland Terrapins,UCLA Bruins,2026-09-26T17:30:00Z,2026-09-18T16:00:28.339575+00:00,home,1.5,12.3,13.8
401856699,2026,4,Florida Gators,Ole Miss Rebels,2026-09-26T19:30:00Z,2026-09-18T16:00:28.339575+00:00,home,-1.5,4.43,2.9299999999999997
401858463,2026,4,Michigan Wolverines,Iowa Hawkeyes,2026-09-26T19:30:00Z,2026-09-18T16:00:28.339575+00:00,away,-4.5,-6.59,-11.09
401858470,2026,4,Washington Huskies,Minnesota Golden Gophers,2026-09-26T19:30:00Z,2026-09-18T16:00:28.339575+00:00,home,-7.5,14.7,7.199999999999999
401856698,2026,4,Auburn Tigers,Vanderbilt Commodores,2026-09-26T20:15:00Z,2026-09-18T16:00:28.339575+00:00,away,-8.5,-0.26,-8.76
401858466,2026,4,Penn State Nittany Lions,Wisconsin Badgers,2026-09-26T21:00:00Z,2026-09-18T16:00:28.339575+00:00,home,-11.5,22.68,11.18
401856696,2026,4,Alabama Crimson Tide,South Carolina Gamecocks,2026-09-26T23:00:00Z,2026-09-18T16:00:28.339575+00:00,away,-11.5,-2.01,-13.51
401856881,2026,4,West Virginia Mountaineers,Oklahoma State Cowboys,2026-09-26T23:00:00Z,2026-09-18T16:00:28.339575+00:00,home,2.5,14.43,16.93
401858469,2026,4,USC Trojans,Oregon Ducks,2026-09-26T23:00:00Z,2026-09-18T16:00:28.339575+00:00,away,-2.5,-19.28,-21.78
401856702,2026,4,LSU Tigers,Texas A&M Aggies,2026-09-26T23:30:00Z,2026-09-18T16:00:28.339575+00:00,away,-5.5,2.08,-3.42
401858226,2026,3,Wake Forest Demon Deacons,Miami Hurricanes,2026-09-18T23:30:00Z,2026-09-18T16:38:06.832018+00:00,home,20.5,-12.18,8.32
401856811,2026,3,Texas Tech Red Raiders,Houston Cougars,2026-09-19T00:00:00Z,2026-09-18T16:38:06.832018+00:00,home,-7.5,19.09,11.59
401869940,2026,3,Delaware Blue Hens,Coastal Carolina Chanticleers,2026-09-19T15:30:00Z,2026-09-18T16:38:06.832018+00:00,away,-5.5,-0.09,-5.59
401858451,2026,3,Minnesota Golden Gophers,Akron Zips,2026-09-19T16:00:00Z,2026-09-18T16:38:06.832018+00:00,away,-23.5,12.1,-11.4
401856686,2026,3,Arkansas Razorbacks,Georgia Bulldogs,2026-09-19T16:00:00Z,2026-09-18T16:38:06.832018+00:00,away,24.5,-31.64,-7.140000000000001
401856798,2026,3,Iowa State Cyclones,Bowling Green Falcons,2026-09-19T16:00:00Z,2026-09-18T16:38:06.832018+00:00,home,-23.5,30.89,7.390000000000001
401858229,2026,3,Clemson Tigers,North Carolina Tar Heels,2026-09-19T16:00:00Z,2026-09-18T16:38:06.832018+00:00,home,-3.0,10.39,7.390000000000001
401860889,2026,3,Texas State Bobcats,North Texas Mean Green,2026-09-19T16:00:00Z,2026-09-18T16:38:06.832018+00:00,away,-2.5,-16.78,-19.28
401858460,2026,3,Wisconsin Badgers,Eastern Michigan Eagles,2026-09-19T16:30:00Z,2026-09-18T16:38:06.832018+00:00,away,-23.5,7.22,-16.28
401864508,2026,3,Central Michigan Chippewas,Wyoming Cowboys,2026-09-19T17:00:00Z,2026-09-18T16:38:06.832018+00:00,home,1.5,2.71,4.21
401862774,2026,3,Toledo Rockets,Temple Owls,2026-09-19T19:00:00Z,2026-09-18T16:38:06.832018+00:00,home,-6.0,12.44,6.4399999999999995
401856685,2026,3,Alabama Crimson Tide,Florida State Seminoles,2026-09-19T19:30:00Z,2026-09-18T16:38:06.832018+00:00,away,-19.5,14.49,-5.01
401856694,2026,3,Texas A&M Aggies,Kentucky Wildcats,2026-09-19T19:30:00Z,2026-09-18T16:38:06.832018+00:00,home,-16.5,24.87,8.370000000000001
401858230,2026,3,Louisville Cardinals,SMU Mustangs,2026-09-19T19:30:00Z,2026-09-18T16:38:06.832018+00:00,home,-1.5,11.35,9.85
401858457,2026,3,Rutgers Scarlet Knights,USC Trojans,2026-09-19T19:30:00Z,2026-09-18T16:38:06.832018+00:00,home,21.5,-7.01,14.49
401856801,2026,3,Utah Utes,Utah State Aggies,2026-09-19T19:30:00Z,2026-09-18T16:38:06.832018+00:00,away,-27.5,24.24,-3.2600000000000016
401866422,2026,3,Liberty Flames,Ball State Cardinals,2026-09-19T20:00:00Z,2026-09-18T16:38:06.832018+00:00,away,-14.5,11.32,-3.1799999999999997
401867804,2026,3,Baylor Bears,Louisiana Tech Bulldogs,2026-09-19T20:00:00Z,2026-09-18T16:38:06.832018+00:00,away,-20.5,-25.36,-45.86
401858231,2026,3,Duke Blue Devils,Stanford Cardinal,2026-09-19T20:00:00Z,2026-09-18T16:38:06.832018+00:00,home,-10.0,20.11,10.11
401856691,2026,3,South Carolina Gamecocks,Mississippi State Bulldogs,2026-09-19T20:15:00Z,2026-09-18T16:38:06.832018+00:00,home,-4.0,6.86,2.8600000000000003
401862710,2026,3,Old Dominion Monarchs,East Carolina Pirates,2026-09-19T22:00:00Z,2026-09-18T16:38:06.832018+00:00,home,-3.0,11.64,8.64
401862771,2026,3,Florida Atlantic Owls,Florida International Panthers,2026-09-19T22:00:00Z,2026-09-18T16:38:06.832018+00:00,home,-6.5,16.01,9.510000000000002
401871047,2026,3,Missouri State Bears,Marshall Thundering Herd,2026-09-19T22:30:00Z,2026-09-18T16:38:06.832018+00:00,home,4.0,13.07,17.07
401856687,2026,3,Auburn Tigers,Florida Gators,2026-09-19T23:00:00Z,2026-09-18T16:38:06.832018+00:00,home,2.5,0.5,3.0
401869948,2026,3,Jacksonville State Gamecocks,Georgia Southern Eagles,2026-09-19T23:00:00Z,2026-09-18T16:38:06.832018+00:00,home,-3.5,12.69,9.19
401856800,2026,3,UCF Knights,Georgia State Panthers,2026-09-19T23:00:00Z,2026-09-18T16:38:06.832018+00:00,home,-17.5,25.81,8.309999999999999
401864443,2026,3,Middle Tennessee Blue Raiders,Nevada Wolf Pack,2026-09-19T23:00:00Z,2026-09-18T16:38:06.832018+00:00,home,3.5,8.5,12.0
401866423,2026,3,South Alabama Jaguars,Ohio Bobcats,2026-09-19T23:00:00Z,2026-09-18T16:38:06.832018+00:00,home,-7.0,14.66,7.66
401862773,2026,3,Rice Owls,Western Michigan Broncos,2026-09-19T23:00:00Z,2026-09-18T16:38:06.832018+00:00,away,9.5,-16.19,-6.690000000000001
401856795,2026,3,Colorado State Rams,BYU Cougars,2026-09-19T23:30:00Z,2026-09-18T16:38:06.832018+00:00,home,17.5,-6.72,10.780000000000001
401856796,2026,3,Northwestern Wildcats,Colorado Buffaloes,2026-09-19T23:30:00Z,2026-09-18T16:38:06.832018+00:00,home,-3.5,12.87,9.37
401856688,2026,3,Ole Miss Rebels,LSU Tigers,2026-09-19T23:30:00Z,2026-09-18T16:38:06.832018+00:00,home,3.0,8.31,11.31
401858232,2026,3,Maryland Terrapins,Virginia Tech Hokies,2026-09-19T23:30:00Z,2026-09-18T16:38:06.832018+00:00,home,3.0,3.14,6.140000000000001
401858453,2026,3,Notre Dame Fighting Irish,Michigan State Spartans,2026-09-19T23:30:00Z,2026-09-18T16:38:06.832018+00:00,home,-29.5,32.14,2.6400000000000006
401856690,2026,3,Oklahoma Sooners,New Mexico Lobos,2026-09-19T23:30:00Z,2026-09-18T16:38:06.832018+00:00,away,-21.5,1.56,-19.94
401856692,2026,3,Tennessee Volunteers,Kennesaw State Owls,2026-09-19T23:45:00Z,2026-09-18T16:38:06.832018+00:00,away,-35.5,21.18,-14.32
401856799,2026,3,TCU Horned Frogs,Arkansas State Red Wolves,2026-09-20T00:00:00Z,2026-09-18T16:38:06.832018+00:00,away,-18.5,16.5,-2.0
401862776,2026,3,Louisiana Ragin Cajuns,UAB Blazers,2026-09-20T00:00:00Z,2026-09-18T16:38:06.832018+00:00,home,-7.5,27.06,19.56
401856693,2026,3,Texas Longhorns,UTSA Roadrunners,2026-09-20T00:00:00Z,2026-09-18T16:38:06.832018+00:00,away,-30.5,8.83,-21.67
401860887,2026,3,San Diego State Aztecs,James Madison Dukes,2026-09-20T02:00:00Z,2026-09-18T16:38:06.832018+00:00,away,-1.5,-16.02,-17.52
401856793,2026,3,Arizona Wildcats,Northern Illinois Huskies,2026-09-20T02:30:00Z,2026-09-18T16:38:06.832018+00:00,home,-33.5,35.45,1.9500000000000028
401860888,2026,3,San Jose State Spartans,Fresno State Bulldogs,2026-09-20T03:00:00Z,2026-09-18T16:38:06.832018+00:00,home,6.5,-2.5,4.0
401858458,2026,3,UCLA Bruins,Purdue Boilermakers,2026-09-20T03:00:00Z,2026-09-18T16:38:06.832018+00:00,home,-14.0,17.12,3.120000000000001
401860897,2026,4,Western Michigan Broncos,Boise State Broncos,2026-09-26T16:00:00Z,2026-09-18T16:38:06.832018+00:00,home,7.5,4.73,12.23
401858465,2026,4,Ohio State Buckeyes,Illinois Fighting Illini,2026-09-26T16:00:00Z,2026-09-18T16:38:06.832018+00:00,away,-26.5,19.46,-7.039999999999999
401856704,2026,4,Tennessee Volunteers,Texas Longhorns,2026-09-26T16:00:00Z,2026-09-18T16:38:06.832018+00:00,home,4.5,11.11,15.61
401858462,2026,4,Maryland Terrapins,UCLA Bruins,2026-09-26T17:30:00Z,2026-09-18T16:38:06.832018+00:00,home,1.5,12.3,13.8
401856699,2026,4,Florida Gators,Ole Miss Rebels,2026-09-26T19:30:00Z,2026-09-18T16:38:06.832018+00:00,home,-1.5,4.43,2.9299999999999997
401858463,2026,4,Michigan Wolverines,Iowa Hawkeyes,2026-09-26T19:30:00Z,2026-09-18T16:38:06.832018+00:00,away,-4.5,-6.59,-11.09
401858470,2026,4,Washington Huskies,Minnesota Golden Gophers,2026-09-26T19:30:00Z,2026-09-18T16:38:06.832018+00:00,home,-7.5,14.7,7.199999999999999
401856698,2026,4,Auburn Tigers,Vanderbilt Commodores,2026-09-26T20:15:00Z,2026-09-18T16:38:06.832018+00:00,away,-8.5,-0.26,-8.76
401858466,2026,4,Penn State Nittany Lions,Wisconsin Badgers,2026-09-26T21:00:00Z,2026-09-18T16:38:06.832018+00:00,home,-11.5,22.68,11.18
401856696,2026,4,Alabama Crimson Tide,South Carolina Gamecocks,2026-09-26T23:00:00Z,2026-09-18T16:38:06.832018+00:00,away,-11.5,-2.01,-13.51
401856881,2026,4,West Virginia Mountaineers,Oklahoma State Cowboys,2026-09-26T23:00:00Z,2026-09-18T16:38:06.832018+00:00,home,2.5,14.43,16.93
401858469,2026,4,USC Trojans,Oregon Ducks,2026-09-26T23:00:00Z,2026-09-18T16:38:06.832018+00:00,away,-2.5,-19.28,-21.78
401856702,2026,4,LSU Tigers,Texas A&M Aggies,2026-09-26T23:30:00Z,2026-09-18T16:38:06.832018+00:00,away,-5.5,2.08,-3.42
401858226,2026,3,Wake Forest Demon Deacons,Miami Hurricanes,2026-09-18T23:30:00Z,2026-09-18T19:23:09.094341+00:00,home,20.5,-12.18,8.32
401856811,2026,3,Texas Tech Red Raiders,Houston Cougars,2026-09-19T00:00:00Z,2026-09-18T19:23:09.094341+00:00,home,-7.5,19.09,11.59
401869940,2026,3,Delaware Blue Hens,Coastal Carolina Chanticleers,2026-09-19T15:30:00Z,2026-09-18T19:23:09.094341+00:00,away,-5.5,-0.09,-5.59
401858451,2026,3,Minnesota Golden Gophers,Akron Zips,2026-09-19T16:00:00Z,2026-09-18T19:23:09.094341+00:00,away,-23.5,12.1,-11.4
401856686,2026,3,Arkansas Razorbacks,Georgia Bulldogs,2026-09-19T16:00:00Z,2026-09-18T19:23:09.094341+00:00,away,24.5,-31.64,-7.140000000000001
401856798,2026,3,Iowa State Cyclones,Bowling Green Falcons,2026-09-19T16:00:00Z,2026-09-18T19:23:09.094341+00:00,home,-23.5,30.89,7.390000000000001
401858229,2026,3,Clemson Tigers,North Carolina Tar Heels,2026-09-19T16:00:00Z,2026-09-18T19:23:09.094341+00:00,home,-3.0,10.39,7.390000000000001
401860889,2026,3,Texas State Bobcats,North Texas Mean Green,2026-09-19T16:00:00Z,2026-09-18T19:23:09.094341+00:00,away,-2.5,-16.78,-19.28
401858460,2026,3,Wisconsin Badgers,Eastern Michigan Eagles,2026-09-19T16:30:00Z,2026-09-18T19:23:09.094341+00:00,away,-23.5,7.22,-16.28
401864508,2026,3,Central Michigan Chippewas,Wyoming Cowboys,2026-09-19T17:00:00Z,2026-09-18T19:23:09.094341+00:00,home,1.5,2.71,4.21
401862774,2026,3,Toledo Rockets,Temple Owls,2026-09-19T19:00:00Z,2026-09-18T19:23:09.094341+00:00,home,-6.0,12.44,6.4399999999999995
401856685,2026,3,Alabama Crimson Tide,Florida State Seminoles,2026-09-19T19:30:00Z,2026-09-18T19:23:09.094341+00:00,away,-19.5,14.49,-5.01
401856694,2026,3,Texas A&M Aggies,Kentucky Wildcats,2026-09-19T19:30:00Z,2026-09-18T19:23:09.094341+00:00,home,-16.5,24.87,8.370000000000001
401858230,2026,3,Louisville Cardinals,SMU Mustangs,2026-09-19T19:30:00Z,2026-09-18T19:23:09.094341+00:00,home,-1.5,11.35,9.85
401858457,2026,3,Rutgers Scarlet Knights,USC Trojans,2026-09-19T19:30:00Z,2026-09-18T19:23:09.094341+00:00,home,21.5,-7.01,14.49
401856801,2026,3,Utah Utes,Utah State Aggies,2026-09-19T19:30:00Z,2026-09-18T19:23:09.094341+00:00,away,-27.5,24.24,-3.2600000000000016
401866422,2026,3,Liberty Flames,Ball State Cardinals,2026-09-19T20:00:00Z,2026-09-18T19:23:09.094341+00:00,away,-14.5,11.32,-3.1799999999999997
401867804,2026,3,Baylor Bears,Louisiana Tech Bulldogs,2026-09-19T20:00:00Z,2026-09-18T19:23:09.094341+00:00,away,-20.5,-25.36,-45.86
401858231,2026,3,Duke Blue Devils,Stanford Cardinal,2026-09-19T20:00:00Z,2026-09-18T19:23:09.094341+00:00,home,-10.0,20.11,10.11
401856691,2026,3,South Carolina Gamecocks,Mississippi State Bulldogs,2026-09-19T20:15:00Z,2026-09-18T19:23:09.094341+00:00,home,-4.0,6.86,2.8600000000000003
401862710,2026,3,Old Dominion Monarchs,East Carolina Pirates,2026-09-19T22:00:00Z,2026-09-18T19:23:09.094341+00:00,home,-3.0,11.64,8.64
401862771,2026,3,Florida Atlantic Owls,Florida International Panthers,2026-09-19T22:00:00Z,2026-09-18T19:23:09.094341+00:00,home,-6.5,16.01,9.510000000000002
401871047,2026,3,Missouri State Bears,Marshall Thundering Herd,2026-09-19T22:30:00Z,2026-09-18T19:23:09.094341+00:00,home,4.0,13.07,17.07
401856687,2026,3,Auburn Tigers,Florida Gators,2026-09-19T23:00:00Z,2026-09-18T19:23:09.094341+00:00,home,2.5,0.5,3.0
401869948,2026,3,Jacksonville State Gamecocks,Georgia Southern Eagles,2026-09-19T23:00:00Z,2026-09-18T19:23:09.094341+00:00,home,-3.5,12.69,9.19
401856800,2026,3,UCF Knights,Georgia State Panthers,2026-09-19T23:00:00Z,2026-09-18T19:23:09.094341+00:00,home,-17.5,25.81,8.309999999999999
401864443,2026,3,Middle Tennessee Blue Raiders,Nevada Wolf Pack,2026-09-19T23:00:00Z,2026-09-18T19:23:09.094341+00:00,home,3.5,8.5,12.0
401866423,2026,3,South Alabama Jaguars,Ohio Bobcats,2026-09-19T23:00:00Z,2026-09-18T19:23:09.094341+00:00,home,-6.5,14.66,8.16
401862773,2026,3,Rice Owls,Western Michigan Broncos,2026-09-19T23:00:00Z,2026-09-18T19:23:09.094341+00:00,away,9.5,-16.19,-6.690000000000001
401856795,2026,3,Colorado State Rams,BYU Cougars,2026-09-19T23:30:00Z,2026-09-18T19:23:09.094341+00:00,home,17.5,-6.72,10.780000000000001
401856796,2026,3,Northwestern Wildcats,Colorado Buffaloes,2026-09-19T23:30:00Z,2026-09-18T19:23:09.094341+00:00,home,-3.5,12.87,9.37
401856688,2026,3,Ole Miss Rebels,LSU Tigers,2026-09-19T23:30:00Z,2026-09-18T19:23:09.094341+00:00,home,3.0,8.31,11.31
401858232,2026,3,Maryland Terrapins,Virginia Tech Hokies,2026-09-19T23:30:00Z,2026-09-18T19:23:09.094341+00:00,home,3.0,3.14,6.140000000000001
401858453,2026,3,Notre Dame Fighting Irish,Michigan State Spartans,2026-09-19T23:30:00Z,2026-09-18T19:23:09.094341+00:00,home,-29.5,32.14,2.6400000000000006
401856690,2026,3,Oklahoma Sooners,New Mexico Lobos,2026-09-19T23:30:00Z,2026-09-18T19:23:09.094341+00:00,away,-21.5,1.56,-19.94
401856692,2026,3,Tennessee Volunteers,Kennesaw State Owls,2026-09-19T23:45:00Z,2026-09-18T19:23:09.094341+00:00,away,-35.5,21.18,-14.32
401856799,2026,3,TCU Horned Frogs,Arkansas State Red Wolves,2026-09-20T00:00:00Z,2026-09-18T19:23:09.094341+00:00,away,-18.5,16.5,-2.0
401862776,2026,3,Louisiana Ragin Cajuns,UAB Blazers,2026-09-20T00:00:00Z,2026-09-18T19:23:09.094341+00:00,home,-7.5,27.06,19.56
401856693,2026,3,Texas Longhorns,UTSA Roadrunners,2026-09-20T00:00:00Z,2026-09-18T19:23:09.094341+00:00,away,-30.5,8.83,-21.67
401860887,2026,3,San Diego State Aztecs,James Madison Dukes,2026-09-20T02:00:00Z,2026-09-18T19:23:09.094341+00:00,away,-1.5,-16.02,-17.52
401856793,2026,3,Arizona Wildcats,Northern Illinois Huskies,2026-09-20T02:30:00Z,2026-09-18T19:23:09.094341+00:00,home,-33.5,35.45,1.9500000000000028
401860888,2026,3,San Jose State Spartans,Fresno State Bulldogs,2026-09-20T03:00:00Z,2026-09-18T19:23:09.094341+00:00,home,6.5,-2.5,4.0
401858458,2026,3,UCLA Bruins,Purdue Boilermakers,2026-09-20T03:00:00Z,2026-09-18T19:23:09.094341+00:00,home,-14.0,17.12,3.120000000000001
401860897,2026,4,Western Michigan Broncos,Boise State Broncos,2026-09-26T16:00:00Z,2026-09-18T19:23:09.094341+00:00,home,7.5,4.73,12.23
401858465,2026,4,Ohio State Buckeyes,Illinois Fighting Illini,2026-09-26T16:00:00Z,2026-09-18T19:23:09.094341+00:00,away,-26.5,19.46,-7.039999999999999
401856704,2026,4,Tennessee Volunteers,Texas Longhorns,2026-09-26T16:00:00Z,2026-09-18T19:23:09.094341+00:00,home,4.5,11.11,15.61
401858462,2026,4,Maryland Terrapins,UCLA Bruins,2026-09-26T17:30:00Z,2026-09-18T19:23:09.094341+00:00,home,1.5,12.3,13.8
401856699,2026,4,Florida Gators,Ole Miss Rebels,2026-09-26T19:30:00Z,2026-09-18T19:23:09.094341+00:00,home,-1.5,4.43,2.9299999999999997
401858463,2026,4,Michigan Wolverines,Iowa Hawkeyes,2026-09-26T19:30:00Z,2026-09-18T19:23:09.094341+00:00,away,-4.5,-6.59,-11.09
401858470,2026,4,Washington Huskies,Minnesota Golden Gophers,2026-09-26T19:30:00Z,2026-09-18T19:23:09.094341+00:00,home,-7.5,14.7,7.199999999999999
401856698,2026,4,Auburn Tigers,Vanderbilt Commodores,2026-09-26T20:15:00Z,2026-09-18T19:23:09.094341+00:00,away,-8.5,-0.26,-8.76
401858466,2026,4,Penn State Nittany Lions,Wisconsin Badgers,2026-09-26T21:00:00Z,2026-09-18T19:23:09.094341+00:00,home,-11.5,22.68,11.18
401856696,2026,4,Alabama Crimson Tide,South Carolina Gamecocks,2026-09-26T23:00:00Z,2026-09-18T19:23:09.094341+00:00,away,-11.5,-2.01,-13.51
401856881,2026,4,West Virginia Mountaineers,Oklahoma State Cowboys,2026-09-26T23:00:00Z,2026-09-18T19:23:09.094341+00:00,home,2.5,14.43,16.93
401858469,2026,4,USC Trojans,Oregon Ducks,2026-09-26T23:00:00Z,2026-09-18T19:23:09.094341+00:00,away,-2.5,-19.28,-21.78
401856702,2026,4,LSU Tigers,Texas A&M Aggies,2026-09-26T23:30:00Z,2026-09-18T19:23:09.094341+00:00,away,-5.5,2.08,-3.42
401858226,2026,3,Wake Forest Demon Deacons,Miami Hurricanes,2026-09-18T23:30:00Z,2026-09-18T20:14:51.399493+00:00,home,20.5,-12.18,8.32
401856811,2026,3,Texas Tech Red Raiders,Houston Cougars,2026-09-19T00:00:00Z,2026-09-18T20:14:51.399493+00:00,home,-7.5,19.09,11.59
401869940,2026,3,Delaware Blue Hens,Coastal Carolina Chanticleers,2026-09-19T15:30:00Z,2026-09-18T20:14:51.399493+00:00,away,-5.5,-0.09,-5.59
401858451,2026,3,Minnesota Golden Gophers,Akron Zips,2026-09-19T16:00:00Z,2026-09-18T20:14:51.399493+00:00,away,-23.5,12.1,-11.4
401856686,2026,3,Arkansas Razorbacks,Georgia Bulldogs,2026-09-19T16:00:00Z,2026-09-18T20:14:51.399493+00:00,away,24.5,-31.64,-7.140000000000001
401856798,2026,3,Iowa State Cyclones,Bowling Green Falcons,2026-09-19T16:00:00Z,2026-09-18T20:14:51.399493+00:00,home,-23.5,30.89,7.390000000000001
401858229,2026,3,Clemson Tigers,North Carolina Tar Heels,2026-09-19T16:00:00Z,2026-09-18T20:14:51.399493+00:00,home,-3.0,10.39,7.390000000000001
401860889,2026,3,Texas State Bobcats,North Texas Mean Green,2026-09-19T16:00:00Z,2026-09-18T20:14:51.399493+00:00,away,-2.5,-16.78,-19.28
401858460,2026,3,Wisconsin Badgers,Eastern Michigan Eagles,2026-09-19T16:30:00Z,2026-09-18T20:14:51.399493+00:00,away,-23.5,7.22,-16.28
401864508,2026,3,Central Michigan Chippewas,Wyoming Cowboys,2026-09-19T17:00:00Z,2026-09-18T20:14:51.399493+00:00,home,1.5,2.71,4.21
401862774,2026,3,Toledo Rockets,Temple Owls,2026-09-19T19:00:00Z,2026-09-18T20:14:51.399493+00:00,home,-6.0,12.44,6.4399999999999995
401856685,2026,3,Alabama Crimson Tide,Florida State Seminoles,2026-09-19T19:30:00Z,2026-09-18T20:14:51.399493+00:00,away,-19.5,14.49,-5.01
401856694,2026,3,Texas A&M Aggies,Kentucky Wildcats,2026-09-19T19:30:00Z,2026-09-18T20:14:51.399493+00:00,home,-16.5,24.87,8.370000000000001
401858230,2026,3,Louisville Cardinals,SMU Mustangs,2026-09-19T19:30:00Z,2026-09-18T20:14:51.399493+00:00,home,-1.5,11.35,9.85
401858457,2026,3,Rutgers Scarlet Knights,USC Trojans,2026-09-19T19:30:00Z,2026-09-18T20:14:51.399493+00:00,home,21.5,-7.01,14.49
401856801,2026,3,Utah Utes,Utah State Aggies,2026-09-19T19:30:00Z,2026-09-18T20:14:51.399493+00:00,away,-27.5,24.24,-3.2600000000000016
401866422,2026,3,Liberty Flames,Ball State Cardinals,2026-09-19T20:00:00Z,2026-09-18T20:14:51.399493+00:00,away,-14.5,11.32,-3.1799999999999997
401867804,2026,3,Baylor Bears,Louisiana Tech Bulldogs,2026-09-19T20:00:00Z,2026-09-18T20:14:51.399493+00:00,away,-20.5,-25.36,-45.86
401858231,2026,3,Duke Blue Devils,Stanford Cardinal,2026-09-19T20:00:00Z,2026-09-18T20:14:51.399493+00:00,home,-10.0,20.11,10.11
401856691,2026,3,South Carolina Gamecocks,Mississippi State Bulldogs,2026-09-19T20:15:00Z,2026-09-18T20:14:51.399493+00:00,home,-4.0,6.86,2.8600000000000003
401862710,2026,3,Old Dominion Monarchs,East Carolina Pirates,2026-09-19T22:00:00Z,2026-09-18T20:14:51.399493+00:00,home,-3.0,11.64,8.64
401862771,2026,3,Florida Atlantic Owls,Florida International Panthers,2026-09-19T22:00:00Z,2026-09-18T20:14:51.399493+00:00,home,-6.5,16.01,9.510000000000002
401871047,2026,3,Missouri State Bears,Marshall Thundering Herd,2026-09-19T22:30:00Z,2026-09-18T20:14:51.399493+00:00,home,4.0,13.07,17.07
401856687,2026,3,Auburn Tigers,Florida Gators,2026-09-19T23:00:00Z,2026-09-18T20:14:51.399493+00:00,home,2.5,0.5,3.0
401869948,2026,3,Jacksonville State Gamecocks,Georgia Southern Eagles,2026-09-19T23:00:00Z,2026-09-18T20:14:51.399493+00:00,home,-3.5,12.69,9.19
401856800,2026,3,UCF Knights,Georgia State Panthers,2026-09-19T23:00:00Z,2026-09-18T20:14:51.399493+00:00,home,-17.5,25.81,8.309999999999999
401864443,2026,3,Middle Tennessee Blue Raiders,Nevada Wolf Pack,2026-09-19T23:00:00Z,2026-09-18T20:14:51.399493+00:00,home,3.5,8.5,12.0
401866423,2026,3,South Alabama Jaguars,Ohio Bobcats,2026-09-19T23:00:00Z,2026-09-18T20:14:51.399493+00:00,home,-6.5,14.66,8.16
401862773,2026,3,Rice Owls,Western Michigan Broncos,2026-09-19T23:00:00Z,2026-09-18T20:14:51.399493+00:00,away,9.5,-16.19,-6.690000000000001
401856795,2026,3,Colorado State Rams,BYU Cougars,2026-09-19T23:30:00Z,2026-09-18T20:14:51.399493+00:00,home,17.5,-6.72,10.780000000000001
401856796,2026,3,Northwestern Wildcats,Colorado Buffaloes,2026-09-19T23:30:00Z,2026-09-18T20:14:51.399493+00:00,home,-3.5,12.87,9.37
401856688,2026,3,Ole Miss Rebels,LSU Tigers,2026-09-19T23:30:00Z,2026-09-18T20:14:51.399493+00:00,home,3.0,8.31,11.31
401858232,2026,3,Maryland Terrapins,Virginia Tech Hokies,2026-09-19T23:30:00Z,2026-09-18T20:14:51.399493+00:00,home,3.0,3.14,6.140000000000001
401858453,2026,3,Notre Dame Fighting Irish,Michigan State Spartans,2026-09-19T23:30:00Z,2026-09-18T20:14:51.399493+00:00,home,-29.5,32.14,2.6400000000000006
401856690,2026,3,Oklahoma Sooners,New Mexico Lobos,2026-09-19T23:30:00Z,2026-09-18T20:14:51.399493+00:00,away,-21.5,1.56,-19.94
401856692,2026,3,Tennessee Volunteers,Kennesaw State Owls,2026-09-19T23:45:00Z,2026-09-18T20:14:51.399493+00:00,away,-35.5,21.18,-14.32
401856799,2026,3,TCU Horned Frogs,Arkansas State Red Wolves,2026-09-20T00:00:00Z,2026-09-18T20:14:51.399493+00:00,away,-18.5,16.5,-2.0
401862776,2026,3,Louisiana Ragin Cajuns,UAB Blazers,2026-09-20T00:00:00Z,2026-09-18T20:14:51.399493+00:00,home,-7.5,27.06,19.56
401856693,2026,3,Texas Longhorns,UTSA Roadrunners,2026-09-20T00:00:00Z,2026-09-18T20:14:51.399493+00:00,away,-30.5,8.83,-21.67
401860887,2026,3,San Diego State Aztecs,James Madison Dukes,2026-09-20T02:00:00Z,2026-09-18T20:14:51.399493+00:00,away,-1.5,-16.02,-17.52
401856793,2026,3,Arizona Wildcats,Northern Illinois Huskies,2026-09-20T02:30:00Z,2026-09-18T20:14:51.399493+00:00,home,-33.5,35.45,1.9500000000000028
401860888,2026,3,San Jose State Spartans,Fresno State Bulldogs,2026-09-20T03:00:00Z,2026-09-18T20:14:51.399493+00:00,home,6.5,-2.5,4.0
401858458,2026,3,UCLA Bruins,Purdue Boilermakers,2026-09-20T03:00:00Z,2026-09-18T20:14:51.399493+00:00,home,-14.0,17.12,3.120000000000001
401860897,2026,4,Western Michigan Broncos,Boise State Broncos,2026-09-26T16:00:00Z,2026-09-18T20:14:51.399493+00:00,home,7.5,4.73,12.23
401858465,2026,4,Ohio State Buckeyes,Illinois Fighting Illini,2026-09-26T16:00:00Z,2026-09-18T20:14:51.399493+00:00,away,-27.5,19.46,-8.04
401856704,2026,4,Tennessee Volunteers,Texas Longhorns,2026-09-26T16:00:00Z,2026-09-18T20:14:51.399493+00:00,home,4.5,11.11,15.61
401858462,2026,4,Maryland Terrapins,UCLA Bruins,2026-09-26T17:30:00Z,2026-09-18T20:14:51.399493+00:00,home,1.5,12.3,13.8
401856699,2026,4,Florida Gators,Ole Miss Rebels,2026-09-26T19:30:00Z,2026-09-18T20:14:51.399493+00:00,home,-1.5,4.43,2.9299999999999997
401858463,2026,4,Michigan Wolverines,Iowa Hawkeyes,2026-09-26T19:30:00Z,2026-09-18T20:14:51.399493+00:00,away,-4.5,-6.59,-11.09
401858470,2026,4,Washington Huskies,Minnesota Golden Gophers,2026-09-26T19:30:00Z,2026-09-18T20:14:51.399493+00:00,home,-7.5,14.7,7.199999999999999
401856698,2026,4,Auburn Tigers,Vanderbilt Commodores,2026-09-26T20:15:00Z,2026-09-18T20:14:51.399493+00:00,away,-8.5,-0.26,-8.76
401858466,2026,4,Penn State Nittany Lions,Wisconsin Badgers,2026-09-26T21:00:00Z,2026-09-18T20:14:51.399493+00:00,home,-11.5,22.68,11.18
401856696,2026,4,Alabama Crimson Tide,South Carolina Gamecocks,2026-09-26T23:00:00Z,2026-09-18T20:14:51.399493+00:00,away,-11.5,-2.01,-13.51
401856881,2026,4,West Virginia Mountaineers,Oklahoma State Cowboys,2026-09-26T23:00:00Z,2026-09-18T20:14:51.399493+00:00,home,2.5,14.43,16.93
401858469,2026,4,USC Trojans,Oregon Ducks,2026-09-26T23:00:00Z,2026-09-18T20:14:51.399493+00:00,away,-2.5,-19.28,-21.78
401856702,2026,4,LSU Tigers,Texas A&M Aggies,2026-09-26T23:30:00Z,2026-09-18T20:14:51.399493+00:00,away,-5.5,2.08,-3.42
401858226,2026,3,Wake Forest Demon Deacons,Miami Hurricanes,2026-09-18T23:30:00Z,2026-09-18T21:08:39.424542+00:00,home,20.5,-12.18,8.32
401856811,2026,3,Texas Tech Red Raiders,Houston Cougars,2026-09-19T00:00:00Z,2026-09-18T21:08:39.424542+00:00,home,-7.5,19.09,11.59
401869940,2026,3,Delaware Blue Hens,Coastal Carolina Chanticleers,2026-09-19T15:30:00Z,2026-09-18T21:08:39.424542+00:00,away,-5.5,-0.09,-5.59
401858451,2026,3,Minnesota Golden Gophers,Akron Zips,2026-09-19T16:00:00Z,2026-09-18T21:08:39.424542+00:00,away,-23.5,12.1,-11.4
401856686,2026,3,Arkansas Razorbacks,Georgia Bulldogs,2026-09-19T16:00:00Z,2026-09-18T21:08:39.424542+00:00,away,24.5,-31.64,-7.140000000000001
401856798,2026,3,Iowa State Cyclones,Bowling Green Falcons,2026-09-19T16:00:00Z,2026-09-18T21:08:39.424542+00:00,home,-23.5,30.89,7.390000000000001
401858229,2026,3,Clemson Tigers,North Carolina Tar Heels,2026-09-19T16:00:00Z,2026-09-18T21:08:39.424542+00:00,home,-3.0,10.39,7.390000000000001
401860889,2026,3,Texas State Bobcats,North Texas Mean Green,2026-09-19T16:00:00Z,2026-09-18T21:08:39.424542+00:00,away,-2.5,-16.78,-19.28
401858460,2026,3,Wisconsin Badgers,Eastern Michigan Eagles,2026-09-19T16:30:00Z,2026-09-18T21:08:39.424542+00:00,away,-23.5,7.22,-16.28
401864508,2026,3,Central Michigan Chippewas,Wyoming Cowboys,2026-09-19T17:00:00Z,2026-09-18T21:08:39.424542+00:00,home,1.5,2.71,4.21
401862774,2026,3,Toledo Rockets,Temple Owls,2026-09-19T19:00:00Z,2026-09-18T21:08:39.424542+00:00,home,-6.0,12.44,6.4399999999999995
401856685,2026,3,Alabama Crimson Tide,Florida State Seminoles,2026-09-19T19:30:00Z,2026-09-18T21:08:39.424542+00:00,away,-19.5,14.49,-5.01
401856694,2026,3,Texas A&M Aggies,Kentucky Wildcats,2026-09-19T19:30:00Z,2026-09-18T21:08:39.424542+00:00,home,-16.5,24.87,8.370000000000001
401858230,2026,3,Louisville Cardinals,SMU Mustangs,2026-09-19T19:30:00Z,2026-09-18T21:08:39.424542+00:00,home,-1.5,11.35,9.85
401858457,2026,3,Rutgers Scarlet Knights,USC Trojans,2026-09-19T19:30:00Z,2026-09-18T21:08:39.424542+00:00,home,21.5,-7.01,14.49
401856801,2026,3,Utah Utes,Utah State Aggies,2026-09-19T19:30:00Z,2026-09-18T21:08:39.424542+00:00,away,-27.5,24.24,-3.2600000000000016
401866422,2026,3,Liberty Flames,Ball State Cardinals,2026-09-19T20:00:00Z,2026-09-18T21:08:39.424542+00:00,away,-14.5,11.32,-3.1799999999999997
401867804,2026,3,Baylor Bears,Louisiana Tech Bulldogs,2026-09-19T20:00:00Z,2026-09-18T21:08:39.424542+00:00,away,-20.5,-25.36,-45.86
401858231,2026,3,Duke Blue Devils,Stanford Cardinal,2026-09-19T20:00:00Z,2026-09-18T21:08:39.424542+00:00,home,-10.0,20.11,10.11
401856691,2026,3,South Carolina Gamecocks,Mississippi State Bulldogs,2026-09-19T20:15:00Z,2026-09-18T21:08:39.424542+00:00,home,-4.0,6.86,2.8600000000000003
401862710,2026,3,Old Dominion Monarchs,East Carolina Pirates,2026-09-19T22:00:00Z,2026-09-18T21:08:39.424542+00:00,home,-3.0,11.64,8.64
401862771,2026,3,Florida Atlantic Owls,Florida International Panthers,2026-09-19T22:00:00Z,2026-09-18T21:08:39.424542+00:00,home,-6.5,16.01,9.510000000000002
401871047,2026,3,Missouri State Bears,Marshall Thundering Herd,2026-09-19T22:30:00Z,2026-09-18T21:08:39.424542+00:00,home,4.0,13.07,17.07
401856687,2026,3,Auburn Tigers,Florida Gators,2026-09-19T23:00:00Z,2026-09-18T21:08:39.424542+00:00,home,2.5,0.5,3.0
401869948,2026,3,Jacksonville State Gamecocks,Georgia Southern Eagles,2026-09-19T23:00:00Z,2026-09-18T21:08:39.424542+00:00,home,-3.5,12.69,9.19
401856800,2026,3,UCF Knights,Georgia State Panthers,2026-09-19T23:00:00Z,2026-09-18T21:08:39.424542+00:00,home,-17.5,25.81,8.309999999999999
401864443,2026,3,Middle Tennessee Blue Raiders,Nevada Wolf Pack,2026-09-19T23:00:00Z,2026-09-18T21:08:39.424542+00:00,home,3.5,8.5,12.0
401866423,2026,3,South Alabama Jaguars,Ohio Bobcats,2026-09-19T23:00:00Z,2026-09-18T21:08:39.424542+00:00,home,-6.5,14.66,8.16
401862773,2026,3,Rice Owls,Western Michigan Broncos,2026-09-19T23:00:00Z,2026-09-18T21:08:39.424542+00:00,away,9.5,-16.19,-6.690000000000001
401856795,2026,3,Colorado State Rams,BYU Cougars,2026-09-19T23:30:00Z,2026-09-18T21:08:39.424542+00:00,home,17.5,-6.72,10.780000000000001
401856796,2026,3,Northwestern Wildcats,Colorado Buffaloes,2026-09-19T23:30:00Z,2026-09-18T21:08:39.424542+00:00,home,-3.5,12.87,9.37
401856688,2026,3,Ole Miss Rebels,LSU Tigers,2026-09-19T23:30:00Z,2026-09-18T21:08:39.424542+00:00,home,3.0,8.31,11.31
401858232,2026,3,Maryland Terrapins,Virginia Tech Hokies,2026-09-19T23:30:00Z,2026-09-18T21:08:39.424542+00:00,home,3.0,3.14,6.140000000000001
401858453,2026,3,Notre Dame Fighting Irish,Michigan State Spartans,2026-09-19T23:30:00Z,2026-09-18T21:08:39.424542+00:00,home,-29.5,32.14,2.6400000000000006
401856690,2026,3,Oklahoma Sooners,New Mexico Lobos,2026-09-19T23:30:00Z,2026-09-18T21:08:39.424542+00:00,away,-21.5,1.56,-19.94
401856692,2026,3,Tennessee Volunteers,Kennesaw State Owls,2026-09-19T23:45:00Z,2026-09-18T21:08:39.424542+00:00,away,-35.5,21.18,-14.32
401856799,2026,3,TCU Horned Frogs,Arkansas State Red Wolves,2026-09-20T00:00:00Z,2026-09-18T21:08:39.424542+00:00,away,-18.5,16.5,-2.0
401862776,2026,3,Louisiana Ragin Cajuns,UAB Blazers,2026-09-20T00:00:00Z,2026-09-18T21:08:39.424542+00:00,home,-7.5,27.06,19.56
401856693,2026,3,Texas Longhorns,UTSA Roadrunners,2026-09-20T00:00:00Z,2026-09-18T21:08:39.424542+00:00,away,-30.5,8.83,-21.67
401860887,2026,3,San Diego State Aztecs,James Madison Dukes,2026-09-20T02:00:00Z,2026-09-18T21:08:39.424542+00:00,away,-1.5,-16.02,-17.52
401856793,2026,3,Arizona Wildcats,Northern Illinois Huskies,2026-09-20T02:30:00Z,2026-09-18T21:08:39.424542+00:00,home,-33.5,35.45,1.9500000000000028
401860888,2026,3,San Jose State Spartans,Fresno State Bulldogs,2026-09-20T03:00:00Z,2026-09-18T21:08:39.424542+00:00,home,6.5,-2.5,4.0
401858458,2026,3,UCLA Bruins,Purdue Boilermakers,2026-09-20T03:00:00Z,2026-09-18T21:08:39.424542+00:00,home,-14.0,17.12,3.120000000000001
401860897,2026,4,Western Michigan Broncos,Boise State Broncos,2026-09-26T16:00:00Z,2026-09-18T21:08:39.424542+00:00,home,7.5,4.73,12.23
401858465,2026,4,Ohio State Buckeyes,Illinois Fighting Illini,2026-09-26T16:00:00Z,2026-09-18T21:08:39.424542+00:00,away,-27.5,19.46,-8.04
401856704,2026,4,Tennessee Volunteers,Texas Longhorns,2026-09-26T16:00:00Z,2026-09-18T21:08:39.424542+00:00,home,4.5,11.11,15.61
401858462,2026,4,Maryland Terrapins,UCLA Bruins,2026-09-26T17:30:00Z,2026-09-18T21:08:39.424542+00:00,home,1.5,12.3,13.8
401856699,2026,4,Florida Gators,Ole Miss Rebels,2026-09-26T19:30:00Z,2026-09-18T21:08:39.424542+00:00,home,-1.5,4.43,2.9299999999999997
401858463,2026,4,Michigan Wolverines,Iowa Hawkeyes,2026-09-26T19:30:00Z,2026-09-18T21:08:39.424542+00:00,away,-4.5,-6.59,-11.09
401858470,2026,4,Washington Huskies,Minnesota Golden Gophers,2026-09-26T19:30:00Z,2026-09-18T21:08:39.424542+00:00,home,-7.5,14.7,7.199999999999999
401856698,2026,4,Auburn Tigers,Vanderbilt Commodores,2026-09-26T20:15:00Z,2026-09-18T21:08:39.424542+00:00,away,-8.5,-0.26,-8.76
401858466,2026,4,Penn State Nittany Lions,Wisconsin Badgers,2026-09-26T21:00:00Z,2026-09-18T21:08:39.424542+00:00,home,-11.5,22.68,11.18
401856696,2026,4,Alabama Crimson Tide,South Carolina Gamecocks,2026-09-26T23:00:00Z,2026-09-18T21:08:39.424542+00:00,away,-11.5,-2.01,-13.51
401856881,2026,4,West Virginia Mountaineers,Oklahoma State Cowboys,2026-09-26T23:00:00Z,2026-09-18T21:08:39.424542+00:00,home,2.5,14.43,16.93
401858469,2026,4,USC Trojans,Oregon Ducks,2026-09-26T23:00:00Z,2026-09-18T21:08:39.424542+00:00,away,-2.5,-19.28,-21.78
401856702,2026,4,LSU Tigers,Texas A&M Aggies,2026-09-26T23:30:00Z,2026-09-18T21:08:39.424542+00:00,away,-5.5,2.08,-3.42
401858226,2026,3,Wake Forest Demon Deacons,Miami Hurricanes,2026-09-18T23:30:00Z,2026-09-18T21:18:17.093629+00:00,home,20.5,-12.18,8.32
401856811,2026,3,Texas Tech Red Raiders,Houston Cougars,2026-09-19T00:00:00Z,2026-09-18T21:18:17.093629+00:00,home,-7.5,19.09,11.59
401869940,2026,3,Delaware Blue Hens,Coastal Carolina Chanticleers,2026-09-19T15:30:00Z,2026-09-18T21:18:17.093629+00:00,away,-5.5,-0.09,-5.59
401858451,2026,3,Minnesota Golden Gophers,Akron Zips,2026-09-19T16:00:00Z,2026-09-18T21:18:17.093629+00:00,away,-23.5,12.1,-11.4
401856686,2026,3,Arkansas Razorbacks,Georgia Bulldogs,2026-09-19T16:00:00Z,2026-09-18T21:18:17.093629+00:00,away,24.5,-31.64,-7.140000000000001
401856798,2026,3,Iowa State Cyclones,Bowling Green Falcons,2026-09-19T16:00:00Z,2026-09-18T21:18:17.093629+00:00,home,-23.5,30.89,7.390000000000001
401858229,2026,3,Clemson Tigers,North Carolina Tar Heels,2026-09-19T16:00:00Z,2026-09-18T21:18:17.093629+00:00,home,-3.0,10.39,7.390000000000001
401860889,2026,3,Texas State Bobcats,North Texas Mean Green,2026-09-19T16:00:00Z,2026-09-18T21:18:17.093629+00:00,away,-2.5,-16.78,-19.28
401858460,2026,3,Wisconsin Badgers,Eastern Michigan Eagles,2026-09-19T16:30:00Z,2026-09-18T21:18:17.093629+00:00,away,-23.5,7.22,-16.28
401864508,2026,3,Central Michigan Chippewas,Wyoming Cowboys,2026-09-19T17:00:00Z,2026-09-18T21:18:17.093629+00:00,home,1.5,2.71,4.21
401862774,2026,3,Toledo Rockets,Temple Owls,2026-09-19T19:00:00Z,2026-09-18T21:18:17.093629+00:00,home,-6.0,12.44,6.4399999999999995
401856685,2026,3,Alabama Crimson Tide,Florida State Seminoles,2026-09-19T19:30:00Z,2026-09-18T21:18:17.093629+00:00,away,-19.5,14.49,-5.01
401856694,2026,3,Texas A&M Aggies,Kentucky Wildcats,2026-09-19T19:30:00Z,2026-09-18T21:18:17.093629+00:00,home,-16.5,24.87,8.370000000000001
401858230,2026,3,Louisville Cardinals,SMU Mustangs,2026-09-19T19:30:00Z,2026-09-18T21:18:17.093629+00:00,home,-1.5,11.35,9.85
401858457,2026,3,Rutgers Scarlet Knights,USC Trojans,2026-09-19T19:30:00Z,2026-09-18T21:18:17.093629+00:00,home,21.5,-7.01,14.49
401856801,2026,3,Utah Utes,Utah State Aggies,2026-09-19T19:30:00Z,2026-09-18T21:18:17.093629+00:00,away,-27.5,24.24,-3.2600000000000016
401866422,2026,3,Liberty Flames,Ball State Cardinals,2026-09-19T20:00:00Z,2026-09-18T21:18:17.093629+00:00,away,-14.5,11.32,-3.1799999999999997
401867804,2026,3,Baylor Bears,Louisiana Tech Bulldogs,2026-09-19T20:00:00Z,2026-09-18T21:18:17.093629+00:00,away,-20.5,-25.36,-45.86
401858231,2026,3,Duke Blue Devils,Stanford Cardinal,2026-09-19T20:00:00Z,2026-09-18T21:18:17.093629+00:00,home,-10.0,20.11,10.11
401856691,2026,3,South Carolina Gamecocks,Mississippi State Bulldogs,2026-09-19T20:15:00Z,2026-09-18T21:18:17.093629+00:00,home,-4.0,6.86,2.8600000000000003
401862710,2026,3,Old Dominion Monarchs,East Carolina Pirates,2026-09-19T22:00:00Z,2026-09-18T21:18:17.093629+00:00,home,-3.0,11.64,8.64
401862771,2026,3,Florida Atlantic Owls,Florida International Panthers,2026-09-19T22:00:00Z,2026-09-18T21:18:17.093629+00:00,home,-6.5,16.01,9.510000000000002
401871047,2026,3,Missouri State Bears,Marshall Thundering Herd,2026-09-19T22:30:00Z,2026-09-18T21:18:17.093629+00:00,home,4.0,13.07,17.07
401856687,2026,3,Auburn Tigers,Florida Gators,2026-09-19T23:00:00Z,2026-09-18T21:18:17.093629+00:00,home,2.5,0.5,3.0
401869948,2026,3,Jacksonville State Gamecocks,Georgia Southern Eagles,2026-09-19T23:00:00Z,2026-09-18T21:18:17.093629+00:00,home,-3.5,12.69,9.19
401856800,2026,3,UCF Knights,Georgia State Panthers,2026-09-19T23:00:00Z,2026-09-18T21:18:17.093629+00:00,home,-17.5,25.81,8.309999999999999
401864443,2026,3,Middle Tennessee Blue Raiders,Nevada Wolf Pack,2026-09-19T23:00:00Z,2026-09-18T21:18:17.093629+00:00,home,3.5,8.5,12.0
401866423,2026,3,South Alabama Jaguars,Ohio Bobcats,2026-09-19T23:00:00Z,2026-09-18T21:18:17.093629+00:00,home,-6.5,14.66,8.16
401862773,2026,3,Rice Owls,Western Michigan Broncos,2026-09-19T23:00:00Z,2026-09-18T21:18:17.093629+00:00,away,9.5,-16.19,-6.690000000000001
401856795,2026,3,Colorado State Rams,BYU Cougars,2026-09-19T23:30:00Z,2026-09-18T21:18:17.093629+00:00,home,17.5,-6.72,10.780000000000001
401856796,2026,3,Northwestern Wildcats,Colorado Buffaloes,2026-09-19T23:30:00Z,2026-09-18T21:18:17.093629+00:00,home,-3.5,12.87,9.37
401856688,2026,3,Ole Miss Rebels,LSU Tigers,2026-09-19T23:30:00Z,2026-09-18T21:18:17.093629+00:00,home,3.0,8.31,11.31
401858232,2026,3,Maryland Terrapins,Virginia Tech Hokies,2026-09-19T23:30:00Z,2026-09-18T21:18:17.093629+00:00,home,3.0,3.14,6.140000000000001
401858453,2026,3,Notre Dame Fighting Irish,Michigan State Spartans,2026-09-19T23:30:00Z,2026-09-18T21:18:17.093629+00:00,home,-29.5,32.14,2.6400000000000006
401856690,2026,3,Oklahoma Sooners,New Mexico Lobos,2026-09-19T23:30:00Z,2026-09-18T21:18:17.093629+00:00,away,-21.5,1.56,-19.94
401856692,2026,3,Tennessee Volunteers,Kennesaw State Owls,2026-09-19T23:45:00Z,2026-09-18T21:18:17.093629+00:00,away,-35.5,21.18,-14.32
401856799,2026,3,TCU Horned Frogs,Arkansas State Red Wolves,2026-09-20T00:00:00Z,2026-09-18T21:18:17.093629+00:00,away,-18.5,16.5,-2.0
401862776,2026,3,Louisiana Ragin Cajuns,UAB Blazers,2026-09-20T00:00:00Z,2026-09-18T21:18:17.093629+00:00,home,-7.5,27.06,19.56
401856693,2026,3,Texas Longhorns,UTSA Roadrunners,2026-09-20T00:00:00Z,2026-09-18T21:18:17.093629+00:00,away,-30.5,8.83,-21.67
401860887,2026,3,San Diego State Aztecs,James Madison Dukes,2026-09-20T02:00:00Z,2026-09-18T21:18:17.093629+00:00,away,-1.5,-16.02,-17.52
401856793,2026,3,Arizona Wildcats,Northern Illinois Huskies,2026-09-20T02:30:00Z,2026-09-18T21:18:17.093629+00:00,home,-33.5,35.45,1.9500000000000028
401860888,2026,3,San Jose State Spartans,Fresno State Bulldogs,2026-09-20T03:00:00Z,2026-09-18T21:18:17.093629+00:00,home,6.5,-2.5,4.0
401858458,2026,3,UCLA Bruins,Purdue Boilermakers,2026-09-20T03:00:00Z,2026-09-18T21:18:17.093629+00:00,home,-14.0,17.12,3.120000000000001
401860897,2026,4,Western Michigan Broncos,Boise State Broncos,2026-09-26T16:00:00Z,2026-09-18T21:18:17.093629+00:00,home,7.5,4.73,12.23
401858465,2026,4,Ohio State Buckeyes,Illinois Fighting Illini,2026-09-26T16:00:00Z,2026-09-18T21:18:17.093629+00:00,away,-27.5,19.46,-8.04
401856704,2026,4,Tennessee Volunteers,Texas Longhorns,2026-09-26T16:00:00Z,2026-09-18T21:18:17.093629+00:00,home,4.5,11.11,15.61
401858462,2026,4,Maryland Terrapins,UCLA Bruins,2026-09-26T17:30:00Z,2026-09-18T21:18:17.093629+00:00,home,1.5,12.3,13.8
401856699,2026,4,Florida Gators,Ole Miss Rebels,2026-09-26T19:30:00Z,2026-09-18T21:18:17.093629+00:00,home,-1.5,4.43,2.9299999999999997
401858463,2026,4,Michigan Wolverines,Iowa Hawkeyes,2026-09-26T19:30:00Z,2026-09-18T21:18:17.093629+00:00,away,-4.5,-6.59,-11.09
401858470,2026,4,Washington Huskies,Minnesota Golden Gophers,2026-09-26T19:30:00Z,2026-09-18T21:18:17.093629+00:00,home,-7.5,14.7,7.199999999999999
401856698,2026,4,Auburn Tigers,Vanderbilt Commodores,2026-09-26T20:15:00Z,2026-09-18T21:18:17.093629+00:00,away,-8.5,-0.26,-8.76
401858466,2026,4,Penn State Nittany Lions,Wisconsin Badgers,2026-09-26T21:00:00Z,2026-09-18T21:18:17.093629+00:00,home,-11.5,22.68,11.18
401856696,2026,4,Alabama Crimson Tide,South Carolina Gamecocks,2026-09-26T23:00:00Z,2026-09-18T21:18:17.093629+00:00,away,-11.5,-2.01,-13.51
401856881,2026,4,West Virginia Mountaineers,Oklahoma State Cowboys,2026-09-26T23:00:00Z,2026-09-18T21:18:17.093629+00:00,home,2.5,14.43,16.93
401858469,2026,4,USC Trojans,Oregon Ducks,2026-09-26T23:00:00Z,2026-09-18T21:18:17.093629+00:00,away,-2.5,-19.28,-21.78
401856702,2026,4,LSU Tigers,Texas A&M Aggies,2026-09-26T23:30:00Z,2026-09-18T21:18:17.093629+00:00,away,-5.5,2.08,-3.42
401858226,2026,3,Wake Forest Demon Deacons,Miami Hurricanes,2026-09-18T23:30:00Z,2026-09-18T21:29:56.284505+00:00,home,20.5,-12.18,8.32
401856811,2026,3,Texas Tech Red Raiders,Houston Cougars,2026-09-19T00:00:00Z,2026-09-18T21:29:56.284505+00:00,home,-7.5,19.09,11.59
401869940,2026,3,Delaware Blue Hens,Coastal Carolina Chanticleers,2026-09-19T15:30:00Z,2026-09-18T21:29:56.284505+00:00,away,-5.5,-0.09,-5.59
401858451,2026,3,Minnesota Golden Gophers,Akron Zips,2026-09-19T16:00:00Z,2026-09-18T21:29:56.284505+00:00,away,-23.5,12.1,-11.4
401856686,2026,3,Arkansas Razorbacks,Georgia Bulldogs,2026-09-19T16:00:00Z,2026-09-18T21:29:56.284505+00:00,away,24.5,-31.64,-7.140000000000001
401856798,2026,3,Iowa State Cyclones,Bowling Green Falcons,2026-09-19T16:00:00Z,2026-09-18T21:29:56.284505+00:00,home,-23.5,30.89,7.390000000000001
401858229,2026,3,Clemson Tigers,North Carolina Tar Heels,2026-09-19T16:00:00Z,2026-09-18T21:29:56.284505+00:00,home,-3.0,10.39,7.390000000000001
401860889,2026,3,Texas State Bobcats,North Texas Mean Green,2026-09-19T16:00:00Z,2026-09-18T21:29:56.284505+00:00,away,-2.5,-16.78,-19.28
401858460,2026,3,Wisconsin Badgers,Eastern Michigan Eagles,2026-09-19T16:30:00Z,2026-09-18T21:29:56.284505+00:00,away,-23.5,7.22,-16.28
401864508,2026,3,Central Michigan Chippewas,Wyoming Cowboys,2026-09-19T17:00:00Z,2026-09-18T21:29:56.284505+00:00,home,1.5,2.71,4.21
401862774,2026,3,Toledo Rockets,Temple Owls,2026-09-19T19:00:00Z,2026-09-18T21:29:56.284505+00:00,home,-6.0,12.44,6.4399999999999995
401856685,2026,3,Alabama Crimson Tide,Florida State Seminoles,2026-09-19T19:30:00Z,2026-09-18T21:29:56.284505+00:00,away,-19.5,14.49,-5.01
401856694,2026,3,Texas A&M Aggies,Kentucky Wildcats,2026-09-19T19:30:00Z,2026-09-18T21:29:56.284505+00:00,home,-16.5,24.87,8.370000000000001
401858230,2026,3,Louisville Cardinals,SMU Mustangs,2026-09-19T19:30:00Z,2026-09-18T21:29:56.284505+00:00,home,-1.5,11.35,9.85
401858457,2026,3,Rutgers Scarlet Knights,USC Trojans,2026-09-19T19:30:00Z,2026-09-18T21:29:56.284505+00:00,home,21.5,-7.01,14.49
401856801,2026,3,Utah Utes,Utah State Aggies,2026-09-19T19:30:00Z,2026-09-18T21:29:56.284505+00:00,away,-27.5,24.24,-3.2600000000000016
401866422,2026,3,Liberty Flames,Ball State Cardinals,2026-09-19T20:00:00Z,2026-09-18T21:29:56.284505+00:00,away,-14.5,11.32,-3.1799999999999997
401867804,2026,3,Baylor Bears,Louisiana Tech Bulldogs,2026-09-19T20:00:00Z,2026-09-18T21:29:56.284505+00:00,away,-20.5,-25.36,-45.86
401858231,2026,3,Duke Blue Devils,Stanford Cardinal,2026-09-19T20:00:00Z,2026-09-18T21:29:56.284505+00:00,home,-10.0,20.11,10.11
401856691,2026,3,South Carolina Gamecocks,Mississippi State Bulldogs,2026-09-19T20:15:00Z,2026-09-18T21:29:56.284505+00:00,home,-4.0,6.86,2.8600000000000003
401862710,2026,3,Old Dominion Monarchs,East Carolina Pirates,2026-09-19T22:00:00Z,2026-09-18T21:29:56.284505+00:00,home,-3.0,11.64,8.64
401862771,2026,3,Florida Atlantic Owls,Florida International Panthers,2026-09-19T22:00:00Z,2026-09-18T21:29:56.284505+00:00,home,-6.5,16.01,9.510000000000002
401871047,2026,3,Missouri State Bears,Marshall Thundering Herd,2026-09-19T22:30:00Z,2026-09-18T21:29:56.284505+00:00,home,4.0,13.07,17.07
401856687,2026,3,Auburn Tigers,Florida Gators,2026-09-19T23:00:00Z,2026-09-18T21:29:56.284505+00:00,home,2.5,0.5,3.0
401869948,2026,3,Jacksonville State Gamecocks,Georgia Southern Eagles,2026-09-19T23:00:00Z,2026-09-18T21:29:56.284505+00:00,home,-3.5,12.69,9.19
401856800,2026,3,UCF Knights,Georgia State Panthers,2026-09-19T23:00:00Z,2026-09-18T21:29:56.284505+00:00,home,-17.5,25.81,8.309999999999999
401864443,2026,3,Middle Tennessee Blue Raiders,Nevada Wolf Pack,2026-09-19T23:00:00Z,2026-09-18T21:29:56.284505+00:00,home,3.5,8.5,12.0
401866423,2026,3,South Alabama Jaguars,Ohio Bobcats,2026-09-19T23:00:00Z,2026-09-18T21:29:56.284505+00:00,home,-6.5,14.66,8.16
401862773,2026,3,Rice Owls,Western Michigan Broncos,2026-09-19T23:00:00Z,2026-09-18T21:29:56.284505+00:00,away,9.5,-16.19,-6.690000000000001
401856795,2026,3,Colorado State Rams,BYU Cougars,2026-09-19T23:30:00Z,2026-09-18T21:29:56.284505+00:00,home,17.5,-6.72,10.780000000000001
401856796,2026,3,Northwestern Wildcats,Colorado Buffaloes,2026-09-19T23:30:00Z,2026-09-18T21:29:56.284505+00:00,home,-3.5,12.87,9.37
401856688,2026,3,Ole Miss Rebels,LSU Tigers,2026-09-19T23:30:00Z,2026-09-18T21:29:56.284505+00:00,home,3.0,8.31,11.31
401858232,2026,3,Maryland Terrapins,Virginia Tech Hokies,2026-09-19T23:30:00Z,2026-09-18T21:29:56.284505+00:00,home,3.0,3.14,6.140000000000001
401858453,2026,3,Notre Dame Fighting Irish,Michigan State Spartans,2026-09-19T23:30:00Z,2026-09-18T21:29:56.284505+00:00,home,-29.5,32.14,2.6400000000000006
401856690,2026,3,Oklahoma Sooners,New Mexico Lobos,2026-09-19T23:30:00Z,2026-09-18T21:29:56.284505+00:00,away,-21.5,1.56,-19.94
401856692,2026,3,Tennessee Volunteers,Kennesaw State Owls,2026-09-19T23:45:00Z,2026-09-18T21:29:56.284505+00:00,away,-35.5,21.18,-14.32
401856799,2026,3,TCU Horned Frogs,Arkansas State Red Wolves,2026-09-20T00:00:00Z,2026-09-18T21:29:56.284505+00:00,away,-18.5,16.5,-2.0
401862776,2026,3,Louisiana Ragin Cajuns,UAB Blazers,2026-09-20T00:00:00Z,2026-09-18T21:29:56.284505+00:00,home,-7.5,27.06,19.56
401856693,2026,3,Texas Longhorns,UTSA Roadrunners,2026-09-20T00:00:00Z,2026-09-18T21:29:56.284505+00:00,away,-30.5,8.83,-21.67
401860887,2026,3,San Diego State Aztecs,James Madison Dukes,2026-09-20T02:00:00Z,2026-09-18T21:29:56.284505+00:00,away,-1.5,-16.02,-17.52
401856793,2026,3,Arizona Wildcats,Northern Illinois Huskies,2026-09-20T02:30:00Z,2026-09-18T21:29:56.284505+00:00,home,-33.5,35.45,1.9500000000000028
401860888,2026,3,San Jose State Spartans,Fresno State Bulldogs,2026-09-20T03:00:00Z,2026-09-18T21:29:56.284505+00:00,home,6.5,-2.5,4.0
401858458,2026,3,UCLA Bruins,Purdue Boilermakers,2026-09-20T03:00:00Z,2026-09-18T21:29:56.284505+00:00,home,-14.0,17.12,3.120000000000001
401860897,2026,4,Western Michigan Broncos,Boise State Broncos,2026-09-26T16:00:00Z,2026-09-18T21:29:56.284505+00:00,home,7.5,4.73,12.23
401858465,2026,4,Ohio State Buckeyes,Illinois Fighting Illini,2026-09-26T16:00:00Z,2026-09-18T21:29:56.284505+00:00,away,-27.5,19.46,-8.04
401856704,2026,4,Tennessee Volunteers,Texas Longhorns,2026-09-26T16:00:00Z,2026-09-18T21:29:56.284505+00:00,home,4.5,11.11,15.61
401858462,2026,4,Maryland Terrapins,UCLA Bruins,2026-09-26T17:30:00Z,2026-09-18T21:29:56.284505+00:00,home,1.5,12.3,13.8
401856699,2026,4,Florida Gators,Ole Miss Rebels,2026-09-26T19:30:00Z,2026-09-18T21:29:56.284505+00:00,home,-1.5,4.43,2.9299999999999997
401858463,2026,4,Michigan Wolverines,Iowa Hawkeyes,2026-09-26T19:30:00Z,2026-09-18T21:29:56.284505+00:00,away,-4.5,-6.59,-11.09
401858470,2026,4,Washington Huskies,Minnesota Golden Gophers,2026-09-26T19:30:00Z,2026-09-18T21:29:56.284505+00:00,home,-7.5,14.7,7.199999999999999
401856698,2026,4,Auburn Tigers,Vanderbilt Commodores,2026-09-26T20:15:00Z,2026-09-18T21:29:56.284505+00:00,away,-8.5,-0.26,-8.76
401858466,2026,4,Penn State Nittany Lions,Wisconsin Badgers,2026-09-26T21:00:00Z,2026-09-18T21:29:56.284505+00:00,home,-11.5,22.68,11.18
401856696,2026,4,Alabama Crimson Tide,South Carolina Gamecocks,2026-09-26T23:00:00Z,2026-09-18T21:29:56.284505+00:00,away,-11.5,-2.01,-13.51
401856881,2026,4,West Virginia Mountaineers,Oklahoma State Cowboys,2026-09-26T23:00:00Z,2026-09-18T21:29:56.284505+00:00,home,2.5,14.43,16.93
401858469,2026,4,USC Trojans,Oregon Ducks,2026-09-26T23:00:00Z,2026-09-18T21:29:56.284505+00:00,away,-2.5,-19.28,-21.78
401856702,2026,4,LSU Tigers,Texas A&M Aggies,2026-09-26T23:30:00Z,2026-09-18T21:29:56.284505+00:00,away,-5.5,2.08,-3.42
401869940,2026,3,Delaware Blue Hens,Coastal Carolina Chanticleers,2026-09-19T15:30:00Z,2026-09-19T12:33:04.558915+00:00,away,-5.5,-0.25,-5.75
401856686,2026,3,Arkansas Razorbacks,Georgia Bulldogs,2026-09-19T15:59:00Z,2026-09-19T12:33:04.558915+00:00,away,24.5,-31.64,-7.140000000000001
401858451,2026,3,Minnesota Golden Gophers,Akron Zips,2026-09-19T16:00:00Z,2026-09-19T12:33:04.558915+00:00,away,-23.5,12.1,-11.4
401856798,2026,3,Iowa State Cyclones,Bowling Green Falcons,2026-09-19T16:00:00Z,2026-09-19T12:33:04.558915+00:00,home,-23.5,33.66,10.159999999999997
401858229,2026,3,Clemson Tigers,North Carolina Tar Heels,2026-09-19T16:00:00Z,2026-09-19T12:33:04.558915+00:00,home,-3.0,10.39,7.390000000000001
401860889,2026,3,Texas State Bobcats,North Texas Mean Green,2026-09-19T16:00:00Z,2026-09-19T12:33:04.558915+00:00,away,-3.0,-15.17,-18.17
401858460,2026,3,Wisconsin Badgers,Eastern Michigan Eagles,2026-09-19T16:30:00Z,2026-09-19T12:33:04.558915+00:00,away,-23.5,9.3,-14.2
401864508,2026,3,Central Michigan Chippewas,Wyoming Cowboys,2026-09-19T17:00:00Z,2026-09-19T12:33:04.558915+00:00,home,1.5,2.04,3.54
401862774,2026,3,Toledo Rockets,Temple Owls,2026-09-19T19:00:00Z,2026-09-19T12:33:04.558915+00:00,home,-6.0,15.78,9.78
401856685,2026,3,Alabama Crimson Tide,Florida State Seminoles,2026-09-19T19:30:00Z,2026-09-19T12:33:04.558915+00:00,away,-19.5,15.28,-4.220000000000001
401856797,2026,3,Cincinnati Bearcats,Miami (OH) RedHawks,2026-09-19T19:30:00Z,2026-09-19T12:33:04.558915+00:00,away,-15.5,12.39,-3.1099999999999994
401856694,2026,3,Texas A&M Aggies,Kentucky Wildcats,2026-09-19T19:30:00Z,2026-09-19T12:33:04.558915+00:00,home,-16.5,24.9,8.399999999999999
401858230,2026,3,Louisville Cardinals,SMU Mustangs,2026-09-19T19:30:00Z,2026-09-19T12:33:04.558915+00:00,home,-1.5,12.98,11.48
401858457,2026,3,Rutgers Scarlet Knights,USC Trojans,2026-09-19T19:30:00Z,2026-09-19T12:33:04.558915+00:00,home,21.5,-7.01,14.49
401866422,2026,3,Liberty Flames,Ball State Cardinals,2026-09-19T20:00:00Z,2026-09-19T12:33:04.558915+00:00,away,-14.0,10.92,-3.08
401867804,2026,3,Baylor Bears,Louisiana Tech Bulldogs,2026-09-19T20:00:00Z,2026-09-19T12:33:04.558915+00:00,away,-19.5,-24.34,-43.84
401858231,2026,3,Duke Blue Devils,Stanford Cardinal,2026-09-19T20:00:00Z,2026-09-19T12:33:04.558915+00:00,home,-10.0,19.79,9.79
401856691,2026,3,South Carolina Gamecocks,Mississippi State Bulldogs,2026-09-19T20:15:00Z,2026-09-19T12:33:04.558915+00:00,home,-4.0,6.86,2.8600000000000003
401862710,2026,3,Old Dominion Monarchs,East Carolina Pirates,2026-09-19T22:00:00Z,2026-09-19T12:33:04.558915+00:00,home,-2.5,11.64,9.14
401862771,2026,3,Florida Atlantic Owls,Florida International Panthers,2026-09-19T22:00:00Z,2026-09-19T12:33:04.558915+00:00,home,-6.5,14.82,8.32
401871047,2026,3,Missouri State Bears,Marshall Thundering Herd,2026-09-19T22:30:00Z,2026-09-19T12:33:04.558915+00:00,home,4.0,11.57,15.57
401869948,2026,3,Jacksonville State Gamecocks,Georgia Southern Eagles,2026-09-19T23:00:00Z,2026-09-19T12:33:04.558915+00:00,home,-3.0,12.69,9.69
401856800,2026,3,UCF Knights,Georgia State Panthers,2026-09-19T23:00:00Z,2026-09-19T12:33:04.558915+00:00,home,-17.5,25.8,8.3
401864443,2026,3,Middle Tennessee Blue Raiders,Nevada Wolf Pack,2026-09-19T23:00:00Z,2026-09-19T12:33:04.558915+00:00,home,3.5,8.73,12.23
401866423,2026,3,South Alabama Jaguars,Ohio Bobcats,2026-09-19T23:00:00Z,2026-09-19T12:33:04.558915+00:00,home,-6.5,14.81,8.31
401862773,2026,3,Rice Owls,Western Michigan Broncos,2026-09-19T23:00:00Z,2026-09-19T12:33:04.558915+00:00,away,8.5,-14.26,-5.76
401856795,2026,3,Colorado State Rams,BYU Cougars,2026-09-19T23:30:00Z,2026-09-19T12:33:04.558915+00:00,home,17.5,-6.11,11.39
401856796,2026,3,Northwestern Wildcats,Colorado Buffaloes,2026-09-19T23:30:00Z,2026-09-19T12:33:04.558915+00:00,home,-3.5,12.87,9.37
401856688,2026,3,Ole Miss Rebels,LSU Tigers,2026-09-19T23:30:00Z,2026-09-19T12:33:04.558915+00:00,home,3.0,8.31,11.31
401858232,2026,3,Maryland Terrapins,Virginia Tech Hokies,2026-09-19T23:30:00Z,2026-09-19T12:33:04.558915+00:00,home,3.0,3.14,6.140000000000001
401858453,2026,3,Notre Dame Fighting Irish,Michigan State Spartans,2026-09-19T23:30:00Z,2026-09-19T12:33:04.558915+00:00,home,-29.5,32.29,2.789999999999999
401856690,2026,3,Oklahoma Sooners,New Mexico Lobos,2026-09-19T23:30:00Z,2026-09-19T12:33:04.558915+00:00,away,-21.5,1.56,-19.94
401856692,2026,3,Tennessee Volunteers,Kennesaw State Owls,2026-09-19T23:45:00Z,2026-09-19T12:33:04.558915+00:00,away,-35.5,21.14,-14.36
401856799,2026,3,TCU Horned Frogs,Arkansas State Red Wolves,2026-09-20T00:00:00Z,2026-09-19T12:33:04.558915+00:00,away,-18.5,16.5,-2.0
401862776,2026,3,Louisiana Ragin Cajuns,UAB Blazers,2026-09-20T00:00:00Z,2026-09-19T12:33:04.558915+00:00,home,-7.5,27.06,19.56
401856693,2026,3,Texas Longhorns,UTSA Roadrunners,2026-09-20T00:00:00Z,2026-09-19T12:33:04.558915+00:00,away,-30.5,8.83,-21.67
401860887,2026,3,San Diego State Aztecs,James Madison Dukes,2026-09-20T02:00:00Z,2026-09-19T12:33:04.558915+00:00,away,-1.5,-16.02,-17.52
401856793,2026,3,Arizona Wildcats,Northern Illinois Huskies,2026-09-20T02:30:00Z,2026-09-19T12:33:04.558915+00:00,home,-33.5,35.45,1.9500000000000028
401860888,2026,3,San Jose State Spartans,Fresno State Bulldogs,2026-09-20T03:00:00Z,2026-09-19T12:33:04.558915+00:00,home,6.5,-2.5,4.0
401858458,2026,3,UCLA Bruins,Purdue Boilermakers,2026-09-20T03:00:00Z,2026-09-19T12:33:04.558915+00:00,home,-14.0,17.12,3.120000000000001
401860897,2026,4,Western Michigan Broncos,Boise State Broncos,2026-09-26T16:00:00Z,2026-09-19T12:33:04.558915+00:00,home,7.5,4.73,12.23
401858465,2026,4,Ohio State Buckeyes,Illinois Fighting Illini,2026-09-26T16:00:00Z,2026-09-19T12:33:04.558915+00:00,away,-27.5,19.9,-7.600000000000001
401856704,2026,4,Tennessee Volunteers,Texas Longhorns,2026-09-26T16:00:00Z,2026-09-19T12:33:04.558915+00:00,home,4.5,10.26,14.76
401858462,2026,4,Maryland Terrapins,UCLA Bruins,2026-09-26T17:30:00Z,2026-09-19T12:33:04.558915+00:00,home,1.5,11.47,12.97
401856699,2026,4,Florida Gators,Ole Miss Rebels,2026-09-26T19:30:00Z,2026-09-19T12:33:04.558915+00:00,home,-1.5,9.6,8.1
401858463,2026,4,Michigan Wolverines,Iowa Hawkeyes,2026-09-26T19:30:00Z,2026-09-19T12:33:04.558915+00:00,away,-4.5,-3.63,-8.129999999999999
401858470,2026,4,Washington Huskies,Minnesota Golden Gophers,2026-09-26T19:30:00Z,2026-09-19T12:33:04.558915+00:00,home,-7.5,15.06,7.5600000000000005
401856698,2026,4,Auburn Tigers,Vanderbilt Commodores,2026-09-26T20:15:00Z,2026-09-19T12:33:04.558915+00:00,away,-8.5,-0.26,-8.76
401858466,2026,4,Penn State Nittany Lions,Wisconsin Badgers,2026-09-26T21:00:00Z,2026-09-19T12:33:04.558915+00:00,home,-11.5,22.68,11.18
401856696,2026,4,Alabama Crimson Tide,South Carolina Gamecocks,2026-09-26T23:00:00Z,2026-09-19T12:33:04.558915+00:00,away,-11.5,-2.01,-13.51
401856881,2026,4,West Virginia Mountaineers,Oklahoma State Cowboys,2026-09-26T23:00:00Z,2026-09-19T12:33:04.558915+00:00,home,2.5,17.8,20.3
401858469,2026,4,USC Trojans,Oregon Ducks,2026-09-26T23:00:00Z,2026-09-19T12:33:04.558915+00:00,away,-1.5,-8.1,-9.6
401856702,2026,4,LSU Tigers,Texas A&M Aggies,2026-09-26T23:30:00Z,2026-09-19T12:33:04.558915+00:00,away,-5.5,2.08,-3.42
401862779,2026,4,Temple Owls,Army Black Knights,2026-09-25T20:00:00Z,2026-09-21T16:00:15.108504+00:00,away,3.0,-11.99,-8.99
401862778,2026,4,UAB Blazers,Navy Midshipmen,2026-09-25T23:00:00Z,2026-09-21T16:00:15.108504+00:00,away,7.0,-11.86,-4.859999999999999
401858461,2026,4,Indiana Hoosiers,Northwestern Wildcats,2026-09-26T00:00:00Z,2026-09-21T16:00:15.108504+00:00,home,-21.0,23.69,2.6900000000000013
401858234,2026,4,California Golden Bears,Clemson Tigers,2026-09-26T02:30:00Z,2026-09-21T16:00:15.108504+00:00,home,-1.5,4.84,3.34
401864512,2026,4,Akron Zips,UNLV Rebels,2026-09-26T16:00:00Z,2026-09-21T16:00:15.108504+00:00,home,13.5,-1.23,12.27
401866425,2026,4,Kent State Golden Flashes,Ball State Cardinals,2026-09-26T16:00:00Z,2026-09-21T16:00:15.108504+00:00,away,-3.0,-3.54,-6.54
401856813,2026,4,Baylor Bears,Colorado Buffaloes,2026-09-26T16:00:00Z,2026-09-21T16:00:15.108504+00:00,home,-10.0,14.18,4.18
401858242,2026,4,Boston College Eagles,Virginia Tech Hokies,2026-09-26T16:00:00Z,2026-09-21T16:00:15.108504+00:00,home,14.0,-8.91,5.09
401858465,2026,4,Ohio State Buckeyes,Illinois Fighting Illini,2026-09-26T16:00:00Z,2026-09-21T16:00:15.108504+00:00,away,-27.5,23.45,-4.050000000000001
401858243,2026,4,Louisville Cardinals,Wake Forest Demon Deacons,2026-09-26T16:00:00Z,2026-09-21T16:00:15.108504+00:00,home,-12.5,17.64,5.140000000000001
401860893,2026,4,Toledo Rockets,San Diego State Aztecs,2026-09-26T16:00:00Z,2026-09-21T16:00:15.108504+00:00,home,-2.5,12.65,10.15
401856704,2026,4,Tennessee Volunteers,Texas Longhorns,2026-09-26T16:00:00Z,2026-09-21T16:00:15.108504+00:00,home,4.5,9.87,14.37
401864576,2026,4,Kentucky Wildcats,South Alabama Jaguars,2026-09-26T16:45:00Z,2026-09-21T16:00:15.108504+00:00,home,-20.5,28.93,8.43
401858462,2026,4,Maryland Terrapins,UCLA Bruins,2026-09-26T17:30:00Z,2026-09-21T16:00:15.108504+00:00,home,1.5,4.71,6.21
401858467,2026,4,Purdue Boilermakers,Notre Dame Fighting Irish,2026-09-26T18:00:00Z,2026-09-21T16:00:15.108504+00:00,home,27.5,-21.84,5.66
401864510,2026,4,Wyoming Cowboys,Hawaii Rainbow Warriors,2026-09-26T19:00:00Z,2026-09-21T16:00:15.108504+00:00,away,3.0,-6.39,-3.3899999999999997
401860897,2026,4,Western Michigan Broncos,Boise State Broncos,2026-09-26T19:30:00Z,2026-09-21T16:00:15.108504+00:00,home,7.0,4.52,11.52
401858463,2026,4,Michigan Wolverines,Iowa Hawkeyes,2026-09-26T19:30:00Z,2026-09-21T16:00:15.108504+00:00,away,-5.5,-6.42,-11.92
401856816,2026,4,Iowa State Cyclones,Utah Utes,2026-09-26T19:30:00Z,2026-09-21T16:00:15.108504+00:00,away,7.5,-14.71,-7.210000000000001
401861970,2026,4,Miami (OH) RedHawks,UConn Huskies,2026-09-26T19:30:00Z,2026-09-21T16:00:15.108504+00:00,away,-4.5,-10.22,-14.72
401856815,2026,4,UCF Knights,TCU Horned Frogs,2026-09-26T19:30:00Z,2026-09-21T16:00:15.108504+00:00,home,3.0,7.27,10.27
401856806,2026,4,Georgia Southern Eagles,Houston Cougars,2026-09-26T20:00:00Z,2026-09-21T16:00:15.108504+00:00,home,18.5,-15.35,3.1500000000000004
401856698,2026,4,Auburn Tigers,Vanderbilt Commodores,2026-09-26T20:15:00Z,2026-09-21T16:00:15.108504+00:00,away,-9.5,0.57,-8.93
401862785,2026,4,Bowling Green Falcons,South Florida Bulls,2026-09-26T21:00:00Z,2026-09-21T16:00:15.108504+00:00,away,17.5,-25.54,-8.04
401858464,2026,4,Michigan State Spartans,Nebraska Cornhuskers,2026-09-26T21:00:00Z,2026-09-21T16:00:15.108504+00:00,away,5.5,-10.82,-5.32
401858466,2026,4,Penn State Nittany Lions,Wisconsin Badgers,2026-09-26T21:00:00Z,2026-09-21T16:00:15.108504+00:00,home,-10.0,20.48,10.48
401869961,2026,4,Old Dominion Monarchs,James Madison Dukes,2026-09-26T22:00:00Z,2026-09-21T16:00:15.108504+00:00,away,6.0,-16.84,-10.84
401862780,2026,4,Charlotte 49ers,Louisiana Ragin Cajuns,2026-09-26T22:30:00Z,2026-09-21T16:00:15.108504+00:00,away,10.0,-11.99,-1.9900000000000002
401856696,2026,4,Alabama Crimson Tide,South Carolina Gamecocks,2026-09-26T23:00:00Z,2026-09-21T16:00:15.108504+00:00,away,-13.5,8.02,-5.48
401871048,2026,4,Jacksonville State Gamecocks,Middle Tennessee Blue Raiders,2026-09-26T23:00:00Z,2026-09-21T16:00:15.108504+00:00,away,-7.5,2.94,-4.5600000000000005
401856881,2026,4,West Virginia Mountaineers,Oklahoma State Cowboys,2026-09-26T23:00:00Z,2026-09-21T16:00:15.108504+00:00,home,-2.5,12.13,9.63
401856804,2026,4,Washington State Cougars,Arizona Wildcats,2026-09-26T23:30:00Z,2026-09-21T16:00:15.108504+00:00,home,10.0,-4.13,5.87
401856702,2026,4,LSU Tigers,Texas A&M Aggies,2026-09-26T23:30:00Z,2026-09-21T16:00:15.108504+00:00,away,-9.5,2.79,-6.71
401858469,2026,4,USC Trojans,Oregon Ducks,2026-09-26T23:30:00Z,2026-09-21T16:00:15.108504+00:00,away,3.0,-7.19,-4.19
401860894,2026,4,Utah State Aggies,Troy Trojans,2026-09-26T23:30:00Z,2026-09-21T16:00:15.108504+00:00,away,-3.0,-1.57,-4.57
401856703,2026,4,Mississippi State Bulldogs,Missouri Tigers,2026-09-26T23:45:00Z,2026-09-21T16:00:15.108504+00:00,away,-6.5,4.54,-1.96
401856697,2026,4,Arkansas Razorbacks,Tulsa Golden Hurricane,2026-09-27T00:00:00Z,2026-09-21T16:00:15.108504+00:00,away,-6.5,-5.91,-12.41
401862782,2026,4,UL Monroe Warhawks,Florida Atlantic Owls,2026-09-27T00:00:00Z,2026-09-21T16:00:15.108504+00:00,home,13.5,-6.36,7.14
401858241,2026,4,SMU Mustangs,Missouri State Bears,2026-09-27T01:00:00Z,2026-09-21T16:00:15.108504+00:00,away,-34.5,20.48,-14.02
401860891,2026,4,Fresno State Bulldogs,Rice Owls,2026-09-27T02:00:00Z,2026-09-21T16:00:15.108504+00:00,home,-13.5,17.66,4.16
401864509,2026,4,Nevada Wolf Pack,Air Force Falcons,2026-09-27T02:30:00Z,2026-09-21T16:00:15.108504+00:00,home,5.5,10.84,16.34
401858240,2026,4,Stanford Cardinal,Georgia Tech Yellow Jackets,2026-09-27T02:30:00Z,2026-09-21T16:00:15.108504+00:00,away,3.5,-15.2,-11.7
401858470,2026,4,Washington Huskies,Minnesota Golden Gophers,2026-09-27T03:00:00Z,2026-09-21T16:00:15.108504+00:00,home,-10.0,14.34,4.34
401862779,2026,4,Temple Owls,Army Black Knights,2026-09-25T20:00:00Z,2026-09-21T17:38:51.424302+00:00,away,3.0,-11.71,-8.71
401862778,2026,4,UAB Blazers,Navy Midshipmen,2026-09-25T23:00:00Z,2026-09-21T17:38:51.424302+00:00,away,7.0,-11.86,-4.859999999999999
401858461,2026,4,Indiana Hoosiers,Northwestern Wildcats,2026-09-26T00:00:00Z,2026-09-21T17:38:51.424302+00:00,home,-21.0,29.26,8.260000000000002
401858234,2026,4,California Golden Bears,Clemson Tigers,2026-09-26T02:30:00Z,2026-09-21T17:38:51.424302+00:00,home,-1.5,4.05,2.55
401864512,2026,4,Akron Zips,UNLV Rebels,2026-09-26T16:00:00Z,2026-09-21T17:38:51.424302+00:00,home,13.5,-3.05,10.45
401866425,2026,4,Kent State Golden Flashes,Ball State Cardinals,2026-09-26T16:00:00Z,2026-09-21T17:38:51.424302+00:00,away,-3.0,-1.29,-4.29
401856813,2026,4,Baylor Bears,Colorado Buffaloes,2026-09-26T16:00:00Z,2026-09-21T17:38:51.424302+00:00,home,-10.0,14.31,4.3100000000000005
401858242,2026,4,Boston College Eagles,Virginia Tech Hokies,2026-09-26T16:00:00Z,2026-09-21T17:38:51.424302+00:00,home,14.0,-8.91,5.09
401860896,2026,4,UTSA Roadrunners,Colorado State Rams,2026-09-26T16:00:00Z,2026-09-21T17:38:51.424302+00:00,home,-12.5,15.4,2.9000000000000004
401858465,2026,4,Ohio State Buckeyes,Illinois Fighting Illini,2026-09-26T16:00:00Z,2026-09-21T17:38:51.424302+00:00,away,-27.5,23.44,-4.059999999999999
401858243,2026,4,Louisville Cardinals,Wake Forest Demon Deacons,2026-09-26T16:00:00Z,2026-09-21T17:38:51.424302+00:00,home,-12.5,18.76,6.260000000000002
401860893,2026,4,Toledo Rockets,San Diego State Aztecs,2026-09-26T16:00:00Z,2026-09-21T17:38:51.424302+00:00,home,-3.0,11.86,8.86
401856704,2026,4,Tennessee Volunteers,Texas Longhorns,2026-09-26T16:00:00Z,2026-09-21T17:38:51.424302+00:00,home,4.5,7.67,12.17
401864576,2026,4,Kentucky Wildcats,South Alabama Jaguars,2026-09-26T16:45:00Z,2026-09-21T17:38:51.424302+00:00,home,-20.5,33.06,12.560000000000002
401858462,2026,4,Maryland Terrapins,UCLA Bruins,2026-09-26T17:30:00Z,2026-09-21T17:38:51.424302+00:00,home,1.5,4.71,6.21
401858467,2026,4,Purdue Boilermakers,Notre Dame Fighting Irish,2026-09-26T18:00:00Z,2026-09-21T17:38:51.424302+00:00,home,27.5,-19.98,7.52
401864510,2026,4,Wyoming Cowboys,Hawaii Rainbow Warriors,2026-09-26T19:00:00Z,2026-09-21T17:38:51.424302+00:00,away,3.0,-6.39,-3.3899999999999997
401860897,2026,4,Western Michigan Broncos,Boise State Broncos,2026-09-26T19:30:00Z,2026-09-21T17:38:51.424302+00:00,home,7.0,0.66,7.66
401858463,2026,4,Michigan Wolverines,Iowa Hawkeyes,2026-09-26T19:30:00Z,2026-09-21T17:38:51.424302+00:00,away,-5.5,-6.42,-11.92
401856816,2026,4,Iowa State Cyclones,Utah Utes,2026-09-26T19:30:00Z,2026-09-21T17:38:51.424302+00:00,away,7.5,-10.88,-3.380000000000001
401861970,2026,4,Miami (OH) RedHawks,UConn Huskies,2026-09-26T19:30:00Z,2026-09-21T17:38:51.424302+00:00,away,-4.5,-9.47,-13.97
401856815,2026,4,UCF Knights,TCU Horned Frogs,2026-09-26T19:30:00Z,2026-09-21T17:38:51.424302+00:00,home,3.0,7.27,10.27
401856698,2026,4,Auburn Tigers,Vanderbilt Commodores,2026-09-26T20:15:00Z,2026-09-21T17:38:51.424302+00:00,away,-9.5,0.57,-8.93
401862785,2026,4,Bowling Green Falcons,South Florida Bulls,2026-09-26T21:00:00Z,2026-09-21T17:38:51.424302+00:00,away,17.5,-20.51,-3.0100000000000016
401858464,2026,4,Michigan State Spartans,Nebraska Cornhuskers,2026-09-26T21:00:00Z,2026-09-21T17:38:51.424302+00:00,away,5.5,-8.05,-2.5500000000000007
401858466,2026,4,Penn State Nittany Lions,Wisconsin Badgers,2026-09-26T21:00:00Z,2026-09-21T17:38:51.424302+00:00,home,-10.0,20.46,10.46
401869961,2026,4,Old Dominion Monarchs,James Madison Dukes,2026-09-26T22:00:00Z,2026-09-21T17:38:51.424302+00:00,away,6.0,-16.84,-10.84
401862780,2026,4,Charlotte 49ers,Louisiana Ragin Cajuns,2026-09-26T22:30:00Z,2026-09-21T17:38:51.424302+00:00,away,10.0,-11.99,-1.9900000000000002
401856814,2026,4,Cincinnati Bearcats,Kansas State Wildcats,2026-09-26T23:00:00Z,2026-09-21T17:38:51.424302+00:00,away,6.5,-9.87,-3.369999999999999
401871048,2026,4,Jacksonville State Gamecocks,Middle Tennessee Blue Raiders,2026-09-26T23:00:00Z,2026-09-21T17:38:51.424302+00:00,away,-7.5,2.94,-4.5600000000000005
401856881,2026,4,West Virginia Mountaineers,Oklahoma State Cowboys,2026-09-26T23:00:00Z,2026-09-21T17:38:51.424302+00:00,home,-2.5,8.4,5.9
401856804,2026,4,Washington State Cougars,Arizona Wildcats,2026-09-26T23:30:00Z,2026-09-21T17:38:51.424302+00:00,home,10.0,1.29,11.29
401856702,2026,4,LSU Tigers,Texas A&M Aggies,2026-09-26T23:30:00Z,2026-09-21T17:38:51.424302+00:00,away,-9.5,5.78,-3.7199999999999998
401858469,2026,4,USC Trojans,Oregon Ducks,2026-09-26T23:30:00Z,2026-09-21T17:38:51.424302+00:00,away,3.0,-7.83,-4.83
401856703,2026,4,Mississippi State Bulldogs,Missouri Tigers,2026-09-26T23:45:00Z,2026-09-21T17:38:51.424302+00:00,away,-6.5,4.54,-1.96
401856697,2026,4,Arkansas Razorbacks,Tulsa Golden Hurricane,2026-09-27T00:00:00Z,2026-09-21T17:38:51.424302+00:00,away,-6.5,-1.94,-8.44
401862782,2026,4,UL Monroe Warhawks,Florida Atlantic Owls,2026-09-27T00:00:00Z,2026-09-21T17:38:51.424302+00:00,home,13.5,-5.83,7.67
401858241,2026,4,SMU Mustangs,Missouri State Bears,2026-09-27T01:00:00Z,2026-09-21T17:38:51.424302+00:00,away,-34.5,20.91,-13.59
401860891,2026,4,Fresno State Bulldogs,Rice Owls,2026-09-27T02:00:00Z,2026-09-21T17:38:51.424302+00:00,home,-13.5,17.51,4.010000000000002
401864509,2026,4,Nevada Wolf Pack,Air Force Falcons,2026-09-27T02:30:00Z,2026-09-21T17:38:51.424302+00:00,home,5.5,7.54,13.04
401858240,2026,4,Stanford Cardinal,Georgia Tech Yellow Jackets,2026-09-27T02:30:00Z,2026-09-21T17:38:51.424302+00:00,away,3.5,-13.37,-9.87
401858470,2026,4,Washington Huskies,Minnesota Golden Gophers,2026-09-27T03:00:00Z,2026-09-21T17:38:51.424302+00:00,home,-10.0,14.34,4.34
401869941,2026,4,Coastal Carolina Chanticleers,Liberty Flames,2026-09-24T23:30:00Z,2026-09-21T18:20:34.438576+00:00,home,2.5,-0.37,2.13
401862779,2026,4,Temple Owls,Army Black Knights,2026-09-25T20:00:00Z,2026-09-21T18:20:34.438576+00:00,home,3.0,-0.24,2.76
401862778,2026,4,UAB Blazers,Navy Midshipmen,2026-09-25T23:00:00Z,2026-09-21T18:20:34.438576+00:00,away,7.0,-10.79,-3.789999999999999
401858234,2026,4,California Golden Bears,Clemson Tigers,2026-09-26T02:30:00Z,2026-09-21T18:20:34.438576+00:00,away,-1.5,-4.69,-6.19
401864512,2026,4,Akron Zips,UNLV Rebels,2026-09-26T16:00:00Z,2026-09-21T18:20:34.438576+00:00,home,13.5,-8.3,5.199999999999999
401866425,2026,4,Kent State Golden Flashes,Ball State Cardinals,2026-09-26T16:00:00Z,2026-09-21T18:20:34.438576+00:00,home,-3.0,6.05,3.05
401858242,2026,4,Boston College Eagles,Virginia Tech Hokies,2026-09-26T16:00:00Z,2026-09-21T18:20:34.438576+00:00,home,14.0,4.68,18.68
401860896,2026,4,UTSA Roadrunners,Colorado State Rams,2026-09-26T16:00:00Z,2026-09-21T18:20:34.438576+00:00,home,-12.5,16.28,3.780000000000001
401858465,2026,4,Ohio State Buckeyes,Illinois Fighting Illini,2026-09-26T16:00:00Z,2026-09-21T18:20:34.438576+00:00,away,-27.5,14.9,-12.6
401858243,2026,4,Louisville Cardinals,Wake Forest Demon Deacons,2026-09-26T16:00:00Z,2026-09-21T18:20:34.438576+00:00,away,-12.5,8.02,-4.48
401856704,2026,4,Tennessee Volunteers,Texas Longhorns,2026-09-26T16:00:00Z,2026-09-21T18:20:34.438576+00:00,home,4.5,2.84,7.34
401864576,2026,4,Kentucky Wildcats,South Alabama Jaguars,2026-09-26T16:45:00Z,2026-09-21T18:20:34.438576+00:00,away,-20.5,13.13,-7.369999999999999
401858462,2026,4,Maryland Terrapins,UCLA Bruins,2026-09-26T17:30:00Z,2026-09-21T18:20:34.438576+00:00,home,1.5,9.72,11.22
401864511,2026,4,Georgia State Panthers,Northern Illinois Huskies,2026-09-26T18:00:00Z,2026-09-21T18:20:34.438576+00:00,away,-10.0,-1.48,-11.48
401858467,2026,4,Purdue Boilermakers,Notre Dame Fighting Irish,2026-09-26T18:00:00Z,2026-09-21T18:20:34.438576+00:00,home,27.5,-16.36,11.14
401860897,2026,4,Western Michigan Broncos,Boise State Broncos,2026-09-26T19:30:00Z,2026-09-21T18:20:34.438576+00:00,home,7.0,0.68,7.68
401856699,2026,4,Florida Gators,Ole Miss Rebels,2026-09-26T19:30:00Z,2026-09-21T18:20:34.438576+00:00,away,-3.5,-9.8,-13.3
401856700,2026,4,Georgia Bulldogs,Oklahoma Sooners,2026-09-26T19:30:00Z,2026-09-21T18:20:34.438576+00:00,away,-14.0,7.43,-6.57
401858463,2026,4,Michigan Wolverines,Iowa Hawkeyes,2026-09-26T19:30:00Z,2026-09-21T18:20:34.438576+00:00,away,-5.5,-1.15,-6.65
401856816,2026,4,Iowa State Cyclones,Utah Utes,2026-09-26T19:30:00Z,2026-09-21T18:20:34.438576+00:00,home,7.5,-4.43,3.0700000000000003
401861970,2026,4,Miami (OH) RedHawks,UConn Huskies,2026-09-26T19:30:00Z,2026-09-21T18:20:34.438576+00:00,away,-4.5,-1.94,-6.4399999999999995
401864579,2026,4,New Mexico State Aggies,New Mexico Lobos,2026-09-26T19:30:00Z,2026-09-21T18:20:34.438576+00:00,home,12.5,-7.12,5.38
401856806,2026,4,Georgia Southern Eagles,Houston Cougars,2026-09-26T20:00:00Z,2026-09-21T18:20:34.438576+00:00,home,18.5,-7.38,11.120000000000001
401856698,2026,4,Auburn Tigers,Vanderbilt Commodores,2026-09-26T20:15:00Z,2026-09-21T18:20:34.438576+00:00,away,-9.5,-2.07,-11.57
401862785,2026,4,Bowling Green Falcons,South Florida Bulls,2026-09-26T21:00:00Z,2026-09-21T18:20:34.438576+00:00,home,17.5,-12.23,5.27
401858464,2026,4,Michigan State Spartans,Nebraska Cornhuskers,2026-09-26T21:00:00Z,2026-09-21T18:20:34.438576+00:00,home,5.5,-2.66,2.84
401858466,2026,4,Penn State Nittany Lions,Wisconsin Badgers,2026-09-26T21:00:00Z,2026-09-21T18:20:34.438576+00:00,home,-10.0,18.37,8.370000000000001
401869961,2026,4,Old Dominion Monarchs,James Madison Dukes,2026-09-26T22:00:00Z,2026-09-21T18:20:34.438576+00:00,home,6.0,-0.56,5.4399999999999995
401862780,2026,4,Charlotte 49ers,Louisiana Ragin Cajuns,2026-09-26T22:30:00Z,2026-09-21T18:20:34.438576+00:00,home,10.0,-7.25,2.75
401856696,2026,4,Alabama Crimson Tide,South Carolina Gamecocks,2026-09-26T23:00:00Z,2026-09-21T18:20:34.438576+00:00,away,-13.5,9.46,-4.039999999999999
401869931,2026,4,Arkansas State Red Wolves,Kennesaw State Owls,2026-09-26T23:00:00Z,2026-09-21T18:20:34.438576+00:00,away,-5.5,1.4,-4.1
401856814,2026,4,Cincinnati Bearcats,Kansas State Wildcats,2026-09-26T23:00:00Z,2026-09-21T18:20:34.438576+00:00,home,6.5,1.99,8.49
401871048,2026,4,Jacksonville State Gamecocks,Middle Tennessee Blue Raiders,2026-09-26T23:00:00Z,2026-09-21T18:20:34.438576+00:00,home,-7.0,9.72,2.7200000000000006
401856881,2026,4,West Virginia Mountaineers,Oklahoma State Cowboys,2026-09-26T23:00:00Z,2026-09-21T18:20:34.438576+00:00,home,-2.5,9.07,6.57
401856804,2026,4,Washington State Cougars,Arizona Wildcats,2026-09-26T23:30:00Z,2026-09-21T18:20:34.438576+00:00,home,10.0,-1.74,8.26
401856702,2026,4,LSU Tigers,Texas A&M Aggies,2026-09-26T23:30:00Z,2026-09-21T18:20:34.438576+00:00,away,-9.5,-3.19,-12.69
401856703,2026,4,Mississippi State Bulldogs,Missouri Tigers,2026-09-26T23:45:00Z,2026-09-21T18:20:34.438576+00:00,away,-6.5,-3.12,-9.620000000000001
401856697,2026,4,Arkansas Razorbacks,Tulsa Golden Hurricane,2026-09-27T00:00:00Z,2026-09-21T18:20:34.438576+00:00,home,-6.5,13.52,7.02
401862782,2026,4,UL Monroe Warhawks,Florida Atlantic Owls,2026-09-27T00:00:00Z,2026-09-21T18:20:34.438576+00:00,home,13.5,-4.82,8.68
401858241,2026,4,SMU Mustangs,Missouri State Bears,2026-09-27T01:00:00Z,2026-09-21T18:20:34.438576+00:00,away,-34.5,19.42,-15.079999999999998
401860895,2026,4,UTEP Miners,Oregon State Beavers,2026-09-27T01:00:00Z,2026-09-21T18:20:34.438576+00:00,home,10.5,2.58,13.08
401864509,2026,4,Nevada Wolf Pack,Air Force Falcons,2026-09-27T02:30:00Z,2026-09-21T18:20:34.438576+00:00,home,5.5,-3.05,2.45
401858240,2026,4,Stanford Cardinal,Georgia Tech Yellow Jackets,2026-09-27T02:30:00Z,2026-09-21T18:20:34.438576+00:00,away,3.5,-10.2,-6.699999999999999
401858470,2026,4,Washington Huskies,Minnesota Golden Gophers,2026-09-27T03:00:00Z,2026-09-21T18:20:34.438576+00:00,home,-10.0,14.7,4.699999999999999
401862779,2026,4,Temple Owls,Army Black Knights,2026-09-25T20:00:00Z,2026-09-23T21:34:00.976346+00:00,away,3.0,-13.51,-10.51
401862778,2026,4,UAB Blazers,Navy Midshipmen,2026-09-25T23:00:00Z,2026-09-23T21:34:00.976346+00:00,away,7.0,-11.86,-4.859999999999999
401858461,2026,4,Indiana Hoosiers,Northwestern Wildcats,2026-09-26T00:00:00Z,2026-09-23T21:34:00.976346+00:00,home,-21.0,29.26,8.260000000000002
401864512,2026,4,Akron Zips,UNLV Rebels,2026-09-26T16:00:00Z,2026-09-23T21:34:00.976346+00:00,home,13.5,-3.24,10.26
401866425,2026,4,Kent State Golden Flashes,Ball State Cardinals,2026-09-26T16:00:00Z,2026-09-23T21:34:00.976346+00:00,away,-3.5,-1.67,-5.17
401856813,2026,4,Baylor Bears,Colorado Buffaloes,2026-09-26T16:00:00Z,2026-09-23T21:34:00.976346+00:00,home,-10.0,19.61,9.61
401858242,2026,4,Boston College Eagles,Virginia Tech Hokies,2026-09-26T16:00:00Z,2026-09-23T21:34:00.976346+00:00,home,14.0,-6.54,7.46
401860896,2026,4,UTSA Roadrunners,Colorado State Rams,2026-09-26T16:00:00Z,2026-09-23T21:34:00.976346+00:00,home,-13.5,15.4,1.9000000000000004
401858465,2026,4,Ohio State Buckeyes,Illinois Fighting Illini,2026-09-26T16:00:00Z,2026-09-23T21:34:00.976346+00:00,away,-26.5,21.58,-4.920000000000002
401858243,2026,4,Louisville Cardinals,Wake Forest Demon Deacons,2026-09-26T16:00:00Z,2026-09-23T21:34:00.976346+00:00,home,-12.5,18.76,6.260000000000002
401860893,2026,4,Toledo Rockets,San Diego State Aztecs,2026-09-26T16:00:00Z,2026-09-23T21:34:00.976346+00:00,home,-3.0,11.29,8.29
401856704,2026,4,Tennessee Volunteers,Texas Longhorns,2026-09-26T16:00:00Z,2026-09-23T21:34:00.976346+00:00,home,4.5,7.67,12.17
401864576,2026,4,Kentucky Wildcats,South Alabama Jaguars,2026-09-26T16:45:00Z,2026-09-23T21:34:00.976346+00:00,home,-20.5,28.22,7.719999999999999
401858462,2026,4,Maryland Terrapins,UCLA Bruins,2026-09-26T17:30:00Z,2026-09-23T21:34:00.976346+00:00,home,1.5,5.68,7.18
401858467,2026,4,Purdue Boilermakers,Notre Dame Fighting Irish,2026-09-26T18:00:00Z,2026-09-23T21:34:00.976346+00:00,home,27.5,-19.19,8.309999999999999
401860897,2026,4,Western Michigan Broncos,Boise State Broncos,2026-09-26T19:30:00Z,2026-09-23T21:34:00.976346+00:00,home,7.0,-0.77,6.23
401858463,2026,4,Michigan Wolverines,Iowa Hawkeyes,2026-09-26T19:30:00Z,2026-09-23T21:34:00.976346+00:00,away,-5.5,-6.61,-12.11
401856816,2026,4,Iowa State Cyclones,Utah Utes,2026-09-26T19:30:00Z,2026-09-23T21:34:00.976346+00:00,away,8.5,-10.88,-2.380000000000001
401861970,2026,4,Miami (OH) RedHawks,UConn Huskies,2026-09-26T19:30:00Z,2026-09-23T21:34:00.976346+00:00,away,-3.5,-9.66,-13.16
401864579,2026,4,New Mexico State Aggies,New Mexico Lobos,2026-09-26T19:30:00Z,2026-09-23T21:34:00.976346+00:00,away,11.5,-14.91,-3.41
401856815,2026,4,UCF Knights,TCU Horned Frogs,2026-09-26T19:30:00Z,2026-09-23T21:34:00.976346+00:00,home,3.0,9.91,12.91
401856698,2026,4,Auburn Tigers,Vanderbilt Commodores,2026-09-26T20:15:00Z,2026-09-23T21:34:00.976346+00:00,away,-9.5,0.57,-8.93
401862785,2026,4,Bowling Green Falcons,South Florida Bulls,2026-09-26T21:00:00Z,2026-09-23T21:34:00.976346+00:00,away,17.5,-20.18,-2.6799999999999997
401858464,2026,4,Michigan State Spartans,Nebraska Cornhuskers,2026-09-26T21:00:00Z,2026-09-23T21:34:00.976346+00:00,away,5.5,-8.05,-2.5500000000000007
401858466,2026,4,Penn State Nittany Lions,Wisconsin Badgers,2026-09-26T21:00:00Z,2026-09-23T21:34:00.976346+00:00,home,-10.0,20.46,10.46
401869961,2026,4,Old Dominion Monarchs,James Madison Dukes,2026-09-26T22:00:00Z,2026-09-23T21:34:00.976346+00:00,away,6.0,-16.84,-10.84
401862780,2026,4,Charlotte 49ers,Louisiana Ragin Cajuns,2026-09-26T22:30:00Z,2026-09-23T21:34:00.976346+00:00,away,10.0,-11.99,-1.9900000000000002
401856814,2026,4,Cincinnati Bearcats,Kansas State Wildcats,2026-09-26T23:00:00Z,2026-09-23T21:34:00.976346+00:00,away,6.5,-9.87,-3.369999999999999
401871048,2026,4,Jacksonville State Gamecocks,Middle Tennessee Blue Raiders,2026-09-26T23:00:00Z,2026-09-23T21:34:00.976346+00:00,away,-7.0,2.94,-4.0600000000000005
401856881,2026,4,West Virginia Mountaineers,Oklahoma State Cowboys,2026-09-26T23:00:00Z,2026-09-23T21:34:00.976346+00:00,home,-1.5,5.88,4.38
401856804,2026,4,Washington State Cougars,Arizona Wildcats,2026-09-26T23:30:00Z,2026-09-23T21:34:00.976346+00:00,home,10.0,1.29,11.29
401856702,2026,4,LSU Tigers,Texas A&M Aggies,2026-09-26T23:30:00Z,2026-09-23T21:34:00.976346+00:00,away,-8.5,5.78,-2.7199999999999998
401858469,2026,4,USC Trojans,Oregon Ducks,2026-09-26T23:30:00Z,2026-09-23T21:34:00.976346+00:00,away,3.0,-7.83,-4.83
401856703,2026,4,Mississippi State Bulldogs,Missouri Tigers,2026-09-26T23:45:00Z,2026-09-23T21:34:00.976346+00:00,home,-6.5,9.0,2.5
401856697,2026,4,Arkansas Razorbacks,Tulsa Golden Hurricane,2026-09-27T00:00:00Z,2026-09-23T21:34:00.976346+00:00,away,-7.0,-0.71,-7.71
401862782,2026,4,UL Monroe Warhawks,Florida Atlantic Owls,2026-09-27T00:00:00Z,2026-09-23T21:34:00.976346+00:00,home,13.5,-7.49,6.01
401858241,2026,4,SMU Mustangs,Missouri State Bears,2026-09-27T01:00:00Z,2026-09-23T21:34:00.976346+00:00,away,-34.5,27.48,-7.02
401860891,2026,4,Fresno State Bulldogs,Rice Owls,2026-09-27T02:00:00Z,2026-09-23T21:34:00.976346+00:00,home,-13.5,17.67,4.170000000000002
401864509,2026,4,Nevada Wolf Pack,Air Force Falcons,2026-09-27T02:30:00Z,2026-09-23T21:34:00.976346+00:00,home,5.5,5.57,11.07
401858240,2026,4,Stanford Cardinal,Georgia Tech Yellow Jackets,2026-09-27T02:30:00Z,2026-09-23T21:34:00.976346+00:00,away,3.5,-10.17,-6.67
401858470,2026,4,Washington Huskies,Minnesota Golden Gophers,2026-09-27T03:00:00Z,2026-09-23T21:34:00.976346+00:00,home,-10.0,14.34,4.34
401869941,2026,4,Coastal Carolina Chanticleers,Liberty Flames,2026-09-24T23:30:00Z,2026-09-24T19:14:15.051160+00:00,home,2.5,0.27,2.77
401862779,2026,4,Temple Owls,Army Black Knights,2026-09-25T20:00:00Z,2026-09-24T19:14:15.051160+00:00,away,3.0,-13.51,-10.51
401862778,2026,4,UAB Blazers,Navy Midshipmen,2026-09-25T23:00:00Z,2026-09-24T19:14:15.051160+00:00,away,7.0,-11.86,-4.859999999999999
401858461,2026,4,Indiana Hoosiers,Northwestern Wildcats,2026-09-26T00:00:00Z,2026-09-24T19:14:15.051160+00:00,home,-21.0,29.26,8.260000000000002
401858234,2026,4,California Golden Bears,Clemson Tigers,2026-09-26T02:30:00Z,2026-09-24T19:14:15.051160+00:00,home,1.5,6.85,8.35
401864512,2026,4,Akron Zips,UNLV Rebels,2026-09-26T16:00:00Z,2026-09-24T19:14:15.051160+00:00,home,13.5,-5.88,7.62
401866425,2026,4,Kent State Golden Flashes,Ball State Cardinals,2026-09-26T16:00:00Z,2026-09-24T19:14:15.051160+00:00,away,-3.0,-0.61,-3.61
401856813,2026,4,Baylor Bears,Colorado Buffaloes,2026-09-26T16:00:00Z,2026-09-24T19:14:15.051160+00:00,home,-9.5,14.51,5.01
401858242,2026,4,Boston College Eagles,Virginia Tech Hokies,2026-09-26T16:00:00Z,2026-09-24T19:14:15.051160+00:00,home,14.0,-6.54,7.46
401858465,2026,4,Ohio State Buckeyes,Illinois Fighting Illini,2026-09-26T16:00:00Z,2026-09-24T19:14:15.051160+00:00,away,-27.5,23.44,-4.059999999999999
401858243,2026,4,Louisville Cardinals,Wake Forest Demon Deacons,2026-09-26T16:00:00Z,2026-09-24T19:14:15.051160+00:00,home,-13.5,18.76,5.260000000000002
401860893,2026,4,Toledo Rockets,San Diego State Aztecs,2026-09-26T16:00:00Z,2026-09-24T19:14:15.051160+00:00,home,-3.0,11.86,8.86
401856704,2026,4,Tennessee Volunteers,Texas Longhorns,2026-09-26T16:00:00Z,2026-09-24T19:14:15.051160+00:00,home,4.0,8.78,12.78
401864576,2026,4,Kentucky Wildcats,South Alabama Jaguars,2026-09-26T16:45:00Z,2026-09-24T19:14:15.051160+00:00,home,-20.5,33.06,12.560000000000002
401858462,2026,4,Maryland Terrapins,UCLA Bruins,2026-09-26T17:30:00Z,2026-09-24T19:14:15.051160+00:00,home,1.5,3.24,4.74
401858467,2026,4,Purdue Boilermakers,Notre Dame Fighting Irish,2026-09-26T18:00:00Z,2026-09-24T19:14:15.051160+00:00,home,27.5,-19.19,8.309999999999999
401860897,2026,4,Western Michigan Broncos,Boise State Broncos,2026-09-26T19:30:00Z,2026-09-24T19:14:15.051160+00:00,home,7.0,-0.77,6.23
401858463,2026,4,Michigan Wolverines,Iowa Hawkeyes,2026-09-26T19:30:00Z,2026-09-24T19:14:15.051160+00:00,away,-5.5,-6.61,-12.11
401856816,2026,4,Iowa State Cyclones,Utah Utes,2026-09-26T19:30:00Z,2026-09-24T19:14:15.051160+00:00,away,7.5,-10.88,-3.380000000000001
401861970,2026,4,Miami (OH) RedHawks,UConn Huskies,2026-09-26T19:30:00Z,2026-09-24T19:14:15.051160+00:00,away,-3.5,-9.66,-13.16
401864579,2026,4,New Mexico State Aggies,New Mexico Lobos,2026-09-26T19:30:00Z,2026-09-24T19:14:15.051160+00:00,away,11.5,-14.16,-2.66
401856815,2026,4,UCF Knights,TCU Horned Frogs,2026-09-26T19:30:00Z,2026-09-24T19:14:15.051160+00:00,home,3.0,9.66,12.66
401856698,2026,4,Auburn Tigers,Vanderbilt Commodores,2026-09-26T20:15:00Z,2026-09-24T19:14:15.051160+00:00,away,-9.5,0.57,-8.93
401862785,2026,4,Bowling Green Falcons,South Florida Bulls,2026-09-26T21:00:00Z,2026-09-24T19:14:15.051160+00:00,away,17.5,-22.15,-4.649999999999999
401858464,2026,4,Michigan State Spartans,Nebraska Cornhuskers,2026-09-26T21:00:00Z,2026-09-24T19:14:15.051160+00:00,away,5.5,-8.09,-2.59
401858466,2026,4,Penn State Nittany Lions,Wisconsin Badgers,2026-09-26T21:00:00Z,2026-09-24T19:14:15.051160+00:00,home,-10.0,19.35,9.350000000000001
401869961,2026,4,Old Dominion Monarchs,James Madison Dukes,2026-09-26T22:00:00Z,2026-09-24T19:14:15.051160+00:00,away,6.0,-14.2,-8.2
401862780,2026,4,Charlotte 49ers,Louisiana Ragin Cajuns,2026-09-26T22:30:00Z,2026-09-24T19:14:15.051160+00:00,away,10.0,-12.74,-2.74
401856814,2026,4,Cincinnati Bearcats,Kansas State Wildcats,2026-09-26T23:00:00Z,2026-09-24T19:14:15.051160+00:00,away,6.5,-9.68,-3.1799999999999997
401871048,2026,4,Jacksonville State Gamecocks,Middle Tennessee Blue Raiders,2026-09-26T23:00:00Z,2026-09-24T19:14:15.051160+00:00,away,-7.0,2.24,-4.76
401856881,2026,4,West Virginia Mountaineers,Oklahoma State Cowboys,2026-09-26T23:00:00Z,2026-09-24T19:14:15.051160+00:00,home,-1.5,8.4,6.9
401856804,2026,4,Washington State Cougars,Arizona Wildcats,2026-09-26T23:30:00Z,2026-09-24T19:14:15.051160+00:00,home,10.0,1.29,11.29
401856702,2026,4,LSU Tigers,Texas A&M Aggies,2026-09-26T23:30:00Z,2026-09-24T19:14:15.051160+00:00,away,-8.5,3.74,-4.76
401856697,2026,4,Arkansas Razorbacks,Tulsa Golden Hurricane,2026-09-27T00:00:00Z,2026-09-24T19:14:15.051160+00:00,away,-7.0,-0.71,-7.71
401862782,2026,4,UL Monroe Warhawks,Florida Atlantic Owls,2026-09-27T00:00:00Z,2026-09-24T19:14:15.051160+00:00,home,13.5,-7.49,6.01
401858241,2026,4,SMU Mustangs,Missouri State Bears,2026-09-27T01:00:00Z,2026-09-24T19:14:15.051160+00:00,away,-34.5,23.13,-11.370000000000001
401860891,2026,4,Fresno State Bulldogs,Rice Owls,2026-09-27T02:00:00Z,2026-09-24T19:14:15.051160+00:00,home,-13.5,17.67,4.170000000000002
401864509,2026,4,Nevada Wolf Pack,Air Force Falcons,2026-09-27T02:30:00Z,2026-09-24T19:14:15.051160+00:00,home,5.5,5.32,10.82
401858240,2026,4,Stanford Cardinal,Georgia Tech Yellow Jackets,2026-09-27T02:30:00Z,2026-09-24T19:14:15.051160+00:00,away,3.5,-11.64,-8.14
401858470,2026,4,Washington Huskies,Minnesota Golden Gophers,2026-09-27T03:00:00Z,2026-09-24T19:14:15.051160+00:00,home,-10.0,14.34,4.34
401858476,2026,5,Northwestern Wildcats,Penn State Nittany Lions,2026-10-03T00:00:00Z,2026-09-24T19:14:15.051160+00:00,home,7.0,-5.1,1.9000000000000004
401858249,2026,5,Clemson Tigers,Miami Hurricanes,2026-10-03T16:00:00Z,2026-09-24T19:14:15.051160+00:00,home,17.5,-3.71,13.79
401856705,2026,5,Georgia Bulldogs,Vanderbilt Commodores,2026-10-03T16:00:00Z,2026-09-24T19:14:15.051160+00:00,away,-23.5,6.12,-17.38
401858248,2026,5,NC State Wolfpack,Louisville Cardinals,2026-10-03T16:00:00Z,2026-09-24T19:14:15.051160+00:00,home,7.5,-1.35,6.15
401858474,2026,5,Minnesota Golden Gophers,Michigan Wolverines,2026-10-03T16:00:00Z,2026-09-24T19:14:15.051160+00:00,home,7.5,-3.51,3.99
401858250,2026,5,North Carolina Tar Heels,Notre Dame Fighting Irish,2026-10-03T16:00:00Z,2026-09-24T19:14:15.051160+00:00,home,20.5,-16.68,3.8200000000000003
401856708,2026,5,Missouri Tigers,Florida Gators,2026-10-03T19:30:00Z,2026-09-24T19:14:15.051160+00:00,home,3.0,10.77,13.77
401858473,2026,5,Iowa Hawkeyes,Ohio State Buckeyes,2026-10-03T19:30:00Z,2026-09-24T19:14:15.051160+00:00,home,14.0,-3.19,10.81
401856818,2026,5,TCU Horned Frogs,BYU Cougars,2026-10-03T23:00:00Z,2026-09-24T19:14:15.051160+00:00,home,5.5,-1.35,4.15
401858478,2026,5,USC Trojans,Washington Huskies,2026-10-03T23:30:00Z,2026-09-24T19:14:15.051160+00:00,away,-10.0,2.65,-7.35
401862779,2026,4,Temple Owls,Army Black Knights,2026-09-25T20:00:00Z,2026-09-25T14:25:58.427596+00:00,home,3.0,-0.86,2.14
401862778,2026,4,UAB Blazers,Navy Midshipmen,2026-09-25T23:00:00Z,2026-09-25T14:25:58.427596+00:00,away,6.5,-11.86,-5.359999999999999
401858461,2026,4,Indiana Hoosiers,Northwestern Wildcats,2026-09-26T00:00:00Z,2026-09-25T14:25:58.427596+00:00,home,-20.5,29.26,8.760000000000002
401858234,2026,4,California Golden Bears,Clemson Tigers,2026-09-26T02:30:00Z,2026-09-25T14:25:58.427596+00:00,home,1.5,4.76,6.26
401864512,2026,4,Akron Zips,UNLV Rebels,2026-09-26T16:00:00Z,2026-09-25T14:25:58.427596+00:00,home,13.5,-0.96,12.54
401866425,2026,4,Kent State Golden Flashes,Ball State Cardinals,2026-09-26T16:00:00Z,2026-09-25T14:25:58.427596+00:00,away,-3.0,-0.61,-3.61
401856813,2026,4,Baylor Bears,Colorado Buffaloes,2026-09-26T16:00:00Z,2026-09-25T14:25:58.427596+00:00,home,-9.5,14.76,5.26
401858242,2026,4,Boston College Eagles,Virginia Tech Hokies,2026-09-26T16:00:00Z,2026-09-25T14:25:58.427596+00:00,home,14.0,-6.54,7.46
401858465,2026,4,Ohio State Buckeyes,Illinois Fighting Illini,2026-09-26T16:00:00Z,2026-09-25T14:25:58.427596+00:00,away,-27.5,23.44,-4.059999999999999
401858243,2026,4,Louisville Cardinals,Wake Forest Demon Deacons,2026-09-26T16:00:00Z,2026-09-25T14:25:58.427596+00:00,home,-13.5,18.76,5.260000000000002
401860893,2026,4,Toledo Rockets,San Diego State Aztecs,2026-09-26T16:00:00Z,2026-09-25T14:25:58.427596+00:00,home,-3.0,11.86,8.86
401856704,2026,4,Tennessee Volunteers,Texas Longhorns,2026-09-26T16:00:00Z,2026-09-25T14:25:58.427596+00:00,home,4.5,8.78,13.28
401864576,2026,4,Kentucky Wildcats,South Alabama Jaguars,2026-09-26T16:45:00Z,2026-09-25T14:25:58.427596+00:00,home,-20.5,28.22,7.719999999999999
401858462,2026,4,Maryland Terrapins,UCLA Bruins,2026-09-26T17:30:00Z,2026-09-25T14:25:58.427596+00:00,home,1.5,3.24,4.74
401858467,2026,4,Purdue Boilermakers,Notre Dame Fighting Irish,2026-09-26T18:00:00Z,2026-09-25T14:25:58.427596+00:00,home,27.5,-19.19,8.309999999999999
401860897,2026,4,Western Michigan Broncos,Boise State Broncos,2026-09-26T19:30:00Z,2026-09-25T14:25:58.427596+00:00,home,7.0,-0.77,6.23
401858463,2026,4,Michigan Wolverines,Iowa Hawkeyes,2026-09-26T19:30:00Z,2026-09-25T14:25:58.427596+00:00,away,-5.5,-6.61,-12.11
401856816,2026,4,Iowa State Cyclones,Utah Utes,2026-09-26T19:30:00Z,2026-09-25T14:25:58.427596+00:00,away,7.5,-10.88,-3.380000000000001
401861970,2026,4,Miami (OH) RedHawks,UConn Huskies,2026-09-26T19:30:00Z,2026-09-25T14:25:58.427596+00:00,away,-3.5,-9.66,-13.16
401864579,2026,4,New Mexico State Aggies,New Mexico Lobos,2026-09-26T19:30:00Z,2026-09-25T14:25:58.427596+00:00,away,11.5,-14.16,-2.66
401856815,2026,4,UCF Knights,TCU Horned Frogs,2026-09-26T19:30:00Z,2026-09-25T14:25:58.427596+00:00,home,3.0,9.66,12.66
401856698,2026,4,Auburn Tigers,Vanderbilt Commodores,2026-09-26T20:15:00Z,2026-09-25T14:25:58.427596+00:00,away,-9.5,0.57,-8.93
401862785,2026,4,Bowling Green Falcons,South Florida Bulls,2026-09-26T21:00:00Z,2026-09-25T14:25:58.427596+00:00,away,17.5,-22.15,-4.649999999999999
401858464,2026,4,Michigan State Spartans,Nebraska Cornhuskers,2026-09-26T21:00:00Z,2026-09-25T14:25:58.427596+00:00,away,5.5,-8.09,-2.59
401858466,2026,4,Penn State Nittany Lions,Wisconsin Badgers,2026-09-26T21:00:00Z,2026-09-25T14:25:58.427596+00:00,home,-10.0,19.35,9.350000000000001
401858239,2026,4,Virginia Cavaliers,Delaware Blue Hens,2026-09-26T22:00:00Z,2026-09-25T14:25:58.427596+00:00,away,-19.5,16.29,-3.210000000000001
401869961,2026,4,Old Dominion Monarchs,James Madison Dukes,2026-09-26T22:00:00Z,2026-09-25T14:25:58.427596+00:00,away,6.0,-13.83,-7.83
401862780,2026,4,Charlotte 49ers,Louisiana Ragin Cajuns,2026-09-26T22:30:00Z,2026-09-25T14:25:58.427596+00:00,away,10.0,-12.74,-2.74
401856814,2026,4,Cincinnati Bearcats,Kansas State Wildcats,2026-09-26T23:00:00Z,2026-09-25T14:25:58.427596+00:00,away,6.5,-9.68,-3.1799999999999997
401871048,2026,4,Jacksonville State Gamecocks,Middle Tennessee Blue Raiders,2026-09-26T23:00:00Z,2026-09-25T14:25:58.427596+00:00,away,-7.0,2.08,-4.92
401856881,2026,4,West Virginia Mountaineers,Oklahoma State Cowboys,2026-09-26T23:00:00Z,2026-09-25T14:25:58.427596+00:00,home,-1.5,8.4,6.9
401856804,2026,4,Washington State Cougars,Arizona Wildcats,2026-09-26T23:30:00Z,2026-09-25T14:25:58.427596+00:00,home,10.5,1.29,11.79
401856702,2026,4,LSU Tigers,Texas A&M Aggies,2026-09-26T23:30:00Z,2026-09-25T14:25:58.427596+00:00,away,-9.5,3.74,-5.76
401856697,2026,4,Arkansas Razorbacks,Tulsa Golden Hurricane,2026-09-27T00:00:00Z,2026-09-25T14:25:58.427596+00:00,away,-7.0,-0.71,-7.71
401862782,2026,4,UL Monroe Warhawks,Florida Atlantic Owls,2026-09-27T00:00:00Z,2026-09-25T14:25:58.427596+00:00,home,11.5,-7.49,4.01
401858241,2026,4,SMU Mustangs,Missouri State Bears,2026-09-27T01:00:00Z,2026-09-25T14:25:58.427596+00:00,away,-34.5,22.98,-11.52
401860891,2026,4,Fresno State Bulldogs,Rice Owls,2026-09-27T02:00:00Z,2026-09-25T14:25:58.427596+00:00,home,-13.5,17.67,4.170000000000002
401864509,2026,4,Nevada Wolf Pack,Air Force Falcons,2026-09-27T02:30:00Z,2026-09-25T14:25:58.427596+00:00,home,5.5,5.57,11.07
401858240,2026,4,Stanford Cardinal,Georgia Tech Yellow Jackets,2026-09-27T02:30:00Z,2026-09-25T14:25:58.427596+00:00,away,3.5,-11.64,-8.14
401858470,2026,4,Washington Huskies,Minnesota Golden Gophers,2026-09-27T03:00:00Z,2026-09-25T14:25:58.427596+00:00,home,-10.0,14.34,4.34
401858245,2026,5,Virginia Tech Hokies,Pittsburgh Panthers,2026-10-02T23:00:00Z,2026-09-25T14:25:58.427596+00:00,away,-6.0,2.07,-3.93
401858476,2026,5,Northwestern Wildcats,Penn State Nittany Lions,2026-10-03T00:00:00Z,2026-09-25T14:25:58.427596+00:00,home,7.0,-5.1,1.9000000000000004
401858249,2026,5,Clemson Tigers,Miami Hurricanes,2026-10-03T16:00:00Z,2026-09-25T14:25:58.427596+00:00,away,17.5,-20.13,-2.629999999999999
401856705,2026,5,Georgia Bulldogs,Vanderbilt Commodores,2026-10-03T16:00:00Z,2026-09-25T14:25:58.427596+00:00,away,-23.5,13.4,-10.1
401858248,2026,5,NC State Wolfpack,Louisville Cardinals,2026-10-03T16:00:00Z,2026-09-25T14:25:58.427596+00:00,home,7.5,-2.99,4.51
401858474,2026,5,Minnesota Golden Gophers,Michigan Wolverines,2026-10-03T16:00:00Z,2026-09-25T14:25:58.427596+00:00,home,7.5,6.62,14.120000000000001
401858250,2026,5,North Carolina Tar Heels,Notre Dame Fighting Irish,2026-10-03T16:00:00Z,2026-09-25T14:25:58.427596+00:00,home,20.5,-14.61,5.890000000000001
401856710,2026,5,Tennessee Volunteers,Auburn Tigers,2026-10-03T19:30:00Z,2026-09-25T14:25:58.427596+00:00,home,-7.5,13.14,5.640000000000001
401856708,2026,5,Missouri Tigers,Florida Gators,2026-10-03T19:30:00Z,2026-09-25T14:25:58.427596+00:00,home,3.0,1.61,4.61
401858473,2026,5,Iowa Hawkeyes,Ohio State Buckeyes,2026-10-03T19:30:00Z,2026-09-25T14:25:58.427596+00:00,home,14.0,3.15,17.15
401856709,2026,5,South Carolina Gamecocks,Kentucky Wildcats,2026-10-03T20:15:00Z,2026-09-25T14:25:58.427596+00:00,home,-6.0,14.35,8.35
401856818,2026,5,TCU Horned Frogs,BYU Cougars,2026-10-03T23:00:00Z,2026-09-25T14:25:58.427596+00:00,home,5.5,-0.1,5.4
401858478,2026,5,USC Trojans,Washington Huskies,2026-10-03T23:30:00Z,2026-09-25T14:25:58.427596+00:00,away,-10.0,5.08,-4.92
401862779,2026,4,Temple Owls,Army Black Knights,2026-09-25T20:00:00Z,2026-09-25T14:33:57.357452+00:00,home,3.0,-0.86,2.14
401862778,2026,4,UAB Blazers,Navy Midshipmen,2026-09-25T23:00:00Z,2026-09-25T14:33:57.357452+00:00,away,6.5,-11.86,-5.359999999999999
401858461,2026,4,Indiana Hoosiers,Northwestern Wildcats,2026-09-26T00:00:00Z,2026-09-25T14:33:57.357452+00:00,home,-20.5,29.26,8.760000000000002
401858234,2026,4,California Golden Bears,Clemson Tigers,2026-09-26T02:30:00Z,2026-09-25T14:33:57.357452+00:00,home,1.5,4.76,6.26
401864512,2026,4,Akron Zips,UNLV Rebels,2026-09-26T16:00:00Z,2026-09-25T14:33:57.357452+00:00,home,13.5,-0.96,12.54
401866425,2026,4,Kent State Golden Flashes,Ball State Cardinals,2026-09-26T16:00:00Z,2026-09-25T14:33:57.357452+00:00,away,-3.0,-0.61,-3.61
401856813,2026,4,Baylor Bears,Colorado Buffaloes,2026-09-26T16:00:00Z,2026-09-25T14:33:57.357452+00:00,home,-9.5,14.76,5.26
401858242,2026,4,Boston College Eagles,Virginia Tech Hokies,2026-09-26T16:00:00Z,2026-09-25T14:33:57.357452+00:00,home,14.0,-6.54,7.46
401858465,2026,4,Ohio State Buckeyes,Illinois Fighting Illini,2026-09-26T16:00:00Z,2026-09-25T14:33:57.357452+00:00,away,-27.5,23.44,-4.059999999999999
401858243,2026,4,Louisville Cardinals,Wake Forest Demon Deacons,2026-09-26T16:00:00Z,2026-09-25T14:33:57.357452+00:00,home,-13.5,18.76,5.260000000000002
401860893,2026,4,Toledo Rockets,San Diego State Aztecs,2026-09-26T16:00:00Z,2026-09-25T14:33:57.357452+00:00,home,-3.0,11.86,8.86
401856704,2026,4,Tennessee Volunteers,Texas Longhorns,2026-09-26T16:00:00Z,2026-09-25T14:33:57.357452+00:00,home,4.5,8.78,13.28
401864576,2026,4,Kentucky Wildcats,South Alabama Jaguars,2026-09-26T16:45:00Z,2026-09-25T14:33:57.357452+00:00,home,-20.5,28.22,7.719999999999999
401858462,2026,4,Maryland Terrapins,UCLA Bruins,2026-09-26T17:30:00Z,2026-09-25T14:33:57.357452+00:00,home,1.5,3.24,4.74
401858467,2026,4,Purdue Boilermakers,Notre Dame Fighting Irish,2026-09-26T18:00:00Z,2026-09-25T14:33:57.357452+00:00,home,27.5,-19.19,8.309999999999999
401860897,2026,4,Western Michigan Broncos,Boise State Broncos,2026-09-26T19:30:00Z,2026-09-25T14:33:57.357452+00:00,home,7.0,-0.77,6.23
401858463,2026,4,Michigan Wolverines,Iowa Hawkeyes,2026-09-26T19:30:00Z,2026-09-25T14:33:57.357452+00:00,away,-5.5,-6.61,-12.11
401856816,2026,4,Iowa State Cyclones,Utah Utes,2026-09-26T19:30:00Z,2026-09-25T14:33:57.357452+00:00,away,7.5,-10.88,-3.380000000000001
401861970,2026,4,Miami (OH) RedHawks,UConn Huskies,2026-09-26T19:30:00Z,2026-09-25T14:33:57.357452+00:00,away,-3.5,-9.66,-13.16
401864579,2026,4,New Mexico State Aggies,New Mexico Lobos,2026-09-26T19:30:00Z,2026-09-25T14:33:57.357452+00:00,away,11.5,-14.16,-2.66
401856815,2026,4,UCF Knights,TCU Horned Frogs,2026-09-26T19:30:00Z,2026-09-25T14:33:57.357452+00:00,home,3.0,9.66,12.66
401856698,2026,4,Auburn Tigers,Vanderbilt Commodores,2026-09-26T20:15:00Z,2026-09-25T14:33:57.357452+00:00,away,-9.5,0.57,-8.93
401862785,2026,4,Bowling Green Falcons,South Florida Bulls,2026-09-26T21:00:00Z,2026-09-25T14:33:57.357452+00:00,away,17.5,-22.15,-4.649999999999999
401858464,2026,4,Michigan State Spartans,Nebraska Cornhuskers,2026-09-26T21:00:00Z,2026-09-25T14:33:57.357452+00:00,away,5.5,-8.09,-2.59
401858466,2026,4,Penn State Nittany Lions,Wisconsin Badgers,2026-09-26T21:00:00Z,2026-09-25T14:33:57.357452+00:00,home,-10.0,19.35,9.350000000000001
401858239,2026,4,Virginia Cavaliers,Delaware Blue Hens,2026-09-26T22:00:00Z,2026-09-25T14:33:57.357452+00:00,away,-19.5,16.29,-3.210000000000001
401869961,2026,4,Old Dominion Monarchs,James Madison Dukes,2026-09-26T22:00:00Z,2026-09-25T14:33:57.357452+00:00,away,6.0,-13.83,-7.83
401862780,2026,4,Charlotte 49ers,Louisiana Ragin Cajuns,2026-09-26T22:30:00Z,2026-09-25T14:33:57.357452+00:00,away,10.0,-12.74,-2.74
401856814,2026,4,Cincinnati Bearcats,Kansas State Wildcats,2026-09-26T23:00:00Z,2026-09-25T14:33:57.357452+00:00,away,6.5,-9.68,-3.1799999999999997
401871048,2026,4,Jacksonville State Gamecocks,Middle Tennessee Blue Raiders,2026-09-26T23:00:00Z,2026-09-25T14:33:57.357452+00:00,away,-7.0,2.08,-4.92
401856881,2026,4,West Virginia Mountaineers,Oklahoma State Cowboys,2026-09-26T23:00:00Z,2026-09-25T14:33:57.357452+00:00,home,-1.5,8.4,6.9
401856804,2026,4,Washington State Cougars,Arizona Wildcats,2026-09-26T23:30:00Z,2026-09-25T14:33:57.357452+00:00,home,10.5,1.29,11.79
401856702,2026,4,LSU Tigers,Texas A&M Aggies,2026-09-26T23:30:00Z,2026-09-25T14:33:57.357452+00:00,away,-9.5,3.74,-5.76
401856697,2026,4,Arkansas Razorbacks,Tulsa Golden Hurricane,2026-09-27T00:00:00Z,2026-09-25T14:33:57.357452+00:00,away,-7.0,-0.71,-7.71
401862782,2026,4,UL Monroe Warhawks,Florida Atlantic Owls,2026-09-27T00:00:00Z,2026-09-25T14:33:57.357452+00:00,home,11.5,-7.49,4.01
401858241,2026,4,SMU Mustangs,Missouri State Bears,2026-09-27T01:00:00Z,2026-09-25T14:33:57.357452+00:00,away,-34.5,22.98,-11.52
401860891,2026,4,Fresno State Bulldogs,Rice Owls,2026-09-27T02:00:00Z,2026-09-25T14:33:57.357452+00:00,home,-13.5,17.67,4.170000000000002
401864509,2026,4,Nevada Wolf Pack,Air Force Falcons,2026-09-27T02:30:00Z,2026-09-25T14:33:57.357452+00:00,home,5.5,5.57,11.07
401858240,2026,4,Stanford Cardinal,Georgia Tech Yellow Jackets,2026-09-27T02:30:00Z,2026-09-25T14:33:57.357452+00:00,away,3.5,-11.64,-8.14
401858470,2026,4,Washington Huskies,Minnesota Golden Gophers,2026-09-27T03:00:00Z,2026-09-25T14:33:57.357452+00:00,home,-10.0,14.34,4.34
401858245,2026,5,Virginia Tech Hokies,Pittsburgh Panthers,2026-10-02T23:00:00Z,2026-09-25T14:33:57.357452+00:00,away,-6.0,2.07,-3.93
401858476,2026,5,Northwestern Wildcats,Penn State Nittany Lions,2026-10-03T00:00:00Z,2026-09-25T14:33:57.357452+00:00,home,7.0,-5.1,1.9000000000000004
401858249,2026,5,Clemson Tigers,Miami Hurricanes,2026-10-03T16:00:00Z,2026-09-25T14:33:57.357452+00:00,away,17.5,-20.13,-2.629999999999999
401856705,2026,5,Georgia Bulldogs,Vanderbilt Commodores,2026-10-03T16:00:00Z,2026-09-25T14:33:57.357452+00:00,away,-23.5,13.4,-10.1
401858248,2026,5,NC State Wolfpack,Louisville Cardinals,2026-10-03T16:00:00Z,2026-09-25T14:33:57.357452+00:00,home,7.5,-2.99,4.51
401858474,2026,5,Minnesota Golden Gophers,Michigan Wolverines,2026-10-03T16:00:00Z,2026-09-25T14:33:57.357452+00:00,home,7.5,6.62,14.120000000000001
401858250,2026,5,North Carolina Tar Heels,Notre Dame Fighting Irish,2026-10-03T16:00:00Z,2026-09-25T14:33:57.357452+00:00,home,20.5,-14.61,5.890000000000001
401856710,2026,5,Tennessee Volunteers,Auburn Tigers,2026-10-03T19:30:00Z,2026-09-25T14:33:57.357452+00:00,home,-7.5,13.14,5.640000000000001
401856708,2026,5,Missouri Tigers,Florida Gators,2026-10-03T19:30:00Z,2026-09-25T14:33:57.357452+00:00,home,3.0,1.61,4.61
401858473,2026,5,Iowa Hawkeyes,Ohio State Buckeyes,2026-10-03T19:30:00Z,2026-09-25T14:33:57.357452+00:00,home,14.0,3.15,17.15
401856709,2026,5,South Carolina Gamecocks,Kentucky Wildcats,2026-10-03T20:15:00Z,2026-09-25T14:33:57.357452+00:00,home,-6.0,14.35,8.35
401856818,2026,5,TCU Horned Frogs,BYU Cougars,2026-10-03T23:00:00Z,2026-09-25T14:33:57.357452+00:00,home,5.5,-0.1,5.4
401858478,2026,5,USC Trojans,Washington Huskies,2026-10-03T23:30:00Z,2026-09-25T14:33:57.357452+00:00,away,-10.0,5.08,-4.92
401856804,2026,4,Washington State Cougars,Arizona Wildcats,2026-09-26T23:42:00Z,2026-09-27T02:48:37.884538+00:00,home,10.5,1.29,11.79
401856703,2026,4,Mississippi State Bulldogs,Missouri Tigers,2026-09-26T23:55:43Z,2026-09-27T02:48:37.884538+00:00,home,3.5,4.36,7.86
401858241,2026,4,SMU Mustangs,Missouri State Bears,2026-09-27T01:10:00Z,2026-09-27T02:48:37.884538+00:00,home,-18.5,27.83,9.329999999999998
401860891,2026,4,Fresno State Bulldogs,Rice Owls,2026-09-27T02:10:00Z,2026-09-27T02:48:37.884538+00:00,home,-2.5,17.67,15.170000000000002
401864509,2026,4,Nevada Wolf Pack,Air Force Falcons,2026-09-27T02:30:00Z,2026-09-27T02:48:37.884538+00:00,home,4.5,7.54,12.04
401858240,2026,4,Stanford Cardinal,Georgia Tech Yellow Jackets,2026-09-27T02:35:00Z,2026-09-27T02:48:37.884538+00:00,away,3.5,-11.64,-8.14
401858470,2026,4,Washington Huskies,Minnesota Golden Gophers,2026-09-27T03:00:00Z,2026-09-27T02:48:37.884538+00:00,home,-11.5,14.34,2.84
401858245,2026,5,Virginia Tech Hokies,Pittsburgh Panthers,2026-10-02T23:00:00Z,2026-09-27T02:48:37.884538+00:00,away,-6.0,-0.65,-6.65
401858250,2026,5,North Carolina Tar Heels,Notre Dame Fighting Irish,2026-10-03T16:00:00Z,2026-09-27T02:48:37.884538+00:00,home,21.5,-14.02,7.48
401856710,2026,5,Tennessee Volunteers,Auburn Tigers,2026-10-03T19:30:00Z,2026-09-27T02:48:37.884538+00:00,home,-7.5,11.51,4.01
401858473,2026,5,Iowa Hawkeyes,Ohio State Buckeyes,2026-10-03T19:30:00Z,2026-09-27T02:48:37.884538+00:00,home,14.5,-2.14,12.36
401856818,2026,5,TCU Horned Frogs,BYU Cougars,2026-10-03T23:00:00Z,2026-09-27T02:48:37.884538+00:00,home,6.5,-4.43,2.0700000000000003
401871049,2026,5,New Mexico State Aggies,Western Kentucky Hilltoppers,2026-10-02T00:00:00Z,2026-09-28T13:46:04.464071+00:00,away,-2.5,-3.06,-5.5600000000000005
401862786,2026,5,Tulsa Golden Hurricane,North Texas Mean Green,2026-10-02T01:00:00Z,2026-09-28T13:46:04.464071+00:00,away,-1.5,-10.0,-11.5
401871050,2026,5,Delaware Blue Hens,Liberty Flames,2026-10-02T23:00:00Z,2026-09-28T13:46:04.464071+00:00,home,7.0,2.15,9.15
401858245,2026,5,Virginia Tech Hokies,Pittsburgh Panthers,2026-10-02T23:00:00Z,2026-09-28T13:46:04.464071+00:00,away,-3.5,0.79,-2.71
401856707,2026,5,Mississippi State Bulldogs,Alabama Crimson Tide,2026-10-03T16:00:00Z,2026-09-28T13:46:04.464071+00:00,home,6.0,-2.86,3.14
401858249,2026,5,Clemson Tigers,Miami Hurricanes,2026-10-03T16:00:00Z,2026-09-28T13:46:04.464071+00:00,home,17.5,-9.79,7.710000000000001
401856819,2026,5,Houston Cougars,UCF Knights,2026-10-03T16:00:00Z,2026-09-28T13:46:04.464071+00:00,away,-11.5,-0.07,-11.57
401856822,2026,5,Iowa State Cyclones,West Virginia Mountaineers,2026-10-03T16:00:00Z,2026-09-28T13:46:04.464071+00:00,home,-3.5,13.56,10.06
401858474,2026,5,Minnesota Golden Gophers,Michigan Wolverines,2026-10-03T16:00:00Z,2026-09-28T13:46:04.464071+00:00,home,6.0,5.12,11.120000000000001
401858250,2026,5,North Carolina Tar Heels,Notre Dame Fighting Irish,2026-10-03T16:00:00Z,2026-09-28T13:46:04.464071+00:00,home,21.5,-12.85,8.65
401858251,2026,5,Wake Forest Demon Deacons,Stanford Cardinal,2026-10-03T16:00:00Z,2026-09-28T13:46:04.464071+00:00,home,-12.5,18.53,6.030000000000001
401858252,2026,5,UConn Huskies,Syracuse Orange,2026-10-03T16:00:00Z,2026-09-28T13:46:04.464071+00:00,home,5.5,6.35,11.85
401858479,2026,5,Wisconsin Badgers,Michigan State Spartans,2026-10-03T16:30:00Z,2026-09-28T13:46:04.464071+00:00,home,-10.0,12.15,2.1500000000000004
401856705,2026,5,Georgia Bulldogs,Vanderbilt Commodores,2026-10-03T16:45:00Z,2026-09-28T13:46:04.464071+00:00,away,-24.5,18.74,-5.760000000000002
401866432,2026,5,Buffalo Bulls,Western Michigan Broncos,2026-10-03T17:00:00Z,2026-09-28T13:46:04.464071+00:00,home,13.5,-9.9,3.5999999999999996
401866431,2026,5,Ball State Cardinals,Toledo Rockets,2026-10-03T18:00:00Z,2026-09-28T13:46:04.464071+00:00,away,19.5,-25.46,-5.960000000000001
401866430,2026,5,Central Michigan Chippewas,Akron Zips,2026-10-03T19:30:00Z,2026-09-28T13:46:04.464071+00:00,away,-6.0,3.39,-2.61
401856710,2026,5,Tennessee Volunteers,Auburn Tigers,2026-10-03T19:30:00Z,2026-09-28T13:46:04.464071+00:00,home,-7.0,15.98,8.98
401866477,2026,5,Miami (OH) RedHawks,Bowling Green Falcons,2026-10-03T19:30:00Z,2026-09-28T13:46:04.464071+00:00,away,-13.5,10.75,-2.75
401858247,2026,5,UNLV Rebels,California Golden Bears,2026-10-03T19:30:00Z,2026-09-28T13:46:04.464071+00:00,home,-2.5,9.09,6.59
401862787,2026,5,Charlotte 49ers,Memphis Tigers,2026-10-03T19:30:00Z,2026-09-28T13:46:04.464071+00:00,home,20.5,-8.32,12.18
401866433,2026,5,UMass Minutemen,Eastern Michigan Eagles,2026-10-03T19:30:00Z,2026-09-28T13:46:04.464071+00:00,home,-4.5,6.99,2.49
401856708,2026,5,Missouri Tigers,Florida Gators,2026-10-03T19:30:00Z,2026-09-28T13:46:04.464071+00:00,home,4.5,0.55,5.05
401858473,2026,5,Iowa Hawkeyes,Ohio State Buckeyes,2026-10-03T19:30:00Z,2026-09-28T13:46:04.464071+00:00,home,13.5,-2.7,10.8
401858248,2026,5,NC State Wolfpack,Louisville Cardinals,2026-10-03T19:30:00Z,2026-09-28T13:46:04.464071+00:00,home,6.0,-2.92,3.08
401869962,2026,5,James Madison Dukes,Marshall Thundering Herd,2026-10-03T19:45:00Z,2026-09-28T13:46:04.464071+00:00,home,-17.5,31.24,13.739999999999998
401858475,2026,5,Nebraska Cornhuskers,Maryland Terrapins,2026-10-03T20:00:00Z,2026-09-28T13:46:04.464071+00:00,away,-14.5,11.36,-3.1400000000000006
401864514,2026,5,New Mexico Lobos,UTEP Miners,2026-10-03T20:00:00Z,2026-09-28T13:46:04.464071+00:00,away,-22.5,12.75,-9.75
401858472,2026,5,Illinois Fighting Illini,Purdue Boilermakers,2026-10-03T20:15:00Z,2026-09-28T13:46:04.464071+00:00,home,-10.0,18.08,8.079999999999998
401856709,2026,5,South Carolina Gamecocks,Kentucky Wildcats,2026-10-03T20:15:00Z,2026-09-28T13:46:04.464071+00:00,home,-3.0,5.04,2.04
401860899,2026,5,Colorado State Rams,Oregon State Beavers,2026-10-03T22:00:00Z,2026-09-28T13:46:04.464071+00:00,home,4.5,4.23,8.73
401856711,2026,5,Texas A&M Aggies,Arkansas Razorbacks,2026-10-03T23:00:00Z,2026-09-28T13:46:04.464071+00:00,away,-14.0,11.99,-2.01
401869942,2026,5,Coastal Carolina Chanticleers,Georgia Southern Eagles,2026-10-03T23:00:00Z,2026-09-28T13:46:04.464071+00:00,home,2.5,3.13,5.63
401862788,2026,5,Rice Owls,UTSA Roadrunners,2026-10-03T23:00:00Z,2026-09-28T13:46:04.464071+00:00,home,10.5,-5.86,4.64
401871089,2026,5,South Alabama Jaguars,UL Monroe Warhawks,2026-10-03T23:00:00Z,2026-09-28T13:46:04.464071+00:00,home,-14.0,18.28,4.280000000000001
401869842,2026,5,Louisiana Tech Bulldogs,Army Black Knights,2026-10-03T23:30:00Z,2026-09-28T13:46:04.464071+00:00,home,3.0,14.85,17.85
401860898,2026,5,Boise State Broncos,Utah State Aggies,2026-10-03T23:30:00Z,2026-09-28T13:46:04.464071+00:00,away,-20.5,10.4,-10.1
401862792,2026,5,South Florida Bulls,Temple Owls,2026-10-03T23:30:00Z,2026-09-28T13:46:04.464071+00:00,home,-6.0,15.93,9.93
401858478,2026,5,USC Trojans,Washington Huskies,2026-10-03T23:30:00Z,2026-09-28T13:46:04.464071+00:00,away,-9.5,-17.24,-26.74
401858477,2026,5,Rutgers Scarlet Knights,Indiana Hoosiers,2026-10-04T00:00:00Z,2026-09-28T13:46:04.464071+00:00,away,24.5,-27.9,-3.3999999999999986
401860921,2026,5,Washington State Cougars,Fresno State Bulldogs,2026-10-04T01:30:00Z,2026-09-28T13:46:04.464071+00:00,home,-2.5,7.27,4.77
401856817,2026,5,Arizona State Sun Devils,Baylor Bears,2026-10-04T02:30:00Z,2026-09-28T13:46:04.464071+00:00,home,-3.5,14.69,11.19
401856820,2026,5,Arizona Wildcats,Cincinnati Bearcats,2026-10-04T03:00:00Z,2026-09-28T13:46:04.464071+00:00,away,-7.0,-3.52,-10.52
401864513,2026,5,Hawaii Rainbow Warriors,San Jose State Spartans,2026-10-04T03:59:00Z,2026-09-28T13:46:04.464071+00:00,away,-3.0,-3.64,-6.640000000000001
401871049,2026,5,New Mexico State Aggies,Western Kentucky Hilltoppers,2026-10-02T00:00:00Z,2026-09-28T14:14:42.510250+00:00,away,-2.5,-3.06,-5.5600000000000005
401862786,2026,5,Tulsa Golden Hurricane,North Texas Mean Green,2026-10-02T01:00:00Z,2026-09-28T14:14:42.510250+00:00,away,-1.5,-10.0,-11.5
401871050,2026,5,Delaware Blue Hens,Liberty Flames,2026-10-02T23:00:00Z,2026-09-28T14:14:42.510250+00:00,home,7.0,2.15,9.15
401858245,2026,5,Virginia Tech Hokies,Pittsburgh Panthers,2026-10-02T23:00:00Z,2026-09-28T14:14:42.510250+00:00,away,-3.5,0.79,-2.71
401856707,2026,5,Mississippi State Bulldogs,Alabama Crimson Tide,2026-10-03T16:00:00Z,2026-09-28T14:14:42.510250+00:00,home,6.0,-2.86,3.14
401858249,2026,5,Clemson Tigers,Miami Hurricanes,2026-10-03T16:00:00Z,2026-09-28T14:14:42.510250+00:00,home,17.5,-9.79,7.710000000000001
401856819,2026,5,Houston Cougars,UCF Knights,2026-10-03T16:00:00Z,2026-09-28T14:14:42.510250+00:00,away,-10.5,-0.07,-10.57
401856822,2026,5,Iowa State Cyclones,West Virginia Mountaineers,2026-10-03T16:00:00Z,2026-09-28T14:14:42.510250+00:00,home,-3.5,13.56,10.06
401858474,2026,5,Minnesota Golden Gophers,Michigan Wolverines,2026-10-03T16:00:00Z,2026-09-28T14:14:42.510250+00:00,home,5.5,5.12,10.620000000000001
401858250,2026,5,North Carolina Tar Heels,Notre Dame Fighting Irish,2026-10-03T16:00:00Z,2026-09-28T14:14:42.510250+00:00,home,21.5,-12.85,8.65
401858251,2026,5,Wake Forest Demon Deacons,Stanford Cardinal,2026-10-03T16:00:00Z,2026-09-28T14:14:42.510250+00:00,home,-12.5,18.53,6.030000000000001
401858252,2026,5,UConn Huskies,Syracuse Orange,2026-10-03T16:00:00Z,2026-09-28T14:14:42.510250+00:00,home,6.0,6.35,12.35
401858479,2026,5,Wisconsin Badgers,Michigan State Spartans,2026-10-03T16:30:00Z,2026-09-28T14:14:42.510250+00:00,home,-10.0,12.15,2.1500000000000004
401856705,2026,5,Georgia Bulldogs,Vanderbilt Commodores,2026-10-03T16:45:00Z,2026-09-28T14:14:42.510250+00:00,away,-24.5,18.74,-5.760000000000002
401866432,2026,5,Buffalo Bulls,Western Michigan Broncos,2026-10-03T17:00:00Z,2026-09-28T14:14:42.510250+00:00,home,13.5,-9.9,3.5999999999999996
401866431,2026,5,Ball State Cardinals,Toledo Rockets,2026-10-03T18:00:00Z,2026-09-28T14:14:42.510250+00:00,away,19.5,-25.46,-5.960000000000001
401866430,2026,5,Central Michigan Chippewas,Akron Zips,2026-10-03T19:30:00Z,2026-09-28T14:14:42.510250+00:00,away,-6.0,3.39,-2.61
401856710,2026,5,Tennessee Volunteers,Auburn Tigers,2026-10-03T19:30:00Z,2026-09-28T14:14:42.510250+00:00,home,-7.0,15.98,8.98
401866477,2026,5,Miami (OH) RedHawks,Bowling Green Falcons,2026-10-03T19:30:00Z,2026-09-28T14:14:42.510250+00:00,away,-13.5,10.75,-2.75
401858247,2026,5,UNLV Rebels,California Golden Bears,2026-10-03T19:30:00Z,2026-09-28T14:14:42.510250+00:00,home,-2.5,9.09,6.59
401862787,2026,5,Charlotte 49ers,Memphis Tigers,2026-10-03T19:30:00Z,2026-09-28T14:14:42.510250+00:00,home,20.5,-8.32,12.18
401866433,2026,5,UMass Minutemen,Eastern Michigan Eagles,2026-10-03T19:30:00Z,2026-09-28T14:14:42.510250+00:00,home,-4.5,6.99,2.49
401856708,2026,5,Missouri Tigers,Florida Gators,2026-10-03T19:30:00Z,2026-09-28T14:14:42.510250+00:00,home,4.5,0.55,5.05
401858253,2026,5,Florida State Seminoles,Virginia Cavaliers,2026-10-03T19:30:00Z,2026-09-28T14:14:42.510250+00:00,away,2.5,-4.65,-2.1500000000000004
401869956,2026,5,Georgia State Panthers,Old Dominion Monarchs,2026-10-03T19:30:00Z,2026-09-28T14:14:42.510250+00:00,away,-1.5,-2.52,-4.02
401858473,2026,5,Iowa Hawkeyes,Ohio State Buckeyes,2026-10-03T19:30:00Z,2026-09-28T14:14:42.510250+00:00,home,13.5,-2.7,10.8
401858248,2026,5,NC State Wolfpack,Louisville Cardinals,2026-10-03T19:30:00Z,2026-09-28T14:14:42.510250+00:00,home,6.5,-2.92,3.58
401869962,2026,5,James Madison Dukes,Marshall Thundering Herd,2026-10-03T19:45:00Z,2026-09-28T14:14:42.510250+00:00,home,-18.5,31.24,12.739999999999998
401858475,2026,5,Nebraska Cornhuskers,Maryland Terrapins,2026-10-03T20:00:00Z,2026-09-28T14:14:42.510250+00:00,away,-14.5,11.36,-3.1400000000000006
401864514,2026,5,New Mexico Lobos,UTEP Miners,2026-10-03T20:00:00Z,2026-09-28T14:14:42.510250+00:00,away,-22.5,12.75,-9.75
401858472,2026,5,Illinois Fighting Illini,Purdue Boilermakers,2026-10-03T20:15:00Z,2026-09-28T14:14:42.510250+00:00,home,-10.0,18.08,8.079999999999998
401856709,2026,5,South Carolina Gamecocks,Kentucky Wildcats,2026-10-03T20:15:00Z,2026-09-28T14:14:42.510250+00:00,home,-2.5,5.04,2.54
401860899,2026,5,Colorado State Rams,Oregon State Beavers,2026-10-03T22:00:00Z,2026-09-28T14:14:42.510250+00:00,home,4.5,4.23,8.73
401856711,2026,5,Texas A&M Aggies,Arkansas Razorbacks,2026-10-03T23:00:00Z,2026-09-28T14:14:42.510250+00:00,away,-14.0,11.99,-2.01
401869942,2026,5,Coastal Carolina Chanticleers,Georgia Southern Eagles,2026-10-03T23:00:00Z,2026-09-28T14:14:42.510250+00:00,home,2.5,3.13,5.63
401862788,2026,5,Rice Owls,UTSA Roadrunners,2026-10-03T23:00:00Z,2026-09-28T14:14:42.510250+00:00,home,10.5,-5.86,4.64
401871089,2026,5,South Alabama Jaguars,UL Monroe Warhawks,2026-10-03T23:00:00Z,2026-09-28T14:14:42.510250+00:00,home,-14.0,18.28,4.280000000000001
401869842,2026,5,Louisiana Tech Bulldogs,Army Black Knights,2026-10-03T23:30:00Z,2026-09-28T14:14:42.510250+00:00,home,3.0,14.85,17.85
401860898,2026,5,Boise State Broncos,Utah State Aggies,2026-10-03T23:30:00Z,2026-09-28T14:14:42.510250+00:00,away,-20.5,10.4,-10.1
401862792,2026,5,South Florida Bulls,Temple Owls,2026-10-03T23:30:00Z,2026-09-28T14:14:42.510250+00:00,home,-6.0,15.93,9.93
401858478,2026,5,USC Trojans,Washington Huskies,2026-10-03T23:30:00Z,2026-09-28T14:14:42.510250+00:00,away,-9.5,-17.24,-26.74
401858477,2026,5,Rutgers Scarlet Knights,Indiana Hoosiers,2026-10-04T00:00:00Z,2026-09-28T14:14:42.510250+00:00,away,24.5,-27.9,-3.3999999999999986
401860921,2026,5,Washington State Cougars,Fresno State Bulldogs,2026-10-04T01:30:00Z,2026-09-28T14:14:42.510250+00:00,home,-2.5,7.27,4.77
401856817,2026,5,Arizona State Sun Devils,Baylor Bears,2026-10-04T02:30:00Z,2026-09-28T14:14:42.510250+00:00,home,-3.5,14.69,11.19
401856820,2026,5,Arizona Wildcats,Cincinnati Bearcats,2026-10-04T03:00:00Z,2026-09-28T14:14:42.510250+00:00,away,-7.0,-3.52,-10.52
401864513,2026,5,Hawaii Rainbow Warriors,San Jose State Spartans,2026-10-04T03:59:00Z,2026-09-28T14:14:42.510250+00:00,away,-3.0,-3.64,-6.640000000000001
401871049,2026,5,New Mexico State Aggies,Western Kentucky Hilltoppers,2026-10-02T00:00:00Z,2026-09-29T21:22:24.210096+00:00,away,-2.5,-1.01,-3.51
401862786,2026,5,Tulsa Golden Hurricane,North Texas Mean Green,2026-10-02T01:00:00Z,2026-09-29T21:22:24.210096+00:00,away,-1.5,-10.0,-11.5
401871050,2026,5,Delaware Blue Hens,Liberty Flames,2026-10-02T23:00:00Z,2026-09-29T21:22:24.210096+00:00,home,7.0,2.15,9.15
401858245,2026,5,Virginia Tech Hokies,Pittsburgh Panthers,2026-10-02T23:00:00Z,2026-09-29T21:22:24.210096+00:00,away,-3.5,-1.86,-5.36
401856819,2026,5,Houston Cougars,UCF Knights,2026-10-03T16:00:00Z,2026-09-29T21:22:24.210096+00:00,away,-12.5,-0.07,-12.57
401856822,2026,5,Iowa State Cyclones,West Virginia Mountaineers,2026-10-03T16:00:00Z,2026-09-29T21:22:24.210096+00:00,home,-3.5,15.96,12.46
401856807,2026,5,Kansas Jayhawks,Middle Tennessee Blue Raiders,2026-10-03T16:00:00Z,2026-09-29T21:22:24.210096+00:00,away,-18.5,13.03,-5.470000000000001
401858474,2026,5,Minnesota Golden Gophers,Michigan Wolverines,2026-10-03T16:00:00Z,2026-09-29T21:22:24.210096+00:00,home,5.5,5.12,10.620000000000001
401858250,2026,5,North Carolina Tar Heels,Notre Dame Fighting Irish,2026-10-03T16:00:00Z,2026-09-29T21:22:24.210096+00:00,home,21.0,-12.85,8.15
401858251,2026,5,Wake Forest Demon Deacons,Stanford Cardinal,2026-10-03T16:00:00Z,2026-09-29T21:22:24.210096+00:00,home,-12.5,23.29,10.79
401858252,2026,5,UConn Huskies,Syracuse Orange,2026-10-03T16:00:00Z,2026-09-29T21:22:24.210096+00:00,home,6.5,1.39,7.89
401856705,2026,5,Georgia Bulldogs,Vanderbilt Commodores,2026-10-03T16:45:00Z,2026-09-29T21:22:24.210096+00:00,away,-24.5,18.03,-6.469999999999999
401866432,2026,5,Buffalo Bulls,Western Michigan Broncos,2026-10-03T17:00:00Z,2026-09-29T21:22:24.210096+00:00,home,13.5,-9.9,3.5999999999999996
401866431,2026,5,Ball State Cardinals,Toledo Rockets,2026-10-03T18:00:00Z,2026-09-29T21:22:24.210096+00:00,away,19.5,-25.46,-5.960000000000001
401866430,2026,5,Central Michigan Chippewas,Akron Zips,2026-10-03T19:30:00Z,2026-09-29T21:22:24.210096+00:00,away,-6.5,3.39,-3.11
401856710,2026,5,Tennessee Volunteers,Auburn Tigers,2026-10-03T19:30:00Z,2026-09-29T21:22:24.210096+00:00,home,-7.0,11.51,4.51
401866477,2026,5,Miami (OH) RedHawks,Bowling Green Falcons,2026-10-03T19:30:00Z,2026-09-29T21:22:24.210096+00:00,away,-13.5,9.04,-4.460000000000001
401858247,2026,5,UNLV Rebels,California Golden Bears,2026-10-03T19:30:00Z,2026-09-29T21:22:24.210096+00:00,home,-2.5,6.63,4.13
401862787,2026,5,Charlotte 49ers,Memphis Tigers,2026-10-03T19:30:00Z,2026-09-29T21:22:24.210096+00:00,home,20.5,-8.32,12.18
401856708,2026,5,Missouri Tigers,Florida Gators,2026-10-03T19:30:00Z,2026-09-29T21:22:24.210096+00:00,home,5.5,-1.19,4.3100000000000005
401858253,2026,5,Florida State Seminoles,Virginia Cavaliers,2026-10-03T19:30:00Z,2026-09-29T21:22:24.210096+00:00,away,2.5,-6.05,-3.55
401869956,2026,5,Georgia State Panthers,Old Dominion Monarchs,2026-10-03T19:30:00Z,2026-09-29T21:22:24.210096+00:00,away,-1.5,-2.77,-4.27
401858473,2026,5,Iowa Hawkeyes,Ohio State Buckeyes,2026-10-03T19:30:00Z,2026-09-29T21:22:24.210096+00:00,home,14.0,1.01,15.01
401869962,2026,5,James Madison Dukes,Marshall Thundering Herd,2026-10-03T19:45:00Z,2026-09-29T21:22:24.210096+00:00,home,-18.5,32.46,13.96
401858475,2026,5,Nebraska Cornhuskers,Maryland Terrapins,2026-10-03T20:00:00Z,2026-09-29T21:22:24.210096+00:00,away,-14.5,8.42,-6.08
401864514,2026,5,New Mexico Lobos,UTEP Miners,2026-10-03T20:00:00Z,2026-09-29T21:22:24.210096+00:00,away,-22.5,13.28,-9.22
401858472,2026,5,Illinois Fighting Illini,Purdue Boilermakers,2026-10-03T20:15:00Z,2026-09-29T21:22:24.210096+00:00,home,-10.0,18.08,8.079999999999998
401860899,2026,5,Colorado State Rams,Oregon State Beavers,2026-10-03T22:00:00Z,2026-09-29T21:22:24.210096+00:00,home,6.0,4.04,10.04
401869942,2026,5,Coastal Carolina Chanticleers,Georgia Southern Eagles,2026-10-03T23:00:00Z,2026-09-29T21:22:24.210096+00:00,home,2.5,1.63,4.13
401862788,2026,5,Rice Owls,UTSA Roadrunners,2026-10-03T23:00:00Z,2026-09-29T21:22:24.210096+00:00,home,11.5,-5.86,5.64
401871089,2026,5,South Alabama Jaguars,UL Monroe Warhawks,2026-10-03T23:00:00Z,2026-09-29T21:22:24.210096+00:00,home,-14.0,16.16,2.16
401869842,2026,5,Louisiana Tech Bulldogs,Army Black Knights,2026-10-03T23:30:00Z,2026-09-29T21:22:24.210096+00:00,home,2.5,16.45,18.95
401860898,2026,5,Boise State Broncos,Utah State Aggies,2026-10-03T23:30:00Z,2026-09-29T21:22:24.210096+00:00,away,-20.5,10.4,-10.1
401858249,2026,5,Clemson Tigers,Miami Hurricanes,2026-10-03T23:30:00Z,2026-09-29T21:22:24.210096+00:00,home,16.5,-13.9,2.5999999999999996
401862792,2026,5,South Florida Bulls,Temple Owls,2026-10-03T23:30:00Z,2026-09-29T21:22:24.210096+00:00,home,-6.5,15.93,9.43
401858478,2026,5,USC Trojans,Washington Huskies,2026-10-03T23:30:00Z,2026-09-29T21:22:24.210096+00:00,away,-9.5,-17.06,-26.56
401858477,2026,5,Rutgers Scarlet Knights,Indiana Hoosiers,2026-10-04T00:00:00Z,2026-09-29T21:22:24.210096+00:00,away,24.5,-27.9,-3.3999999999999986
401860921,2026,5,Washington State Cougars,Fresno State Bulldogs,2026-10-04T01:30:00Z,2026-09-29T21:22:24.210096+00:00,home,-2.5,7.3,4.8
401856817,2026,5,Arizona State Sun Devils,Baylor Bears,2026-10-04T02:30:00Z,2026-09-29T21:22:24.210096+00:00,home,-4.0,14.69,10.69
401860900,2026,5,San Diego State Aztecs,Texas State Bobcats,2026-10-04T02:30:00Z,2026-09-29T21:22:24.210096+00:00,home,4.5,-2.3,2.2
401856820,2026,5,Arizona Wildcats,Cincinnati Bearcats,2026-10-04T03:00:00Z,2026-09-29T21:22:24.210096+00:00,away,-7.0,-3.28,-10.28
401864513,2026,5,Hawaii Rainbow Warriors,San Jose State Spartans,2026-10-04T03:59:00Z,2026-09-29T21:22:24.210096+00:00,away,-3.0,-2.15,-5.15
401856717,2026,6,Oklahoma Sooners,Texas Longhorns,2026-10-10T19:30:00Z,2026-09-29T21:22:24.210096+00:00,home,9.5,1.38,10.879999999999999
401858484,2026,6,Oregon Ducks,UCLA Bruins,2026-10-10T19:30:00Z,2026-09-29T21:22:24.210096+00:00,home,-12.5,26.3,13.8
401871049,2026,5,New Mexico State Aggies,Western Kentucky Hilltoppers,2026-10-02T00:00:00Z,2026-09-29T21:43:24.295432+00:00,away,-2.5,-1.01,-3.51
401862786,2026,5,Tulsa Golden Hurricane,North Texas Mean Green,2026-10-02T01:00:00Z,2026-09-29T21:43:24.295432+00:00,away,-1.5,-10.0,-11.5
401871050,2026,5,Delaware Blue Hens,Liberty Flames,2026-10-02T23:00:00Z,2026-09-29T21:43:24.295432+00:00,home,7.0,2.15,9.15
401858245,2026,5,Virginia Tech Hokies,Pittsburgh Panthers,2026-10-02T23:00:00Z,2026-09-29T21:43:24.295432+00:00,away,-3.5,-1.86,-5.36
401856819,2026,5,Houston Cougars,UCF Knights,2026-10-03T16:00:00Z,2026-09-29T21:43:24.295432+00:00,away,-12.5,-0.07,-12.57
401856822,2026,5,Iowa State Cyclones,West Virginia Mountaineers,2026-10-03T16:00:00Z,2026-09-29T21:43:24.295432+00:00,home,-3.5,15.96,12.46
401856807,2026,5,Kansas Jayhawks,Middle Tennessee Blue Raiders,2026-10-03T16:00:00Z,2026-09-29T21:43:24.295432+00:00,away,-18.5,13.03,-5.470000000000001
401858474,2026,5,Minnesota Golden Gophers,Michigan Wolverines,2026-10-03T16:00:00Z,2026-09-29T21:43:24.295432+00:00,home,5.5,5.12,10.620000000000001
401858250,2026,5,North Carolina Tar Heels,Notre Dame Fighting Irish,2026-10-03T16:00:00Z,2026-09-29T21:43:24.295432+00:00,home,21.0,-12.85,8.15
401858251,2026,5,Wake Forest Demon Deacons,Stanford Cardinal,2026-10-03T16:00:00Z,2026-09-29T21:43:24.295432+00:00,home,-12.5,23.29,10.79
401858252,2026,5,UConn Huskies,Syracuse Orange,2026-10-03T16:00:00Z,2026-09-29T21:43:24.295432+00:00,home,6.5,1.39,7.89
401856705,2026,5,Georgia Bulldogs,Vanderbilt Commodores,2026-10-03T16:45:00Z,2026-09-29T21:43:24.295432+00:00,away,-24.5,18.03,-6.469999999999999
401866432,2026,5,Buffalo Bulls,Western Michigan Broncos,2026-10-03T17:00:00Z,2026-09-29T21:43:24.295432+00:00,home,13.5,-9.9,3.5999999999999996
401866431,2026,5,Ball State Cardinals,Toledo Rockets,2026-10-03T18:00:00Z,2026-09-29T21:43:24.295432+00:00,away,19.5,-25.46,-5.960000000000001
401866430,2026,5,Central Michigan Chippewas,Akron Zips,2026-10-03T19:30:00Z,2026-09-29T21:43:24.295432+00:00,away,-6.5,3.39,-3.11
401856710,2026,5,Tennessee Volunteers,Auburn Tigers,2026-10-03T19:30:00Z,2026-09-29T21:43:24.295432+00:00,home,-7.0,11.51,4.51
401866477,2026,5,Miami (OH) RedHawks,Bowling Green Falcons,2026-10-03T19:30:00Z,2026-09-29T21:43:24.295432+00:00,away,-13.5,9.04,-4.460000000000001
401858247,2026,5,UNLV Rebels,California Golden Bears,2026-10-03T19:30:00Z,2026-09-29T21:43:24.295432+00:00,home,-2.5,6.63,4.13
401862787,2026,5,Charlotte 49ers,Memphis Tigers,2026-10-03T19:30:00Z,2026-09-29T21:43:24.295432+00:00,home,20.5,-8.32,12.18
401856708,2026,5,Missouri Tigers,Florida Gators,2026-10-03T19:30:00Z,2026-09-29T21:43:24.295432+00:00,home,5.5,-1.19,4.3100000000000005
401858253,2026,5,Florida State Seminoles,Virginia Cavaliers,2026-10-03T19:30:00Z,2026-09-29T21:43:24.295432+00:00,away,2.5,-6.05,-3.55
401869956,2026,5,Georgia State Panthers,Old Dominion Monarchs,2026-10-03T19:30:00Z,2026-09-29T21:43:24.295432+00:00,away,-1.5,-2.77,-4.27
401858473,2026,5,Iowa Hawkeyes,Ohio State Buckeyes,2026-10-03T19:30:00Z,2026-09-29T21:43:24.295432+00:00,home,14.0,1.01,15.01
401869962,2026,5,James Madison Dukes,Marshall Thundering Herd,2026-10-03T19:45:00Z,2026-09-29T21:43:24.295432+00:00,home,-18.5,32.46,13.96
401858475,2026,5,Nebraska Cornhuskers,Maryland Terrapins,2026-10-03T20:00:00Z,2026-09-29T21:43:24.295432+00:00,away,-14.5,8.42,-6.08
401864514,2026,5,New Mexico Lobos,UTEP Miners,2026-10-03T20:00:00Z,2026-09-29T21:43:24.295432+00:00,away,-22.5,13.28,-9.22
401858472,2026,5,Illinois Fighting Illini,Purdue Boilermakers,2026-10-03T20:15:00Z,2026-09-29T21:43:24.295432+00:00,home,-10.0,18.08,8.079999999999998
401860899,2026,5,Colorado State Rams,Oregon State Beavers,2026-10-03T22:00:00Z,2026-09-29T21:43:24.295432+00:00,home,6.0,4.04,10.04
401869942,2026,5,Coastal Carolina Chanticleers,Georgia Southern Eagles,2026-10-03T23:00:00Z,2026-09-29T21:43:24.295432+00:00,home,2.5,1.63,4.13
401862788,2026,5,Rice Owls,UTSA Roadrunners,2026-10-03T23:00:00Z,2026-09-29T21:43:24.295432+00:00,home,11.5,-5.86,5.64
401871089,2026,5,South Alabama Jaguars,UL Monroe Warhawks,2026-10-03T23:00:00Z,2026-09-29T21:43:24.295432+00:00,home,-14.0,16.16,2.16
401869842,2026,5,Louisiana Tech Bulldogs,Army Black Knights,2026-10-03T23:30:00Z,2026-09-29T21:43:24.295432+00:00,home,2.5,16.45,18.95
401860898,2026,5,Boise State Broncos,Utah State Aggies,2026-10-03T23:30:00Z,2026-09-29T21:43:24.295432+00:00,away,-20.5,10.4,-10.1
401858249,2026,5,Clemson Tigers,Miami Hurricanes,2026-10-03T23:30:00Z,2026-09-29T21:43:24.295432+00:00,home,16.5,-13.9,2.5999999999999996
401862792,2026,5,South Florida Bulls,Temple Owls,2026-10-03T23:30:00Z,2026-09-29T21:43:24.295432+00:00,home,-6.5,15.93,9.43
401858478,2026,5,USC Trojans,Washington Huskies,2026-10-03T23:30:00Z,2026-09-29T21:43:24.295432+00:00,away,-9.5,-17.06,-26.56
401858477,2026,5,Rutgers Scarlet Knights,Indiana Hoosiers,2026-10-04T00:00:00Z,2026-09-29T21:43:24.295432+00:00,away,24.5,-27.9,-3.3999999999999986
401860921,2026,5,Washington State Cougars,Fresno State Bulldogs,2026-10-04T01:30:00Z,2026-09-29T21:43:24.295432+00:00,home,-2.5,7.3,4.8
401856817,2026,5,Arizona State Sun Devils,Baylor Bears,2026-10-04T02:30:00Z,2026-09-29T21:43:24.295432+00:00,home,-4.0,14.69,10.69
401860900,2026,5,San Diego State Aztecs,Texas State Bobcats,2026-10-04T02:30:00Z,2026-09-29T21:43:24.295432+00:00,home,4.5,-2.3,2.2
401856820,2026,5,Arizona Wildcats,Cincinnati Bearcats,2026-10-04T03:00:00Z,2026-09-29T21:43:24.295432+00:00,away,-7.0,-3.28,-10.28
401864513,2026,5,Hawaii Rainbow Warriors,San Jose State Spartans,2026-10-04T03:59:00Z,2026-09-29T21:43:24.295432+00:00,away,-3.0,-2.15,-5.15
401856717,2026,6,Oklahoma Sooners,Texas Longhorns,2026-10-10T19:30:00Z,2026-09-29T21:43:24.295432+00:00,home,9.5,1.38,10.879999999999999
401858484,2026,6,Oregon Ducks,UCLA Bruins,2026-10-10T19:30:00Z,2026-09-29T21:43:24.295432+00:00,home,-12.5,26.3,13.8
401871049,2026,5,New Mexico State Aggies,Western Kentucky Hilltoppers,2026-10-02T00:00:00Z,2026-09-30T17:38:29.039278+00:00,away,-2.5,-1.01,-3.51
401862786,2026,5,Tulsa Golden Hurricane,North Texas Mean Green,2026-10-02T01:00:00Z,2026-09-30T17:38:29.039278+00:00,away,-1.5,-11.9,-13.4
401871050,2026,5,Delaware Blue Hens,Liberty Flames,2026-10-02T23:00:00Z,2026-09-30T17:38:29.039278+00:00,home,7.0,2.15,9.15
401858245,2026,5,Virginia Tech Hokies,Pittsburgh Panthers,2026-10-02T23:00:00Z,2026-09-30T17:38:29.039278+00:00,away,-3.0,-3.92,-6.92
401856707,2026,5,Mississippi State Bulldogs,Alabama Crimson Tide,2026-10-03T16:00:00Z,2026-09-30T17:38:29.039278+00:00,home,6.0,-2.67,3.33
401856819,2026,5,Houston Cougars,UCF Knights,2026-10-03T16:00:00Z,2026-09-30T17:38:29.039278+00:00,away,-11.5,-0.07,-11.57
401856822,2026,5,Iowa State Cyclones,West Virginia Mountaineers,2026-10-03T16:00:00Z,2026-09-30T17:38:29.039278+00:00,home,-3.5,13.56,10.06
401858474,2026,5,Minnesota Golden Gophers,Michigan Wolverines,2026-10-03T16:00:00Z,2026-09-30T17:38:29.039278+00:00,home,5.5,8.12,13.62
401858250,2026,5,North Carolina Tar Heels,Notre Dame Fighting Irish,2026-10-03T16:00:00Z,2026-09-30T17:38:29.039278+00:00,home,21.0,-13.35,7.65
401858251,2026,5,Wake Forest Demon Deacons,Stanford Cardinal,2026-10-03T16:00:00Z,2026-09-30T17:38:29.039278+00:00,home,-12.5,18.86,6.359999999999999
401858252,2026,5,UConn Huskies,Syracuse Orange,2026-10-03T16:00:00Z,2026-09-30T17:38:29.039278+00:00,home,6.5,1.39,7.89
401866432,2026,5,Buffalo Bulls,Western Michigan Broncos,2026-10-03T17:00:00Z,2026-09-30T17:38:29.039278+00:00,home,13.5,-10.31,3.1899999999999995
401866431,2026,5,Ball State Cardinals,Toledo Rockets,2026-10-03T18:00:00Z,2026-09-30T17:38:29.039278+00:00,away,19.5,-22.48,-2.9800000000000004
401866430,2026,5,Central Michigan Chippewas,Akron Zips,2026-10-03T19:30:00Z,2026-09-30T17:38:29.039278+00:00,away,-6.5,2.63,-3.87
401856710,2026,5,Tennessee Volunteers,Auburn Tigers,2026-10-03T19:30:00Z,2026-09-30T17:38:29.039278+00:00,home,-7.0,10.62,3.619999999999999
401866477,2026,5,Miami (OH) RedHawks,Bowling Green Falcons,2026-10-03T19:30:00Z,2026-09-30T17:38:29.039278+00:00,away,-13.5,10.75,-2.75
401858247,2026,5,UNLV Rebels,California Golden Bears,2026-10-03T19:30:00Z,2026-09-30T17:38:29.039278+00:00,home,-2.5,6.63,4.13
401862787,2026,5,Charlotte 49ers,Memphis Tigers,2026-10-03T19:30:00Z,2026-09-30T17:38:29.039278+00:00,home,20.5,-8.57,11.93
401856708,2026,5,Missouri Tigers,Florida Gators,2026-10-03T19:30:00Z,2026-09-30T17:38:29.039278+00:00,home,5.5,-1.19,4.3100000000000005
401858253,2026,5,Florida State Seminoles,Virginia Cavaliers,2026-10-03T19:30:00Z,2026-09-30T17:38:29.039278+00:00,away,2.5,-6.05,-3.55
401869956,2026,5,Georgia State Panthers,Old Dominion Monarchs,2026-10-03T19:30:00Z,2026-09-30T17:38:29.039278+00:00,away,-2.5,-2.92,-5.42
401858473,2026,5,Iowa Hawkeyes,Ohio State Buckeyes,2026-10-03T19:30:00Z,2026-09-30T17:38:29.039278+00:00,home,14.0,1.42,15.42
401869962,2026,5,James Madison Dukes,Marshall Thundering Herd,2026-10-03T19:45:00Z,2026-09-30T17:38:29.039278+00:00,home,-18.5,31.24,12.739999999999998
401858475,2026,5,Nebraska Cornhuskers,Maryland Terrapins,2026-10-03T20:00:00Z,2026-09-30T17:38:29.039278+00:00,away,-14.5,11.62,-2.880000000000001
401864514,2026,5,New Mexico Lobos,UTEP Miners,2026-10-03T20:00:00Z,2026-09-30T17:38:29.039278+00:00,away,-22.5,12.51,-9.99
401858472,2026,5,Illinois Fighting Illini,Purdue Boilermakers,2026-10-03T20:15:00Z,2026-09-30T17:38:29.039278+00:00,home,-10.0,19.17,9.170000000000002
401856709,2026,5,South Carolina Gamecocks,Kentucky Wildcats,2026-10-03T20:15:00Z,2026-09-30T17:38:29.039278+00:00,home,-3.0,5.04,2.04
401860899,2026,5,Colorado State Rams,Oregon State Beavers,2026-10-03T22:00:00Z,2026-09-30T17:38:29.039278+00:00,home,6.0,4.71,10.71
401856711,2026,5,Texas A&M Aggies,Arkansas Razorbacks,2026-10-03T23:00:00Z,2026-09-30T17:38:29.039278+00:00,away,-14.0,11.99,-2.01
401869942,2026,5,Coastal Carolina Chanticleers,Georgia Southern Eagles,2026-10-03T23:00:00Z,2026-09-30T17:38:29.039278+00:00,home,2.5,3.13,5.63
401862788,2026,5,Rice Owls,UTSA Roadrunners,2026-10-03T23:00:00Z,2026-09-30T17:38:29.039278+00:00,home,11.5,-5.86,5.64
401871089,2026,5,South Alabama Jaguars,UL Monroe Warhawks,2026-10-03T23:00:00Z,2026-09-30T17:38:29.039278+00:00,home,-14.0,16.16,2.16
401869842,2026,5,Louisiana Tech Bulldogs,Army Black Knights,2026-10-03T23:30:00Z,2026-09-30T17:38:29.039278+00:00,home,2.5,14.85,17.35
401860898,2026,5,Boise State Broncos,Utah State Aggies,2026-10-03T23:30:00Z,2026-09-30T17:38:29.039278+00:00,away,-20.5,10.34,-10.16
401858249,2026,5,Clemson Tigers,Miami Hurricanes,2026-10-03T23:30:00Z,2026-09-30T17:38:29.039278+00:00,home,16.5,-10.3,6.199999999999999
401862792,2026,5,South Florida Bulls,Temple Owls,2026-10-03T23:30:00Z,2026-09-30T17:38:29.039278+00:00,home,-6.5,15.93,9.43
401858478,2026,5,USC Trojans,Washington Huskies,2026-10-03T23:30:00Z,2026-09-30T17:38:29.039278+00:00,away,-9.5,-17.06,-26.56
401858477,2026,5,Rutgers Scarlet Knights,Indiana Hoosiers,2026-10-04T00:00:00Z,2026-09-30T17:38:29.039278+00:00,away,24.5,-27.9,-3.3999999999999986
401860921,2026,5,Washington State Cougars,Fresno State Bulldogs,2026-10-04T01:30:00Z,2026-09-30T17:38:29.039278+00:00,home,-2.5,6.91,4.41
401856817,2026,5,Arizona State Sun Devils,Baylor Bears,2026-10-04T02:30:00Z,2026-09-30T17:38:29.039278+00:00,home,-4.0,14.69,10.69
401860900,2026,5,San Diego State Aztecs,Texas State Bobcats,2026-10-04T02:30:00Z,2026-09-30T17:38:29.039278+00:00,home,4.5,-2.14,2.36
401856820,2026,5,Arizona Wildcats,Cincinnati Bearcats,2026-10-04T03:00:00Z,2026-09-30T17:38:29.039278+00:00,away,-7.0,-3.86,-10.86
401864513,2026,5,Hawaii Rainbow Warriors,San Jose State Spartans,2026-10-04T03:59:00Z,2026-09-30T17:38:29.039278+00:00,away,-3.0,-3.59,-6.59
401871051,2026,6,Kennesaw State Owls,Jacksonville State Gamecocks,2026-10-07T23:00:00Z,2026-09-30T17:38:29.039278+00:00,home,2.5,4.09,6.59
401856717,2026,6,Oklahoma Sooners,Texas Longhorns,2026-10-10T19:30:00Z,2026-09-30T17:38:29.039278+00:00,home,9.5,1.38,10.879999999999999
401858484,2026,6,Oregon Ducks,UCLA Bruins,2026-10-10T19:30:00Z,2026-09-30T17:38:29.039278+00:00,home,-12.5,26.3,13.8
401871049,2026,5,New Mexico State Aggies,Western Kentucky Hilltoppers,2026-10-02T00:00:00Z,2026-10-01T15:15:31.879884+00:00,away,-2.5,-1.01,-3.51
401862786,2026,5,Tulsa Golden Hurricane,North Texas Mean Green,2026-10-02T01:00:00Z,2026-10-01T15:15:31.879884+00:00,away,1.5,-10.0,-8.5
401871050,2026,5,Delaware Blue Hens,Liberty Flames,2026-10-02T23:00:00Z,2026-10-01T15:15:31.879884+00:00,home,7.5,2.24,9.74
401858245,2026,5,Virginia Tech Hokies,Pittsburgh Panthers,2026-10-02T23:00:00Z,2026-10-01T15:15:31.879884+00:00,away,-3.0,-2.4,-5.4
401856707,2026,5,Mississippi State Bulldogs,Alabama Crimson Tide,2026-10-03T16:00:00Z,2026-10-01T15:15:31.879884+00:00,home,5.5,-2.67,2.83
401856819,2026,5,Houston Cougars,UCF Knights,2026-10-03T16:00:00Z,2026-10-01T15:15:31.879884+00:00,away,-11.5,-0.07,-11.57
401856822,2026,5,Iowa State Cyclones,West Virginia Mountaineers,2026-10-03T16:00:00Z,2026-10-01T15:15:31.879884+00:00,home,-3.0,13.56,10.56
401858474,2026,5,Minnesota Golden Gophers,Michigan Wolverines,2026-10-03T16:00:00Z,2026-10-01T15:15:31.879884+00:00,home,5.5,5.12,10.620000000000001
401858250,2026,5,North Carolina Tar Heels,Notre Dame Fighting Irish,2026-10-03T16:00:00Z,2026-10-01T15:15:31.879884+00:00,home,21.0,-13.65,7.35
401858251,2026,5,Wake Forest Demon Deacons,Stanford Cardinal,2026-10-03T16:00:00Z,2026-10-01T15:15:31.879884+00:00,home,-13.5,18.62,5.120000000000001
401858252,2026,5,UConn Huskies,Syracuse Orange,2026-10-03T16:00:00Z,2026-10-01T15:15:31.879884+00:00,home,6.5,5.25,11.75
401856705,2026,5,Georgia Bulldogs,Vanderbilt Commodores,2026-10-03T16:45:00Z,2026-10-01T15:15:31.879884+00:00,away,-25.5,23.3,-2.1999999999999993
401866432,2026,5,Buffalo Bulls,Western Michigan Broncos,2026-10-03T17:00:00Z,2026-10-01T15:15:31.879884+00:00,home,14.0,-10.31,3.6899999999999995
401866431,2026,5,Ball State Cardinals,Toledo Rockets,2026-10-03T18:00:00Z,2026-10-01T15:15:31.879884+00:00,away,19.5,-22.89,-3.3900000000000006
401866430,2026,5,Central Michigan Chippewas,Akron Zips,2026-10-03T19:30:00Z,2026-10-01T15:15:31.879884+00:00,away,-6.5,3.39,-3.11
401856710,2026,5,Tennessee Volunteers,Auburn Tigers,2026-10-03T19:30:00Z,2026-10-01T15:15:31.879884+00:00,home,-7.0,10.46,3.460000000000001
401858247,2026,5,UNLV Rebels,California Golden Bears,2026-10-03T19:30:00Z,2026-10-01T15:15:31.879884+00:00,home,-2.5,5.83,3.33
401862787,2026,5,Charlotte 49ers,Memphis Tigers,2026-10-03T19:30:00Z,2026-10-01T15:15:31.879884+00:00,home,20.5,-6.91,13.59
401856708,2026,5,Missouri Tigers,Florida Gators,2026-10-03T19:30:00Z,2026-10-01T15:15:31.879884+00:00,home,5.5,-1.19,4.3100000000000005
401858253,2026,5,Florida State Seminoles,Virginia Cavaliers,2026-10-03T19:30:00Z,2026-10-01T15:15:31.879884+00:00,away,2.5,-6.05,-3.55
401858473,2026,5,Iowa Hawkeyes,Ohio State Buckeyes,2026-10-03T19:30:00Z,2026-10-01T15:15:31.879884+00:00,home,14.5,1.01,15.51
401869962,2026,5,James Madison Dukes,Marshall Thundering Herd,2026-10-03T19:45:00Z,2026-10-01T15:15:31.879884+00:00,home,-18.5,32.71,14.21
401858475,2026,5,Nebraska Cornhuskers,Maryland Terrapins,2026-10-03T20:00:00Z,2026-10-01T15:15:31.879884+00:00,away,-14.5,7.8,-6.7
401864514,2026,5,New Mexico Lobos,UTEP Miners,2026-10-03T20:00:00Z,2026-10-01T15:15:31.879884+00:00,away,-22.5,12.36,-10.14
401858472,2026,5,Illinois Fighting Illini,Purdue Boilermakers,2026-10-03T20:15:00Z,2026-10-01T15:15:31.879884+00:00,home,-10.0,15.32,5.32
401856709,2026,5,South Carolina Gamecocks,Kentucky Wildcats,2026-10-03T20:15:00Z,2026-10-01T15:15:31.879884+00:00,home,-3.0,5.04,2.04
401860899,2026,5,Colorado State Rams,Oregon State Beavers,2026-10-03T22:00:00Z,2026-10-01T15:15:31.879884+00:00,home,6.0,4.71,10.71
401869942,2026,5,Coastal Carolina Chanticleers,Georgia Southern Eagles,2026-10-03T23:00:00Z,2026-10-01T15:15:31.879884+00:00,home,2.5,1.47,3.9699999999999998
401862788,2026,5,Rice Owls,UTSA Roadrunners,2026-10-03T23:00:00Z,2026-10-01T15:15:31.879884+00:00,home,11.5,-5.86,5.64
401871089,2026,5,South Alabama Jaguars,UL Monroe Warhawks,2026-10-03T23:00:00Z,2026-10-01T15:15:31.879884+00:00,home,-14.0,16.16,2.16
401869842,2026,5,Louisiana Tech Bulldogs,Army Black Knights,2026-10-03T23:30:00Z,2026-10-01T15:15:31.879884+00:00,home,2.5,15.68,18.18
401860898,2026,5,Boise State Broncos,Utah State Aggies,2026-10-03T23:30:00Z,2026-10-01T15:15:31.879884+00:00,away,-20.5,10.34,-10.16
401858249,2026,5,Clemson Tigers,Miami Hurricanes,2026-10-03T23:30:00Z,2026-10-01T15:15:31.879884+00:00,home,16.5,-10.3,6.199999999999999
401862792,2026,5,South Florida Bulls,Temple Owls,2026-10-03T23:30:00Z,2026-10-01T15:15:31.879884+00:00,home,-6.5,15.93,9.43
401858478,2026,5,USC Trojans,Washington Huskies,2026-10-03T23:30:00Z,2026-10-01T15:15:31.879884+00:00,away,-9.5,-12.32,-21.82
401858477,2026,5,Rutgers Scarlet Knights,Indiana Hoosiers,2026-10-04T00:00:00Z,2026-10-01T15:15:31.879884+00:00,away,23.5,-27.9,-4.399999999999999
401860921,2026,5,Washington State Cougars,Fresno State Bulldogs,2026-10-04T01:30:00Z,2026-10-01T15:15:31.879884+00:00,home,-1.5,7.27,5.77
401856817,2026,5,Arizona State Sun Devils,Baylor Bears,2026-10-04T02:30:00Z,2026-10-01T15:15:31.879884+00:00,home,-4.0,14.69,10.69
401860900,2026,5,San Diego State Aztecs,Texas State Bobcats,2026-10-04T02:30:00Z,2026-10-01T15:15:31.879884+00:00,home,7.5,-2.14,5.359999999999999
401856820,2026,5,Arizona Wildcats,Cincinnati Bearcats,2026-10-04T03:00:00Z,2026-10-01T15:15:31.879884+00:00,away,-6.5,-3.86,-10.36
401864513,2026,5,Hawaii Rainbow Warriors,San Jose State Spartans,2026-10-04T03:59:00Z,2026-10-01T15:15:31.879884+00:00,away,-3.0,-3.59,-6.59
401871051,2026,6,Kennesaw State Owls,Jacksonville State Gamecocks,2026-10-07T23:00:00Z,2026-10-01T15:15:31.879884+00:00,home,2.5,4.1,6.6
401856826,2026,6,BYU Cougars,Iowa State Cyclones,2026-10-10T02:15:00Z,2026-10-01T15:15:31.879884+00:00,away,-14.5,7.56,-6.94
401858481,2026,6,Nebraska Cornhuskers,Indiana Hoosiers,2026-10-10T16:00:00Z,2026-10-01T15:15:31.879884+00:00,away,9.5,-13.54,-4.039999999999999
401858485,2026,6,Penn State Nittany Lions,USC Trojans,2026-10-10T16:00:00Z,2026-10-01T15:15:31.879884+00:00,home,-1.5,4.42,2.92
401856714,2026,6,Florida Gators,South Carolina Gamecocks,2026-10-10T17:00:00Z,2026-10-01T15:15:31.879884+00:00,away,-14.5,2.06,-12.44
401856716,2026,6,Missouri Tigers,Texas A&M Aggies,2026-10-10T17:00:00Z,2026-10-01T15:15:31.879884+00:00,away,-1.5,-0.5,-2.0
401856717,2026,6,Oklahoma Sooners,Texas Longhorns,2026-10-10T19:30:00Z,2026-10-01T15:15:31.879884+00:00,home,9.5,1.38,10.879999999999999
401858484,2026,6,Oregon Ducks,UCLA Bruins,2026-10-10T19:30:00Z,2026-10-01T15:15:31.879884+00:00,home,-12.5,26.3,13.8
401856715,2026,6,Kentucky Wildcats,LSU Tigers,2026-10-10T23:00:00Z,2026-10-01T15:15:31.879884+00:00,home,10.5,-1.94,8.56
401871049,2026,5,New Mexico State Aggies,Western Kentucky Hilltoppers,2026-10-02T00:00:00Z,2026-10-01T15:55:25.609352+00:00,away,-2.5,-1.01,-3.51
401862786,2026,5,Tulsa Golden Hurricane,North Texas Mean Green,2026-10-02T01:00:00Z,2026-10-01T15:55:25.609352+00:00,away,1.5,-10.0,-8.5
401871050,2026,5,Delaware Blue Hens,Liberty Flames,2026-10-02T23:00:00Z,2026-10-01T15:55:25.609352+00:00,home,7.5,2.24,9.74
401858245,2026,5,Virginia Tech Hokies,Pittsburgh Panthers,2026-10-02T23:00:00Z,2026-10-01T15:55:25.609352+00:00,away,-3.0,-2.4,-5.4
401856707,2026,5,Mississippi State Bulldogs,Alabama Crimson Tide,2026-10-03T16:00:00Z,2026-10-01T15:55:25.609352+00:00,home,5.5,-2.67,2.83
401856819,2026,5,Houston Cougars,UCF Knights,2026-10-03T16:00:00Z,2026-10-01T15:55:25.609352+00:00,away,-11.5,-0.07,-11.57
401856822,2026,5,Iowa State Cyclones,West Virginia Mountaineers,2026-10-03T16:00:00Z,2026-10-01T15:55:25.609352+00:00,home,-3.0,13.56,10.56
401858474,2026,5,Minnesota Golden Gophers,Michigan Wolverines,2026-10-03T16:00:00Z,2026-10-01T15:55:25.609352+00:00,home,5.5,5.12,10.620000000000001
401858250,2026,5,North Carolina Tar Heels,Notre Dame Fighting Irish,2026-10-03T16:00:00Z,2026-10-01T15:55:25.609352+00:00,home,21.0,-13.65,7.35
401858251,2026,5,Wake Forest Demon Deacons,Stanford Cardinal,2026-10-03T16:00:00Z,2026-10-01T15:55:25.609352+00:00,home,-13.5,18.62,5.120000000000001
401858252,2026,5,UConn Huskies,Syracuse Orange,2026-10-03T16:00:00Z,2026-10-01T15:55:25.609352+00:00,home,6.5,5.25,11.75
401856705,2026,5,Georgia Bulldogs,Vanderbilt Commodores,2026-10-03T16:45:00Z,2026-10-01T15:55:25.609352+00:00,away,-25.5,23.3,-2.1999999999999993
401866432,2026,5,Buffalo Bulls,Western Michigan Broncos,2026-10-03T17:00:00Z,2026-10-01T15:55:25.609352+00:00,home,14.0,-10.31,3.6899999999999995
401866431,2026,5,Ball State Cardinals,Toledo Rockets,2026-10-03T18:00:00Z,2026-10-01T15:55:25.609352+00:00,away,20.5,-22.89,-2.3900000000000006
401866430,2026,5,Central Michigan Chippewas,Akron Zips,2026-10-03T19:30:00Z,2026-10-01T15:55:25.609352+00:00,away,-6.5,3.39,-3.11
401856710,2026,5,Tennessee Volunteers,Auburn Tigers,2026-10-03T19:30:00Z,2026-10-01T15:55:25.609352+00:00,home,-7.0,10.46,3.460000000000001
401858247,2026,5,UNLV Rebels,California Golden Bears,2026-10-03T19:30:00Z,2026-10-01T15:55:25.609352+00:00,home,-2.5,5.83,3.33
401862787,2026,5,Charlotte 49ers,Memphis Tigers,2026-10-03T19:30:00Z,2026-10-01T15:55:25.609352+00:00,home,20.5,-6.91,13.59
401856708,2026,5,Missouri Tigers,Florida Gators,2026-10-03T19:30:00Z,2026-10-01T15:55:25.609352+00:00,home,5.5,-1.19,4.3100000000000005
401858253,2026,5,Florida State Seminoles,Virginia Cavaliers,2026-10-03T19:30:00Z,2026-10-01T15:55:25.609352+00:00,away,2.5,-6.05,-3.55
401858473,2026,5,Iowa Hawkeyes,Ohio State Buckeyes,2026-10-03T19:30:00Z,2026-10-01T15:55:25.609352+00:00,home,14.5,1.01,15.51
401869962,2026,5,James Madison Dukes,Marshall Thundering Herd,2026-10-03T19:45:00Z,2026-10-01T15:55:25.609352+00:00,home,-18.5,32.71,14.21
401858475,2026,5,Nebraska Cornhuskers,Maryland Terrapins,2026-10-03T20:00:00Z,2026-10-01T15:55:25.609352+00:00,away,-14.5,7.8,-6.7
401864514,2026,5,New Mexico Lobos,UTEP Miners,2026-10-03T20:00:00Z,2026-10-01T15:55:25.609352+00:00,away,-22.5,12.36,-10.14
401858472,2026,5,Illinois Fighting Illini,Purdue Boilermakers,2026-10-03T20:15:00Z,2026-10-01T15:55:25.609352+00:00,home,-10.0,15.32,5.32
401856709,2026,5,South Carolina Gamecocks,Kentucky Wildcats,2026-10-03T20:15:00Z,2026-10-01T15:55:25.609352+00:00,home,-3.0,5.04,2.04
401860899,2026,5,Colorado State Rams,Oregon State Beavers,2026-10-03T22:00:00Z,2026-10-01T15:55:25.609352+00:00,home,6.0,4.71,10.71
401869942,2026,5,Coastal Carolina Chanticleers,Georgia Southern Eagles,2026-10-03T23:00:00Z,2026-10-01T15:55:25.609352+00:00,home,2.5,1.47,3.9699999999999998
401862788,2026,5,Rice Owls,UTSA Roadrunners,2026-10-03T23:00:00Z,2026-10-01T15:55:25.609352+00:00,home,11.5,-5.86,5.64
401871089,2026,5,South Alabama Jaguars,UL Monroe Warhawks,2026-10-03T23:00:00Z,2026-10-01T15:55:25.609352+00:00,home,-14.0,16.16,2.16
401869842,2026,5,Louisiana Tech Bulldogs,Army Black Knights,2026-10-03T23:30:00Z,2026-10-01T15:55:25.609352+00:00,home,2.5,15.68,18.18
401860898,2026,5,Boise State Broncos,Utah State Aggies,2026-10-03T23:30:00Z,2026-10-01T15:55:25.609352+00:00,away,-20.5,10.34,-10.16
401858249,2026,5,Clemson Tigers,Miami Hurricanes,2026-10-03T23:30:00Z,2026-10-01T15:55:25.609352+00:00,home,16.5,-10.3,6.199999999999999
401862792,2026,5,South Florida Bulls,Temple Owls,2026-10-03T23:30:00Z,2026-10-01T15:55:25.609352+00:00,home,-6.5,15.93,9.43
401858478,2026,5,USC Trojans,Washington Huskies,2026-10-03T23:30:00Z,2026-10-01T15:55:25.609352+00:00,away,-9.5,-12.32,-21.82
401858477,2026,5,Rutgers Scarlet Knights,Indiana Hoosiers,2026-10-04T00:00:00Z,2026-10-01T15:55:25.609352+00:00,away,23.5,-27.9,-4.399999999999999
401860921,2026,5,Washington State Cougars,Fresno State Bulldogs,2026-10-04T01:30:00Z,2026-10-01T15:55:25.609352+00:00,home,-1.5,7.27,5.77
401856817,2026,5,Arizona State Sun Devils,Baylor Bears,2026-10-04T02:30:00Z,2026-10-01T15:55:25.609352+00:00,home,-3.5,14.69,11.19
401860900,2026,5,San Diego State Aztecs,Texas State Bobcats,2026-10-04T02:30:00Z,2026-10-01T15:55:25.609352+00:00,home,7.5,-2.14,5.359999999999999
401856820,2026,5,Arizona Wildcats,Cincinnati Bearcats,2026-10-04T03:00:00Z,2026-10-01T15:55:25.609352+00:00,away,-6.5,-3.86,-10.36
401864513,2026,5,Hawaii Rainbow Warriors,San Jose State Spartans,2026-10-04T03:59:00Z,2026-10-01T15:55:25.609352+00:00,away,-3.0,-3.59,-6.59
401871051,2026,6,Kennesaw State Owls,Jacksonville State Gamecocks,2026-10-07T23:00:00Z,2026-10-01T15:55:25.609352+00:00,home,2.5,4.1,6.6
401856826,2026,6,BYU Cougars,Iowa State Cyclones,2026-10-10T02:15:00Z,2026-10-01T15:55:25.609352+00:00,away,-14.5,7.56,-6.94
401858481,2026,6,Nebraska Cornhuskers,Indiana Hoosiers,2026-10-10T16:00:00Z,2026-10-01T15:55:25.609352+00:00,away,9.5,-13.54,-4.039999999999999
401858485,2026,6,Penn State Nittany Lions,USC Trojans,2026-10-10T16:00:00Z,2026-10-01T15:55:25.609352+00:00,home,-1.5,4.42,2.92
401856714,2026,6,Florida Gators,South Carolina Gamecocks,2026-10-10T17:00:00Z,2026-10-01T15:55:25.609352+00:00,away,-14.5,2.06,-12.44
401856716,2026,6,Missouri Tigers,Texas A&M Aggies,2026-10-10T17:00:00Z,2026-10-01T15:55:25.609352+00:00,away,-1.5,-0.5,-2.0
401856717,2026,6,Oklahoma Sooners,Texas Longhorns,2026-10-10T19:30:00Z,2026-10-01T15:55:25.609352+00:00,home,9.5,1.38,10.879999999999999
401858484,2026,6,Oregon Ducks,UCLA Bruins,2026-10-10T19:30:00Z,2026-10-01T15:55:25.609352+00:00,home,-12.5,26.3,13.8
401856715,2026,6,Kentucky Wildcats,LSU Tigers,2026-10-10T23:00:00Z,2026-10-01T15:55:25.609352+00:00,home,10.5,-1.94,8.56
401871049,2026,5,New Mexico State Aggies,Western Kentucky Hilltoppers,2026-10-02T00:00:00Z,2026-10-01T17:41:53.602005+00:00,away,-2.5,-1.01,-3.51
401862786,2026,5,Tulsa Golden Hurricane,North Texas Mean Green,2026-10-02T01:00:00Z,2026-10-01T17:41:53.602005+00:00,away,1.5,-10.0,-8.5
401871050,2026,5,Delaware Blue Hens,Liberty Flames,2026-10-02T23:00:00Z,2026-10-01T17:41:53.602005+00:00,home,7.0,2.24,9.24
401858245,2026,5,Virginia Tech Hokies,Pittsburgh Panthers,2026-10-02T23:00:00Z,2026-10-01T17:41:53.602005+00:00,away,-2.5,-2.4,-4.9
401856707,2026,5,Mississippi State Bulldogs,Alabama Crimson Tide,2026-10-03T16:00:00Z,2026-10-01T17:41:53.602005+00:00,home,5.5,-2.67,2.83
401856819,2026,5,Houston Cougars,UCF Knights,2026-10-03T16:00:00Z,2026-10-01T17:41:53.602005+00:00,away,-11.5,-0.07,-11.57
401856822,2026,5,Iowa State Cyclones,West Virginia Mountaineers,2026-10-03T16:00:00Z,2026-10-01T17:41:53.602005+00:00,home,-3.0,13.56,10.56
401856807,2026,5,Kansas Jayhawks,Middle Tennessee Blue Raiders,2026-10-03T16:00:00Z,2026-10-01T17:41:53.602005+00:00,away,-19.5,16.89,-2.6099999999999994
401858474,2026,5,Minnesota Golden Gophers,Michigan Wolverines,2026-10-03T16:00:00Z,2026-10-01T17:41:53.602005+00:00,home,5.5,5.12,10.620000000000001
401858250,2026,5,North Carolina Tar Heels,Notre Dame Fighting Irish,2026-10-03T16:00:00Z,2026-10-01T17:41:53.602005+00:00,home,21.5,-13.65,7.85
401858251,2026,5,Wake Forest Demon Deacons,Stanford Cardinal,2026-10-03T16:00:00Z,2026-10-01T17:41:53.602005+00:00,home,-13.5,18.62,5.120000000000001
401858252,2026,5,UConn Huskies,Syracuse Orange,2026-10-03T16:00:00Z,2026-10-01T17:41:53.602005+00:00,home,6.5,5.25,11.75
401856705,2026,5,Georgia Bulldogs,Vanderbilt Commodores,2026-10-03T16:45:00Z,2026-10-01T17:41:53.602005+00:00,away,-25.5,23.3,-2.1999999999999993
401866432,2026,5,Buffalo Bulls,Western Michigan Broncos,2026-10-03T17:00:00Z,2026-10-01T17:41:53.602005+00:00,home,14.0,-10.31,3.6899999999999995
401866431,2026,5,Ball State Cardinals,Toledo Rockets,2026-10-03T18:00:00Z,2026-10-01T17:41:53.602005+00:00,away,20.5,-22.89,-2.3900000000000006
401866430,2026,5,Central Michigan Chippewas,Akron Zips,2026-10-03T19:30:00Z,2026-10-01T17:41:53.602005+00:00,away,-6.5,3.39,-3.11
401856710,2026,5,Tennessee Volunteers,Auburn Tigers,2026-10-03T19:30:00Z,2026-10-01T17:41:53.602005+00:00,home,-7.0,10.46,3.460000000000001
401858247,2026,5,UNLV Rebels,California Golden Bears,2026-10-03T19:30:00Z,2026-10-01T17:41:53.602005+00:00,home,-2.5,5.83,3.33
401862787,2026,5,Charlotte 49ers,Memphis Tigers,2026-10-03T19:30:00Z,2026-10-01T17:41:53.602005+00:00,home,20.5,-6.91,13.59
401856708,2026,5,Missouri Tigers,Florida Gators,2026-10-03T19:30:00Z,2026-10-01T17:41:53.602005+00:00,home,5.5,-1.19,4.3100000000000005
401858253,2026,5,Florida State Seminoles,Virginia Cavaliers,2026-10-03T19:30:00Z,2026-10-01T17:41:53.602005+00:00,away,2.5,-6.05,-3.55
401858473,2026,5,Iowa Hawkeyes,Ohio State Buckeyes,2026-10-03T19:30:00Z,2026-10-01T17:41:53.602005+00:00,home,14.5,1.01,15.51
401869962,2026,5,James Madison Dukes,Marshall Thundering Herd,2026-10-03T19:45:00Z,2026-10-01T17:41:53.602005+00:00,home,-18.5,32.71,14.21
401858475,2026,5,Nebraska Cornhuskers,Maryland Terrapins,2026-10-03T20:00:00Z,2026-10-01T17:41:53.602005+00:00,away,-14.5,7.8,-6.7
401864514,2026,5,New Mexico Lobos,UTEP Miners,2026-10-03T20:00:00Z,2026-10-01T17:41:53.602005+00:00,away,-22.5,12.36,-10.14
401858472,2026,5,Illinois Fighting Illini,Purdue Boilermakers,2026-10-03T20:15:00Z,2026-10-01T17:41:53.602005+00:00,home,-10.0,15.32,5.32
401856709,2026,5,South Carolina Gamecocks,Kentucky Wildcats,2026-10-03T20:15:00Z,2026-10-01T17:41:53.602005+00:00,home,-3.0,5.04,2.04
401860899,2026,5,Colorado State Rams,Oregon State Beavers,2026-10-03T22:00:00Z,2026-10-01T17:41:53.602005+00:00,home,6.0,4.71,10.71
401869942,2026,5,Coastal Carolina Chanticleers,Georgia Southern Eagles,2026-10-03T23:00:00Z,2026-10-01T17:41:53.602005+00:00,home,1.5,1.47,2.9699999999999998
401862788,2026,5,Rice Owls,UTSA Roadrunners,2026-10-03T23:00:00Z,2026-10-01T17:41:53.602005+00:00,home,11.5,-5.86,5.64
401871089,2026,5,South Alabama Jaguars,UL Monroe Warhawks,2026-10-03T23:00:00Z,2026-10-01T17:41:53.602005+00:00,home,-14.0,16.16,2.16
401869842,2026,5,Louisiana Tech Bulldogs,Army Black Knights,2026-10-03T23:30:00Z,2026-10-01T17:41:53.602005+00:00,home,1.5,15.68,17.18
401860898,2026,5,Boise State Broncos,Utah State Aggies,2026-10-03T23:30:00Z,2026-10-01T17:41:53.602005+00:00,away,-20.5,10.34,-10.16
401858249,2026,5,Clemson Tigers,Miami Hurricanes,2026-10-03T23:30:00Z,2026-10-01T17:41:53.602005+00:00,home,16.5,-10.3,6.199999999999999
401862792,2026,5,South Florida Bulls,Temple Owls,2026-10-03T23:30:00Z,2026-10-01T17:41:53.602005+00:00,home,-6.5,15.93,9.43
401858478,2026,5,USC Trojans,Washington Huskies,2026-10-03T23:30:00Z,2026-10-01T17:41:53.602005+00:00,away,-9.5,-12.32,-21.82
401858477,2026,5,Rutgers Scarlet Knights,Indiana Hoosiers,2026-10-04T00:00:00Z,2026-10-01T17:41:53.602005+00:00,away,24.5,-27.9,-3.3999999999999986
401860921,2026,5,Washington State Cougars,Fresno State Bulldogs,2026-10-04T01:30:00Z,2026-10-01T17:41:53.602005+00:00,home,-1.5,7.27,5.77
401856817,2026,5,Arizona State Sun Devils,Baylor Bears,2026-10-04T02:30:00Z,2026-10-01T17:41:53.602005+00:00,home,-3.5,14.69,11.19
401860900,2026,5,San Diego State Aztecs,Texas State Bobcats,2026-10-04T02:30:00Z,2026-10-01T17:41:53.602005+00:00,home,7.5,-2.14,5.359999999999999
401856820,2026,5,Arizona Wildcats,Cincinnati Bearcats,2026-10-04T03:00:00Z,2026-10-01T17:41:53.602005+00:00,away,-6.5,-3.86,-10.36
401864513,2026,5,Hawaii Rainbow Warriors,San Jose State Spartans,2026-10-04T03:59:00Z,2026-10-01T17:41:53.602005+00:00,away,-3.0,-3.59,-6.59
401871051,2026,6,Kennesaw State Owls,Jacksonville State Gamecocks,2026-10-07T23:00:00Z,2026-10-01T17:41:53.602005+00:00,home,2.5,4.1,6.6
401856826,2026,6,BYU Cougars,Iowa State Cyclones,2026-10-10T02:15:00Z,2026-10-01T17:41:53.602005+00:00,away,-14.5,7.56,-6.94
401858481,2026,6,Nebraska Cornhuskers,Indiana Hoosiers,2026-10-10T16:00:00Z,2026-10-01T17:41:53.602005+00:00,away,9.5,-13.54,-4.039999999999999
401858485,2026,6,Penn State Nittany Lions,USC Trojans,2026-10-10T16:00:00Z,2026-10-01T17:41:53.602005+00:00,home,-1.5,4.42,2.92
401856714,2026,6,Florida Gators,South Carolina Gamecocks,2026-10-10T17:00:00Z,2026-10-01T17:41:53.602005+00:00,away,-14.5,2.06,-12.44
401856716,2026,6,Missouri Tigers,Texas A&M Aggies,2026-10-10T17:00:00Z,2026-10-01T17:41:53.602005+00:00,away,-1.5,-0.5,-2.0
401856717,2026,6,Oklahoma Sooners,Texas Longhorns,2026-10-10T19:30:00Z,2026-10-01T17:41:53.602005+00:00,home,9.5,1.38,10.879999999999999
401858484,2026,6,Oregon Ducks,UCLA Bruins,2026-10-10T19:30:00Z,2026-10-01T17:41:53.602005+00:00,home,-12.5,26.3,13.8
401856715,2026,6,Kentucky Wildcats,LSU Tigers,2026-10-10T23:00:00Z,2026-10-01T17:41:53.602005+00:00,home,10.5,-1.94,8.56
401871049,2026,5,New Mexico State Aggies,Western Kentucky Hilltoppers,2026-10-02T00:00:00Z,2026-10-01T17:53:02.600259+00:00,away,-2.5,-1.01,-3.51
401862786,2026,5,Tulsa Golden Hurricane,North Texas Mean Green,2026-10-02T01:00:00Z,2026-10-01T17:53:02.600259+00:00,away,1.5,-10.0,-8.5
401871050,2026,5,Delaware Blue Hens,Liberty Flames,2026-10-02T23:00:00Z,2026-10-01T17:53:02.600259+00:00,home,6.5,2.24,8.74
401858245,2026,5,Virginia Tech Hokies,Pittsburgh Panthers,2026-10-02T23:00:00Z,2026-10-01T17:53:02.600259+00:00,away,-2.5,-2.4,-4.9
401856707,2026,5,Mississippi State Bulldogs,Alabama Crimson Tide,2026-10-03T16:00:00Z,2026-10-01T17:53:02.600259+00:00,home,5.5,-2.67,2.83
401856819,2026,5,Houston Cougars,UCF Knights,2026-10-03T16:00:00Z,2026-10-01T17:53:02.600259+00:00,away,-11.5,-0.07,-11.57
401856822,2026,5,Iowa State Cyclones,West Virginia Mountaineers,2026-10-03T16:00:00Z,2026-10-01T17:53:02.600259+00:00,home,-3.0,13.56,10.56
401856807,2026,5,Kansas Jayhawks,Middle Tennessee Blue Raiders,2026-10-03T16:00:00Z,2026-10-01T17:53:02.600259+00:00,away,-19.5,16.89,-2.6099999999999994
401858474,2026,5,Minnesota Golden Gophers,Michigan Wolverines,2026-10-03T16:00:00Z,2026-10-01T17:53:02.600259+00:00,home,5.5,5.12,10.620000000000001
401858250,2026,5,North Carolina Tar Heels,Notre Dame Fighting Irish,2026-10-03T16:00:00Z,2026-10-01T17:53:02.600259+00:00,home,21.5,-13.65,7.85
401858251,2026,5,Wake Forest Demon Deacons,Stanford Cardinal,2026-10-03T16:00:00Z,2026-10-01T17:53:02.600259+00:00,home,-13.5,18.62,5.120000000000001
401858252,2026,5,UConn Huskies,Syracuse Orange,2026-10-03T16:00:00Z,2026-10-01T17:53:02.600259+00:00,home,6.5,5.25,11.75
401856705,2026,5,Georgia Bulldogs,Vanderbilt Commodores,2026-10-03T16:45:00Z,2026-10-01T17:53:02.600259+00:00,away,-25.5,23.3,-2.1999999999999993
401866432,2026,5,Buffalo Bulls,Western Michigan Broncos,2026-10-03T17:00:00Z,2026-10-01T17:53:02.600259+00:00,home,14.0,-10.31,3.6899999999999995
401866431,2026,5,Ball State Cardinals,Toledo Rockets,2026-10-03T18:00:00Z,2026-10-01T17:53:02.600259+00:00,away,20.5,-22.89,-2.3900000000000006
401866430,2026,5,Central Michigan Chippewas,Akron Zips,2026-10-03T19:30:00Z,2026-10-01T17:53:02.600259+00:00,away,-6.5,3.39,-3.11
401856710,2026,5,Tennessee Volunteers,Auburn Tigers,2026-10-03T19:30:00Z,2026-10-01T17:53:02.600259+00:00,home,-7.0,10.46,3.460000000000001
401858247,2026,5,UNLV Rebels,California Golden Bears,2026-10-03T19:30:00Z,2026-10-01T17:53:02.600259+00:00,home,-2.5,5.83,3.33
401862787,2026,5,Charlotte 49ers,Memphis Tigers,2026-10-03T19:30:00Z,2026-10-01T17:53:02.600259+00:00,home,20.5,-6.91,13.59
401856708,2026,5,Missouri Tigers,Florida Gators,2026-10-03T19:30:00Z,2026-10-01T17:53:02.600259+00:00,home,5.5,-1.19,4.3100000000000005
401858253,2026,5,Florida State Seminoles,Virginia Cavaliers,2026-10-03T19:30:00Z,2026-10-01T17:53:02.600259+00:00,away,2.5,-6.05,-3.55
401858473,2026,5,Iowa Hawkeyes,Ohio State Buckeyes,2026-10-03T19:30:00Z,2026-10-01T17:53:02.600259+00:00,home,14.5,1.01,15.51
401869962,2026,5,James Madison Dukes,Marshall Thundering Herd,2026-10-03T19:45:00Z,2026-10-01T17:53:02.600259+00:00,home,-18.5,32.71,14.21
401858475,2026,5,Nebraska Cornhuskers,Maryland Terrapins,2026-10-03T20:00:00Z,2026-10-01T17:53:02.600259+00:00,away,-14.5,7.8,-6.7
401864514,2026,5,New Mexico Lobos,UTEP Miners,2026-10-03T20:00:00Z,2026-10-01T17:53:02.600259+00:00,away,-22.5,12.36,-10.14
401858472,2026,5,Illinois Fighting Illini,Purdue Boilermakers,2026-10-03T20:15:00Z,2026-10-01T17:53:02.600259+00:00,home,-10.0,15.32,5.32
401856709,2026,5,South Carolina Gamecocks,Kentucky Wildcats,2026-10-03T20:15:00Z,2026-10-01T17:53:02.600259+00:00,home,-3.0,5.04,2.04
401860899,2026,5,Colorado State Rams,Oregon State Beavers,2026-10-03T22:00:00Z,2026-10-01T17:53:02.600259+00:00,home,6.0,4.71,10.71
401869942,2026,5,Coastal Carolina Chanticleers,Georgia Southern Eagles,2026-10-03T23:00:00Z,2026-10-01T17:53:02.600259+00:00,home,1.5,1.47,2.9699999999999998
401862788,2026,5,Rice Owls,UTSA Roadrunners,2026-10-03T23:00:00Z,2026-10-01T17:53:02.600259+00:00,home,11.5,-5.86,5.64
401871089,2026,5,South Alabama Jaguars,UL Monroe Warhawks,2026-10-03T23:00:00Z,2026-10-01T17:53:02.600259+00:00,home,-14.0,16.16,2.16
401869842,2026,5,Louisiana Tech Bulldogs,Army Black Knights,2026-10-03T23:30:00Z,2026-10-01T17:53:02.600259+00:00,home,1.5,15.68,17.18
401860898,2026,5,Boise State Broncos,Utah State Aggies,2026-10-03T23:30:00Z,2026-10-01T17:53:02.600259+00:00,away,-20.5,10.34,-10.16
401858249,2026,5,Clemson Tigers,Miami Hurricanes,2026-10-03T23:30:00Z,2026-10-01T17:53:02.600259+00:00,home,16.5,-10.3,6.199999999999999
401862792,2026,5,South Florida Bulls,Temple Owls,2026-10-03T23:30:00Z,2026-10-01T17:53:02.600259+00:00,home,-6.5,15.93,9.43
401858478,2026,5,USC Trojans,Washington Huskies,2026-10-03T23:30:00Z,2026-10-01T17:53:02.600259+00:00,away,-9.5,-12.32,-21.82
401858477,2026,5,Rutgers Scarlet Knights,Indiana Hoosiers,2026-10-04T00:00:00Z,2026-10-01T17:53:02.600259+00:00,away,24.5,-27.9,-3.3999999999999986
401860921,2026,5,Washington State Cougars,Fresno State Bulldogs,2026-10-04T01:30:00Z,2026-10-01T17:53:02.600259+00:00,home,-1.5,7.27,5.77
401856817,2026,5,Arizona State Sun Devils,Baylor Bears,2026-10-04T02:30:00Z,2026-10-01T17:53:02.600259+00:00,home,-3.5,14.69,11.19
401860900,2026,5,San Diego State Aztecs,Texas State Bobcats,2026-10-04T02:30:00Z,2026-10-01T17:53:02.600259+00:00,home,7.5,-2.14,5.359999999999999
401856820,2026,5,Arizona Wildcats,Cincinnati Bearcats,2026-10-04T03:00:00Z,2026-10-01T17:53:02.600259+00:00,away,-6.5,-3.86,-10.36
401864513,2026,5,Hawaii Rainbow Warriors,San Jose State Spartans,2026-10-04T03:59:00Z,2026-10-01T17:53:02.600259+00:00,away,-3.0,-3.59,-6.59
401871051,2026,6,Kennesaw State Owls,Jacksonville State Gamecocks,2026-10-07T23:00:00Z,2026-10-01T17:53:02.600259+00:00,home,2.5,4.1,6.6
401856826,2026,6,BYU Cougars,Iowa State Cyclones,2026-10-10T02:15:00Z,2026-10-01T17:53:02.600259+00:00,away,-14.5,7.56,-6.94
401858481,2026,6,Nebraska Cornhuskers,Indiana Hoosiers,2026-10-10T16:00:00Z,2026-10-01T17:53:02.600259+00:00,away,9.5,-13.54,-4.039999999999999
401858485,2026,6,Penn State Nittany Lions,USC Trojans,2026-10-10T16:00:00Z,2026-10-01T17:53:02.600259+00:00,home,-1.5,4.42,2.92
401856714,2026,6,Florida Gators,South Carolina Gamecocks,2026-10-10T17:00:00Z,2026-10-01T17:53:02.600259+00:00,away,-14.5,2.06,-12.44
401856716,2026,6,Missouri Tigers,Texas A&M Aggies,2026-10-10T17:00:00Z,2026-10-01T17:53:02.600259+00:00,away,-1.5,-0.5,-2.0
401856717,2026,6,Oklahoma Sooners,Texas Longhorns,2026-10-10T19:30:00Z,2026-10-01T17:53:02.600259+00:00,home,9.5,1.38,10.879999999999999
401858484,2026,6,Oregon Ducks,UCLA Bruins,2026-10-10T19:30:00Z,2026-10-01T17:53:02.600259+00:00,home,-12.5,26.3,13.8
401856715,2026,6,Kentucky Wildcats,LSU Tigers,2026-10-10T23:00:00Z,2026-10-01T17:53:02.600259+00:00,home,10.5,-1.94,8.56
401871049,2026,5,New Mexico State Aggies,Western Kentucky Hilltoppers,2026-10-02T00:00:00Z,2026-10-01T18:03:56.749277+00:00,away,-2.5,-1.01,-3.51
401862786,2026,5,Tulsa Golden Hurricane,North Texas Mean Green,2026-10-02T01:00:00Z,2026-10-01T18:03:56.749277+00:00,away,1.5,-8.14,-6.640000000000001
401871050,2026,5,Delaware Blue Hens,Liberty Flames,2026-10-02T23:00:00Z,2026-10-01T18:03:56.749277+00:00,home,6.5,2.24,8.74
401858245,2026,5,Virginia Tech Hokies,Pittsburgh Panthers,2026-10-02T23:00:00Z,2026-10-01T18:03:56.749277+00:00,away,-2.5,-2.4,-4.9
401856707,2026,5,Mississippi State Bulldogs,Alabama Crimson Tide,2026-10-03T16:00:00Z,2026-10-01T18:03:56.749277+00:00,home,5.5,-2.67,2.83
401856819,2026,5,Houston Cougars,UCF Knights,2026-10-03T16:00:00Z,2026-10-01T18:03:56.749277+00:00,away,-11.5,-0.07,-11.57
401856822,2026,5,Iowa State Cyclones,West Virginia Mountaineers,2026-10-03T16:00:00Z,2026-10-01T18:03:56.749277+00:00,home,-3.0,13.56,10.56
401858474,2026,5,Minnesota Golden Gophers,Michigan Wolverines,2026-10-03T16:00:00Z,2026-10-01T18:03:56.749277+00:00,home,5.5,5.12,10.620000000000001
401858250,2026,5,North Carolina Tar Heels,Notre Dame Fighting Irish,2026-10-03T16:00:00Z,2026-10-01T18:03:56.749277+00:00,home,21.5,-13.65,7.85
401858251,2026,5,Wake Forest Demon Deacons,Stanford Cardinal,2026-10-03T16:00:00Z,2026-10-01T18:03:56.749277+00:00,home,-13.5,18.62,5.120000000000001
401858252,2026,5,UConn Huskies,Syracuse Orange,2026-10-03T16:00:00Z,2026-10-01T18:03:56.749277+00:00,home,6.5,5.25,11.75
401856705,2026,5,Georgia Bulldogs,Vanderbilt Commodores,2026-10-03T16:45:00Z,2026-10-01T18:03:56.749277+00:00,away,-25.5,23.3,-2.1999999999999993
401866432,2026,5,Buffalo Bulls,Western Michigan Broncos,2026-10-03T17:00:00Z,2026-10-01T18:03:56.749277+00:00,home,14.0,-10.31,3.6899999999999995
401866431,2026,5,Ball State Cardinals,Toledo Rockets,2026-10-03T18:00:00Z,2026-10-01T18:03:56.749277+00:00,away,20.5,-22.89,-2.3900000000000006
401866430,2026,5,Central Michigan Chippewas,Akron Zips,2026-10-03T19:30:00Z,2026-10-01T18:03:56.749277+00:00,away,-6.5,3.39,-3.11
401856710,2026,5,Tennessee Volunteers,Auburn Tigers,2026-10-03T19:30:00Z,2026-10-01T18:03:56.749277+00:00,home,-7.0,10.46,3.460000000000001
401858247,2026,5,UNLV Rebels,California Golden Bears,2026-10-03T19:30:00Z,2026-10-01T18:03:56.749277+00:00,home,-2.5,5.83,3.33
401862787,2026,5,Charlotte 49ers,Memphis Tigers,2026-10-03T19:30:00Z,2026-10-01T18:03:56.749277+00:00,home,20.5,-6.91,13.59
401856708,2026,5,Missouri Tigers,Florida Gators,2026-10-03T19:30:00Z,2026-10-01T18:03:56.749277+00:00,home,5.5,-1.19,4.3100000000000005
401858253,2026,5,Florida State Seminoles,Virginia Cavaliers,2026-10-03T19:30:00Z,2026-10-01T18:03:56.749277+00:00,away,2.5,-6.05,-3.55
401858473,2026,5,Iowa Hawkeyes,Ohio State Buckeyes,2026-10-03T19:30:00Z,2026-10-01T18:03:56.749277+00:00,home,14.5,1.01,15.51
401869962,2026,5,James Madison Dukes,Marshall Thundering Herd,2026-10-03T19:45:00Z,2026-10-01T18:03:56.749277+00:00,home,-18.5,32.71,14.21
401858475,2026,5,Nebraska Cornhuskers,Maryland Terrapins,2026-10-03T20:00:00Z,2026-10-01T18:03:56.749277+00:00,away,-14.5,9.5,-5.0
401864514,2026,5,New Mexico Lobos,UTEP Miners,2026-10-03T20:00:00Z,2026-10-01T18:03:56.749277+00:00,away,-22.5,12.36,-10.14
401858472,2026,5,Illinois Fighting Illini,Purdue Boilermakers,2026-10-03T20:15:00Z,2026-10-01T18:03:56.749277+00:00,home,-10.0,15.32,5.32
401856709,2026,5,South Carolina Gamecocks,Kentucky Wildcats,2026-10-03T20:15:00Z,2026-10-01T18:03:56.749277+00:00,home,-3.0,5.04,2.04
401860899,2026,5,Colorado State Rams,Oregon State Beavers,2026-10-03T22:00:00Z,2026-10-01T18:03:56.749277+00:00,home,6.0,4.71,10.71
401862788,2026,5,Rice Owls,UTSA Roadrunners,2026-10-03T23:00:00Z,2026-10-01T18:03:56.749277+00:00,home,11.5,-5.86,5.64
401871089,2026,5,South Alabama Jaguars,UL Monroe Warhawks,2026-10-03T23:00:00Z,2026-10-01T18:03:56.749277+00:00,home,-14.0,16.16,2.16
401869842,2026,5,Louisiana Tech Bulldogs,Army Black Knights,2026-10-03T23:30:00Z,2026-10-01T18:03:56.749277+00:00,home,1.5,15.68,17.18
401860898,2026,5,Boise State Broncos,Utah State Aggies,2026-10-03T23:30:00Z,2026-10-01T18:03:56.749277+00:00,away,-20.5,10.34,-10.16
401858249,2026,5,Clemson Tigers,Miami Hurricanes,2026-10-03T23:30:00Z,2026-10-01T18:03:56.749277+00:00,home,16.5,-10.3,6.199999999999999
401862792,2026,5,South Florida Bulls,Temple Owls,2026-10-03T23:30:00Z,2026-10-01T18:03:56.749277+00:00,home,-6.5,15.93,9.43
401858478,2026,5,USC Trojans,Washington Huskies,2026-10-03T23:30:00Z,2026-10-01T18:03:56.749277+00:00,away,-9.5,-12.32,-21.82
401858477,2026,5,Rutgers Scarlet Knights,Indiana Hoosiers,2026-10-04T00:00:00Z,2026-10-01T18:03:56.749277+00:00,away,24.5,-27.9,-3.3999999999999986
401860921,2026,5,Washington State Cougars,Fresno State Bulldogs,2026-10-04T01:30:00Z,2026-10-01T18:03:56.749277+00:00,home,-1.5,7.27,5.77
401856817,2026,5,Arizona State Sun Devils,Baylor Bears,2026-10-04T02:30:00Z,2026-10-01T18:03:56.749277+00:00,home,-3.5,14.69,11.19
401860900,2026,5,San Diego State Aztecs,Texas State Bobcats,2026-10-04T02:30:00Z,2026-10-01T18:03:56.749277+00:00,home,7.5,-2.14,5.359999999999999
401856820,2026,5,Arizona Wildcats,Cincinnati Bearcats,2026-10-04T03:00:00Z,2026-10-01T18:03:56.749277+00:00,away,-6.5,-3.86,-10.36
401864513,2026,5,Hawaii Rainbow Warriors,San Jose State Spartans,2026-10-04T03:59:00Z,2026-10-01T18:03:56.749277+00:00,away,-3.0,-3.59,-6.59
401871051,2026,6,Kennesaw State Owls,Jacksonville State Gamecocks,2026-10-07T23:00:00Z,2026-10-01T18:03:56.749277+00:00,home,2.5,4.1,6.6
401856826,2026,6,BYU Cougars,Iowa State Cyclones,2026-10-10T02:15:00Z,2026-10-01T18:03:56.749277+00:00,away,-14.5,7.56,-6.94
401858481,2026,6,Nebraska Cornhuskers,Indiana Hoosiers,2026-10-10T16:00:00Z,2026-10-01T18:03:56.749277+00:00,away,9.5,-13.54,-4.039999999999999
401858485,2026,6,Penn State Nittany Lions,USC Trojans,2026-10-10T16:00:00Z,2026-10-01T18:03:56.749277+00:00,home,-1.5,4.42,2.92
401856714,2026,6,Florida Gators,South Carolina Gamecocks,2026-10-10T17:00:00Z,2026-10-01T18:03:56.749277+00:00,away,-14.5,2.06,-12.44
401856716,2026,6,Missouri Tigers,Texas A&M Aggies,2026-10-10T17:00:00Z,2026-10-01T18:03:56.749277+00:00,away,-1.5,-0.5,-2.0
401856717,2026,6,Oklahoma Sooners,Texas Longhorns,2026-10-10T19:30:00Z,2026-10-01T18:03:56.749277+00:00,home,9.5,1.38,10.879999999999999
401858484,2026,6,Oregon Ducks,UCLA Bruins,2026-10-10T19:30:00Z,2026-10-01T18:03:56.749277+00:00,home,-12.5,26.3,13.8
401856715,2026,6,Kentucky Wildcats,LSU Tigers,2026-10-10T23:00:00Z,2026-10-01T18:03:56.749277+00:00,home,10.5,-1.94,8.56
401871050,2026,5,Delaware Blue Hens,Liberty Flames,2026-10-02T23:00:00Z,2026-10-02T14:28:09.570593+00:00,home,6.5,2.11,8.61
401858245,2026,5,Virginia Tech Hokies,Pittsburgh Panthers,2026-10-02T23:00:00Z,2026-10-02T14:28:09.570593+00:00,away,-2.5,-2.35,-4.85
401862787,2026,5,Charlotte 49ers,Memphis Tigers,2026-10-03T15:00:00Z,2026-10-02T14:28:09.570593+00:00,home,20.5,-9.17,11.33
401856819,2026,5,Houston Cougars,UCF Knights,2026-10-03T16:00:00Z,2026-10-02T14:28:09.570593+00:00,away,-11.5,-4.72,-16.22
401856822,2026,5,Iowa State Cyclones,West Virginia Mountaineers,2026-10-03T16:00:00Z,2026-10-02T14:28:09.570593+00:00,home,-3.0,13.56,10.56
401858474,2026,5,Minnesota Golden Gophers,Michigan Wolverines,2026-10-03T16:00:00Z,2026-10-02T14:28:09.570593+00:00,home,5.5,6.08,11.58
401858250,2026,5,North Carolina Tar Heels,Notre Dame Fighting Irish,2026-10-03T16:00:00Z,2026-10-02T14:28:09.570593+00:00,home,21.5,-12.85,8.65
401858251,2026,5,Wake Forest Demon Deacons,Stanford Cardinal,2026-10-03T16:00:00Z,2026-10-02T14:28:09.570593+00:00,home,-14.0,19.37,5.370000000000001
401858252,2026,5,UConn Huskies,Syracuse Orange,2026-10-03T16:00:00Z,2026-10-02T14:28:09.570593+00:00,home,7.0,6.94,13.940000000000001
401856705,2026,5,Georgia Bulldogs,Vanderbilt Commodores,2026-10-03T16:45:00Z,2026-10-02T14:28:09.570593+00:00,away,-25.5,23.3,-2.1999999999999993
401866432,2026,5,Buffalo Bulls,Western Michigan Broncos,2026-10-03T17:00:00Z,2026-10-02T14:28:09.570593+00:00,home,14.0,-8.49,5.51
401866431,2026,5,Ball State Cardinals,Toledo Rockets,2026-10-03T18:00:00Z,2026-10-02T14:28:09.570593+00:00,away,20.5,-25.46,-4.960000000000001
401866430,2026,5,Central Michigan Chippewas,Akron Zips,2026-10-03T19:30:00Z,2026-10-02T14:28:09.570593+00:00,away,-6.5,3.39,-3.11
401856710,2026,5,Tennessee Volunteers,Auburn Tigers,2026-10-03T19:30:00Z,2026-10-02T14:28:09.570593+00:00,home,-7.0,11.33,4.33
401866477,2026,5,Miami (OH) RedHawks,Bowling Green Falcons,2026-10-03T19:30:00Z,2026-10-02T14:28:09.570593+00:00,away,-13.5,9.04,-4.460000000000001
401858247,2026,5,UNLV Rebels,California Golden Bears,2026-10-03T19:30:00Z,2026-10-02T14:28:09.570593+00:00,home,-2.5,7.03,4.53
401856708,2026,5,Missouri Tigers,Florida Gators,2026-10-03T19:30:00Z,2026-10-02T14:28:09.570593+00:00,home,5.5,-1.19,4.3100000000000005
401858253,2026,5,Florida State Seminoles,Virginia Cavaliers,2026-10-03T19:30:00Z,2026-10-02T14:28:09.570593+00:00,away,2.5,-6.91,-4.41
401869956,2026,5,Georgia State Panthers,Old Dominion Monarchs,2026-10-03T19:30:00Z,2026-10-02T14:28:09.570593+00:00,away,-2.5,-2.77,-5.27
401858473,2026,5,Iowa Hawkeyes,Ohio State Buckeyes,2026-10-03T19:30:00Z,2026-10-02T14:28:09.570593+00:00,home,14.0,-1.28,12.72
401869962,2026,5,James Madison Dukes,Marshall Thundering Herd,2026-10-03T19:45:00Z,2026-10-02T14:28:09.570593+00:00,home,-19.5,31.49,11.989999999999998
401858475,2026,5,Nebraska Cornhuskers,Maryland Terrapins,2026-10-03T20:00:00Z,2026-10-02T14:28:09.570593+00:00,away,-14.5,9.5,-5.0
401864514,2026,5,New Mexico Lobos,UTEP Miners,2026-10-03T20:00:00Z,2026-10-02T14:28:09.570593+00:00,away,-22.5,12.36,-10.14
401858472,2026,5,Illinois Fighting Illini,Purdue Boilermakers,2026-10-03T20:15:00Z,2026-10-02T14:28:09.570593+00:00,home,-10.0,18.92,8.920000000000002
401856709,2026,5,South Carolina Gamecocks,Kentucky Wildcats,2026-10-03T20:15:00Z,2026-10-02T14:28:09.570593+00:00,home,-3.0,5.3,2.3
401860899,2026,5,Colorado State Rams,Oregon State Beavers,2026-10-03T22:00:00Z,2026-10-02T14:28:09.570593+00:00,home,6.5,3.08,9.58
401856711,2026,5,Texas A&M Aggies,Arkansas Razorbacks,2026-10-03T23:00:00Z,2026-10-02T14:28:09.570593+00:00,away,-14.0,11.81,-2.1899999999999995
401856818,2026,5,TCU Horned Frogs,BYU Cougars,2026-10-03T23:00:00Z,2026-10-02T14:28:09.570593+00:00,home,6.5,-3.49,3.01
401869942,2026,5,Coastal Carolina Chanticleers,Georgia Southern Eagles,2026-10-03T23:00:00Z,2026-10-02T14:28:09.570593+00:00,home,1.5,2.24,3.74
401862788,2026,5,Rice Owls,UTSA Roadrunners,2026-10-03T23:00:00Z,2026-10-02T14:28:09.570593+00:00,home,12.5,-6.26,6.24
401871089,2026,5,South Alabama Jaguars,UL Monroe Warhawks,2026-10-03T23:00:00Z,2026-10-02T14:28:09.570593+00:00,home,-14.0,21.74,7.739999999999998
401869842,2026,5,Louisiana Tech Bulldogs,Army Black Knights,2026-10-03T23:30:00Z,2026-10-02T14:28:09.570593+00:00,home,1.5,14.7,16.2
401860898,2026,5,Boise State Broncos,Utah State Aggies,2026-10-03T23:30:00Z,2026-10-02T14:28:09.570593+00:00,away,-18.5,10.34,-8.16
401858249,2026,5,Clemson Tigers,Miami Hurricanes,2026-10-03T23:30:00Z,2026-10-02T14:28:09.570593+00:00,home,16.5,-14.14,2.3599999999999994
401862792,2026,5,South Florida Bulls,Temple Owls,2026-10-03T23:30:00Z,2026-10-02T14:28:09.570593+00:00,home,-6.5,15.93,9.43
401858478,2026,5,USC Trojans,Washington Huskies,2026-10-03T23:30:00Z,2026-10-02T14:28:09.570593+00:00,away,-8.5,-17.63,-26.13
401856821,2026,5,Colorado Buffaloes,Texas Tech Red Raiders,2026-10-03T23:31:00Z,2026-10-02T14:28:09.570593+00:00,home,13.5,-9.46,4.039999999999999
401858477,2026,5,Rutgers Scarlet Knights,Indiana Hoosiers,2026-10-04T00:00:00Z,2026-10-02T14:28:09.570593+00:00,away,24.5,-27.9,-3.3999999999999986
401860921,2026,5,Washington State Cougars,Fresno State Bulldogs,2026-10-04T01:30:00Z,2026-10-02T14:28:09.570593+00:00,home,-1.5,7.13,5.63
401856817,2026,5,Arizona State Sun Devils,Baylor Bears,2026-10-04T02:30:00Z,2026-10-02T14:28:09.570593+00:00,home,-3.5,14.94,11.44
401860900,2026,5,San Diego State Aztecs,Texas State Bobcats,2026-10-04T02:30:00Z,2026-10-02T14:28:09.570593+00:00,home,8.5,-1.42,7.08
401856820,2026,5,Arizona Wildcats,Cincinnati Bearcats,2026-10-04T03:00:00Z,2026-10-02T14:28:09.570593+00:00,away,-6.5,-3.86,-10.36
401864513,2026,5,Hawaii Rainbow Warriors,San Jose State Spartans,2026-10-04T03:59:00Z,2026-10-02T14:28:09.570593+00:00,away,-3.0,-1.33,-4.33
401871051,2026,6,Kennesaw State Owls,Jacksonville State Gamecocks,2026-10-07T23:00:00Z,2026-10-02T14:28:09.570593+00:00,home,2.5,3.3,5.8
401858487,2026,6,Washington Huskies,Iowa Hawkeyes,2026-10-10T01:00:00Z,2026-10-02T14:28:09.570593+00:00,away,-1.5,-6.02,-7.52
401856826,2026,6,BYU Cougars,Iowa State Cyclones,2026-10-10T02:15:00Z,2026-10-02T14:28:09.570593+00:00,away,-14.5,8.11,-6.390000000000001
401858481,2026,6,Nebraska Cornhuskers,Indiana Hoosiers,2026-10-10T16:00:00Z,2026-10-02T14:28:09.570593+00:00,away,9.5,-18.49,-8.989999999999998
401858485,2026,6,Penn State Nittany Lions,USC Trojans,2026-10-10T16:00:00Z,2026-10-02T14:28:09.570593+00:00,home,-1.5,18.53,17.03
401856714,2026,6,Florida Gators,South Carolina Gamecocks,2026-10-10T17:00:00Z,2026-10-02T14:28:09.570593+00:00,away,-14.5,10.97,-3.5299999999999994
401856716,2026,6,Missouri Tigers,Texas A&M Aggies,2026-10-10T17:00:00Z,2026-10-02T14:28:09.570593+00:00,home,-1.5,7.06,5.56
401856717,2026,6,Oklahoma Sooners,Texas Longhorns,2026-10-10T19:30:00Z,2026-10-02T14:28:09.570593+00:00,home,9.5,-3.28,6.220000000000001
401858484,2026,6,Oregon Ducks,UCLA Bruins,2026-10-10T19:30:00Z,2026-10-02T14:28:09.570593+00:00,home,-12.5,17.47,4.969999999999999
401856715,2026,6,Kentucky Wildcats,LSU Tigers,2026-10-10T23:00:00Z,2026-10-02T14:28:09.570593+00:00,home,10.5,-6.26,4.24
401856712,2026,6,Alabama Crimson Tide,Georgia Bulldogs,2026-10-10T23:30:00Z,2026-10-02T14:28:09.570593+00:00,away,3.0,-9.77,-6.77
401871050,2026,5,Delaware Blue Hens,Liberty Flames,2026-10-02T23:00:00Z,2026-10-02T15:00:16.332825+00:00,home,6.5,2.11,8.61
401858245,2026,5,Virginia Tech Hokies,Pittsburgh Panthers,2026-10-02T23:00:00Z,2026-10-02T15:00:16.332825+00:00,away,-2.5,-2.35,-4.85
401862787,2026,5,Charlotte 49ers,Memphis Tigers,2026-10-03T15:00:00Z,2026-10-02T15:00:16.332825+00:00,home,20.5,-9.17,11.33
401856819,2026,5,Houston Cougars,UCF Knights,2026-10-03T16:00:00Z,2026-10-02T15:00:16.332825+00:00,away,-11.5,-4.72,-16.22
401856822,2026,5,Iowa State Cyclones,West Virginia Mountaineers,2026-10-03T16:00:00Z,2026-10-02T15:00:16.332825+00:00,home,-3.0,13.56,10.56
401858474,2026,5,Minnesota Golden Gophers,Michigan Wolverines,2026-10-03T16:00:00Z,2026-10-02T15:00:16.332825+00:00,home,5.5,6.08,11.58
401858250,2026,5,North Carolina Tar Heels,Notre Dame Fighting Irish,2026-10-03T16:00:00Z,2026-10-02T15:00:16.332825+00:00,home,21.5,-12.85,8.65
401858251,2026,5,Wake Forest Demon Deacons,Stanford Cardinal,2026-10-03T16:00:00Z,2026-10-02T15:00:16.332825+00:00,home,-14.0,19.37,5.370000000000001
401858252,2026,5,UConn Huskies,Syracuse Orange,2026-10-03T16:00:00Z,2026-10-02T15:00:16.332825+00:00,home,7.0,6.94,13.940000000000001
401856705,2026,5,Georgia Bulldogs,Vanderbilt Commodores,2026-10-03T16:45:00Z,2026-10-02T15:00:16.332825+00:00,away,-25.5,23.3,-2.1999999999999993
401866432,2026,5,Buffalo Bulls,Western Michigan Broncos,2026-10-03T17:00:00Z,2026-10-02T15:00:16.332825+00:00,home,14.0,-8.49,5.51
401866431,2026,5,Ball State Cardinals,Toledo Rockets,2026-10-03T18:00:00Z,2026-10-02T15:00:16.332825+00:00,away,20.5,-25.46,-4.960000000000001
401866430,2026,5,Central Michigan Chippewas,Akron Zips,2026-10-03T19:30:00Z,2026-10-02T15:00:16.332825+00:00,away,-6.5,3.39,-3.11
401856710,2026,5,Tennessee Volunteers,Auburn Tigers,2026-10-03T19:30:00Z,2026-10-02T15:00:16.332825+00:00,home,-7.0,11.33,4.33
401866477,2026,5,Miami (OH) RedHawks,Bowling Green Falcons,2026-10-03T19:30:00Z,2026-10-02T15:00:16.332825+00:00,away,-13.5,9.04,-4.460000000000001
401858247,2026,5,UNLV Rebels,California Golden Bears,2026-10-03T19:30:00Z,2026-10-02T15:00:16.332825+00:00,home,-2.5,7.03,4.53
401856708,2026,5,Missouri Tigers,Florida Gators,2026-10-03T19:30:00Z,2026-10-02T15:00:16.332825+00:00,home,5.5,-1.19,4.3100000000000005
401858253,2026,5,Florida State Seminoles,Virginia Cavaliers,2026-10-03T19:30:00Z,2026-10-02T15:00:16.332825+00:00,away,2.5,-6.91,-4.41
401869956,2026,5,Georgia State Panthers,Old Dominion Monarchs,2026-10-03T19:30:00Z,2026-10-02T15:00:16.332825+00:00,away,-2.5,-2.77,-5.27
401858473,2026,5,Iowa Hawkeyes,Ohio State Buckeyes,2026-10-03T19:30:00Z,2026-10-02T15:00:16.332825+00:00,home,14.0,-1.28,12.72
401869962,2026,5,James Madison Dukes,Marshall Thundering Herd,2026-10-03T19:45:00Z,2026-10-02T15:00:16.332825+00:00,home,-19.5,31.49,11.989999999999998
401858475,2026,5,Nebraska Cornhuskers,Maryland Terrapins,2026-10-03T20:00:00Z,2026-10-02T15:00:16.332825+00:00,away,-14.5,9.5,-5.0
401864514,2026,5,New Mexico Lobos,UTEP Miners,2026-10-03T20:00:00Z,2026-10-02T15:00:16.332825+00:00,away,-22.5,12.36,-10.14
401858472,2026,5,Illinois Fighting Illini,Purdue Boilermakers,2026-10-03T20:15:00Z,2026-10-02T15:00:16.332825+00:00,home,-10.0,18.92,8.920000000000002
401856709,2026,5,South Carolina Gamecocks,Kentucky Wildcats,2026-10-03T20:15:00Z,2026-10-02T15:00:16.332825+00:00,home,-3.0,5.3,2.3
401860899,2026,5,Colorado State Rams,Oregon State Beavers,2026-10-03T22:00:00Z,2026-10-02T15:00:16.332825+00:00,home,6.5,3.08,9.58
401856711,2026,5,Texas A&M Aggies,Arkansas Razorbacks,2026-10-03T23:00:00Z,2026-10-02T15:00:16.332825+00:00,away,-14.0,11.81,-2.1899999999999995
401856818,2026,5,TCU Horned Frogs,BYU Cougars,2026-10-03T23:00:00Z,2026-10-02T15:00:16.332825+00:00,home,6.5,-3.49,3.01
401869942,2026,5,Coastal Carolina Chanticleers,Georgia Southern Eagles,2026-10-03T23:00:00Z,2026-10-02T15:00:16.332825+00:00,home,1.5,2.24,3.74
401862788,2026,5,Rice Owls,UTSA Roadrunners,2026-10-03T23:00:00Z,2026-10-02T15:00:16.332825+00:00,home,12.5,-6.26,6.24
401871089,2026,5,South Alabama Jaguars,UL Monroe Warhawks,2026-10-03T23:00:00Z,2026-10-02T15:00:16.332825+00:00,home,-14.0,21.74,7.739999999999998
401869842,2026,5,Louisiana Tech Bulldogs,Army Black Knights,2026-10-03T23:30:00Z,2026-10-02T15:00:16.332825+00:00,home,1.5,14.7,16.2
401860898,2026,5,Boise State Broncos,Utah State Aggies,2026-10-03T23:30:00Z,2026-10-02T15:00:16.332825+00:00,away,-18.5,10.34,-8.16
401858249,2026,5,Clemson Tigers,Miami Hurricanes,2026-10-03T23:30:00Z,2026-10-02T15:00:16.332825+00:00,home,16.5,-14.14,2.3599999999999994
401862792,2026,5,South Florida Bulls,Temple Owls,2026-10-03T23:30:00Z,2026-10-02T15:00:16.332825+00:00,home,-6.5,15.93,9.43
401858478,2026,5,USC Trojans,Washington Huskies,2026-10-03T23:30:00Z,2026-10-02T15:00:16.332825+00:00,away,-8.5,-17.63,-26.13
401856821,2026,5,Colorado Buffaloes,Texas Tech Red Raiders,2026-10-03T23:31:00Z,2026-10-02T15:00:16.332825+00:00,home,13.5,-9.46,4.039999999999999
401858477,2026,5,Rutgers Scarlet Knights,Indiana Hoosiers,2026-10-04T00:00:00Z,2026-10-02T15:00:16.332825+00:00,away,24.5,-27.9,-3.3999999999999986
401860921,2026,5,Washington State Cougars,Fresno State Bulldogs,2026-10-04T01:30:00Z,2026-10-02T15:00:16.332825+00:00,home,-1.5,7.13,5.63
401856817,2026,5,Arizona State Sun Devils,Baylor Bears,2026-10-04T02:30:00Z,2026-10-02T15:00:16.332825+00:00,home,-3.5,14.94,11.44
401860900,2026,5,San Diego State Aztecs,Texas State Bobcats,2026-10-04T02:30:00Z,2026-10-02T15:00:16.332825+00:00,home,8.5,-1.42,7.08
401856820,2026,5,Arizona Wildcats,Cincinnati Bearcats,2026-10-04T03:00:00Z,2026-10-02T15:00:16.332825+00:00,away,-6.5,-3.86,-10.36
401864513,2026,5,Hawaii Rainbow Warriors,San Jose State Spartans,2026-10-04T03:59:00Z,2026-10-02T15:00:16.332825+00:00,away,-3.0,-1.33,-4.33
401871051,2026,6,Kennesaw State Owls,Jacksonville State Gamecocks,2026-10-07T23:00:00Z,2026-10-02T15:00:16.332825+00:00,home,2.5,3.3,5.8
401858487,2026,6,Washington Huskies,Iowa Hawkeyes,2026-10-10T01:00:00Z,2026-10-02T15:00:16.332825+00:00,away,-1.5,-6.02,-7.52
401856826,2026,6,BYU Cougars,Iowa State Cyclones,2026-10-10T02:15:00Z,2026-10-02T15:00:16.332825+00:00,away,-14.5,8.11,-6.390000000000001
401858481,2026,6,Nebraska Cornhuskers,Indiana Hoosiers,2026-10-10T16:00:00Z,2026-10-02T15:00:16.332825+00:00,away,9.5,-18.49,-8.989999999999998
401858485,2026,6,Penn State Nittany Lions,USC Trojans,2026-10-10T16:00:00Z,2026-10-02T15:00:16.332825+00:00,home,-1.5,18.53,17.03
401856714,2026,6,Florida Gators,South Carolina Gamecocks,2026-10-10T17:00:00Z,2026-10-02T15:00:16.332825+00:00,away,-14.5,10.97,-3.5299999999999994
401856716,2026,6,Missouri Tigers,Texas A&M Aggies,2026-10-10T17:00:00Z,2026-10-02T15:00:16.332825+00:00,home,-1.5,7.06,5.56
401856717,2026,6,Oklahoma Sooners,Texas Longhorns,2026-10-10T19:30:00Z,2026-10-02T15:00:16.332825+00:00,home,9.5,-3.28,6.220000000000001
401858484,2026,6,Oregon Ducks,UCLA Bruins,2026-10-10T19:30:00Z,2026-10-02T15:00:16.332825+00:00,home,-12.5,17.47,4.969999999999999
401856715,2026,6,Kentucky Wildcats,LSU Tigers,2026-10-10T23:00:00Z,2026-10-02T15:00:16.332825+00:00,home,10.5,-6.26,4.24
401856712,2026,6,Alabama Crimson Tide,Georgia Bulldogs,2026-10-10T23:30:00Z,2026-10-02T15:00:16.332825+00:00,away,3.0,-9.77,-6.77
401871050,2026,5,Delaware Blue Hens,Liberty Flames,2026-10-02T23:00:00Z,2026-10-02T17:33:17.395296+00:00,home,6.5,2.11,8.61
401858245,2026,5,Virginia Tech Hokies,Pittsburgh Panthers,2026-10-02T23:00:00Z,2026-10-02T17:33:17.395296+00:00,away,-2.5,-2.35,-4.85
401862787,2026,5,Charlotte 49ers,Memphis Tigers,2026-10-03T15:00:00Z,2026-10-02T17:33:17.395296+00:00,home,20.5,-9.17,11.33
401856819,2026,5,Houston Cougars,UCF Knights,2026-10-03T16:00:00Z,2026-10-02T17:33:17.395296+00:00,away,-11.5,-4.72,-16.22
401856822,2026,5,Iowa State Cyclones,West Virginia Mountaineers,2026-10-03T16:00:00Z,2026-10-02T17:33:17.395296+00:00,home,-3.0,13.56,10.56
401858474,2026,5,Minnesota Golden Gophers,Michigan Wolverines,2026-10-03T16:00:00Z,2026-10-02T17:33:17.395296+00:00,home,6.0,6.08,12.08
401858250,2026,5,North Carolina Tar Heels,Notre Dame Fighting Irish,2026-10-03T16:00:00Z,2026-10-02T17:33:17.395296+00:00,home,21.5,-12.85,8.65
401858251,2026,5,Wake Forest Demon Deacons,Stanford Cardinal,2026-10-03T16:00:00Z,2026-10-02T17:33:17.395296+00:00,home,-14.0,19.37,5.370000000000001
401858252,2026,5,UConn Huskies,Syracuse Orange,2026-10-03T16:00:00Z,2026-10-02T17:33:17.395296+00:00,home,7.0,6.94,13.940000000000001
401856705,2026,5,Georgia Bulldogs,Vanderbilt Commodores,2026-10-03T16:45:00Z,2026-10-02T17:33:17.395296+00:00,away,-25.5,23.3,-2.1999999999999993
401866432,2026,5,Buffalo Bulls,Western Michigan Broncos,2026-10-03T17:00:00Z,2026-10-02T17:33:17.395296+00:00,home,14.0,-8.49,5.51
401866431,2026,5,Ball State Cardinals,Toledo Rockets,2026-10-03T18:00:00Z,2026-10-02T17:33:17.395296+00:00,away,20.5,-25.46,-4.960000000000001
401866430,2026,5,Central Michigan Chippewas,Akron Zips,2026-10-03T19:30:00Z,2026-10-02T17:33:17.395296+00:00,away,-6.5,3.39,-3.11
401856710,2026,5,Tennessee Volunteers,Auburn Tigers,2026-10-03T19:30:00Z,2026-10-02T17:33:17.395296+00:00,home,-7.0,11.33,4.33
401866477,2026,5,Miami (OH) RedHawks,Bowling Green Falcons,2026-10-03T19:30:00Z,2026-10-02T17:33:17.395296+00:00,away,-13.5,9.04,-4.460000000000001
401858247,2026,5,UNLV Rebels,California Golden Bears,2026-10-03T19:30:00Z,2026-10-02T17:33:17.395296+00:00,home,-2.5,7.03,4.53
401856708,2026,5,Missouri Tigers,Florida Gators,2026-10-03T19:30:00Z,2026-10-02T17:33:17.395296+00:00,home,5.5,-1.19,4.3100000000000005
401858253,2026,5,Florida State Seminoles,Virginia Cavaliers,2026-10-03T19:30:00Z,2026-10-02T17:33:17.395296+00:00,away,2.5,-6.91,-4.41
401869956,2026,5,Georgia State Panthers,Old Dominion Monarchs,2026-10-03T19:30:00Z,2026-10-02T17:33:17.395296+00:00,away,-2.5,-2.77,-5.27
401858473,2026,5,Iowa Hawkeyes,Ohio State Buckeyes,2026-10-03T19:30:00Z,2026-10-02T17:33:17.395296+00:00,home,14.0,-1.28,12.72
401869962,2026,5,James Madison Dukes,Marshall Thundering Herd,2026-10-03T19:45:00Z,2026-10-02T17:33:17.395296+00:00,home,-19.5,31.49,11.989999999999998
401858475,2026,5,Nebraska Cornhuskers,Maryland Terrapins,2026-10-03T20:00:00Z,2026-10-02T17:33:17.395296+00:00,away,-14.5,9.5,-5.0
401864514,2026,5,New Mexico Lobos,UTEP Miners,2026-10-03T20:00:00Z,2026-10-02T17:33:17.395296+00:00,away,-22.5,12.36,-10.14
401858472,2026,5,Illinois Fighting Illini,Purdue Boilermakers,2026-10-03T20:15:00Z,2026-10-02T17:33:17.395296+00:00,home,-10.0,18.92,8.920000000000002
401856709,2026,5,South Carolina Gamecocks,Kentucky Wildcats,2026-10-03T20:15:00Z,2026-10-02T17:33:17.395296+00:00,home,-3.0,5.3,2.3
401860899,2026,5,Colorado State Rams,Oregon State Beavers,2026-10-03T22:00:00Z,2026-10-02T17:33:17.395296+00:00,home,6.5,3.08,9.58
401856711,2026,5,Texas A&M Aggies,Arkansas Razorbacks,2026-10-03T23:00:00Z,2026-10-02T17:33:17.395296+00:00,away,-14.0,11.81,-2.1899999999999995
401856818,2026,5,TCU Horned Frogs,BYU Cougars,2026-10-03T23:00:00Z,2026-10-02T17:33:17.395296+00:00,home,6.5,-3.49,3.01
401869942,2026,5,Coastal Carolina Chanticleers,Georgia Southern Eagles,2026-10-03T23:00:00Z,2026-10-02T17:33:17.395296+00:00,home,1.5,2.24,3.74
401862788,2026,5,Rice Owls,UTSA Roadrunners,2026-10-03T23:00:00Z,2026-10-02T17:33:17.395296+00:00,home,12.5,-6.26,6.24
401871089,2026,5,South Alabama Jaguars,UL Monroe Warhawks,2026-10-03T23:00:00Z,2026-10-02T17:33:17.395296+00:00,home,-14.0,21.74,7.739999999999998
401869842,2026,5,Louisiana Tech Bulldogs,Army Black Knights,2026-10-03T23:30:00Z,2026-10-02T17:33:17.395296+00:00,home,1.5,14.7,16.2
401860898,2026,5,Boise State Broncos,Utah State Aggies,2026-10-03T23:30:00Z,2026-10-02T17:33:17.395296+00:00,away,-18.5,10.34,-8.16
401858249,2026,5,Clemson Tigers,Miami Hurricanes,2026-10-03T23:30:00Z,2026-10-02T17:33:17.395296+00:00,home,16.5,-14.14,2.3599999999999994
401862792,2026,5,South Florida Bulls,Temple Owls,2026-10-03T23:30:00Z,2026-10-02T17:33:17.395296+00:00,home,-6.0,15.93,9.93
401858478,2026,5,USC Trojans,Washington Huskies,2026-10-03T23:30:00Z,2026-10-02T17:33:17.395296+00:00,away,-8.5,-17.63,-26.13
401856821,2026,5,Colorado Buffaloes,Texas Tech Red Raiders,2026-10-03T23:31:00Z,2026-10-02T17:33:17.395296+00:00,home,13.5,-9.46,4.039999999999999
401858477,2026,5,Rutgers Scarlet Knights,Indiana Hoosiers,2026-10-04T00:00:00Z,2026-10-02T17:33:17.395296+00:00,away,24.5,-27.9,-3.3999999999999986
401860921,2026,5,Washington State Cougars,Fresno State Bulldogs,2026-10-04T01:30:00Z,2026-10-02T17:33:17.395296+00:00,home,-1.5,7.13,5.63
401856817,2026,5,Arizona State Sun Devils,Baylor Bears,2026-10-04T02:30:00Z,2026-10-02T17:33:17.395296+00:00,home,-3.5,14.94,11.44
401860900,2026,5,San Diego State Aztecs,Texas State Bobcats,2026-10-04T02:30:00Z,2026-10-02T17:33:17.395296+00:00,home,8.5,-1.42,7.08
401856820,2026,5,Arizona Wildcats,Cincinnati Bearcats,2026-10-04T03:00:00Z,2026-10-02T17:33:17.395296+00:00,away,-6.5,-3.86,-10.36
401864513,2026,5,Hawaii Rainbow Warriors,San Jose State Spartans,2026-10-04T03:59:00Z,2026-10-02T17:33:17.395296+00:00,away,-3.0,-1.33,-4.33
401871051,2026,6,Kennesaw State Owls,Jacksonville State Gamecocks,2026-10-07T23:00:00Z,2026-10-02T17:33:17.395296+00:00,home,2.5,3.3,5.8
401858487,2026,6,Washington Huskies,Iowa Hawkeyes,2026-10-10T01:00:00Z,2026-10-02T17:33:17.395296+00:00,away,-1.5,-6.02,-7.52
401856826,2026,6,BYU Cougars,Iowa State Cyclones,2026-10-10T02:15:00Z,2026-10-02T17:33:17.395296+00:00,away,-14.5,8.11,-6.390000000000001
401858481,2026,6,Nebraska Cornhuskers,Indiana Hoosiers,2026-10-10T16:00:00Z,2026-10-02T17:33:17.395296+00:00,away,9.5,-18.49,-8.989999999999998
401858485,2026,6,Penn State Nittany Lions,USC Trojans,2026-10-10T16:00:00Z,2026-10-02T17:33:17.395296+00:00,home,-1.5,18.53,17.03
401856714,2026,6,Florida Gators,South Carolina Gamecocks,2026-10-10T17:00:00Z,2026-10-02T17:33:17.395296+00:00,away,-14.5,10.97,-3.5299999999999994
401856716,2026,6,Missouri Tigers,Texas A&M Aggies,2026-10-10T17:00:00Z,2026-10-02T17:33:17.395296+00:00,home,-1.5,7.06,5.56
401856717,2026,6,Oklahoma Sooners,Texas Longhorns,2026-10-10T19:30:00Z,2026-10-02T17:33:17.395296+00:00,home,9.5,-3.28,6.220000000000001
401858484,2026,6,Oregon Ducks,UCLA Bruins,2026-10-10T19:30:00Z,2026-10-02T17:33:17.395296+00:00,home,-12.5,17.47,4.969999999999999
401856715,2026,6,Kentucky Wildcats,LSU Tigers,2026-10-10T23:00:00Z,2026-10-02T17:33:17.395296+00:00,home,10.5,-6.26,4.24
401856712,2026,6,Alabama Crimson Tide,Georgia Bulldogs,2026-10-10T23:30:00Z,2026-10-02T17:33:17.395296+00:00,away,3.0,-9.77,-6.77
401856819,2026,5,Houston Cougars,UCF Knights,2026-10-03T16:00:00Z,2026-10-03T15:56:49.280830+00:00,away,-10.5,-2.79,-13.29
401856822,2026,5,Iowa State Cyclones,West Virginia Mountaineers,2026-10-03T16:00:00Z,2026-10-03T15:56:49.280830+00:00,home,-3.0,13.56,10.56
401856807,2026,5,Kansas Jayhawks,Middle Tennessee Blue Raiders,2026-10-03T16:00:00Z,2026-10-03T15:56:49.280830+00:00,away,-21.5,17.68,-3.8200000000000003
401858474,2026,5,Minnesota Golden Gophers,Michigan Wolverines,2026-10-03T16:00:00Z,2026-10-03T15:56:49.280830+00:00,home,6.5,6.08,12.58
401858251,2026,5,Wake Forest Demon Deacons,Stanford Cardinal,2026-10-03T16:00:00Z,2026-10-03T15:56:49.280830+00:00,home,-14.5,17.82,3.3200000000000003
401858252,2026,5,UConn Huskies,Syracuse Orange,2026-10-03T16:00:00Z,2026-10-03T15:56:49.280830+00:00,home,6.5,6.35,12.85
401858250,2026,5,North Carolina Tar Heels,Notre Dame Fighting Irish,2026-10-03T16:05:00Z,2026-10-03T15:56:49.280830+00:00,home,21.0,-13.9,7.1
401856705,2026,5,Georgia Bulldogs,Vanderbilt Commodores,2026-10-03T16:45:00Z,2026-10-03T15:56:49.280830+00:00,away,-26.5,17.88,-8.620000000000001
401866432,2026,5,Buffalo Bulls,Western Michigan Broncos,2026-10-03T17:00:00Z,2026-10-03T15:56:49.280830+00:00,home,12.5,-10.31,2.1899999999999995
401866430,2026,5,Central Michigan Chippewas,Akron Zips,2026-10-03T19:30:00Z,2026-10-03T15:56:49.280830+00:00,away,-6.5,3.39,-3.11
401856710,2026,5,Tennessee Volunteers,Auburn Tigers,2026-10-03T19:30:00Z,2026-10-03T15:56:49.280830+00:00,home,-6.5,11.33,4.83
401858247,2026,5,UNLV Rebels,California Golden Bears,2026-10-03T19:30:00Z,2026-10-03T15:56:49.280830+00:00,home,-1.5,9.09,7.59
401856708,2026,5,Missouri Tigers,Florida Gators,2026-10-03T19:30:00Z,2026-10-03T15:56:49.280830+00:00,home,5.5,-1.19,4.3100000000000005
401858253,2026,5,Florida State Seminoles,Virginia Cavaliers,2026-10-03T19:30:00Z,2026-10-03T15:56:49.280830+00:00,away,1.5,-5.28,-3.7800000000000002
401858473,2026,5,Iowa Hawkeyes,Ohio State Buckeyes,2026-10-03T19:30:00Z,2026-10-03T15:56:49.280830+00:00,home,14.5,-1.84,12.66
401869962,2026,5,James Madison Dukes,Marshall Thundering Herd,2026-10-03T19:45:00Z,2026-10-03T15:56:49.280830+00:00,home,-15.5,31.24,15.739999999999998
401858475,2026,5,Nebraska Cornhuskers,Maryland Terrapins,2026-10-03T20:00:00Z,2026-10-03T15:56:49.280830+00:00,away,-14.5,9.5,-5.0
401864514,2026,5,New Mexico Lobos,UTEP Miners,2026-10-03T20:00:00Z,2026-10-03T15:56:49.280830+00:00,away,-23.5,12.51,-10.99
401858472,2026,5,Illinois Fighting Illini,Purdue Boilermakers,2026-10-03T20:15:00Z,2026-10-03T15:56:49.280830+00:00,home,-10.0,18.92,8.920000000000002
401856709,2026,5,South Carolina Gamecocks,Kentucky Wildcats,2026-10-03T20:15:00Z,2026-10-03T15:56:49.280830+00:00,home,-2.5,5.3,2.8
401860899,2026,5,Colorado State Rams,Oregon State Beavers,2026-10-03T22:00:00Z,2026-10-03T15:56:49.280830+00:00,home,6.5,1.28,7.78
401856711,2026,5,Texas A&M Aggies,Arkansas Razorbacks,2026-10-03T23:00:00Z,2026-10-03T15:56:49.280830+00:00,away,-14.0,11.49,-2.51
401856818,2026,5,TCU Horned Frogs,BYU Cougars,2026-10-03T23:00:00Z,2026-10-03T15:56:49.280830+00:00,home,6.0,-3.93,2.07
401869942,2026,5,Coastal Carolina Chanticleers,Georgia Southern Eagles,2026-10-03T23:00:00Z,2026-10-03T15:56:49.280830+00:00,home,1.5,2.46,3.96
401862788,2026,5,Rice Owls,UTSA Roadrunners,2026-10-03T23:00:00Z,2026-10-03T15:56:49.280830+00:00,home,12.5,-4.31,8.190000000000001
401871089,2026,5,South Alabama Jaguars,UL Monroe Warhawks,2026-10-03T23:00:00Z,2026-10-03T15:56:49.280830+00:00,home,-14.0,20.5,6.5
401869842,2026,5,Louisiana Tech Bulldogs,Army Black Knights,2026-10-03T23:30:00Z,2026-10-03T15:56:49.280830+00:00,home,1.5,14.85,16.35
401860898,2026,5,Boise State Broncos,Utah State Aggies,2026-10-03T23:30:00Z,2026-10-03T15:56:49.280830+00:00,away,-19.5,10.18,-9.32
401862792,2026,5,South Florida Bulls,Temple Owls,2026-10-03T23:30:00Z,2026-10-03T15:56:49.280830+00:00,home,-5.5,15.93,10.43
401858478,2026,5,USC Trojans,Washington Huskies,2026-10-03T23:30:00Z,2026-10-03T15:56:49.280830+00:00,away,-7.5,-14.07,-21.57
401858477,2026,5,Rutgers Scarlet Knights,Indiana Hoosiers,2026-10-04T00:00:00Z,2026-10-03T15:56:49.280830+00:00,away,24.5,-27.9,-3.3999999999999986
401860921,2026,5,Washington State Cougars,Fresno State Bulldogs,2026-10-04T01:30:00Z,2026-10-03T15:56:49.280830+00:00,home,-1.5,7.13,5.63
401856817,2026,5,Arizona State Sun Devils,Baylor Bears,2026-10-04T02:30:00Z,2026-10-03T15:56:49.280830+00:00,home,-4.0,14.94,10.94
401860900,2026,5,San Diego State Aztecs,Texas State Bobcats,2026-10-04T02:30:00Z,2026-10-03T15:56:49.280830+00:00,home,9.5,-1.42,8.08
401856820,2026,5,Arizona Wildcats,Cincinnati Bearcats,2026-10-04T03:00:00Z,2026-10-03T15:56:49.280830+00:00,away,-7.0,-1.9,-8.9
401864513,2026,5,Hawaii Rainbow Warriors,San Jose State Spartans,2026-10-04T03:59:00Z,2026-10-03T15:56:49.280830+00:00,away,-2.5,-1.33,-3.83
401871051,2026,6,Kennesaw State Owls,Jacksonville State Gamecocks,2026-10-07T23:00:00Z,2026-10-03T15:56:49.280830+00:00,home,2.5,3.03,5.529999999999999
401871066,2026,6,Florida International Panthers,New Mexico State Aggies,2026-10-07T23:30:00Z,2026-10-03T15:56:49.280830+00:00,away,-4.5,2.6,-1.9
401858487,2026,6,Washington Huskies,Iowa Hawkeyes,2026-10-10T01:00:00Z,2026-10-03T15:56:49.280830+00:00,away,-1.5,-5.61,-7.11
401856826,2026,6,BYU Cougars,Iowa State Cyclones,2026-10-10T02:15:00Z,2026-10-03T15:56:49.280830+00:00,away,-14.5,8.11,-6.390000000000001
401858481,2026,6,Nebraska Cornhuskers,Indiana Hoosiers,2026-10-10T16:00:00Z,2026-10-03T15:56:49.280830+00:00,away,8.5,-14.28,-5.779999999999999
401856714,2026,6,Florida Gators,South Carolina Gamecocks,2026-10-10T17:00:00Z,2026-10-03T15:56:49.280830+00:00,away,-14.5,10.73,-3.7699999999999996
401856716,2026,6,Missouri Tigers,Texas A&M Aggies,2026-10-10T17:00:00Z,2026-10-03T15:56:49.280830+00:00,home,-1.5,7.14,5.64
401856717,2026,6,Oklahoma Sooners,Texas Longhorns,2026-10-10T19:30:00Z,2026-10-03T15:56:49.280830+00:00,home,9.5,-3.28,6.220000000000001
401858484,2026,6,Oregon Ducks,UCLA Bruins,2026-10-10T19:30:00Z,2026-10-03T15:56:49.280830+00:00,home,-12.5,17.07,4.57
401856715,2026,6,Kentucky Wildcats,LSU Tigers,2026-10-10T23:00:00Z,2026-10-03T15:56:49.280830+00:00,home,10.0,-6.11,3.8899999999999997
401856712,2026,6,Alabama Crimson Tide,Georgia Bulldogs,2026-10-10T23:30:00Z,2026-10-03T15:56:49.280830+00:00,away,3.0,-8.32,-5.32
401871051,2026,6,Kennesaw State Owls,Jacksonville State Gamecocks,2026-10-07T23:00:00Z,2026-10-04T16:36:38.768958+00:00,home,3.5,3.03,6.529999999999999
401871066,2026,6,Florida International Panthers,New Mexico State Aggies,2026-10-07T23:30:00Z,2026-10-04T16:36:38.768958+00:00,away,-4.5,2.6,-1.9
401871052,2026,6,Western Kentucky Hilltoppers,Missouri State Bears,2026-10-08T23:00:00Z,2026-10-04T16:36:38.768958+00:00,home,-1.5,6.03,4.53
401869933,2026,6,Arkansas State Red Wolves,South Alabama Jaguars,2026-10-08T23:30:00Z,2026-10-04T16:36:38.768958+00:00,home,-1.5,7.77,6.27
401862794,2026,6,UTSA Roadrunners,South Florida Bulls,2026-10-08T23:30:00Z,2026-10-04T16:36:38.768958+00:00,away,-7.0,4.83,-2.17
401858254,2026,6,Louisville Cardinals,Florida State Seminoles,2026-10-09T23:00:00Z,2026-10-04T16:36:38.768958+00:00,home,-6.0,8.34,2.34
401864519,2026,6,San Jose State Spartans,Wyoming Cowboys,2026-10-10T01:00:00Z,2026-10-04T16:36:38.768958+00:00,home,-6.0,9.89,3.8900000000000006
401860922,2026,6,Utah State Aggies,Washington State Cougars,2026-10-10T01:00:00Z,2026-10-04T16:36:38.768958+00:00,away,-3.5,-0.43,-3.93
401856826,2026,6,BYU Cougars,Iowa State Cyclones,2026-10-10T02:15:00Z,2026-10-04T16:36:38.768958+00:00,away,-11.5,7.83,-3.67
401856823,2026,6,West Virginia Mountaineers,Arizona Wildcats,2026-10-10T16:00:00Z,2026-10-04T16:36:38.768958+00:00,away,2.5,-6.93,-4.43
401862795,2026,6,Army Black Knights,Tulane Green Wave,2026-10-10T16:00:00Z,2026-10-04T16:36:38.768958+00:00,away,-4.5,-0.54,-5.04
401858481,2026,6,Nebraska Cornhuskers,Indiana Hoosiers,2026-10-10T16:00:00Z,2026-10-04T16:36:38.768958+00:00,away,9.5,-15.32,-5.82
401856716,2026,6,Missouri Tigers,Texas A&M Aggies,2026-10-10T16:00:00Z,2026-10-04T16:36:38.768958+00:00,home,-3.0,7.03,4.03
401858260,2026,6,NC State Wolfpack,Wake Forest Demon Deacons,2026-10-10T16:00:00Z,2026-10-04T16:36:38.768958+00:00,home,3.0,4.13,7.13
401858256,2026,6,Pittsburgh Panthers,North Carolina Tar Heels,2026-10-10T16:00:00Z,2026-10-04T16:36:38.768958+00:00,home,-4.5,14.18,9.68
401856824,2026,6,Oklahoma State Cowboys,UCF Knights,2026-10-10T16:00:00Z,2026-10-04T16:36:38.768958+00:00,away,-10.5,0.2,-10.3
401858482,2026,6,Northwestern Wildcats,Ball State Cardinals,2026-10-10T16:30:00Z,2026-10-04T16:36:38.768958+00:00,away,-34.5,28.33,-6.170000000000002
401856714,2026,6,Florida Gators,South Carolina Gamecocks,2026-10-10T16:45:00Z,2026-10-04T16:36:38.768958+00:00,away,-14.0,10.1,-3.9000000000000004
401866440,2026,6,UMass Minutemen,Miami (OH) RedHawks,2026-10-10T18:00:00Z,2026-10-04T16:36:38.768958+00:00,home,2.5,1.9,4.4
401866435,2026,6,Akron Zips,Eastern Michigan Eagles,2026-10-10T19:30:00Z,2026-10-04T16:36:38.768958+00:00,home,5.5,-2.46,3.04
401866437,2026,6,Toledo Rockets,Buffalo Bulls,2026-10-10T19:30:00Z,2026-10-04T16:36:38.768958+00:00,away,-19.5,11.1,-8.4
401858259,2026,6,California Golden Bears,Virginia Tech Hokies,2026-10-10T19:30:00Z,2026-10-04T16:36:38.768958+00:00,home,10.5,-0.5,10.0
401866438,2026,6,Ohio Bobcats,Central Michigan Chippewas,2026-10-10T19:30:00Z,2026-10-04T16:36:38.768958+00:00,home,-3.5,8.3,4.800000000000001
401862796,2026,6,North Texas Mean Green,Charlotte 49ers,2026-10-10T19:30:00Z,2026-10-04T16:36:38.768958+00:00,home,-24.5,55.11,30.61
401858480,2026,6,Michigan State Spartans,Illinois Fighting Illini,2026-10-10T19:30:00Z,2026-10-04T16:36:38.768958+00:00,away,3.0,-9.15,-6.15
401866439,2026,6,Western Michigan Broncos,Kent State Golden Flashes,2026-10-10T19:30:00Z,2026-10-04T16:36:38.768958+00:00,home,-15.5,20.46,4.960000000000001
401856717,2026,6,Oklahoma Sooners,Texas Longhorns,2026-10-10T19:30:00Z,2026-10-04T16:36:38.768958+00:00,home,9.5,-3.28,6.220000000000001
401856718,2026,6,Vanderbilt Commodores,Ole Miss Rebels,2026-10-10T19:30:00Z,2026-10-04T16:36:38.768958+00:00,home,10.5,3.75,14.25
401858484,2026,6,Oregon Ducks,UCLA Bruins,2026-10-10T19:30:00Z,2026-10-04T16:36:38.768958+00:00,home,-11.5,17.07,5.57
401862797,2026,6,East Carolina Pirates,Rice Owls,2026-10-10T20:00:00Z,2026-10-04T16:36:38.768958+00:00,home,-9.5,18.43,8.93
401860902,2026,6,Oregon State Beavers,San Diego State Aztecs,2026-10-10T22:00:00Z,2026-10-04T16:36:38.768958+00:00,away,-14.5,0.16,-14.34
401862798,2026,6,Memphis Tigers,UAB Blazers,2026-10-10T23:00:00Z,2026-10-04T16:36:38.768958+00:00,home,-15.5,22.78,7.280000000000001
401856712,2026,6,Alabama Crimson Tide,Georgia Bulldogs,2026-10-10T23:30:00Z,2026-10-04T16:36:38.768958+00:00,away,2.5,-7.09,-4.59
401869949,2026,6,Georgia Southern Eagles,James Madison Dukes,2026-10-10T23:30:00Z,2026-10-04T16:36:38.768958+00:00,away,9.5,-18.67,-9.170000000000002
401869965,2026,6,Louisiana Tech Bulldogs,Louisiana Ragin Cajuns,2026-10-10T23:30:00Z,2026-10-04T16:36:38.768958+00:00,home,-2.5,11.59,9.09
401858485,2026,6,Penn State Nittany Lions,USC Trojans,2026-10-10T23:30:00Z,2026-10-04T16:36:38.768958+00:00,home,1.5,16.67,18.17
401858258,2026,6,Virginia Cavaliers,Syracuse Orange,2026-10-10T23:30:00Z,2026-10-04T16:36:38.768958+00:00,home,-8.5,15.97,7.470000000000001
401858486,2026,6,Purdue Boilermakers,Minnesota Golden Gophers,2026-10-11T00:00:00Z,2026-10-04T16:36:38.768958+00:00,away,3.5,-11.83,-8.33
401856827,2026,6,Utah Utes,Kansas Jayhawks,2026-10-11T02:15:00Z,2026-10-04T16:36:38.768958+00:00,home,-16.5,21.13,4.629999999999999
401860901,2026,6,Fresno State Bulldogs,Boise State Broncos,2026-10-11T02:30:00Z,2026-10-04T16:36:38.768958+00:00,home,8.5,-1.08,7.42
401871051,2026,6,Kennesaw State Owls,Jacksonville State Gamecocks,2026-10-07T23:00:00Z,2026-10-04T19:11:05.681577+00:00,home,3.0,3.35,6.35
401871066,2026,6,Florida International Panthers,New Mexico State Aggies,2026-10-07T23:30:00Z,2026-10-04T19:11:05.681577+00:00,away,-4.5,2.6,-1.9
401871052,2026,6,Western Kentucky Hilltoppers,Missouri State Bears,2026-10-08T23:00:00Z,2026-10-04T19:11:05.681577+00:00,home,-1.5,6.23,4.73
401869933,2026,6,Arkansas State Red Wolves,South Alabama Jaguars,2026-10-08T23:30:00Z,2026-10-04T19:11:05.681577+00:00,home,-1.5,7.77,6.27
401862794,2026,6,UTSA Roadrunners,South Florida Bulls,2026-10-08T23:30:00Z,2026-10-04T19:11:05.681577+00:00,away,-7.0,4.83,-2.17
401858254,2026,6,Louisville Cardinals,Florida State Seminoles,2026-10-09T23:00:00Z,2026-10-04T19:11:05.681577+00:00,home,-5.5,8.34,2.84
401864519,2026,6,San Jose State Spartans,Wyoming Cowboys,2026-10-10T01:00:00Z,2026-10-04T19:11:05.681577+00:00,home,-6.0,9.71,3.710000000000001
401860922,2026,6,Utah State Aggies,Washington State Cougars,2026-10-10T01:00:00Z,2026-10-04T19:11:05.681577+00:00,away,-3.5,-0.47,-3.9699999999999998
401856826,2026,6,BYU Cougars,Iowa State Cyclones,2026-10-10T02:15:00Z,2026-10-04T19:11:05.681577+00:00,away,-10.5,7.83,-2.67
401856823,2026,6,West Virginia Mountaineers,Arizona Wildcats,2026-10-10T16:00:00Z,2026-10-04T19:11:05.681577+00:00,away,2.5,-8.76,-6.26
401858481,2026,6,Nebraska Cornhuskers,Indiana Hoosiers,2026-10-10T16:00:00Z,2026-10-04T19:11:05.681577+00:00,away,9.5,-15.32,-5.82
401856716,2026,6,Missouri Tigers,Texas A&M Aggies,2026-10-10T16:00:00Z,2026-10-04T19:11:05.681577+00:00,home,-3.5,7.03,3.5300000000000002
401858260,2026,6,NC State Wolfpack,Wake Forest Demon Deacons,2026-10-10T16:00:00Z,2026-10-04T19:11:05.681577+00:00,home,3.5,4.13,7.63
401858256,2026,6,Pittsburgh Panthers,North Carolina Tar Heels,2026-10-10T16:00:00Z,2026-10-04T19:11:05.681577+00:00,home,-4.0,14.18,10.18
401856824,2026,6,Oklahoma State Cowboys,UCF Knights,2026-10-10T16:00:00Z,2026-10-04T19:11:05.681577+00:00,away,-10.0,-0.88,-10.88
401856714,2026,6,Florida Gators,South Carolina Gamecocks,2026-10-10T16:45:00Z,2026-10-04T19:11:05.681577+00:00,away,-14.5,10.1,-4.4
401866440,2026,6,UMass Minutemen,Miami (OH) RedHawks,2026-10-10T18:00:00Z,2026-10-04T19:11:05.681577+00:00,home,2.5,1.9,4.4
401866435,2026,6,Akron Zips,Eastern Michigan Eagles,2026-10-10T19:30:00Z,2026-10-04T19:11:05.681577+00:00,home,5.5,-0.8,4.7
401866437,2026,6,Toledo Rockets,Buffalo Bulls,2026-10-10T19:30:00Z,2026-10-04T19:11:05.681577+00:00,away,-19.5,11.3,-8.2
401858259,2026,6,California Golden Bears,Virginia Tech Hokies,2026-10-10T19:30:00Z,2026-10-04T19:11:05.681577+00:00,home,10.5,-0.5,10.0
401866438,2026,6,Ohio Bobcats,Central Michigan Chippewas,2026-10-10T19:30:00Z,2026-10-04T19:11:05.681577+00:00,home,-3.5,8.12,4.619999999999999
401862796,2026,6,North Texas Mean Green,Charlotte 49ers,2026-10-10T19:30:00Z,2026-10-04T19:11:05.681577+00:00,home,-25.5,54.27,28.770000000000003
401858480,2026,6,Michigan State Spartans,Illinois Fighting Illini,2026-10-10T19:30:00Z,2026-10-04T19:11:05.681577+00:00,away,3.0,-9.15,-6.15
401866439,2026,6,Western Michigan Broncos,Kent State Golden Flashes,2026-10-10T19:30:00Z,2026-10-04T19:11:05.681577+00:00,home,-14.0,20.62,6.620000000000001
401856717,2026,6,Oklahoma Sooners,Texas Longhorns,2026-10-10T19:30:00Z,2026-10-04T19:11:05.681577+00:00,home,9.5,-3.28,6.220000000000001
401856718,2026,6,Vanderbilt Commodores,Ole Miss Rebels,2026-10-10T19:30:00Z,2026-10-04T19:11:05.681577+00:00,home,10.5,3.75,14.25
401858484,2026,6,Oregon Ducks,UCLA Bruins,2026-10-10T19:30:00Z,2026-10-04T19:11:05.681577+00:00,home,-11.5,17.07,5.57
401862797,2026,6,East Carolina Pirates,Rice Owls,2026-10-10T20:00:00Z,2026-10-04T19:11:05.681577+00:00,home,-9.5,19.5,10.0
401856713,2026,6,Arkansas Razorbacks,Tennessee Volunteers,2026-10-10T20:15:00Z,2026-10-04T19:11:05.681577+00:00,away,14.0,-16.26,-2.2600000000000016
401860902,2026,6,Oregon State Beavers,San Diego State Aztecs,2026-10-10T22:00:00Z,2026-10-04T19:11:05.681577+00:00,away,-14.0,0.16,-13.84
401862798,2026,6,Memphis Tigers,UAB Blazers,2026-10-10T23:00:00Z,2026-10-04T19:11:05.681577+00:00,home,-15.5,22.78,7.280000000000001
401864516,2026,6,Northern Illinois Huskies,Air Force Falcons,2026-10-10T23:30:00Z,2026-10-04T19:11:05.681577+00:00,away,12.5,-16.1,-3.6000000000000014
401856712,2026,6,Alabama Crimson Tide,Georgia Bulldogs,2026-10-10T23:30:00Z,2026-10-04T19:11:05.681577+00:00,away,2.5,-7.09,-4.59
401869949,2026,6,Georgia Southern Eagles,James Madison Dukes,2026-10-10T23:30:00Z,2026-10-04T19:11:05.681577+00:00,away,9.5,-18.67,-9.170000000000002
401869965,2026,6,Louisiana Tech Bulldogs,Louisiana Ragin Cajuns,2026-10-10T23:30:00Z,2026-10-04T19:11:05.681577+00:00,home,-2.5,10.84,8.34
401858485,2026,6,Penn State Nittany Lions,USC Trojans,2026-10-10T23:30:00Z,2026-10-04T19:11:05.681577+00:00,home,1.5,16.67,18.17
401858258,2026,6,Virginia Cavaliers,Syracuse Orange,2026-10-10T23:30:00Z,2026-10-04T19:11:05.681577+00:00,home,-8.5,14.49,5.99
401858486,2026,6,Purdue Boilermakers,Minnesota Golden Gophers,2026-10-11T00:00:00Z,2026-10-04T19:11:05.681577+00:00,away,3.0,-11.83,-8.83
401856827,2026,6,Utah Utes,Kansas Jayhawks,2026-10-11T02:15:00Z,2026-10-04T19:11:05.681577+00:00,home,-15.5,21.13,5.629999999999999
401856808,2026,6,Arizona State Sun Devils,Hawaii Rainbow Warriors,2026-10-11T02:30:00Z,2026-10-04T19:11:05.681577+00:00,away,-22.5,19.96,-2.539999999999999
401860901,2026,6,Fresno State Bulldogs,Boise State Broncos,2026-10-11T02:30:00Z,2026-10-04T19:11:05.681577+00:00,home,7.5,-1.08,6.42
401871051,2026,6,Kennesaw State Owls,Jacksonville State Gamecocks,2026-10-07T23:00:00Z,2026-10-05T15:40:25.508277+00:00,home,3.0,3.35,6.35
401871066,2026,6,Florida International Panthers,New Mexico State Aggies,2026-10-07T23:30:00Z,2026-10-05T15:40:25.508277+00:00,away,-6.0,1.63,-4.37
401871052,2026,6,Western Kentucky Hilltoppers,Missouri State Bears,2026-10-08T23:00:00Z,2026-10-05T15:40:25.508277+00:00,home,-2.5,6.23,3.7300000000000004
401869933,2026,6,Arkansas State Red Wolves,South Alabama Jaguars,2026-10-08T23:30:00Z,2026-10-05T15:40:25.508277+00:00,home,-1.5,7.77,6.27
401858254,2026,6,Louisville Cardinals,Florida State Seminoles,2026-10-09T23:00:00Z,2026-10-05T15:40:25.508277+00:00,home,-4.0,8.89,4.890000000000001
401858487,2026,6,Washington Huskies,Iowa Hawkeyes,2026-10-10T01:00:00Z,2026-10-05T15:40:25.508277+00:00,away,-2.5,0.47,-2.0300000000000002
401864519,2026,6,San Jose State Spartans,Wyoming Cowboys,2026-10-10T01:00:00Z,2026-10-05T15:40:25.508277+00:00,home,-6.5,9.71,3.210000000000001
401860922,2026,6,Utah State Aggies,Washington State Cougars,2026-10-10T01:00:00Z,2026-10-05T15:40:25.508277+00:00,away,-5.5,-0.47,-5.97
401856826,2026,6,BYU Cougars,Iowa State Cyclones,2026-10-10T02:15:00Z,2026-10-05T15:40:25.508277+00:00,away,-10.5,7.83,-2.67
401856823,2026,6,West Virginia Mountaineers,Arizona Wildcats,2026-10-10T16:00:00Z,2026-10-05T15:40:25.508277+00:00,away,3.5,-8.76,-5.26
401858481,2026,6,Nebraska Cornhuskers,Indiana Hoosiers,2026-10-10T16:00:00Z,2026-10-05T15:40:25.508277+00:00,away,7.5,-17.12,-9.620000000000001
401858260,2026,6,NC State Wolfpack,Wake Forest Demon Deacons,2026-10-10T16:00:00Z,2026-10-05T15:40:25.508277+00:00,home,3.5,5.37,8.870000000000001
401858256,2026,6,Pittsburgh Panthers,North Carolina Tar Heels,2026-10-10T16:00:00Z,2026-10-05T15:40:25.508277+00:00,home,-4.5,13.94,9.44
401856824,2026,6,Oklahoma State Cowboys,UCF Knights,2026-10-10T16:00:00Z,2026-10-05T15:40:25.508277+00:00,away,-10.0,-0.88,-10.88
401856714,2026,6,Florida Gators,South Carolina Gamecocks,2026-10-10T16:45:00Z,2026-10-05T15:40:25.508277+00:00,away,-13.5,9.62,-3.880000000000001
401866440,2026,6,UMass Minutemen,Miami (OH) RedHawks,2026-10-10T18:00:00Z,2026-10-05T15:40:25.508277+00:00,home,2.5,3.58,6.08
401866435,2026,6,Akron Zips,Eastern Michigan Eagles,2026-10-10T19:30:00Z,2026-10-05T15:40:25.508277+00:00,home,7.0,-0.8,6.2
401866437,2026,6,Toledo Rockets,Buffalo Bulls,2026-10-10T19:30:00Z,2026-10-05T15:40:25.508277+00:00,away,-20.5,11.3,-9.2
401858259,2026,6,California Golden Bears,Virginia Tech Hokies,2026-10-10T19:30:00Z,2026-10-05T15:40:25.508277+00:00,home,9.5,-0.34,9.16
401866438,2026,6,Ohio Bobcats,Central Michigan Chippewas,2026-10-10T19:30:00Z,2026-10-05T15:40:25.508277+00:00,home,-3.0,8.12,5.119999999999999
401862796,2026,6,North Texas Mean Green,Charlotte 49ers,2026-10-10T19:30:00Z,2026-10-05T15:40:25.508277+00:00,home,-27.5,54.27,26.770000000000003
401858480,2026,6,Michigan State Spartans,Illinois Fighting Illini,2026-10-10T19:30:00Z,2026-10-05T15:40:25.508277+00:00,away,2.5,-9.15,-6.65
401866439,2026,6,Western Michigan Broncos,Kent State Golden Flashes,2026-10-10T19:30:00Z,2026-10-05T15:40:25.508277+00:00,home,-13.5,20.62,7.120000000000001
401856717,2026,6,Oklahoma Sooners,Texas Longhorns,2026-10-10T19:30:00Z,2026-10-05T15:40:25.508277+00:00,home,8.5,-3.28,5.220000000000001
401856718,2026,6,Vanderbilt Commodores,Ole Miss Rebels,2026-10-10T19:30:00Z,2026-10-05T15:40:25.508277+00:00,home,9.5,4.0,13.5
401858484,2026,6,Oregon Ducks,UCLA Bruins,2026-10-10T19:30:00Z,2026-10-05T15:40:25.508277+00:00,home,-11.5,17.07,5.57
401861964,2026,6,Temple Owls,UConn Huskies,2026-10-10T19:45:00Z,2026-10-05T15:40:25.508277+00:00,away,-4.5,1.35,-3.15
401862797,2026,6,East Carolina Pirates,Rice Owls,2026-10-10T20:00:00Z,2026-10-05T15:40:25.508277+00:00,home,-10.0,19.5,9.5
401856713,2026,6,Arkansas Razorbacks,Tennessee Volunteers,2026-10-10T20:15:00Z,2026-10-05T15:40:25.508277+00:00,away,13.5,-16.26,-2.7600000000000016
401860902,2026,6,Oregon State Beavers,San Diego State Aztecs,2026-10-10T22:00:00Z,2026-10-05T15:40:25.508277+00:00,away,-14.0,0.16,-13.84
401856715,2026,6,Kentucky Wildcats,LSU Tigers,2026-10-10T23:00:00Z,2026-10-05T15:40:25.508277+00:00,home,10.0,-7.59,2.41
401862798,2026,6,Memphis Tigers,UAB Blazers,2026-10-10T23:00:00Z,2026-10-05T15:40:25.508277+00:00,home,-14.0,20.38,6.379999999999999
401864516,2026,6,Northern Illinois Huskies,Air Force Falcons,2026-10-10T23:30:00Z,2026-10-05T15:40:25.508277+00:00,away,10.0,-16.1,-6.100000000000001
401856712,2026,6,Alabama Crimson Tide,Georgia Bulldogs,2026-10-10T23:30:00Z,2026-10-05T15:40:25.508277+00:00,away,-1.5,-7.09,-8.59
401869949,2026,6,Georgia Southern Eagles,James Madison Dukes,2026-10-10T23:30:00Z,2026-10-05T15:40:25.508277+00:00,away,8.5,-18.67,-10.170000000000002
401869965,2026,6,Louisiana Tech Bulldogs,Louisiana Ragin Cajuns,2026-10-10T23:30:00Z,2026-10-05T15:40:25.508277+00:00,home,-3.0,10.84,7.84
401858485,2026,6,Penn State Nittany Lions,USC Trojans,2026-10-10T23:30:00Z,2026-10-05T15:40:25.508277+00:00,home,-1.5,16.67,15.170000000000002
401858258,2026,6,Virginia Cavaliers,Syracuse Orange,2026-10-10T23:30:00Z,2026-10-05T15:40:25.508277+00:00,home,-9.5,14.49,4.99
401858486,2026,6,Purdue Boilermakers,Minnesota Golden Gophers,2026-10-11T00:00:00Z,2026-10-05T15:40:25.508277+00:00,away,2.5,-11.83,-9.33
401856827,2026,6,Utah Utes,Kansas Jayhawks,2026-10-11T02:15:00Z,2026-10-05T15:40:25.508277+00:00,home,-15.5,21.13,5.629999999999999
401860901,2026,6,Fresno State Bulldogs,Boise State Broncos,2026-10-11T02:30:00Z,2026-10-05T15:40:25.508277+00:00,home,6.0,-1.08,4.92
401871051,2026,6,Kennesaw State Owls,Jacksonville State Gamecocks,2026-10-07T23:00:00Z,2026-10-05T16:15:29.919035+00:00,home,3.0,3.35,6.35
401871066,2026,6,Florida International Panthers,New Mexico State Aggies,2026-10-07T23:30:00Z,2026-10-05T16:15:29.919035+00:00,away,-6.0,1.63,-4.37
401871052,2026,6,Western Kentucky Hilltoppers,Missouri State Bears,2026-10-08T23:00:00Z,2026-10-05T16:15:29.919035+00:00,home,-2.5,6.23,3.7300000000000004
401869933,2026,6,Arkansas State Red Wolves,South Alabama Jaguars,2026-10-08T23:30:00Z,2026-10-05T16:15:29.919035+00:00,home,-1.5,7.77,6.27
401858254,2026,6,Louisville Cardinals,Florida State Seminoles,2026-10-09T23:00:00Z,2026-10-05T16:15:29.919035+00:00,home,-4.0,8.89,4.890000000000001
401858487,2026,6,Washington Huskies,Iowa Hawkeyes,2026-10-10T01:00:00Z,2026-10-05T16:15:29.919035+00:00,away,-3.0,0.47,-2.5300000000000002
401864519,2026,6,San Jose State Spartans,Wyoming Cowboys,2026-10-10T01:00:00Z,2026-10-05T16:15:29.919035+00:00,home,-6.5,9.71,3.210000000000001
401860922,2026,6,Utah State Aggies,Washington State Cougars,2026-10-10T01:00:00Z,2026-10-05T16:15:29.919035+00:00,away,-5.5,-0.47,-5.97
401856826,2026,6,BYU Cougars,Iowa State Cyclones,2026-10-10T02:15:00Z,2026-10-05T16:15:29.919035+00:00,away,-10.5,7.83,-2.67
401856823,2026,6,West Virginia Mountaineers,Arizona Wildcats,2026-10-10T16:00:00Z,2026-10-05T16:15:29.919035+00:00,away,3.5,-8.76,-5.26
401858481,2026,6,Nebraska Cornhuskers,Indiana Hoosiers,2026-10-10T16:00:00Z,2026-10-05T16:15:29.919035+00:00,away,7.5,-17.12,-9.620000000000001
401858260,2026,6,NC State Wolfpack,Wake Forest Demon Deacons,2026-10-10T16:00:00Z,2026-10-05T16:15:29.919035+00:00,home,3.5,5.37,8.870000000000001
401858256,2026,6,Pittsburgh Panthers,North Carolina Tar Heels,2026-10-10T16:00:00Z,2026-10-05T16:15:29.919035+00:00,home,-4.5,13.94,9.44
401856824,2026,6,Oklahoma State Cowboys,UCF Knights,2026-10-10T16:00:00Z,2026-10-05T16:15:29.919035+00:00,away,-9.5,-0.88,-10.38
401856714,2026,6,Florida Gators,South Carolina Gamecocks,2026-10-10T16:45:00Z,2026-10-05T16:15:29.919035+00:00,away,-13.5,9.62,-3.880000000000001
401866440,2026,6,UMass Minutemen,Miami (OH) RedHawks,2026-10-10T18:00:00Z,2026-10-05T16:15:29.919035+00:00,home,2.5,3.58,6.08
401866435,2026,6,Akron Zips,Eastern Michigan Eagles,2026-10-10T19:30:00Z,2026-10-05T16:15:29.919035+00:00,home,7.0,-0.8,6.2
401866437,2026,6,Toledo Rockets,Buffalo Bulls,2026-10-10T19:30:00Z,2026-10-05T16:15:29.919035+00:00,away,-20.5,11.3,-9.2
401858259,2026,6,California Golden Bears,Virginia Tech Hokies,2026-10-10T19:30:00Z,2026-10-05T16:15:29.919035+00:00,home,9.5,-0.34,9.16
401866438,2026,6,Ohio Bobcats,Central Michigan Chippewas,2026-10-10T19:30:00Z,2026-10-05T16:15:29.919035+00:00,home,-3.0,8.12,5.119999999999999
401862796,2026,6,North Texas Mean Green,Charlotte 49ers,2026-10-10T19:30:00Z,2026-10-05T16:15:29.919035+00:00,home,-27.5,54.27,26.770000000000003
401858480,2026,6,Michigan State Spartans,Illinois Fighting Illini,2026-10-10T19:30:00Z,2026-10-05T16:15:29.919035+00:00,away,2.5,-9.15,-6.65
401866439,2026,6,Western Michigan Broncos,Kent State Golden Flashes,2026-10-10T19:30:00Z,2026-10-05T16:15:29.919035+00:00,home,-13.5,20.62,7.120000000000001
401856717,2026,6,Oklahoma Sooners,Texas Longhorns,2026-10-10T19:30:00Z,2026-10-05T16:15:29.919035+00:00,home,8.5,-3.28,5.220000000000001
401856718,2026,6,Vanderbilt Commodores,Ole Miss Rebels,2026-10-10T19:30:00Z,2026-10-05T16:15:29.919035+00:00,home,9.5,4.0,13.5
401858484,2026,6,Oregon Ducks,UCLA Bruins,2026-10-10T19:30:00Z,2026-10-05T16:15:29.919035+00:00,home,-11.5,17.07,5.57
401861964,2026,6,Temple Owls,UConn Huskies,2026-10-10T19:45:00Z,2026-10-05T16:15:29.919035+00:00,away,-4.5,1.35,-3.15
401862797,2026,6,East Carolina Pirates,Rice Owls,2026-10-10T20:00:00Z,2026-10-05T16:15:29.919035+00:00,home,-10.0,19.5,9.5
401856713,2026,6,Arkansas Razorbacks,Tennessee Volunteers,2026-10-10T20:15:00Z,2026-10-05T16:15:29.919035+00:00,away,13.5,-16.26,-2.7600000000000016
401860902,2026,6,Oregon State Beavers,San Diego State Aztecs,2026-10-10T22:00:00Z,2026-10-05T16:15:29.919035+00:00,away,-14.0,0.16,-13.84
401856715,2026,6,Kentucky Wildcats,LSU Tigers,2026-10-10T23:00:00Z,2026-10-05T16:15:29.919035+00:00,home,10.0,-7.59,2.41
401862798,2026,6,Memphis Tigers,UAB Blazers,2026-10-10T23:00:00Z,2026-10-05T16:15:29.919035+00:00,home,-14.0,20.38,6.379999999999999
401864516,2026,6,Northern Illinois Huskies,Air Force Falcons,2026-10-10T23:30:00Z,2026-10-05T16:15:29.919035+00:00,away,10.0,-16.1,-6.100000000000001
401856712,2026,6,Alabama Crimson Tide,Georgia Bulldogs,2026-10-10T23:30:00Z,2026-10-05T16:15:29.919035+00:00,away,-1.5,-7.09,-8.59
401869949,2026,6,Georgia Southern Eagles,James Madison Dukes,2026-10-10T23:30:00Z,2026-10-05T16:15:29.919035+00:00,away,8.5,-18.67,-10.170000000000002
401869965,2026,6,Louisiana Tech Bulldogs,Louisiana Ragin Cajuns,2026-10-10T23:30:00Z,2026-10-05T16:15:29.919035+00:00,home,-3.0,10.84,7.84
401858485,2026,6,Penn State Nittany Lions,USC Trojans,2026-10-10T23:30:00Z,2026-10-05T16:15:29.919035+00:00,home,-1.5,16.67,15.170000000000002
401858258,2026,6,Virginia Cavaliers,Syracuse Orange,2026-10-10T23:30:00Z,2026-10-05T16:15:29.919035+00:00,home,-9.5,14.49,4.99
401858486,2026,6,Purdue Boilermakers,Minnesota Golden Gophers,2026-10-11T00:00:00Z,2026-10-05T16:15:29.919035+00:00,away,2.5,-11.83,-9.33
401856827,2026,6,Utah Utes,Kansas Jayhawks,2026-10-11T02:15:00Z,2026-10-05T16:15:29.919035+00:00,home,-15.5,21.13,5.629999999999999
401860901,2026,6,Fresno State Bulldogs,Boise State Broncos,2026-10-11T02:30:00Z,2026-10-05T16:15:29.919035+00:00,home,6.0,-1.08,4.92
401858488,2026,7,Indiana Hoosiers,Ohio State Buckeyes,2026-10-17T23:30:00Z,2026-10-05T16:15:29.919035+00:00,home,3.5,5.14,8.64
401871051,2026,6,Kennesaw State Owls,Jacksonville State Gamecocks,2026-10-07T23:00:00Z,2026-10-05T16:58:07.604951+00:00,home,3.0,3.35,6.35
401871066,2026,6,Florida International Panthers,New Mexico State Aggies,2026-10-07T23:30:00Z,2026-10-05T16:58:07.604951+00:00,away,-6.0,1.63,-4.37
401871052,2026,6,Western Kentucky Hilltoppers,Missouri State Bears,2026-10-08T23:00:00Z,2026-10-05T16:58:07.604951+00:00,home,-2.5,6.23,3.7300000000000004
401869933,2026,6,Arkansas State Red Wolves,South Alabama Jaguars,2026-10-08T23:30:00Z,2026-10-05T16:58:07.604951+00:00,home,-1.5,7.77,6.27
401858254,2026,6,Louisville Cardinals,Florida State Seminoles,2026-10-09T23:00:00Z,2026-10-05T16:58:07.604951+00:00,home,-4.0,8.89,4.890000000000001
401858487,2026,6,Washington Huskies,Iowa Hawkeyes,2026-10-10T01:00:00Z,2026-10-05T16:58:07.604951+00:00,away,-3.0,0.47,-2.5300000000000002
401864519,2026,6,San Jose State Spartans,Wyoming Cowboys,2026-10-10T01:00:00Z,2026-10-05T16:58:07.604951+00:00,home,-6.5,9.71,3.210000000000001
401860922,2026,6,Utah State Aggies,Washington State Cougars,2026-10-10T01:00:00Z,2026-10-05T16:58:07.604951+00:00,away,-5.5,-0.47,-5.97
401856826,2026,6,BYU Cougars,Iowa State Cyclones,2026-10-10T02:15:00Z,2026-10-05T16:58:07.604951+00:00,away,-10.5,7.83,-2.67
401856823,2026,6,West Virginia Mountaineers,Arizona Wildcats,2026-10-10T16:00:00Z,2026-10-05T16:58:07.604951+00:00,away,3.5,-8.76,-5.26
401858481,2026,6,Nebraska Cornhuskers,Indiana Hoosiers,2026-10-10T16:00:00Z,2026-10-05T16:58:07.604951+00:00,away,7.5,-17.12,-9.620000000000001
401858260,2026,6,NC State Wolfpack,Wake Forest Demon Deacons,2026-10-10T16:00:00Z,2026-10-05T16:58:07.604951+00:00,home,3.5,5.37,8.870000000000001
401858256,2026,6,Pittsburgh Panthers,North Carolina Tar Heels,2026-10-10T16:00:00Z,2026-10-05T16:58:07.604951+00:00,home,-4.5,13.94,9.44
401856824,2026,6,Oklahoma State Cowboys,UCF Knights,2026-10-10T16:00:00Z,2026-10-05T16:58:07.604951+00:00,away,-9.5,-0.88,-10.38
401856714,2026,6,Florida Gators,South Carolina Gamecocks,2026-10-10T16:45:00Z,2026-10-05T16:58:07.604951+00:00,away,-13.5,9.62,-3.880000000000001
401866440,2026,6,UMass Minutemen,Miami (OH) RedHawks,2026-10-10T18:00:00Z,2026-10-05T16:58:07.604951+00:00,home,2.5,3.58,6.08
401866435,2026,6,Akron Zips,Eastern Michigan Eagles,2026-10-10T19:30:00Z,2026-10-05T16:58:07.604951+00:00,home,7.0,-0.8,6.2
401866437,2026,6,Toledo Rockets,Buffalo Bulls,2026-10-10T19:30:00Z,2026-10-05T16:58:07.604951+00:00,away,-20.5,11.3,-9.2
401858259,2026,6,California Golden Bears,Virginia Tech Hokies,2026-10-10T19:30:00Z,2026-10-05T16:58:07.604951+00:00,home,9.5,-0.34,9.16
401866438,2026,6,Ohio Bobcats,Central Michigan Chippewas,2026-10-10T19:30:00Z,2026-10-05T16:58:07.604951+00:00,home,-3.0,8.12,5.119999999999999
401862796,2026,6,North Texas Mean Green,Charlotte 49ers,2026-10-10T19:30:00Z,2026-10-05T16:58:07.604951+00:00,home,-27.5,54.27,26.770000000000003
401858480,2026,6,Michigan State Spartans,Illinois Fighting Illini,2026-10-10T19:30:00Z,2026-10-05T16:58:07.604951+00:00,away,2.5,-9.15,-6.65
401866439,2026,6,Western Michigan Broncos,Kent State Golden Flashes,2026-10-10T19:30:00Z,2026-10-05T16:58:07.604951+00:00,home,-13.5,20.62,7.120000000000001
401856717,2026,6,Oklahoma Sooners,Texas Longhorns,2026-10-10T19:30:00Z,2026-10-05T16:58:07.604951+00:00,home,8.5,-3.28,5.220000000000001
401856718,2026,6,Vanderbilt Commodores,Ole Miss Rebels,2026-10-10T19:30:00Z,2026-10-05T16:58:07.604951+00:00,home,9.5,4.0,13.5
401858484,2026,6,Oregon Ducks,UCLA Bruins,2026-10-10T19:30:00Z,2026-10-05T16:58:07.604951+00:00,home,-11.5,17.07,5.57
401861964,2026,6,Temple Owls,UConn Huskies,2026-10-10T19:45:00Z,2026-10-05T16:58:07.604951+00:00,away,-4.5,1.35,-3.15
401862797,2026,6,East Carolina Pirates,Rice Owls,2026-10-10T20:00:00Z,2026-10-05T16:58:07.604951+00:00,home,-10.0,19.5,9.5
401856713,2026,6,Arkansas Razorbacks,Tennessee Volunteers,2026-10-10T20:15:00Z,2026-10-05T16:58:07.604951+00:00,away,13.5,-16.26,-2.7600000000000016
401860902,2026,6,Oregon State Beavers,San Diego State Aztecs,2026-10-10T22:00:00Z,2026-10-05T16:58:07.604951+00:00,away,-14.0,0.16,-13.84
401856715,2026,6,Kentucky Wildcats,LSU Tigers,2026-10-10T23:00:00Z,2026-10-05T16:58:07.604951+00:00,home,10.0,-7.59,2.41
401862798,2026,6,Memphis Tigers,UAB Blazers,2026-10-10T23:00:00Z,2026-10-05T16:58:07.604951+00:00,home,-14.0,20.38,6.379999999999999
401864516,2026,6,Northern Illinois Huskies,Air Force Falcons,2026-10-10T23:30:00Z,2026-10-05T16:58:07.604951+00:00,away,10.0,-16.1,-6.100000000000001
401856712,2026,6,Alabama Crimson Tide,Georgia Bulldogs,2026-10-10T23:30:00Z,2026-10-05T16:58:07.604951+00:00,away,-1.5,-7.09,-8.59
401869949,2026,6,Georgia Southern Eagles,James Madison Dukes,2026-10-10T23:30:00Z,2026-10-05T16:58:07.604951+00:00,away,7.5,-18.67,-11.170000000000002
401869965,2026,6,Louisiana Tech Bulldogs,Louisiana Ragin Cajuns,2026-10-10T23:30:00Z,2026-10-05T16:58:07.604951+00:00,home,-3.0,10.84,7.84
401858485,2026,6,Penn State Nittany Lions,USC Trojans,2026-10-10T23:30:00Z,2026-10-05T16:58:07.604951+00:00,home,-1.5,16.67,15.170000000000002
401858258,2026,6,Virginia Cavaliers,Syracuse Orange,2026-10-10T23:30:00Z,2026-10-05T16:58:07.604951+00:00,home,-9.5,14.49,4.99
401858486,2026,6,Purdue Boilermakers,Minnesota Golden Gophers,2026-10-11T00:00:00Z,2026-10-05T16:58:07.604951+00:00,away,2.5,-11.83,-9.33
401856827,2026,6,Utah Utes,Kansas Jayhawks,2026-10-11T02:15:00Z,2026-10-05T16:58:07.604951+00:00,home,-15.5,21.13,5.629999999999999
401860901,2026,6,Fresno State Bulldogs,Boise State Broncos,2026-10-11T02:30:00Z,2026-10-05T16:58:07.604951+00:00,home,6.0,-1.08,4.92
401858488,2026,7,Indiana Hoosiers,Ohio State Buckeyes,2026-10-17T23:30:00Z,2026-10-05T16:58:07.604951+00:00,home,3.5,5.14,8.64
401871051,2026,6,Kennesaw State Owls,Jacksonville State Gamecocks,2026-10-07T23:00:00Z,2026-10-05T17:42:39.614223+00:00,home,3.0,3.35,6.35
401871066,2026,6,Florida International Panthers,New Mexico State Aggies,2026-10-07T23:30:00Z,2026-10-05T17:42:39.614223+00:00,away,-6.0,1.63,-4.37
401871052,2026,6,Western Kentucky Hilltoppers,Missouri State Bears,2026-10-08T23:00:00Z,2026-10-05T17:42:39.614223+00:00,home,-2.5,6.23,3.7300000000000004
401869933,2026,6,Arkansas State Red Wolves,South Alabama Jaguars,2026-10-08T23:30:00Z,2026-10-05T17:42:39.614223+00:00,home,-1.5,7.77,6.27
401858254,2026,6,Louisville Cardinals,Florida State Seminoles,2026-10-09T23:00:00Z,2026-10-05T17:42:39.614223+00:00,home,-4.0,8.89,4.890000000000001
401858487,2026,6,Washington Huskies,Iowa Hawkeyes,2026-10-10T01:00:00Z,2026-10-05T17:42:39.614223+00:00,away,-3.0,0.47,-2.5300000000000002
401864519,2026,6,San Jose State Spartans,Wyoming Cowboys,2026-10-10T01:00:00Z,2026-10-05T17:42:39.614223+00:00,home,-6.5,9.71,3.210000000000001
401860922,2026,6,Utah State Aggies,Washington State Cougars,2026-10-10T01:00:00Z,2026-10-05T17:42:39.614223+00:00,away,-5.5,-0.47,-5.97
401856826,2026,6,BYU Cougars,Iowa State Cyclones,2026-10-10T02:15:00Z,2026-10-05T17:42:39.614223+00:00,away,-10.5,7.83,-2.67
401856823,2026,6,West Virginia Mountaineers,Arizona Wildcats,2026-10-10T16:00:00Z,2026-10-05T17:42:39.614223+00:00,away,3.5,-8.76,-5.26
401858481,2026,6,Nebraska Cornhuskers,Indiana Hoosiers,2026-10-10T16:00:00Z,2026-10-05T17:42:39.614223+00:00,away,7.5,-17.12,-9.620000000000001
401858260,2026,6,NC State Wolfpack,Wake Forest Demon Deacons,2026-10-10T16:00:00Z,2026-10-05T17:42:39.614223+00:00,home,3.5,5.37,8.870000000000001
401858256,2026,6,Pittsburgh Panthers,North Carolina Tar Heels,2026-10-10T16:00:00Z,2026-10-05T17:42:39.614223+00:00,home,-4.5,13.94,9.44
401856824,2026,6,Oklahoma State Cowboys,UCF Knights,2026-10-10T16:00:00Z,2026-10-05T17:42:39.614223+00:00,away,-9.5,-0.88,-10.38
401856714,2026,6,Florida Gators,South Carolina Gamecocks,2026-10-10T16:45:00Z,2026-10-05T17:42:39.614223+00:00,away,-13.5,9.62,-3.880000000000001
401866440,2026,6,UMass Minutemen,Miami (OH) RedHawks,2026-10-10T18:00:00Z,2026-10-05T17:42:39.614223+00:00,home,2.5,3.58,6.08
401866435,2026,6,Akron Zips,Eastern Michigan Eagles,2026-10-10T19:30:00Z,2026-10-05T17:42:39.614223+00:00,home,7.0,-0.8,6.2
401866437,2026,6,Toledo Rockets,Buffalo Bulls,2026-10-10T19:30:00Z,2026-10-05T17:42:39.614223+00:00,away,-20.5,11.3,-9.2
401858259,2026,6,California Golden Bears,Virginia Tech Hokies,2026-10-10T19:30:00Z,2026-10-05T17:42:39.614223+00:00,home,9.5,-0.34,9.16
401866438,2026,6,Ohio Bobcats,Central Michigan Chippewas,2026-10-10T19:30:00Z,2026-10-05T17:42:39.614223+00:00,home,-3.0,8.12,5.119999999999999
401862796,2026,6,North Texas Mean Green,Charlotte 49ers,2026-10-10T19:30:00Z,2026-10-05T17:42:39.614223+00:00,home,-27.5,54.27,26.770000000000003
401858480,2026,6,Michigan State Spartans,Illinois Fighting Illini,2026-10-10T19:30:00Z,2026-10-05T17:42:39.614223+00:00,away,2.5,-9.15,-6.65
401866439,2026,6,Western Michigan Broncos,Kent State Golden Flashes,2026-10-10T19:30:00Z,2026-10-05T17:42:39.614223+00:00,home,-13.5,20.62,7.120000000000001
401856717,2026,6,Oklahoma Sooners,Texas Longhorns,2026-10-10T19:30:00Z,2026-10-05T17:42:39.614223+00:00,home,7.5,-3.28,4.220000000000001
401856718,2026,6,Vanderbilt Commodores,Ole Miss Rebels,2026-10-10T19:30:00Z,2026-10-05T17:42:39.614223+00:00,home,9.5,4.0,13.5
401858484,2026,6,Oregon Ducks,UCLA Bruins,2026-10-10T19:30:00Z,2026-10-05T17:42:39.614223+00:00,home,-11.5,17.07,5.57
401861964,2026,6,Temple Owls,UConn Huskies,2026-10-10T19:45:00Z,2026-10-05T17:42:39.614223+00:00,away,-4.5,1.35,-3.15
401862797,2026,6,East Carolina Pirates,Rice Owls,2026-10-10T20:00:00Z,2026-10-05T17:42:39.614223+00:00,home,-10.0,19.5,9.5
401856713,2026,6,Arkansas Razorbacks,Tennessee Volunteers,2026-10-10T20:15:00Z,2026-10-05T17:42:39.614223+00:00,away,13.5,-16.26,-2.7600000000000016
401860902,2026,6,Oregon State Beavers,San Diego State Aztecs,2026-10-10T22:00:00Z,2026-10-05T17:42:39.614223+00:00,away,-14.0,0.16,-13.84
401856715,2026,6,Kentucky Wildcats,LSU Tigers,2026-10-10T23:00:00Z,2026-10-05T17:42:39.614223+00:00,home,10.0,-7.59,2.41
401862798,2026,6,Memphis Tigers,UAB Blazers,2026-10-10T23:00:00Z,2026-10-05T17:42:39.614223+00:00,home,-14.0,20.38,6.379999999999999
401864516,2026,6,Northern Illinois Huskies,Air Force Falcons,2026-10-10T23:30:00Z,2026-10-05T17:42:39.614223+00:00,away,10.0,-16.1,-6.100000000000001
401856712,2026,6,Alabama Crimson Tide,Georgia Bulldogs,2026-10-10T23:30:00Z,2026-10-05T17:42:39.614223+00:00,away,-1.5,-7.09,-8.59
401869949,2026,6,Georgia Southern Eagles,James Madison Dukes,2026-10-10T23:30:00Z,2026-10-05T17:42:39.614223+00:00,away,7.5,-18.67,-11.170000000000002
401869965,2026,6,Louisiana Tech Bulldogs,Louisiana Ragin Cajuns,2026-10-10T23:30:00Z,2026-10-05T17:42:39.614223+00:00,home,-3.0,10.84,7.84
401858485,2026,6,Penn State Nittany Lions,USC Trojans,2026-10-10T23:30:00Z,2026-10-05T17:42:39.614223+00:00,home,-1.5,16.67,15.170000000000002
401858258,2026,6,Virginia Cavaliers,Syracuse Orange,2026-10-10T23:30:00Z,2026-10-05T17:42:39.614223+00:00,home,-9.5,14.49,4.99
401858486,2026,6,Purdue Boilermakers,Minnesota Golden Gophers,2026-10-11T00:00:00Z,2026-10-05T17:42:39.614223+00:00,away,2.5,-11.83,-9.33
401856827,2026,6,Utah Utes,Kansas Jayhawks,2026-10-11T02:15:00Z,2026-10-05T17:42:39.614223+00:00,home,-15.5,21.13,5.629999999999999
401860901,2026,6,Fresno State Bulldogs,Boise State Broncos,2026-10-11T02:30:00Z,2026-10-05T17:42:39.614223+00:00,home,6.0,-1.08,4.92
401858488,2026,7,Indiana Hoosiers,Ohio State Buckeyes,2026-10-17T16:00:00Z,2026-10-05T17:42:39.614223+00:00,home,3.5,5.14,8.64
401871051,2026,6,Kennesaw State Owls,Jacksonville State Gamecocks,2026-10-07T23:00:00Z,2026-10-05T18:32:36.245245+00:00,home,3.0,2.87,5.87
401871066,2026,6,Florida International Panthers,New Mexico State Aggies,2026-10-07T23:30:00Z,2026-10-05T18:32:36.245245+00:00,away,-6.0,1.63,-4.37
401871052,2026,6,Western Kentucky Hilltoppers,Missouri State Bears,2026-10-08T23:00:00Z,2026-10-05T18:32:36.245245+00:00,home,-2.5,6.23,3.7300000000000004
401869933,2026,6,Arkansas State Red Wolves,South Alabama Jaguars,2026-10-08T23:30:00Z,2026-10-05T18:32:36.245245+00:00,home,-1.5,7.02,5.52
401858254,2026,6,Louisville Cardinals,Florida State Seminoles,2026-10-09T23:00:00Z,2026-10-05T18:32:36.245245+00:00,home,-4.0,8.89,4.890000000000001
401858487,2026,6,Washington Huskies,Iowa Hawkeyes,2026-10-10T01:00:00Z,2026-10-05T18:32:36.245245+00:00,away,-3.0,0.47,-2.5300000000000002
401864519,2026,6,San Jose State Spartans,Wyoming Cowboys,2026-10-10T01:00:00Z,2026-10-05T18:32:36.245245+00:00,home,-6.5,9.71,3.210000000000001
401860922,2026,6,Utah State Aggies,Washington State Cougars,2026-10-10T01:00:00Z,2026-10-05T18:32:36.245245+00:00,away,-5.5,-0.77,-6.27
401856826,2026,6,BYU Cougars,Iowa State Cyclones,2026-10-10T02:15:00Z,2026-10-05T18:32:36.245245+00:00,away,-10.5,7.83,-2.67
401856823,2026,6,West Virginia Mountaineers,Arizona Wildcats,2026-10-10T16:00:00Z,2026-10-05T18:32:36.245245+00:00,away,3.5,-6.18,-2.6799999999999997
401862795,2026,6,Army Black Knights,Tulane Green Wave,2026-10-10T16:00:00Z,2026-10-05T18:32:36.245245+00:00,away,-3.0,0.6,-2.4
401858481,2026,6,Nebraska Cornhuskers,Indiana Hoosiers,2026-10-10T16:00:00Z,2026-10-05T18:32:36.245245+00:00,away,7.5,-17.12,-9.620000000000001
401858260,2026,6,NC State Wolfpack,Wake Forest Demon Deacons,2026-10-10T16:00:00Z,2026-10-05T18:32:36.245245+00:00,home,3.5,5.37,8.870000000000001
401858256,2026,6,Pittsburgh Panthers,North Carolina Tar Heels,2026-10-10T16:00:00Z,2026-10-05T18:32:36.245245+00:00,home,-4.5,13.94,9.44
401856824,2026,6,Oklahoma State Cowboys,UCF Knights,2026-10-10T16:00:00Z,2026-10-05T18:32:36.245245+00:00,away,-9.5,-0.88,-10.38
401856714,2026,6,Florida Gators,South Carolina Gamecocks,2026-10-10T16:45:00Z,2026-10-05T18:32:36.245245+00:00,away,-13.5,9.62,-3.880000000000001
401866440,2026,6,UMass Minutemen,Miami (OH) RedHawks,2026-10-10T18:00:00Z,2026-10-05T18:32:36.245245+00:00,home,2.5,3.58,6.08
401866435,2026,6,Akron Zips,Eastern Michigan Eagles,2026-10-10T19:30:00Z,2026-10-05T18:32:36.245245+00:00,home,7.0,-2.46,4.54
401866437,2026,6,Toledo Rockets,Buffalo Bulls,2026-10-10T19:30:00Z,2026-10-05T18:32:36.245245+00:00,away,-20.5,14.2,-6.300000000000001
401858259,2026,6,California Golden Bears,Virginia Tech Hokies,2026-10-10T19:30:00Z,2026-10-05T18:32:36.245245+00:00,home,9.5,-0.34,9.16
401866438,2026,6,Ohio Bobcats,Central Michigan Chippewas,2026-10-10T19:30:00Z,2026-10-05T18:32:36.245245+00:00,home,-3.0,8.3,5.300000000000001
401862796,2026,6,North Texas Mean Green,Charlotte 49ers,2026-10-10T19:30:00Z,2026-10-05T18:32:36.245245+00:00,home,-27.5,54.27,26.770000000000003
401856825,2026,6,Kansas State Wildcats,Houston Cougars,2026-10-10T19:30:00Z,2026-10-05T18:32:36.245245+00:00,home,-2.5,5.31,2.8099999999999996
401858480,2026,6,Michigan State Spartans,Illinois Fighting Illini,2026-10-10T19:30:00Z,2026-10-05T18:32:36.245245+00:00,away,2.5,-9.15,-6.65
401866439,2026,6,Western Michigan Broncos,Kent State Golden Flashes,2026-10-10T19:30:00Z,2026-10-05T18:32:36.245245+00:00,home,-13.5,19.28,5.780000000000001
401856717,2026,6,Oklahoma Sooners,Texas Longhorns,2026-10-10T19:30:00Z,2026-10-05T18:32:36.245245+00:00,home,7.5,-3.28,4.220000000000001
401856718,2026,6,Vanderbilt Commodores,Ole Miss Rebels,2026-10-10T19:30:00Z,2026-10-05T18:32:36.245245+00:00,home,9.5,4.0,13.5
401858484,2026,6,Oregon Ducks,UCLA Bruins,2026-10-10T19:30:00Z,2026-10-05T18:32:36.245245+00:00,home,-11.5,17.07,5.57
401861964,2026,6,Temple Owls,UConn Huskies,2026-10-10T19:45:00Z,2026-10-05T18:32:36.245245+00:00,away,-4.5,1.35,-3.15
401862797,2026,6,East Carolina Pirates,Rice Owls,2026-10-10T20:00:00Z,2026-10-05T18:32:36.245245+00:00,home,-10.0,17.05,7.050000000000001
401860902,2026,6,Oregon State Beavers,San Diego State Aztecs,2026-10-10T22:00:00Z,2026-10-05T18:32:36.245245+00:00,away,-14.0,-0.59,-14.59
401856715,2026,6,Kentucky Wildcats,LSU Tigers,2026-10-10T23:00:00Z,2026-10-05T18:32:36.245245+00:00,home,9.5,-7.59,1.9100000000000001
401862798,2026,6,Memphis Tigers,UAB Blazers,2026-10-10T23:00:00Z,2026-10-05T18:32:36.245245+00:00,home,-14.0,20.38,6.379999999999999
401864516,2026,6,Northern Illinois Huskies,Air Force Falcons,2026-10-10T23:30:00Z,2026-10-05T18:32:36.245245+00:00,away,9.5,-18.31,-8.809999999999999
401856712,2026,6,Alabama Crimson Tide,Georgia Bulldogs,2026-10-10T23:30:00Z,2026-10-05T18:32:36.245245+00:00,away,-1.5,-6.42,-7.92
401869949,2026,6,Georgia Southern Eagles,James Madison Dukes,2026-10-10T23:30:00Z,2026-10-05T18:32:36.245245+00:00,away,7.5,-19.67,-12.170000000000002
401869965,2026,6,Louisiana Tech Bulldogs,Louisiana Ragin Cajuns,2026-10-10T23:30:00Z,2026-10-05T18:32:36.245245+00:00,home,-3.0,11.59,8.59
401858485,2026,6,Penn State Nittany Lions,USC Trojans,2026-10-10T23:30:00Z,2026-10-05T18:32:36.245245+00:00,home,-1.5,16.67,15.170000000000002
401858258,2026,6,Virginia Cavaliers,Syracuse Orange,2026-10-10T23:30:00Z,2026-10-05T18:32:36.245245+00:00,home,-9.5,14.33,4.83
401858486,2026,6,Purdue Boilermakers,Minnesota Golden Gophers,2026-10-11T00:00:00Z,2026-10-05T18:32:36.245245+00:00,away,2.5,-11.83,-9.33
401856827,2026,6,Utah Utes,Kansas Jayhawks,2026-10-11T02:15:00Z,2026-10-05T18:32:36.245245+00:00,home,-15.5,21.13,5.629999999999999
401860901,2026,6,Fresno State Bulldogs,Boise State Broncos,2026-10-11T02:30:00Z,2026-10-05T18:32:36.245245+00:00,home,6.0,-1.08,4.92
401858488,2026,7,Indiana Hoosiers,Ohio State Buckeyes,2026-10-17T16:00:00Z,2026-10-05T18:32:36.245245+00:00,home,3.5,5.14,8.64
401871051,2026,6,Kennesaw State Owls,Jacksonville State Gamecocks,2026-10-07T23:00:00Z,2026-10-05T18:58:28.867310+00:00,home,3.0,2.87,5.87
401871066,2026,6,Florida International Panthers,New Mexico State Aggies,2026-10-07T23:30:00Z,2026-10-05T18:58:28.867310+00:00,away,-6.0,1.63,-4.37
401871052,2026,6,Western Kentucky Hilltoppers,Missouri State Bears,2026-10-08T23:00:00Z,2026-10-05T18:58:28.867310+00:00,home,-2.5,6.23,3.7300000000000004
401869933,2026,6,Arkansas State Red Wolves,South Alabama Jaguars,2026-10-08T23:30:00Z,2026-10-05T18:58:28.867310+00:00,home,-1.5,7.02,5.52
401858254,2026,6,Louisville Cardinals,Florida State Seminoles,2026-10-09T23:00:00Z,2026-10-05T18:58:28.867310+00:00,home,-4.0,8.89,4.890000000000001
401858487,2026,6,Washington Huskies,Iowa Hawkeyes,2026-10-10T01:00:00Z,2026-10-05T18:58:28.867310+00:00,away,-3.0,0.47,-2.5300000000000002
401864519,2026,6,San Jose State Spartans,Wyoming Cowboys,2026-10-10T01:00:00Z,2026-10-05T18:58:28.867310+00:00,home,-6.5,9.71,3.210000000000001
401860922,2026,6,Utah State Aggies,Washington State Cougars,2026-10-10T01:00:00Z,2026-10-05T18:58:28.867310+00:00,away,-5.5,-0.77,-6.27
401856826,2026,6,BYU Cougars,Iowa State Cyclones,2026-10-10T02:15:00Z,2026-10-05T18:58:28.867310+00:00,away,-10.5,7.83,-2.67
401856823,2026,6,West Virginia Mountaineers,Arizona Wildcats,2026-10-10T16:00:00Z,2026-10-05T18:58:28.867310+00:00,away,3.5,-6.18,-2.6799999999999997
401862795,2026,6,Army Black Knights,Tulane Green Wave,2026-10-10T16:00:00Z,2026-10-05T18:58:28.867310+00:00,away,-3.0,0.6,-2.4
401858481,2026,6,Nebraska Cornhuskers,Indiana Hoosiers,2026-10-10T16:00:00Z,2026-10-05T18:58:28.867310+00:00,away,7.5,-17.12,-9.620000000000001
401858260,2026,6,NC State Wolfpack,Wake Forest Demon Deacons,2026-10-10T16:00:00Z,2026-10-05T18:58:28.867310+00:00,home,3.5,5.37,8.870000000000001
401858256,2026,6,Pittsburgh Panthers,North Carolina Tar Heels,2026-10-10T16:00:00Z,2026-10-05T18:58:28.867310+00:00,home,-4.5,13.94,9.44
401856824,2026,6,Oklahoma State Cowboys,UCF Knights,2026-10-10T16:00:00Z,2026-10-05T18:58:28.867310+00:00,away,-9.5,-0.88,-10.38
401856714,2026,6,Florida Gators,South Carolina Gamecocks,2026-10-10T16:45:00Z,2026-10-05T18:58:28.867310+00:00,away,-13.5,9.62,-3.880000000000001
401866440,2026,6,UMass Minutemen,Miami (OH) RedHawks,2026-10-10T18:00:00Z,2026-10-05T18:58:28.867310+00:00,home,2.5,3.58,6.08
401866435,2026,6,Akron Zips,Eastern Michigan Eagles,2026-10-10T19:30:00Z,2026-10-05T18:58:28.867310+00:00,home,7.0,-2.46,4.54
401866437,2026,6,Toledo Rockets,Buffalo Bulls,2026-10-10T19:30:00Z,2026-10-05T18:58:28.867310+00:00,away,-20.5,14.2,-6.300000000000001
401858259,2026,6,California Golden Bears,Virginia Tech Hokies,2026-10-10T19:30:00Z,2026-10-05T18:58:28.867310+00:00,home,9.5,-0.34,9.16
401866438,2026,6,Ohio Bobcats,Central Michigan Chippewas,2026-10-10T19:30:00Z,2026-10-05T18:58:28.867310+00:00,home,-3.0,8.3,5.300000000000001
401862796,2026,6,North Texas Mean Green,Charlotte 49ers,2026-10-10T19:30:00Z,2026-10-05T18:58:28.867310+00:00,home,-27.5,54.27,26.770000000000003
401856825,2026,6,Kansas State Wildcats,Houston Cougars,2026-10-10T19:30:00Z,2026-10-05T18:58:28.867310+00:00,home,-2.5,5.31,2.8099999999999996
401858480,2026,6,Michigan State Spartans,Illinois Fighting Illini,2026-10-10T19:30:00Z,2026-10-05T18:58:28.867310+00:00,away,2.5,-9.15,-6.65
401866439,2026,6,Western Michigan Broncos,Kent State Golden Flashes,2026-10-10T19:30:00Z,2026-10-05T18:58:28.867310+00:00,home,-13.5,19.28,5.780000000000001
401856717,2026,6,Oklahoma Sooners,Texas Longhorns,2026-10-10T19:30:00Z,2026-10-05T18:58:28.867310+00:00,home,7.5,-3.28,4.220000000000001
401856718,2026,6,Vanderbilt Commodores,Ole Miss Rebels,2026-10-10T19:30:00Z,2026-10-05T18:58:28.867310+00:00,home,9.5,4.0,13.5
401858484,2026,6,Oregon Ducks,UCLA Bruins,2026-10-10T19:30:00Z,2026-10-05T18:58:28.867310+00:00,home,-11.5,17.07,5.57
401861964,2026,6,Temple Owls,UConn Huskies,2026-10-10T19:45:00Z,2026-10-05T18:58:28.867310+00:00,away,-4.5,1.35,-3.15
401862797,2026,6,East Carolina Pirates,Rice Owls,2026-10-10T20:00:00Z,2026-10-05T18:58:28.867310+00:00,home,-10.0,17.05,7.050000000000001
401860902,2026,6,Oregon State Beavers,San Diego State Aztecs,2026-10-10T22:00:00Z,2026-10-05T18:58:28.867310+00:00,away,-14.0,-0.59,-14.59
401862798,2026,6,Memphis Tigers,UAB Blazers,2026-10-10T23:00:00Z,2026-10-05T18:58:28.867310+00:00,home,-14.0,20.38,6.379999999999999
401864516,2026,6,Northern Illinois Huskies,Air Force Falcons,2026-10-10T23:30:00Z,2026-10-05T18:58:28.867310+00:00,away,8.5,-18.31,-9.809999999999999
401856712,2026,6,Alabama Crimson Tide,Georgia Bulldogs,2026-10-10T23:30:00Z,2026-10-05T18:58:28.867310+00:00,away,-1.5,-6.42,-7.92
401869949,2026,6,Georgia Southern Eagles,James Madison Dukes,2026-10-10T23:30:00Z,2026-10-05T18:58:28.867310+00:00,away,7.5,-19.67,-12.170000000000002
401869965,2026,6,Louisiana Tech Bulldogs,Louisiana Ragin Cajuns,2026-10-10T23:30:00Z,2026-10-05T18:58:28.867310+00:00,home,-3.0,11.59,8.59
401858485,2026,6,Penn State Nittany Lions,USC Trojans,2026-10-10T23:30:00Z,2026-10-05T18:58:28.867310+00:00,home,-1.5,16.67,15.170000000000002
401858258,2026,6,Virginia Cavaliers,Syracuse Orange,2026-10-10T23:30:00Z,2026-10-05T18:58:28.867310+00:00,home,-9.5,14.33,4.83
401858486,2026,6,Purdue Boilermakers,Minnesota Golden Gophers,2026-10-11T00:00:00Z,2026-10-05T18:58:28.867310+00:00,away,2.5,-11.83,-9.33
401856827,2026,6,Utah Utes,Kansas Jayhawks,2026-10-11T02:15:00Z,2026-10-05T18:58:28.867310+00:00,home,-15.5,21.13,5.629999999999999
401860901,2026,6,Fresno State Bulldogs,Boise State Broncos,2026-10-11T02:30:00Z,2026-10-05T18:58:28.867310+00:00,home,6.0,-1.08,4.92
401858488,2026,7,Indiana Hoosiers,Ohio State Buckeyes,2026-10-17T16:00:00Z,2026-10-05T18:58:28.867310+00:00,home,3.5,5.14,8.64
401871051,2026,6,Kennesaw State Owls,Jacksonville State Gamecocks,2026-10-07T23:00:00Z,2026-10-05T19:24:52.360483+00:00,home,3.0,-1.04,1.96
401871066,2026,6,Florida International Panthers,New Mexico State Aggies,2026-10-07T23:30:00Z,2026-10-05T19:24:52.360483+00:00,away,-6.0,1.69,-4.3100000000000005
401869933,2026,6,Arkansas State Red Wolves,South Alabama Jaguars,2026-10-08T23:30:00Z,2026-10-05T19:24:52.360483+00:00,home,-1.5,3.55,2.05
401862794,2026,6,UTSA Roadrunners,South Florida Bulls,2026-10-08T23:30:00Z,2026-10-05T19:24:52.360483+00:00,away,-7.0,-3.71,-10.71
401858254,2026,6,Louisville Cardinals,Florida State Seminoles,2026-10-09T23:00:00Z,2026-10-05T19:24:52.360483+00:00,home,-4.0,6.32,2.3200000000000003
401858487,2026,6,Washington Huskies,Iowa Hawkeyes,2026-10-10T01:00:00Z,2026-10-05T19:24:52.360483+00:00,away,-3.0,-0.88,-3.88
401864519,2026,6,San Jose State Spartans,Wyoming Cowboys,2026-10-10T01:00:00Z,2026-10-05T19:24:52.360483+00:00,home,-6.5,11.81,5.3100000000000005
401860922,2026,6,Utah State Aggies,Washington State Cougars,2026-10-10T01:00:00Z,2026-10-05T19:24:52.360483+00:00,away,-5.5,-1.91,-7.41
401856823,2026,6,West Virginia Mountaineers,Arizona Wildcats,2026-10-10T16:00:00Z,2026-10-05T19:24:52.360483+00:00,away,3.5,-6.55,-3.05
401862795,2026,6,Army Black Knights,Tulane Green Wave,2026-10-10T16:00:00Z,2026-10-05T19:24:52.360483+00:00,away,-3.0,0.01,-2.99
401858481,2026,6,Nebraska Cornhuskers,Indiana Hoosiers,2026-10-10T16:00:00Z,2026-10-05T19:24:52.360483+00:00,away,7.5,-14.55,-7.050000000000001
401856716,2026,6,Missouri Tigers,Texas A&M Aggies,2026-10-10T16:00:00Z,2026-10-05T19:24:52.360483+00:00,home,-3.5,6.45,2.95
401858260,2026,6,NC State Wolfpack,Wake Forest Demon Deacons,2026-10-10T16:00:00Z,2026-10-05T19:24:52.360483+00:00,home,3.5,1.85,5.35
401858256,2026,6,Pittsburgh Panthers,North Carolina Tar Heels,2026-10-10T16:00:00Z,2026-10-05T19:24:52.360483+00:00,home,-4.5,12.67,8.17
401856714,2026,6,Florida Gators,South Carolina Gamecocks,2026-10-10T16:45:00Z,2026-10-05T19:24:52.360483+00:00,away,-13.5,11.16,-2.34
401866440,2026,6,UMass Minutemen,Miami (OH) RedHawks,2026-10-10T18:00:00Z,2026-10-05T19:24:52.360483+00:00,away,2.5,-9.4,-6.9
401866435,2026,6,Akron Zips,Eastern Michigan Eagles,2026-10-10T19:30:00Z,2026-10-05T19:24:52.360483+00:00,home,7.0,-4.59,2.41
401866437,2026,6,Toledo Rockets,Buffalo Bulls,2026-10-10T19:30:00Z,2026-10-05T19:24:52.360483+00:00,away,-20.5,13.74,-6.76
401858259,2026,6,California Golden Bears,Virginia Tech Hokies,2026-10-10T19:30:00Z,2026-10-05T19:24:52.360483+00:00,home,9.5,-1.91,7.59
401866438,2026,6,Ohio Bobcats,Central Michigan Chippewas,2026-10-10T19:30:00Z,2026-10-05T19:24:52.360483+00:00,home,-3.0,6.66,3.66
401862796,2026,6,North Texas Mean Green,Charlotte 49ers,2026-10-10T19:30:00Z,2026-10-05T19:24:52.360483+00:00,home,-27.5,41.8,14.299999999999997
401858480,2026,6,Michigan State Spartans,Illinois Fighting Illini,2026-10-10T19:30:00Z,2026-10-05T19:24:52.360483+00:00,away,2.5,-10.43,-7.93
401866439,2026,6,Western Michigan Broncos,Kent State Golden Flashes,2026-10-10T19:30:00Z,2026-10-05T19:24:52.360483+00:00,home,-13.5,20.64,7.140000000000001
401862799,2026,6,Navy Midshipmen,Tulsa Golden Hurricane,2026-10-10T19:30:00Z,2026-10-05T19:24:52.360483+00:00,away,-2.5,0.55,-1.95
401856718,2026,6,Vanderbilt Commodores,Ole Miss Rebels,2026-10-10T19:30:00Z,2026-10-05T19:24:52.360483+00:00,home,9.5,2.09,11.59
401858484,2026,6,Oregon Ducks,UCLA Bruins,2026-10-10T19:30:00Z,2026-10-05T19:24:52.360483+00:00,home,-11.5,19.12,7.620000000000001
401861964,2026,6,Temple Owls,UConn Huskies,2026-10-10T19:45:00Z,2026-10-05T19:24:52.360483+00:00,away,-4.5,0.73,-3.77
401862797,2026,6,East Carolina Pirates,Rice Owls,2026-10-10T20:00:00Z,2026-10-05T19:24:52.360483+00:00,home,-10.0,18.31,8.309999999999999
401860902,2026,6,Oregon State Beavers,San Diego State Aztecs,2026-10-10T22:00:00Z,2026-10-05T19:24:52.360483+00:00,away,-14.0,4.73,-9.27
401856715,2026,6,Kentucky Wildcats,LSU Tigers,2026-10-10T23:00:00Z,2026-10-05T19:24:52.360483+00:00,away,8.5,-11.87,-3.369999999999999
401862798,2026,6,Memphis Tigers,UAB Blazers,2026-10-10T23:00:00Z,2026-10-05T19:24:52.360483+00:00,home,-14.0,26.53,12.530000000000001
401864516,2026,6,Northern Illinois Huskies,Air Force Falcons,2026-10-10T23:30:00Z,2026-10-05T19:24:52.360483+00:00,away,7.5,-15.99,-8.49
401856712,2026,6,Alabama Crimson Tide,Georgia Bulldogs,2026-10-10T23:30:00Z,2026-10-05T19:24:52.360483+00:00,away,-1.5,-5.67,-7.17
401869949,2026,6,Georgia Southern Eagles,James Madison Dukes,2026-10-10T23:30:00Z,2026-10-05T19:24:52.360483+00:00,away,7.5,-22.74,-15.239999999999998
401869965,2026,6,Louisiana Tech Bulldogs,Louisiana Ragin Cajuns,2026-10-10T23:30:00Z,2026-10-05T19:24:52.360483+00:00,home,-3.0,7.08,4.08
401858485,2026,6,Penn State Nittany Lions,USC Trojans,2026-10-10T23:30:00Z,2026-10-05T19:24:52.360483+00:00,home,-1.5,12.96,11.46
401858486,2026,6,Purdue Boilermakers,Minnesota Golden Gophers,2026-10-11T00:00:00Z,2026-10-05T19:24:52.360483+00:00,away,2.5,-13.67,-11.17
401856827,2026,6,Utah Utes,Kansas Jayhawks,2026-10-11T02:15:00Z,2026-10-05T19:24:52.360483+00:00,home,-15.5,18.81,3.3099999999999987
401856808,2026,6,Arizona State Sun Devils,Hawaii Rainbow Warriors,2026-10-11T02:30:00Z,2026-10-05T19:24:52.360483+00:00,away,-20.5,18.15,-2.3500000000000014
401860901,2026,6,Fresno State Bulldogs,Boise State Broncos,2026-10-11T02:30:00Z,2026-10-05T19:24:52.360483+00:00,home,6.0,-2.63,3.37
401858488,2026,7,Indiana Hoosiers,Ohio State Buckeyes,2026-10-17T16:00:00Z,2026-10-05T19:24:52.360483+00:00,home,3.5,5.14,8.64
401871051,2026,6,Kennesaw State Owls,Jacksonville State Gamecocks,2026-10-07T23:00:00Z,2026-10-05T20:36:54.465623+00:00,home,3.0,-1.04,1.96
401871066,2026,6,Florida International Panthers,New Mexico State Aggies,2026-10-07T23:30:00Z,2026-10-05T20:36:54.465623+00:00,away,-6.0,1.69,-4.3100000000000005
401869933,2026,6,Arkansas State Red Wolves,South Alabama Jaguars,2026-10-08T23:30:00Z,2026-10-05T20:36:54.465623+00:00,home,-1.5,3.55,2.05
401862794,2026,6,UTSA Roadrunners,South Florida Bulls,2026-10-08T23:30:00Z,2026-10-05T20:36:54.465623+00:00,away,-7.0,-3.71,-10.71
401858254,2026,6,Louisville Cardinals,Florida State Seminoles,2026-10-09T23:00:00Z,2026-10-05T20:36:54.465623+00:00,home,-4.0,6.32,2.3200000000000003
401858487,2026,6,Washington Huskies,Iowa Hawkeyes,2026-10-10T01:00:00Z,2026-10-05T20:36:54.465623+00:00,away,-3.0,-0.88,-3.88
401864519,2026,6,San Jose State Spartans,Wyoming Cowboys,2026-10-10T01:00:00Z,2026-10-05T20:36:54.465623+00:00,home,-6.5,11.81,5.3100000000000005
401860922,2026,6,Utah State Aggies,Washington State Cougars,2026-10-10T01:00:00Z,2026-10-05T20:36:54.465623+00:00,away,-5.5,-1.91,-7.41
401856823,2026,6,West Virginia Mountaineers,Arizona Wildcats,2026-10-10T16:00:00Z,2026-10-05T20:36:54.465623+00:00,away,3.5,-6.55,-3.05
401862795,2026,6,Army Black Knights,Tulane Green Wave,2026-10-10T16:00:00Z,2026-10-05T20:36:54.465623+00:00,away,-3.0,0.01,-2.99
401858481,2026,6,Nebraska Cornhuskers,Indiana Hoosiers,2026-10-10T16:00:00Z,2026-10-05T20:36:54.465623+00:00,away,7.5,-14.55,-7.050000000000001
401856716,2026,6,Missouri Tigers,Texas A&M Aggies,2026-10-10T16:00:00Z,2026-10-05T20:36:54.465623+00:00,home,-3.5,6.45,2.95
401858260,2026,6,NC State Wolfpack,Wake Forest Demon Deacons,2026-10-10T16:00:00Z,2026-10-05T20:36:54.465623+00:00,home,3.5,1.85,5.35
401858256,2026,6,Pittsburgh Panthers,North Carolina Tar Heels,2026-10-10T16:00:00Z,2026-10-05T20:36:54.465623+00:00,home,-4.5,12.67,8.17
401856714,2026,6,Florida Gators,South Carolina Gamecocks,2026-10-10T16:45:00Z,2026-10-05T20:36:54.465623+00:00,away,-13.5,11.16,-2.34
401866440,2026,6,UMass Minutemen,Miami (OH) RedHawks,2026-10-10T18:00:00Z,2026-10-05T20:36:54.465623+00:00,away,2.5,-9.4,-6.9
401866435,2026,6,Akron Zips,Eastern Michigan Eagles,2026-10-10T19:30:00Z,2026-10-05T20:36:54.465623+00:00,home,7.0,-4.59,2.41
401866437,2026,6,Toledo Rockets,Buffalo Bulls,2026-10-10T19:30:00Z,2026-10-05T20:36:54.465623+00:00,away,-19.5,13.74,-5.76
401858259,2026,6,California Golden Bears,Virginia Tech Hokies,2026-10-10T19:30:00Z,2026-10-05T20:36:54.465623+00:00,home,9.5,-1.91,7.59
401866438,2026,6,Ohio Bobcats,Central Michigan Chippewas,2026-10-10T19:30:00Z,2026-10-05T20:36:54.465623+00:00,home,-3.0,6.66,3.66
401862796,2026,6,North Texas Mean Green,Charlotte 49ers,2026-10-10T19:30:00Z,2026-10-05T20:36:54.465623+00:00,home,-27.5,41.8,14.299999999999997
401858480,2026,6,Michigan State Spartans,Illinois Fighting Illini,2026-10-10T19:30:00Z,2026-10-05T20:36:54.465623+00:00,away,2.5,-10.43,-7.93
401866439,2026,6,Western Michigan Broncos,Kent State Golden Flashes,2026-10-10T19:30:00Z,2026-10-05T20:36:54.465623+00:00,home,-13.5,20.64,7.140000000000001
401862799,2026,6,Navy Midshipmen,Tulsa Golden Hurricane,2026-10-10T19:30:00Z,2026-10-05T20:36:54.465623+00:00,away,-2.5,0.55,-1.95
401856717,2026,6,Oklahoma Sooners,Texas Longhorns,2026-10-10T19:30:00Z,2026-10-05T20:36:54.465623+00:00,home,8.5,-6.12,2.38
401856718,2026,6,Vanderbilt Commodores,Ole Miss Rebels,2026-10-10T19:30:00Z,2026-10-05T20:36:54.465623+00:00,home,9.5,2.09,11.59
401858484,2026,6,Oregon Ducks,UCLA Bruins,2026-10-10T19:30:00Z,2026-10-05T20:36:54.465623+00:00,home,-11.5,19.12,7.620000000000001
401861964,2026,6,Temple Owls,UConn Huskies,2026-10-10T19:45:00Z,2026-10-05T20:36:54.465623+00:00,away,-4.5,0.73,-3.77
401862797,2026,6,East Carolina Pirates,Rice Owls,2026-10-10T20:00:00Z,2026-10-05T20:36:54.465623+00:00,home,-10.0,18.31,8.309999999999999
401860902,2026,6,Oregon State Beavers,San Diego State Aztecs,2026-10-10T22:00:00Z,2026-10-05T20:36:54.465623+00:00,away,-14.0,4.73,-9.27
401856715,2026,6,Kentucky Wildcats,LSU Tigers,2026-10-10T23:00:00Z,2026-10-05T20:36:54.465623+00:00,away,9.5,-11.87,-2.369999999999999
401862798,2026,6,Memphis Tigers,UAB Blazers,2026-10-10T23:00:00Z,2026-10-05T20:36:54.465623+00:00,home,-14.0,26.53,12.530000000000001
401864516,2026,6,Northern Illinois Huskies,Air Force Falcons,2026-10-10T23:30:00Z,2026-10-05T20:36:54.465623+00:00,away,7.5,-15.99,-8.49
401856712,2026,6,Alabama Crimson Tide,Georgia Bulldogs,2026-10-10T23:30:00Z,2026-10-05T20:36:54.465623+00:00,away,-1.5,-5.67,-7.17
401869949,2026,6,Georgia Southern Eagles,James Madison Dukes,2026-10-10T23:30:00Z,2026-10-05T20:36:54.465623+00:00,away,7.5,-22.74,-15.239999999999998
401869965,2026,6,Louisiana Tech Bulldogs,Louisiana Ragin Cajuns,2026-10-10T23:30:00Z,2026-10-05T20:36:54.465623+00:00,home,-3.0,5.44,2.4400000000000004
401858485,2026,6,Penn State Nittany Lions,USC Trojans,2026-10-10T23:30:00Z,2026-10-05T20:36:54.465623+00:00,home,-1.5,12.96,11.46
401858486,2026,6,Purdue Boilermakers,Minnesota Golden Gophers,2026-10-11T00:00:00Z,2026-10-05T20:36:54.465623+00:00,away,2.5,-13.67,-11.17
401856827,2026,6,Utah Utes,Kansas Jayhawks,2026-10-11T02:15:00Z,2026-10-05T20:36:54.465623+00:00,home,-15.5,18.81,3.3099999999999987
401856808,2026,6,Arizona State Sun Devils,Hawaii Rainbow Warriors,2026-10-11T02:30:00Z,2026-10-05T20:36:54.465623+00:00,away,-20.5,18.15,-2.3500000000000014
401860901,2026,6,Fresno State Bulldogs,Boise State Broncos,2026-10-11T02:30:00Z,2026-10-05T20:36:54.465623+00:00,home,6.0,-2.63,3.37
401858488,2026,7,Indiana Hoosiers,Ohio State Buckeyes,2026-10-17T16:00:00Z,2026-10-05T20:36:54.465623+00:00,home,3.5,5.14,8.64
401871051,2026,6,Kennesaw State Owls,Jacksonville State Gamecocks,2026-10-07T23:00:00Z,2026-10-05T20:50:30.834325+00:00,home,3.0,-1.04,1.96
401871066,2026,6,Florida International Panthers,New Mexico State Aggies,2026-10-07T23:30:00Z,2026-10-05T20:50:30.834325+00:00,away,-6.0,1.69,-4.3100000000000005
401869933,2026,6,Arkansas State Red Wolves,South Alabama Jaguars,2026-10-08T23:30:00Z,2026-10-05T20:50:30.834325+00:00,home,-1.5,3.55,2.05
401862794,2026,6,UTSA Roadrunners,South Florida Bulls,2026-10-08T23:30:00Z,2026-10-05T20:50:30.834325+00:00,away,-7.0,-3.71,-10.71
401858254,2026,6,Louisville Cardinals,Florida State Seminoles,2026-10-09T23:00:00Z,2026-10-05T20:50:30.834325+00:00,home,-4.0,6.32,2.3200000000000003
401858487,2026,6,Washington Huskies,Iowa Hawkeyes,2026-10-10T01:00:00Z,2026-10-05T20:50:30.834325+00:00,away,-3.0,-0.88,-3.88
401864519,2026,6,San Jose State Spartans,Wyoming Cowboys,2026-10-10T01:00:00Z,2026-10-05T20:50:30.834325+00:00,home,-6.5,11.81,5.3100000000000005
401860922,2026,6,Utah State Aggies,Washington State Cougars,2026-10-10T01:00:00Z,2026-10-05T20:50:30.834325+00:00,away,-5.5,-1.91,-7.41
401856823,2026,6,West Virginia Mountaineers,Arizona Wildcats,2026-10-10T16:00:00Z,2026-10-05T20:50:30.834325+00:00,away,3.5,-6.55,-3.05
401862795,2026,6,Army Black Knights,Tulane Green Wave,2026-10-10T16:00:00Z,2026-10-05T20:50:30.834325+00:00,away,-3.0,0.01,-2.99
401858481,2026,6,Nebraska Cornhuskers,Indiana Hoosiers,2026-10-10T16:00:00Z,2026-10-05T20:50:30.834325+00:00,away,7.5,-14.55,-7.050000000000001
401856716,2026,6,Missouri Tigers,Texas A&M Aggies,2026-10-10T16:00:00Z,2026-10-05T20:50:30.834325+00:00,home,-3.5,6.45,2.95
401858260,2026,6,NC State Wolfpack,Wake Forest Demon Deacons,2026-10-10T16:00:00Z,2026-10-05T20:50:30.834325+00:00,home,3.5,1.85,5.35
401858256,2026,6,Pittsburgh Panthers,North Carolina Tar Heels,2026-10-10T16:00:00Z,2026-10-05T20:50:30.834325+00:00,home,-4.5,12.67,8.17
401856714,2026,6,Florida Gators,South Carolina Gamecocks,2026-10-10T16:45:00Z,2026-10-05T20:50:30.834325+00:00,away,-13.5,11.16,-2.34
401866440,2026,6,UMass Minutemen,Miami (OH) RedHawks,2026-10-10T18:00:00Z,2026-10-05T20:50:30.834325+00:00,away,2.5,-9.4,-6.9
401866435,2026,6,Akron Zips,Eastern Michigan Eagles,2026-10-10T19:30:00Z,2026-10-05T20:50:30.834325+00:00,home,7.0,-4.59,2.41
401866437,2026,6,Toledo Rockets,Buffalo Bulls,2026-10-10T19:30:00Z,2026-10-05T20:50:30.834325+00:00,away,-19.5,13.74,-5.76
401858259,2026,6,California Golden Bears,Virginia Tech Hokies,2026-10-10T19:30:00Z,2026-10-05T20:50:30.834325+00:00,home,9.5,-1.91,7.59
401866438,2026,6,Ohio Bobcats,Central Michigan Chippewas,2026-10-10T19:30:00Z,2026-10-05T20:50:30.834325+00:00,home,-3.0,6.66,3.66
401862796,2026,6,North Texas Mean Green,Charlotte 49ers,2026-10-10T19:30:00Z,2026-10-05T20:50:30.834325+00:00,home,-27.5,41.8,14.299999999999997
401858480,2026,6,Michigan State Spartans,Illinois Fighting Illini,2026-10-10T19:30:00Z,2026-10-05T20:50:30.834325+00:00,away,2.5,-10.43,-7.93
401866439,2026,6,Western Michigan Broncos,Kent State Golden Flashes,2026-10-10T19:30:00Z,2026-10-05T20:50:30.834325+00:00,home,-13.5,20.64,7.140000000000001
401862799,2026,6,Navy Midshipmen,Tulsa Golden Hurricane,2026-10-10T19:30:00Z,2026-10-05T20:50:30.834325+00:00,away,-2.5,0.55,-1.95
401856717,2026,6,Oklahoma Sooners,Texas Longhorns,2026-10-10T19:30:00Z,2026-10-05T20:50:30.834325+00:00,home,8.5,-6.12,2.38
401856718,2026,6,Vanderbilt Commodores,Ole Miss Rebels,2026-10-10T19:30:00Z,2026-10-05T20:50:30.834325+00:00,home,9.5,2.09,11.59
401858484,2026,6,Oregon Ducks,UCLA Bruins,2026-10-10T19:30:00Z,2026-10-05T20:50:30.834325+00:00,home,-11.5,19.12,7.620000000000001
401861964,2026,6,Temple Owls,UConn Huskies,2026-10-10T19:45:00Z,2026-10-05T20:50:30.834325+00:00,away,-4.5,0.73,-3.77
401862797,2026,6,East Carolina Pirates,Rice Owls,2026-10-10T20:00:00Z,2026-10-05T20:50:30.834325+00:00,home,-10.0,18.31,8.309999999999999
401860902,2026,6,Oregon State Beavers,San Diego State Aztecs,2026-10-10T22:00:00Z,2026-10-05T20:50:30.834325+00:00,away,-14.0,4.73,-9.27
401856715,2026,6,Kentucky Wildcats,LSU Tigers,2026-10-10T23:00:00Z,2026-10-05T20:50:30.834325+00:00,away,9.5,-11.87,-2.369999999999999
401862798,2026,6,Memphis Tigers,UAB Blazers,2026-10-10T23:00:00Z,2026-10-05T20:50:30.834325+00:00,home,-14.0,26.53,12.530000000000001
401864516,2026,6,Northern Illinois Huskies,Air Force Falcons,2026-10-10T23:30:00Z,2026-10-05T20:50:30.834325+00:00,away,7.5,-15.99,-8.49
401856712,2026,6,Alabama Crimson Tide,Georgia Bulldogs,2026-10-10T23:30:00Z,2026-10-05T20:50:30.834325+00:00,away,-1.5,-5.67,-7.17
401869949,2026,6,Georgia Southern Eagles,James Madison Dukes,2026-10-10T23:30:00Z,2026-10-05T20:50:30.834325+00:00,away,7.5,-22.74,-15.239999999999998
401869965,2026,6,Louisiana Tech Bulldogs,Louisiana Ragin Cajuns,2026-10-10T23:30:00Z,2026-10-05T20:50:30.834325+00:00,home,-3.0,5.44,2.4400000000000004
401858485,2026,6,Penn State Nittany Lions,USC Trojans,2026-10-10T23:30:00Z,2026-10-05T20:50:30.834325+00:00,home,-1.5,12.96,11.46
401858486,2026,6,Purdue Boilermakers,Minnesota Golden Gophers,2026-10-11T00:00:00Z,2026-10-05T20:50:30.834325+00:00,away,2.5,-13.67,-11.17
401856827,2026,6,Utah Utes,Kansas Jayhawks,2026-10-11T02:15:00Z,2026-10-05T20:50:30.834325+00:00,home,-15.5,18.81,3.3099999999999987
401856808,2026,6,Arizona State Sun Devils,Hawaii Rainbow Warriors,2026-10-11T02:30:00Z,2026-10-05T20:50:30.834325+00:00,away,-20.5,18.15,-2.3500000000000014
401860901,2026,6,Fresno State Bulldogs,Boise State Broncos,2026-10-11T02:30:00Z,2026-10-05T20:50:30.834325+00:00,home,6.5,-2.63,3.87
401858488,2026,7,Indiana Hoosiers,Ohio State Buckeyes,2026-10-17T16:00:00Z,2026-10-05T20:50:30.834325+00:00,home,3.5,5.14,8.64
401871051,2026,6,Kennesaw State Owls,Jacksonville State Gamecocks,2026-10-07T23:00:00Z,2026-10-06T18:09:20.668222+00:00,home,3.0,-1.04,1.96
401871066,2026,6,Florida International Panthers,New Mexico State Aggies,2026-10-07T23:30:00Z,2026-10-06T18:09:20.668222+00:00,away,-6.5,1.69,-4.8100000000000005
401869933,2026,6,Arkansas State Red Wolves,South Alabama Jaguars,2026-10-08T23:30:00Z,2026-10-06T18:09:20.668222+00:00,home,-1.5,4.45,2.95
401862794,2026,6,UTSA Roadrunners,South Florida Bulls,2026-10-08T23:30:00Z,2026-10-06T18:09:20.668222+00:00,away,-7.0,-3.71,-10.71
401864519,2026,6,San Jose State Spartans,Wyoming Cowboys,2026-10-10T01:00:00Z,2026-10-06T18:09:20.668222+00:00,home,-6.0,11.81,5.8100000000000005
401860922,2026,6,Utah State Aggies,Washington State Cougars,2026-10-10T01:00:00Z,2026-10-06T18:09:20.668222+00:00,away,-5.5,-1.91,-7.41
401856823,2026,6,West Virginia Mountaineers,Arizona Wildcats,2026-10-10T16:00:00Z,2026-10-06T18:09:20.668222+00:00,away,3.0,-6.55,-3.55
401862795,2026,6,Army Black Knights,Tulane Green Wave,2026-10-10T16:00:00Z,2026-10-06T18:09:20.668222+00:00,away,-3.0,0.01,-2.99
401858481,2026,6,Nebraska Cornhuskers,Indiana Hoosiers,2026-10-10T16:00:00Z,2026-10-06T18:09:20.668222+00:00,away,7.5,-13.93,-6.43
401856716,2026,6,Missouri Tigers,Texas A&M Aggies,2026-10-10T16:00:00Z,2026-10-06T18:09:20.668222+00:00,home,-3.5,8.11,4.609999999999999
401858260,2026,6,NC State Wolfpack,Wake Forest Demon Deacons,2026-10-10T16:00:00Z,2026-10-06T18:09:20.668222+00:00,home,4.0,0.44,4.44
401858256,2026,6,Pittsburgh Panthers,North Carolina Tar Heels,2026-10-10T16:00:00Z,2026-10-06T18:09:20.668222+00:00,home,-3.5,11.99,8.49
401866440,2026,6,UMass Minutemen,Miami (OH) RedHawks,2026-10-10T18:00:00Z,2026-10-06T18:09:20.668222+00:00,away,2.5,-9.84,-7.34
401866435,2026,6,Akron Zips,Eastern Michigan Eagles,2026-10-10T19:30:00Z,2026-10-06T18:09:20.668222+00:00,home,7.0,-3.51,3.49
401866437,2026,6,Toledo Rockets,Buffalo Bulls,2026-10-10T19:30:00Z,2026-10-06T18:09:20.668222+00:00,away,-20.5,13.58,-6.92
401858259,2026,6,California Golden Bears,Virginia Tech Hokies,2026-10-10T19:30:00Z,2026-10-06T18:09:20.668222+00:00,home,9.5,-1.91,7.59
401866438,2026,6,Ohio Bobcats,Central Michigan Chippewas,2026-10-10T19:30:00Z,2026-10-06T18:09:20.668222+00:00,home,-3.0,6.66,3.66
401862796,2026,6,North Texas Mean Green,Charlotte 49ers,2026-10-10T19:30:00Z,2026-10-06T18:09:20.668222+00:00,home,-28.5,41.8,13.299999999999997
401858480,2026,6,Michigan State Spartans,Illinois Fighting Illini,2026-10-10T19:30:00Z,2026-10-06T18:09:20.668222+00:00,away,2.5,-9.48,-6.98
401866439,2026,6,Western Michigan Broncos,Kent State Golden Flashes,2026-10-10T19:30:00Z,2026-10-06T18:09:20.668222+00:00,home,-13.5,24.29,10.79
401862799,2026,6,Navy Midshipmen,Tulsa Golden Hurricane,2026-10-10T19:30:00Z,2026-10-06T18:09:20.668222+00:00,away,-2.5,0.55,-1.95
401856717,2026,6,Oklahoma Sooners,Texas Longhorns,2026-10-10T19:30:00Z,2026-10-06T18:09:20.668222+00:00,home,8.5,-5.93,2.5700000000000003
401856718,2026,6,Vanderbilt Commodores,Ole Miss Rebels,2026-10-10T19:30:00Z,2026-10-06T18:09:20.668222+00:00,home,10.0,3.84,13.84
401858484,2026,6,Oregon Ducks,UCLA Bruins,2026-10-10T19:30:00Z,2026-10-06T18:09:20.668222+00:00,home,-11.5,19.12,7.620000000000001
401861964,2026,6,Temple Owls,UConn Huskies,2026-10-10T19:45:00Z,2026-10-06T18:09:20.668222+00:00,away,-3.5,1.18,-2.3200000000000003
401862797,2026,6,East Carolina Pirates,Rice Owls,2026-10-10T20:00:00Z,2026-10-06T18:09:20.668222+00:00,home,-10.0,21.51,11.510000000000002
401860902,2026,6,Oregon State Beavers,San Diego State Aztecs,2026-10-10T22:00:00Z,2026-10-06T18:09:20.668222+00:00,away,-14.5,5.85,-8.65
401856715,2026,6,Kentucky Wildcats,LSU Tigers,2026-10-10T23:00:00Z,2026-10-06T18:09:20.668222+00:00,away,8.5,-11.87,-3.369999999999999
401862798,2026,6,Memphis Tigers,UAB Blazers,2026-10-10T23:00:00Z,2026-10-06T18:09:20.668222+00:00,home,-14.0,27.29,13.29
401864516,2026,6,Northern Illinois Huskies,Air Force Falcons,2026-10-10T23:30:00Z,2026-10-06T18:09:20.668222+00:00,away,7.5,-15.49,-7.99
401856712,2026,6,Alabama Crimson Tide,Georgia Bulldogs,2026-10-10T23:30:00Z,2026-10-06T18:09:20.668222+00:00,away,-1.5,-5.67,-7.17
401869949,2026,6,Georgia Southern Eagles,James Madison Dukes,2026-10-10T23:30:00Z,2026-10-06T18:09:20.668222+00:00,away,7.5,-22.74,-15.239999999999998
401869965,2026,6,Louisiana Tech Bulldogs,Louisiana Ragin Cajuns,2026-10-10T23:30:00Z,2026-10-06T18:09:20.668222+00:00,home,-3.0,5.44,2.4400000000000004
401858485,2026,6,Penn State Nittany Lions,USC Trojans,2026-10-10T23:30:00Z,2026-10-06T18:09:20.668222+00:00,home,-1.5,12.96,11.46
401858486,2026,6,Purdue Boilermakers,Minnesota Golden Gophers,2026-10-11T00:00:00Z,2026-10-06T18:09:20.668222+00:00,away,2.5,-13.67,-11.17
401856827,2026,6,Utah Utes,Kansas Jayhawks,2026-10-11T02:15:00Z,2026-10-06T18:09:20.668222+00:00,home,-15.5,18.38,2.879999999999999
401856808,2026,6,Arizona State Sun Devils,Hawaii Rainbow Warriors,2026-10-11T02:30:00Z,2026-10-06T18:09:20.668222+00:00,away,-20.5,18.15,-2.3500000000000014
401860901,2026,6,Fresno State Bulldogs,Boise State Broncos,2026-10-11T02:30:00Z,2026-10-06T18:09:20.668222+00:00,home,6.5,-2.63,3.87
401858488,2026,7,Indiana Hoosiers,Ohio State Buckeyes,2026-10-17T16:00:00Z,2026-10-06T18:09:20.668222+00:00,home,3.5,5.14,8.64
401871051,2026,6,Kennesaw State Owls,Jacksonville State Gamecocks,2026-10-07T23:00:00Z,2026-10-06T21:50:52.688176+00:00,home,3.0,-1.04,1.96
401871066,2026,6,Florida International Panthers,New Mexico State Aggies,2026-10-07T23:30:00Z,2026-10-06T21:50:52.688176+00:00,away,-6.5,1.69,-4.8100000000000005
401869933,2026,6,Arkansas State Red Wolves,South Alabama Jaguars,2026-10-08T23:30:00Z,2026-10-06T21:50:52.688176+00:00,home,-1.5,4.45,2.95
401862794,2026,6,UTSA Roadrunners,South Florida Bulls,2026-10-08T23:30:00Z,2026-10-06T21:50:52.688176+00:00,away,-7.0,-5.59,-12.59
401864519,2026,6,San Jose State Spartans,Wyoming Cowboys,2026-10-10T01:00:00Z,2026-10-06T21:50:52.688176+00:00,home,-6.0,11.81,5.8100000000000005
401860922,2026,6,Utah State Aggies,Washington State Cougars,2026-10-10T01:00:00Z,2026-10-06T21:50:52.688176+00:00,away,-5.5,-1.91,-7.41
401856823,2026,6,West Virginia Mountaineers,Arizona Wildcats,2026-10-10T16:00:00Z,2026-10-06T21:50:52.688176+00:00,away,3.0,-6.06,-3.0599999999999996
401862795,2026,6,Army Black Knights,Tulane Green Wave,2026-10-10T16:00:00Z,2026-10-06T21:50:52.688176+00:00,away,-3.0,-0.38,-3.38
401858481,2026,6,Nebraska Cornhuskers,Indiana Hoosiers,2026-10-10T16:00:00Z,2026-10-06T21:50:52.688176+00:00,away,7.5,-13.93,-6.43
401856716,2026,6,Missouri Tigers,Texas A&M Aggies,2026-10-10T16:00:00Z,2026-10-06T21:50:52.688176+00:00,home,-3.5,8.11,4.609999999999999
401858260,2026,6,NC State Wolfpack,Wake Forest Demon Deacons,2026-10-10T16:00:00Z,2026-10-06T21:50:52.688176+00:00,home,4.0,0.44,4.44
401858256,2026,6,Pittsburgh Panthers,North Carolina Tar Heels,2026-10-10T16:00:00Z,2026-10-06T21:50:52.688176+00:00,home,-3.5,11.99,8.49
401866440,2026,6,UMass Minutemen,Miami (OH) RedHawks,2026-10-10T18:00:00Z,2026-10-06T21:50:52.688176+00:00,away,2.5,-9.84,-7.34
401866435,2026,6,Akron Zips,Eastern Michigan Eagles,2026-10-10T19:30:00Z,2026-10-06T21:50:52.688176+00:00,home,7.0,-3.51,3.49
401866437,2026,6,Toledo Rockets,Buffalo Bulls,2026-10-10T19:30:00Z,2026-10-06T21:50:52.688176+00:00,away,-20.5,13.58,-6.92
401858259,2026,6,California Golden Bears,Virginia Tech Hokies,2026-10-10T19:30:00Z,2026-10-06T21:50:52.688176+00:00,home,9.5,-1.91,7.59
401866438,2026,6,Ohio Bobcats,Central Michigan Chippewas,2026-10-10T19:30:00Z,2026-10-06T21:50:52.688176+00:00,home,-3.0,6.66,3.66
401862796,2026,6,North Texas Mean Green,Charlotte 49ers,2026-10-10T19:30:00Z,2026-10-06T21:50:52.688176+00:00,home,-28.5,41.8,13.299999999999997
401858480,2026,6,Michigan State Spartans,Illinois Fighting Illini,2026-10-10T19:30:00Z,2026-10-06T21:50:52.688176+00:00,away,2.5,-9.48,-6.98
401866439,2026,6,Western Michigan Broncos,Kent State Golden Flashes,2026-10-10T19:30:00Z,2026-10-06T21:50:52.688176+00:00,home,-13.5,24.29,10.79
401862799,2026,6,Navy Midshipmen,Tulsa Golden Hurricane,2026-10-10T19:30:00Z,2026-10-06T21:50:52.688176+00:00,away,-2.5,0.55,-1.95
401856717,2026,6,Oklahoma Sooners,Texas Longhorns,2026-10-10T19:30:00Z,2026-10-06T21:50:52.688176+00:00,home,8.5,-5.93,2.5700000000000003
401856718,2026,6,Vanderbilt Commodores,Ole Miss Rebels,2026-10-10T19:30:00Z,2026-10-06T21:50:52.688176+00:00,home,10.0,3.84,13.84
401858484,2026,6,Oregon Ducks,UCLA Bruins,2026-10-10T19:30:00Z,2026-10-06T21:50:52.688176+00:00,home,-11.5,19.12,7.620000000000001
401861964,2026,6,Temple Owls,UConn Huskies,2026-10-10T19:45:00Z,2026-10-06T21:50:52.688176+00:00,away,-3.5,1.18,-2.3200000000000003
401862797,2026,6,East Carolina Pirates,Rice Owls,2026-10-10T20:00:00Z,2026-10-06T21:50:52.688176+00:00,home,-10.0,21.51,11.510000000000002
401860902,2026,6,Oregon State Beavers,San Diego State Aztecs,2026-10-10T22:00:00Z,2026-10-06T21:50:52.688176+00:00,away,-14.5,5.85,-8.65
401856715,2026,6,Kentucky Wildcats,LSU Tigers,2026-10-10T23:00:00Z,2026-10-06T21:50:52.688176+00:00,away,8.5,-11.87,-3.369999999999999
401862798,2026,6,Memphis Tigers,UAB Blazers,2026-10-10T23:00:00Z,2026-10-06T21:50:52.688176+00:00,home,-14.0,27.29,13.29
401864516,2026,6,Northern Illinois Huskies,Air Force Falcons,2026-10-10T23:30:00Z,2026-10-06T21:50:52.688176+00:00,away,7.5,-15.49,-7.99
401856712,2026,6,Alabama Crimson Tide,Georgia Bulldogs,2026-10-10T23:30:00Z,2026-10-06T21:50:52.688176+00:00,away,-1.5,-5.72,-7.22
401869949,2026,6,Georgia Southern Eagles,James Madison Dukes,2026-10-10T23:30:00Z,2026-10-06T21:50:52.688176+00:00,away,7.5,-22.74,-15.239999999999998
401858485,2026,6,Penn State Nittany Lions,USC Trojans,2026-10-10T23:30:00Z,2026-10-06T21:50:52.688176+00:00,home,-1.5,12.96,11.46
401858486,2026,6,Purdue Boilermakers,Minnesota Golden Gophers,2026-10-11T00:00:00Z,2026-10-06T21:50:52.688176+00:00,away,2.5,-13.67,-11.17
401856827,2026,6,Utah Utes,Kansas Jayhawks,2026-10-11T02:15:00Z,2026-10-06T21:50:52.688176+00:00,home,-15.5,18.38,2.879999999999999
401856808,2026,6,Arizona State Sun Devils,Hawaii Rainbow Warriors,2026-10-11T02:30:00Z,2026-10-06T21:50:52.688176+00:00,away,-20.5,18.15,-2.3500000000000014
401860901,2026,6,Fresno State Bulldogs,Boise State Broncos,2026-10-11T02:30:00Z,2026-10-06T21:50:52.688176+00:00,home,6.5,-2.63,3.87
401856724,2026,7,Texas Longhorns,Florida Gators,2026-10-17T16:00:00Z,2026-10-06T21:50:52.688176+00:00,home,-9.5,11.95,2.4499999999999993
401858488,2026,7,Indiana Hoosiers,Ohio State Buckeyes,2026-10-17T16:00:00Z,2026-10-06T21:50:52.688176+00:00,home,3.5,5.14,8.64
401856720,2026,7,LSU Tigers,Mississippi State Bulldogs,2026-10-17T16:00:00Z,2026-10-06T21:50:52.688176+00:00,away,-10.5,7.69,-2.8099999999999996
401856723,2026,7,Tennessee Volunteers,Alabama Crimson Tide,2026-10-17T19:30:00Z,2026-10-06T21:50:52.688176+00:00,home,5.5,3.76,9.26
401856719,2026,7,Georgia Bulldogs,Auburn Tigers,2026-10-17T19:30:00Z,2026-10-06T21:50:52.688176+00:00,away,-17.5,11.82,-5.68
401856721,2026,7,Ole Miss Rebels,Missouri Tigers,2026-10-17T19:30:00Z,2026-10-06T21:50:52.688176+00:00,home,-7.5,9.92,2.42
401858263,2026,7,Miami Hurricanes,Florida State Seminoles,2026-10-17T23:00:00Z,2026-10-06T21:50:52.688176+00:00,away,-19.5,12.48,-7.02
401856809,2026,7,BYU Cougars,Notre Dame Fighting Irish,2026-10-17T23:30:00Z,2026-10-06T21:50:52.688176+00:00,home,13.5,-1.94,11.56
401856831,2026,7,Houston Cougars,Oklahoma State Cowboys,2026-10-17T23:30:00Z,2026-10-06T21:50:52.688176+00:00,home,-2.5,18.37,15.870000000000001
401871051,2026,6,Kennesaw State Owls,Jacksonville State Gamecocks,2026-10-07T23:00:00Z,2026-10-07T14:16:05.433118+00:00,home,3.0,-1.04,1.96
401871066,2026,6,Florida International Panthers,New Mexico State Aggies,2026-10-07T23:30:00Z,2026-10-07T14:16:05.433118+00:00,away,-6.5,0.36,-6.14
401869933,2026,6,Arkansas State Red Wolves,South Alabama Jaguars,2026-10-08T23:30:00Z,2026-10-07T14:16:05.433118+00:00,home,-1.5,4.45,2.95
401862794,2026,6,UTSA Roadrunners,South Florida Bulls,2026-10-08T23:30:00Z,2026-10-07T14:16:05.433118+00:00,away,-7.0,-7.43,-14.43
401858487,2026,6,Washington Huskies,Iowa Hawkeyes,2026-10-10T01:00:00Z,2026-10-07T14:16:05.433118+00:00,away,-3.5,-1.19,-4.6899999999999995
401864519,2026,6,San Jose State Spartans,Wyoming Cowboys,2026-10-10T01:00:00Z,2026-10-07T14:16:05.433118+00:00,home,-6.0,11.81,5.8100000000000005
401860922,2026,6,Utah State Aggies,Washington State Cougars,2026-10-10T01:00:00Z,2026-10-07T14:16:05.433118+00:00,away,-5.5,-1.91,-7.41
401856823,2026,6,West Virginia Mountaineers,Arizona Wildcats,2026-10-10T16:00:00Z,2026-10-07T14:16:05.433118+00:00,away,3.0,-6.06,-3.0599999999999996
401862795,2026,6,Army Black Knights,Tulane Green Wave,2026-10-10T16:00:00Z,2026-10-07T14:16:05.433118+00:00,away,-3.0,-1.07,-4.07
401858481,2026,6,Nebraska Cornhuskers,Indiana Hoosiers,2026-10-10T16:00:00Z,2026-10-07T14:16:05.433118+00:00,away,7.5,-14.55,-7.050000000000001
401856716,2026,6,Missouri Tigers,Texas A&M Aggies,2026-10-10T16:00:00Z,2026-10-07T14:16:05.433118+00:00,home,-3.5,6.45,2.95
401858260,2026,6,NC State Wolfpack,Wake Forest Demon Deacons,2026-10-10T16:00:00Z,2026-10-07T14:16:05.433118+00:00,home,3.5,0.44,3.94
401858256,2026,6,Pittsburgh Panthers,North Carolina Tar Heels,2026-10-10T16:00:00Z,2026-10-07T14:16:05.433118+00:00,home,-3.5,11.99,8.49
401866440,2026,6,UMass Minutemen,Miami (OH) RedHawks,2026-10-10T18:00:00Z,2026-10-07T14:16:05.433118+00:00,away,2.5,-11.67,-9.17
401866435,2026,6,Akron Zips,Eastern Michigan Eagles,2026-10-10T19:30:00Z,2026-10-07T14:16:05.433118+00:00,home,7.0,-3.51,3.49
401866437,2026,6,Toledo Rockets,Buffalo Bulls,2026-10-10T19:30:00Z,2026-10-07T14:16:05.433118+00:00,away,-21.0,14.41,-6.59
401858259,2026,6,California Golden Bears,Virginia Tech Hokies,2026-10-10T19:30:00Z,2026-10-07T14:16:05.433118+00:00,home,10.0,-3.53,6.470000000000001
401866438,2026,6,Ohio Bobcats,Central Michigan Chippewas,2026-10-10T19:30:00Z,2026-10-07T14:16:05.433118+00:00,home,-3.0,6.66,3.66
401862796,2026,6,North Texas Mean Green,Charlotte 49ers,2026-10-10T19:30:00Z,2026-10-07T14:16:05.433118+00:00,home,-28.5,41.8,13.299999999999997
401858480,2026,6,Michigan State Spartans,Illinois Fighting Illini,2026-10-10T19:30:00Z,2026-10-07T14:16:05.433118+00:00,away,2.5,-9.48,-6.98
401866439,2026,6,Western Michigan Broncos,Kent State Golden Flashes,2026-10-10T19:30:00Z,2026-10-07T14:16:05.433118+00:00,home,-13.5,24.29,10.79
401862799,2026,6,Navy Midshipmen,Tulsa Golden Hurricane,2026-10-10T19:30:00Z,2026-10-07T14:16:05.433118+00:00,away,-2.5,0.55,-1.95
401856718,2026,6,Vanderbilt Commodores,Ole Miss Rebels,2026-10-10T19:30:00Z,2026-10-07T14:16:05.433118+00:00,home,10.0,-0.21,9.79
401858484,2026,6,Oregon Ducks,UCLA Bruins,2026-10-10T19:30:00Z,2026-10-07T14:16:05.433118+00:00,home,-11.5,19.08,7.579999999999998
401861964,2026,6,Temple Owls,UConn Huskies,2026-10-10T19:45:00Z,2026-10-07T14:16:05.433118+00:00,away,-3.5,0.73,-2.77
401862797,2026,6,East Carolina Pirates,Rice Owls,2026-10-10T20:00:00Z,2026-10-07T14:16:05.433118+00:00,home,-10.0,21.51,11.510000000000002
401856713,2026,6,Arkansas Razorbacks,Tennessee Volunteers,2026-10-10T20:15:00Z,2026-10-07T14:16:05.433118+00:00,home,13.5,-11.49,2.01
401860902,2026,6,Oregon State Beavers,San Diego State Aztecs,2026-10-10T22:00:00Z,2026-10-07T14:16:05.433118+00:00,away,-14.5,5.85,-8.65
401856715,2026,6,Kentucky Wildcats,LSU Tigers,2026-10-10T23:00:00Z,2026-10-07T14:16:05.433118+00:00,away,8.5,-11.87,-3.369999999999999
401862798,2026,6,Memphis Tigers,UAB Blazers,2026-10-10T23:00:00Z,2026-10-07T14:16:05.433118+00:00,home,-14.0,24.17,10.170000000000002
401864516,2026,6,Northern Illinois Huskies,Air Force Falcons,2026-10-10T23:30:00Z,2026-10-07T14:16:05.433118+00:00,away,7.5,-15.49,-7.99
401856712,2026,6,Alabama Crimson Tide,Georgia Bulldogs,2026-10-10T23:30:00Z,2026-10-07T14:16:05.433118+00:00,away,-1.5,-5.99,-7.49
401869949,2026,6,Georgia Southern Eagles,James Madison Dukes,2026-10-10T23:30:00Z,2026-10-07T14:16:05.433118+00:00,away,7.5,-22.74,-15.239999999999998
401858485,2026,6,Penn State Nittany Lions,USC Trojans,2026-10-10T23:30:00Z,2026-10-07T14:16:05.433118+00:00,home,-1.5,12.53,11.03
401858486,2026,6,Purdue Boilermakers,Minnesota Golden Gophers,2026-10-11T00:00:00Z,2026-10-07T14:16:05.433118+00:00,away,2.5,-13.67,-11.17
401856827,2026,6,Utah Utes,Kansas Jayhawks,2026-10-11T02:15:00Z,2026-10-07T14:16:05.433118+00:00,home,-15.5,18.38,2.879999999999999
401856808,2026,6,Arizona State Sun Devils,Hawaii Rainbow Warriors,2026-10-11T02:30:00Z,2026-10-07T14:16:05.433118+00:00,away,-20.5,16.49,-4.010000000000002
401856724,2026,7,Texas Longhorns,Florida Gators,2026-10-17T16:00:00Z,2026-10-07T14:16:05.433118+00:00,home,-9.5,11.95,2.4499999999999993
401858488,2026,7,Indiana Hoosiers,Ohio State Buckeyes,2026-10-17T16:00:00Z,2026-10-07T14:16:05.433118+00:00,home,3.5,5.14,8.64
401856720,2026,7,LSU Tigers,Mississippi State Bulldogs,2026-10-17T16:00:00Z,2026-10-07T14:16:05.433118+00:00,away,-10.5,7.69,-2.8099999999999996
401856723,2026,7,Tennessee Volunteers,Alabama Crimson Tide,2026-10-17T19:30:00Z,2026-10-07T14:16:05.433118+00:00,home,5.5,3.76,9.26
401856719,2026,7,Georgia Bulldogs,Auburn Tigers,2026-10-17T19:30:00Z,2026-10-07T14:16:05.433118+00:00,away,-17.5,11.82,-5.68
401856721,2026,7,Ole Miss Rebels,Missouri Tigers,2026-10-17T19:30:00Z,2026-10-07T14:16:05.433118+00:00,home,-7.5,9.92,2.42
401858263,2026,7,Miami Hurricanes,Florida State Seminoles,2026-10-17T23:00:00Z,2026-10-07T14:16:05.433118+00:00,away,-19.5,12.48,-7.02
401856809,2026,7,BYU Cougars,Notre Dame Fighting Irish,2026-10-17T23:30:00Z,2026-10-07T14:16:05.433118+00:00,home,13.5,-1.94,11.56
401856831,2026,7,Houston Cougars,Oklahoma State Cowboys,2026-10-17T23:30:00Z,2026-10-07T14:16:05.433118+00:00,home,-2.5,18.37,15.870000000000001
401871051,2026,6,Kennesaw State Owls,Jacksonville State Gamecocks,2026-10-07T23:00:00Z,2026-10-07T15:05:00.494500+00:00,home,3.0,-1.04,1.96
401871066,2026,6,Florida International Panthers,New Mexico State Aggies,2026-10-07T23:30:00Z,2026-10-07T15:05:00.494500+00:00,away,-6.5,0.36,-6.14
401869933,2026,6,Arkansas State Red Wolves,South Alabama Jaguars,2026-10-08T23:30:00Z,2026-10-07T15:05:00.494500+00:00,home,-1.5,4.45,2.95
401862794,2026,6,UTSA Roadrunners,South Florida Bulls,2026-10-08T23:30:00Z,2026-10-07T15:05:00.494500+00:00,away,-7.0,-7.43,-14.43
401858487,2026,6,Washington Huskies,Iowa Hawkeyes,2026-10-10T01:00:00Z,2026-10-07T15:05:00.494500+00:00,away,-3.5,-1.19,-4.6899999999999995
401864519,2026,6,San Jose State Spartans,Wyoming Cowboys,2026-10-10T01:00:00Z,2026-10-07T15:05:00.494500+00:00,home,-6.0,11.81,5.8100000000000005
401860922,2026,6,Utah State Aggies,Washington State Cougars,2026-10-10T01:00:00Z,2026-10-07T15:05:00.494500+00:00,away,-5.5,-1.91,-7.41
401856823,2026,6,West Virginia Mountaineers,Arizona Wildcats,2026-10-10T16:00:00Z,2026-10-07T15:05:00.494500+00:00,away,3.0,-6.06,-3.0599999999999996
401862795,2026,6,Army Black Knights,Tulane Green Wave,2026-10-10T16:00:00Z,2026-10-07T15:05:00.494500+00:00,away,-3.0,-1.07,-4.07
401858481,2026,6,Nebraska Cornhuskers,Indiana Hoosiers,2026-10-10T16:00:00Z,2026-10-07T15:05:00.494500+00:00,away,7.5,-14.55,-7.050000000000001
401856716,2026,6,Missouri Tigers,Texas A&M Aggies,2026-10-10T16:00:00Z,2026-10-07T15:05:00.494500+00:00,home,-3.5,6.45,2.95
401858260,2026,6,NC State Wolfpack,Wake Forest Demon Deacons,2026-10-10T16:00:00Z,2026-10-07T15:05:00.494500+00:00,home,3.5,0.44,3.94
401858256,2026,6,Pittsburgh Panthers,North Carolina Tar Heels,2026-10-10T16:00:00Z,2026-10-07T15:05:00.494500+00:00,home,-3.5,11.99,8.49
401866440,2026,6,UMass Minutemen,Miami (OH) RedHawks,2026-10-10T18:00:00Z,2026-10-07T15:05:00.494500+00:00,away,2.5,-11.67,-9.17
401866435,2026,6,Akron Zips,Eastern Michigan Eagles,2026-10-10T19:30:00Z,2026-10-07T15:05:00.494500+00:00,home,7.0,-3.51,3.49
401866437,2026,6,Toledo Rockets,Buffalo Bulls,2026-10-10T19:30:00Z,2026-10-07T15:05:00.494500+00:00,away,-21.0,14.41,-6.59
401858259,2026,6,California Golden Bears,Virginia Tech Hokies,2026-10-10T19:30:00Z,2026-10-07T15:05:00.494500+00:00,home,10.0,-3.53,6.470000000000001
401866438,2026,6,Ohio Bobcats,Central Michigan Chippewas,2026-10-10T19:30:00Z,2026-10-07T15:05:00.494500+00:00,home,-3.0,6.66,3.66
401862796,2026,6,North Texas Mean Green,Charlotte 49ers,2026-10-10T19:30:00Z,2026-10-07T15:05:00.494500+00:00,home,-28.5,41.8,13.299999999999997
401858480,2026,6,Michigan State Spartans,Illinois Fighting Illini,2026-10-10T19:30:00Z,2026-10-07T15:05:00.494500+00:00,away,2.5,-9.48,-6.98
401866439,2026,6,Western Michigan Broncos,Kent State Golden Flashes,2026-10-10T19:30:00Z,2026-10-07T15:05:00.494500+00:00,home,-13.5,24.29,10.79
401862799,2026,6,Navy Midshipmen,Tulsa Golden Hurricane,2026-10-10T19:30:00Z,2026-10-07T15:05:00.494500+00:00,away,-2.5,0.55,-1.95
401856718,2026,6,Vanderbilt Commodores,Ole Miss Rebels,2026-10-10T19:30:00Z,2026-10-07T15:05:00.494500+00:00,home,10.0,-0.21,9.79
401858484,2026,6,Oregon Ducks,UCLA Bruins,2026-10-10T19:30:00Z,2026-10-07T15:05:00.494500+00:00,home,-11.5,19.08,7.579999999999998
401861964,2026,6,Temple Owls,UConn Huskies,2026-10-10T19:45:00Z,2026-10-07T15:05:00.494500+00:00,away,-3.5,0.73,-2.77
401862797,2026,6,East Carolina Pirates,Rice Owls,2026-10-10T20:00:00Z,2026-10-07T15:05:00.494500+00:00,home,-10.0,21.51,11.510000000000002
401856713,2026,6,Arkansas Razorbacks,Tennessee Volunteers,2026-10-10T20:15:00Z,2026-10-07T15:05:00.494500+00:00,home,13.5,-11.49,2.01
401860902,2026,6,Oregon State Beavers,San Diego State Aztecs,2026-10-10T22:00:00Z,2026-10-07T15:05:00.494500+00:00,away,-14.5,5.85,-8.65
401856715,2026,6,Kentucky Wildcats,LSU Tigers,2026-10-10T23:00:00Z,2026-10-07T15:05:00.494500+00:00,away,8.5,-11.87,-3.369999999999999
401862798,2026,6,Memphis Tigers,UAB Blazers,2026-10-10T23:00:00Z,2026-10-07T15:05:00.494500+00:00,home,-14.0,24.17,10.170000000000002
401864516,2026,6,Northern Illinois Huskies,Air Force Falcons,2026-10-10T23:30:00Z,2026-10-07T15:05:00.494500+00:00,away,7.5,-15.49,-7.99
401856712,2026,6,Alabama Crimson Tide,Georgia Bulldogs,2026-10-10T23:30:00Z,2026-10-07T15:05:00.494500+00:00,away,-1.5,-5.99,-7.49
401869949,2026,6,Georgia Southern Eagles,James Madison Dukes,2026-10-10T23:30:00Z,2026-10-07T15:05:00.494500+00:00,away,7.5,-22.74,-15.239999999999998
401858485,2026,6,Penn State Nittany Lions,USC Trojans,2026-10-10T23:30:00Z,2026-10-07T15:05:00.494500+00:00,home,-1.5,12.53,11.03
401858486,2026,6,Purdue Boilermakers,Minnesota Golden Gophers,2026-10-11T00:00:00Z,2026-10-07T15:05:00.494500+00:00,away,2.5,-13.67,-11.17
401856827,2026,6,Utah Utes,Kansas Jayhawks,2026-10-11T02:15:00Z,2026-10-07T15:05:00.494500+00:00,home,-15.5,18.38,2.879999999999999
401856808,2026,6,Arizona State Sun Devils,Hawaii Rainbow Warriors,2026-10-11T02:30:00Z,2026-10-07T15:05:00.494500+00:00,away,-20.5,16.49,-4.010000000000002
401856724,2026,7,Texas Longhorns,Florida Gators,2026-10-17T16:00:00Z,2026-10-07T15:05:00.494500+00:00,home,-9.5,11.95,2.4499999999999993
401858488,2026,7,Indiana Hoosiers,Ohio State Buckeyes,2026-10-17T16:00:00Z,2026-10-07T15:05:00.494500+00:00,home,3.5,5.14,8.64
401856720,2026,7,LSU Tigers,Mississippi State Bulldogs,2026-10-17T16:00:00Z,2026-10-07T15:05:00.494500+00:00,away,-10.5,7.69,-2.8099999999999996
401856723,2026,7,Tennessee Volunteers,Alabama Crimson Tide,2026-10-17T19:30:00Z,2026-10-07T15:05:00.494500+00:00,home,5.5,3.76,9.26
401856719,2026,7,Georgia Bulldogs,Auburn Tigers,2026-10-17T19:30:00Z,2026-10-07T15:05:00.494500+00:00,away,-17.5,11.82,-5.68
401856721,2026,7,Ole Miss Rebels,Missouri Tigers,2026-10-17T19:30:00Z,2026-10-07T15:05:00.494500+00:00,home,-7.5,9.92,2.42
401858263,2026,7,Miami Hurricanes,Florida State Seminoles,2026-10-17T23:00:00Z,2026-10-07T15:05:00.494500+00:00,away,-19.5,12.48,-7.02
401856809,2026,7,BYU Cougars,Notre Dame Fighting Irish,2026-10-17T23:30:00Z,2026-10-07T15:05:00.494500+00:00,home,13.5,-1.94,11.56
401856831,2026,7,Houston Cougars,Oklahoma State Cowboys,2026-10-17T23:30:00Z,2026-10-07T15:05:00.494500+00:00,home,-2.5,18.37,15.870000000000001
401871051,2026,6,Kennesaw State Owls,Jacksonville State Gamecocks,2026-10-07T23:00:00Z,2026-10-07T18:06:09.182738+00:00,home,3.0,-1.04,1.96
401871066,2026,6,Florida International Panthers,New Mexico State Aggies,2026-10-07T23:30:00Z,2026-10-07T18:06:09.182738+00:00,away,-6.5,0.36,-6.14
401869933,2026,6,Arkansas State Red Wolves,South Alabama Jaguars,2026-10-08T23:30:00Z,2026-10-07T18:06:09.182738+00:00,home,-1.5,4.45,2.95
401862794,2026,6,UTSA Roadrunners,South Florida Bulls,2026-10-08T23:30:00Z,2026-10-07T18:06:09.182738+00:00,away,-7.0,-7.43,-14.43
401858487,2026,6,Washington Huskies,Iowa Hawkeyes,2026-10-10T01:00:00Z,2026-10-07T18:06:09.182738+00:00,away,-3.5,-1.19,-4.6899999999999995
401864519,2026,6,San Jose State Spartans,Wyoming Cowboys,2026-10-10T01:00:00Z,2026-10-07T18:06:09.182738+00:00,home,-6.0,11.81,5.8100000000000005
401860922,2026,6,Utah State Aggies,Washington State Cougars,2026-10-10T01:00:00Z,2026-10-07T18:06:09.182738+00:00,away,-5.5,-1.91,-7.41
401856823,2026,6,West Virginia Mountaineers,Arizona Wildcats,2026-10-10T16:00:00Z,2026-10-07T18:06:09.182738+00:00,away,3.0,-6.06,-3.0599999999999996
401862795,2026,6,Army Black Knights,Tulane Green Wave,2026-10-10T16:00:00Z,2026-10-07T18:06:09.182738+00:00,away,-3.0,-1.07,-4.07
401858481,2026,6,Nebraska Cornhuskers,Indiana Hoosiers,2026-10-10T16:00:00Z,2026-10-07T18:06:09.182738+00:00,away,7.5,-14.55,-7.050000000000001
401856716,2026,6,Missouri Tigers,Texas A&M Aggies,2026-10-10T16:00:00Z,2026-10-07T18:06:09.182738+00:00,home,-3.5,6.45,2.95
401858260,2026,6,NC State Wolfpack,Wake Forest Demon Deacons,2026-10-10T16:00:00Z,2026-10-07T18:06:09.182738+00:00,home,3.5,0.44,3.94
401858256,2026,6,Pittsburgh Panthers,North Carolina Tar Heels,2026-10-10T16:00:00Z,2026-10-07T18:06:09.182738+00:00,home,-3.5,11.99,8.49
401866440,2026,6,UMass Minutemen,Miami (OH) RedHawks,2026-10-10T18:00:00Z,2026-10-07T18:06:09.182738+00:00,away,2.5,-11.67,-9.17
401866435,2026,6,Akron Zips,Eastern Michigan Eagles,2026-10-10T19:30:00Z,2026-10-07T18:06:09.182738+00:00,home,7.0,-3.51,3.49
401866437,2026,6,Toledo Rockets,Buffalo Bulls,2026-10-10T19:30:00Z,2026-10-07T18:06:09.182738+00:00,away,-21.0,14.41,-6.59
401858259,2026,6,California Golden Bears,Virginia Tech Hokies,2026-10-10T19:30:00Z,2026-10-07T18:06:09.182738+00:00,home,10.0,-3.53,6.470000000000001
401866438,2026,6,Ohio Bobcats,Central Michigan Chippewas,2026-10-10T19:30:00Z,2026-10-07T18:06:09.182738+00:00,home,-3.0,6.66,3.66
401862796,2026,6,North Texas Mean Green,Charlotte 49ers,2026-10-10T19:30:00Z,2026-10-07T18:06:09.182738+00:00,home,-28.5,41.8,13.299999999999997
401858480,2026,6,Michigan State Spartans,Illinois Fighting Illini,2026-10-10T19:30:00Z,2026-10-07T18:06:09.182738+00:00,away,2.5,-9.48,-6.98
401866439,2026,6,Western Michigan Broncos,Kent State Golden Flashes,2026-10-10T19:30:00Z,2026-10-07T18:06:09.182738+00:00,home,-13.5,24.29,10.79
401862799,2026,6,Navy Midshipmen,Tulsa Golden Hurricane,2026-10-10T19:30:00Z,2026-10-07T18:06:09.182738+00:00,away,-2.5,0.55,-1.95
401856718,2026,6,Vanderbilt Commodores,Ole Miss Rebels,2026-10-10T19:30:00Z,2026-10-07T18:06:09.182738+00:00,home,10.0,-0.21,9.79
401858484,2026,6,Oregon Ducks,UCLA Bruins,2026-10-10T19:30:00Z,2026-10-07T18:06:09.182738+00:00,home,-11.5,19.08,7.579999999999998
401861964,2026,6,Temple Owls,UConn Huskies,2026-10-10T19:45:00Z,2026-10-07T18:06:09.182738+00:00,away,-3.5,0.73,-2.77
401862797,2026,6,East Carolina Pirates,Rice Owls,2026-10-10T20:00:00Z,2026-10-07T18:06:09.182738+00:00,home,-10.0,21.51,11.510000000000002
401856713,2026,6,Arkansas Razorbacks,Tennessee Volunteers,2026-10-10T20:15:00Z,2026-10-07T18:06:09.182738+00:00,home,13.5,-11.49,2.01
401860902,2026,6,Oregon State Beavers,San Diego State Aztecs,2026-10-10T22:00:00Z,2026-10-07T18:06:09.182738+00:00,away,-14.5,5.85,-8.65
401856715,2026,6,Kentucky Wildcats,LSU Tigers,2026-10-10T23:00:00Z,2026-10-07T18:06:09.182738+00:00,away,8.5,-11.87,-3.369999999999999
401862798,2026,6,Memphis Tigers,UAB Blazers,2026-10-10T23:00:00Z,2026-10-07T18:06:09.182738+00:00,home,-14.0,24.17,10.170000000000002
401864516,2026,6,Northern Illinois Huskies,Air Force Falcons,2026-10-10T23:30:00Z,2026-10-07T18:06:09.182738+00:00,away,7.5,-15.49,-7.99
401856712,2026,6,Alabama Crimson Tide,Georgia Bulldogs,2026-10-10T23:30:00Z,2026-10-07T18:06:09.182738+00:00,away,-1.5,-5.99,-7.49
401869949,2026,6,Georgia Southern Eagles,James Madison Dukes,2026-10-10T23:30:00Z,2026-10-07T18:06:09.182738+00:00,away,7.5,-22.74,-15.239999999999998
401858485,2026,6,Penn State Nittany Lions,USC Trojans,2026-10-10T23:30:00Z,2026-10-07T18:06:09.182738+00:00,home,-1.5,12.53,11.03
401858486,2026,6,Purdue Boilermakers,Minnesota Golden Gophers,2026-10-11T00:00:00Z,2026-10-07T18:06:09.182738+00:00,away,2.5,-13.67,-11.17
401856827,2026,6,Utah Utes,Kansas Jayhawks,2026-10-11T02:15:00Z,2026-10-07T18:06:09.182738+00:00,home,-15.5,18.38,2.879999999999999
401856808,2026,6,Arizona State Sun Devils,Hawaii Rainbow Warriors,2026-10-11T02:30:00Z,2026-10-07T18:06:09.182738+00:00,away,-20.5,16.49,-4.010000000000002
401856724,2026,7,Texas Longhorns,Florida Gators,2026-10-17T16:00:00Z,2026-10-07T18:06:09.182738+00:00,home,-9.5,11.95,2.4499999999999993
401858488,2026,7,Indiana Hoosiers,Ohio State Buckeyes,2026-10-17T16:00:00Z,2026-10-07T18:06:09.182738+00:00,home,3.5,5.14,8.64
401856720,2026,7,LSU Tigers,Mississippi State Bulldogs,2026-10-17T16:00:00Z,2026-10-07T18:06:09.182738+00:00,away,-10.5,7.69,-2.8099999999999996
401856723,2026,7,Tennessee Volunteers,Alabama Crimson Tide,2026-10-17T19:30:00Z,2026-10-07T18:06:09.182738+00:00,home,5.5,3.76,9.26
401856719,2026,7,Georgia Bulldogs,Auburn Tigers,2026-10-17T19:30:00Z,2026-10-07T18:06:09.182738+00:00,away,-17.5,11.82,-5.68
401856721,2026,7,Ole Miss Rebels,Missouri Tigers,2026-10-17T19:30:00Z,2026-10-07T18:06:09.182738+00:00,home,-7.5,9.92,2.42
401858263,2026,7,Miami Hurricanes,Florida State Seminoles,2026-10-17T23:00:00Z,2026-10-07T18:06:09.182738+00:00,away,-19.5,12.48,-7.02
401856809,2026,7,BYU Cougars,Notre Dame Fighting Irish,2026-10-17T23:30:00Z,2026-10-07T18:06:09.182738+00:00,home,13.5,-1.94,11.56
401856831,2026,7,Houston Cougars,Oklahoma State Cowboys,2026-10-17T23:30:00Z,2026-10-07T18:06:09.182738+00:00,home,-2.5,18.37,15.870000000000001
401871051,2026,6,Kennesaw State Owls,Jacksonville State Gamecocks,2026-10-07T23:00:00Z,2026-10-07T18:59:13.321153+00:00,home,3.0,-1.04,1.96
401871066,2026,6,Florida International Panthers,New Mexico State Aggies,2026-10-07T23:30:00Z,2026-10-07T18:59:13.321153+00:00,away,-6.5,0.36,-6.14
401869933,2026,6,Arkansas State Red Wolves,South Alabama Jaguars,2026-10-08T23:30:00Z,2026-10-07T18:59:13.321153+00:00,home,-1.5,4.45,2.95
401862794,2026,6,UTSA Roadrunners,South Florida Bulls,2026-10-08T23:30:00Z,2026-10-07T18:59:13.321153+00:00,away,-7.0,-7.43,-14.43
401858487,2026,6,Washington Huskies,Iowa Hawkeyes,2026-10-10T01:00:00Z,2026-10-07T18:59:13.321153+00:00,away,-3.5,-1.19,-4.6899999999999995
401864519,2026,6,San Jose State Spartans,Wyoming Cowboys,2026-10-10T01:00:00Z,2026-10-07T18:59:13.321153+00:00,home,-6.0,11.81,5.8100000000000005
401860922,2026,6,Utah State Aggies,Washington State Cougars,2026-10-10T01:00:00Z,2026-10-07T18:59:13.321153+00:00,away,-5.5,-1.91,-7.41
401856823,2026,6,West Virginia Mountaineers,Arizona Wildcats,2026-10-10T16:00:00Z,2026-10-07T18:59:13.321153+00:00,away,3.0,-6.06,-3.0599999999999996
401862795,2026,6,Army Black Knights,Tulane Green Wave,2026-10-10T16:00:00Z,2026-10-07T18:59:13.321153+00:00,away,-3.0,-1.07,-4.07
401858481,2026,6,Nebraska Cornhuskers,Indiana Hoosiers,2026-10-10T16:00:00Z,2026-10-07T18:59:13.321153+00:00,away,7.5,-14.55,-7.050000000000001
401856716,2026,6,Missouri Tigers,Texas A&M Aggies,2026-10-10T16:00:00Z,2026-10-07T18:59:13.321153+00:00,home,-3.5,6.45,2.95
401858260,2026,6,NC State Wolfpack,Wake Forest Demon Deacons,2026-10-10T16:00:00Z,2026-10-07T18:59:13.321153+00:00,home,3.5,0.44,3.94
401858256,2026,6,Pittsburgh Panthers,North Carolina Tar Heels,2026-10-10T16:00:00Z,2026-10-07T18:59:13.321153+00:00,home,-3.5,11.99,8.49
401866440,2026,6,UMass Minutemen,Miami (OH) RedHawks,2026-10-10T18:00:00Z,2026-10-07T18:59:13.321153+00:00,away,2.5,-11.67,-9.17
401866435,2026,6,Akron Zips,Eastern Michigan Eagles,2026-10-10T19:30:00Z,2026-10-07T18:59:13.321153+00:00,home,7.0,-3.51,3.49
401866437,2026,6,Toledo Rockets,Buffalo Bulls,2026-10-10T19:30:00Z,2026-10-07T18:59:13.321153+00:00,away,-21.0,14.41,-6.59
401858259,2026,6,California Golden Bears,Virginia Tech Hokies,2026-10-10T19:30:00Z,2026-10-07T18:59:13.321153+00:00,home,10.0,-3.53,6.470000000000001
401866438,2026,6,Ohio Bobcats,Central Michigan Chippewas,2026-10-10T19:30:00Z,2026-10-07T18:59:13.321153+00:00,home,-3.0,6.66,3.66
401862796,2026,6,North Texas Mean Green,Charlotte 49ers,2026-10-10T19:30:00Z,2026-10-07T18:59:13.321153+00:00,home,-28.5,41.8,13.299999999999997
401858480,2026,6,Michigan State Spartans,Illinois Fighting Illini,2026-10-10T19:30:00Z,2026-10-07T18:59:13.321153+00:00,away,2.5,-9.48,-6.98
401866439,2026,6,Western Michigan Broncos,Kent State Golden Flashes,2026-10-10T19:30:00Z,2026-10-07T18:59:13.321153+00:00,home,-13.5,24.29,10.79
401862799,2026,6,Navy Midshipmen,Tulsa Golden Hurricane,2026-10-10T19:30:00Z,2026-10-07T18:59:13.321153+00:00,away,-2.5,0.55,-1.95
401856718,2026,6,Vanderbilt Commodores,Ole Miss Rebels,2026-10-10T19:30:00Z,2026-10-07T18:59:13.321153+00:00,home,10.0,-0.21,9.79
401858484,2026,6,Oregon Ducks,UCLA Bruins,2026-10-10T19:30:00Z,2026-10-07T18:59:13.321153+00:00,home,-11.5,19.08,7.579999999999998
401861964,2026,6,Temple Owls,UConn Huskies,2026-10-10T19:45:00Z,2026-10-07T18:59:13.321153+00:00,away,-3.5,0.73,-2.77
401862797,2026,6,East Carolina Pirates,Rice Owls,2026-10-10T20:00:00Z,2026-10-07T18:59:13.321153+00:00,home,-10.0,21.51,11.510000000000002
401856713,2026,6,Arkansas Razorbacks,Tennessee Volunteers,2026-10-10T20:15:00Z,2026-10-07T18:59:13.321153+00:00,home,13.5,-11.49,2.01
401860902,2026,6,Oregon State Beavers,San Diego State Aztecs,2026-10-10T22:00:00Z,2026-10-07T18:59:13.321153+00:00,away,-14.5,5.85,-8.65
401856715,2026,6,Kentucky Wildcats,LSU Tigers,2026-10-10T23:00:00Z,2026-10-07T18:59:13.321153+00:00,away,8.5,-11.87,-3.369999999999999
401862798,2026,6,Memphis Tigers,UAB Blazers,2026-10-10T23:00:00Z,2026-10-07T18:59:13.321153+00:00,home,-14.0,24.17,10.170000000000002
401864516,2026,6,Northern Illinois Huskies,Air Force Falcons,2026-10-10T23:30:00Z,2026-10-07T18:59:13.321153+00:00,away,7.5,-15.49,-7.99
401856712,2026,6,Alabama Crimson Tide,Georgia Bulldogs,2026-10-10T23:30:00Z,2026-10-07T18:59:13.321153+00:00,away,-1.5,-5.99,-7.49
401869949,2026,6,Georgia Southern Eagles,James Madison Dukes,2026-10-10T23:30:00Z,2026-10-07T18:59:13.321153+00:00,away,7.5,-22.74,-15.239999999999998
401858485,2026,6,Penn State Nittany Lions,USC Trojans,2026-10-10T23:30:00Z,2026-10-07T18:59:13.321153+00:00,home,-1.5,12.53,11.03
401858486,2026,6,Purdue Boilermakers,Minnesota Golden Gophers,2026-10-11T00:00:00Z,2026-10-07T18:59:13.321153+00:00,away,2.5,-13.67,-11.17
401856827,2026,6,Utah Utes,Kansas Jayhawks,2026-10-11T02:15:00Z,2026-10-07T18:59:13.321153+00:00,home,-15.5,18.38,2.879999999999999
401856808,2026,6,Arizona State Sun Devils,Hawaii Rainbow Warriors,2026-10-11T02:30:00Z,2026-10-07T18:59:13.321153+00:00,away,-20.5,16.49,-4.010000000000002
401856724,2026,7,Texas Longhorns,Florida Gators,2026-10-17T16:00:00Z,2026-10-07T18:59:13.321153+00:00,home,-9.5,11.95,2.4499999999999993
401858488,2026,7,Indiana Hoosiers,Ohio State Buckeyes,2026-10-17T16:00:00Z,2026-10-07T18:59:13.321153+00:00,home,3.5,5.14,8.64
401856720,2026,7,LSU Tigers,Mississippi State Bulldogs,2026-10-17T16:00:00Z,2026-10-07T18:59:13.321153+00:00,away,-10.5,7.69,-2.8099999999999996
401856723,2026,7,Tennessee Volunteers,Alabama Crimson Tide,2026-10-17T19:30:00Z,2026-10-07T18:59:13.321153+00:00,home,5.5,3.76,9.26
401856719,2026,7,Georgia Bulldogs,Auburn Tigers,2026-10-17T19:30:00Z,2026-10-07T18:59:13.321153+00:00,away,-17.5,11.82,-5.68
401856721,2026,7,Ole Miss Rebels,Missouri Tigers,2026-10-17T19:30:00Z,2026-10-07T18:59:13.321153+00:00,home,-7.5,9.92,2.42
401858263,2026,7,Miami Hurricanes,Florida State Seminoles,2026-10-17T23:00:00Z,2026-10-07T18:59:13.321153+00:00,away,-19.5,12.48,-7.02
401856809,2026,7,BYU Cougars,Notre Dame Fighting Irish,2026-10-17T23:30:00Z,2026-10-07T18:59:13.321153+00:00,home,13.5,-1.94,11.56
401856831,2026,7,Houston Cougars,Oklahoma State Cowboys,2026-10-17T23:30:00Z,2026-10-07T18:59:13.321153+00:00,home,-2.5,18.37,15.870000000000001
401862794,2026,6,UTSA Roadrunners,South Florida Bulls,2026-10-08T23:30:00Z,2026-10-08T04:49:51.606407+00:00,away,-7.0,-7.43,-14.43
401864519,2026,6,San Jose State Spartans,Wyoming Cowboys,2026-10-10T01:00:00Z,2026-10-08T04:49:51.606407+00:00,home,-6.0,11.81,5.8100000000000005
401860922,2026,6,Utah State Aggies,Washington State Cougars,2026-10-10T01:00:00Z,2026-10-08T04:49:51.606407+00:00,away,-5.5,-1.91,-7.41
401856823,2026,6,West Virginia Mountaineers,Arizona Wildcats,2026-10-10T16:00:00Z,2026-10-08T04:49:51.606407+00:00,away,3.0,-6.06,-3.0599999999999996
401862795,2026,6,Army Black Knights,Tulane Green Wave,2026-10-10T16:00:00Z,2026-10-08T04:49:51.606407+00:00,away,-3.0,-1.07,-4.07
401858481,2026,6,Nebraska Cornhuskers,Indiana Hoosiers,2026-10-10T16:00:00Z,2026-10-08T04:49:51.606407+00:00,away,7.5,-14.55,-7.050000000000001
401856716,2026,6,Missouri Tigers,Texas A&M Aggies,2026-10-10T16:00:00Z,2026-10-08T04:49:51.606407+00:00,home,-3.5,10.32,6.82
401858260,2026,6,NC State Wolfpack,Wake Forest Demon Deacons,2026-10-10T16:00:00Z,2026-10-08T04:49:51.606407+00:00,home,3.5,0.13,3.63
401858256,2026,6,Pittsburgh Panthers,North Carolina Tar Heels,2026-10-10T16:00:00Z,2026-10-08T04:49:51.606407+00:00,home,-4.0,11.99,7.99
401866440,2026,6,UMass Minutemen,Miami (OH) RedHawks,2026-10-10T18:00:00Z,2026-10-08T04:49:51.606407+00:00,away,2.5,-9.4,-6.9
401866435,2026,6,Akron Zips,Eastern Michigan Eagles,2026-10-10T19:30:00Z,2026-10-08T04:49:51.606407+00:00,home,7.0,-3.51,3.49
401866437,2026,6,Toledo Rockets,Buffalo Bulls,2026-10-10T19:30:00Z,2026-10-08T04:49:51.606407+00:00,away,-21.0,14.41,-6.59
401858259,2026,6,California Golden Bears,Virginia Tech Hokies,2026-10-10T19:30:00Z,2026-10-08T04:49:51.606407+00:00,home,10.0,-3.72,6.279999999999999
401866438,2026,6,Ohio Bobcats,Central Michigan Chippewas,2026-10-10T19:30:00Z,2026-10-08T04:49:51.606407+00:00,home,-3.0,6.66,3.66
401862796,2026,6,North Texas Mean Green,Charlotte 49ers,2026-10-10T19:30:00Z,2026-10-08T04:49:51.606407+00:00,home,-28.5,41.8,13.299999999999997
401858480,2026,6,Michigan State Spartans,Illinois Fighting Illini,2026-10-10T19:30:00Z,2026-10-08T04:49:51.606407+00:00,away,2.5,-9.48,-6.98
401866439,2026,6,Western Michigan Broncos,Kent State Golden Flashes,2026-10-10T19:30:00Z,2026-10-08T04:49:51.606407+00:00,home,-13.5,24.29,10.79
401856718,2026,6,Vanderbilt Commodores,Ole Miss Rebels,2026-10-10T19:30:00Z,2026-10-08T04:49:51.606407+00:00,home,9.5,-0.21,9.29
401858484,2026,6,Oregon Ducks,UCLA Bruins,2026-10-10T19:30:00Z,2026-10-08T04:49:51.606407+00:00,home,-11.5,18.16,6.66
401861964,2026,6,Temple Owls,UConn Huskies,2026-10-10T19:45:00Z,2026-10-08T04:49:51.606407+00:00,away,-3.5,0.73,-2.77
401862797,2026,6,East Carolina Pirates,Rice Owls,2026-10-10T20:00:00Z,2026-10-08T04:49:51.606407+00:00,home,-10.0,21.51,11.510000000000002
401856713,2026,6,Arkansas Razorbacks,Tennessee Volunteers,2026-10-10T20:15:00Z,2026-10-08T04:49:51.606407+00:00,home,13.5,-11.49,2.01
401860902,2026,6,Oregon State Beavers,San Diego State Aztecs,2026-10-10T22:00:00Z,2026-10-08T04:49:51.606407+00:00,away,-15.5,5.85,-9.65
401856715,2026,6,Kentucky Wildcats,LSU Tigers,2026-10-10T23:00:00Z,2026-10-08T04:49:51.606407+00:00,away,8.5,-13.94,-5.4399999999999995
401862798,2026,6,Memphis Tigers,UAB Blazers,2026-10-10T23:00:00Z,2026-10-08T04:49:51.606407+00:00,home,-14.0,24.15,10.149999999999999
401864517,2026,6,UTEP Miners,Nevada Wolf Pack,2026-10-10T23:00:00Z,2026-10-08T04:49:51.606407+00:00,home,9.5,-7.34,2.16
401864516,2026,6,Northern Illinois Huskies,Air Force Falcons,2026-10-10T23:30:00Z,2026-10-08T04:49:51.606407+00:00,away,7.5,-15.49,-7.99
401856712,2026,6,Alabama Crimson Tide,Georgia Bulldogs,2026-10-10T23:30:00Z,2026-10-08T04:49:51.606407+00:00,away,-1.5,-5.99,-7.49
401869949,2026,6,Georgia Southern Eagles,James Madison Dukes,2026-10-10T23:30:00Z,2026-10-08T04:49:51.606407+00:00,away,7.5,-22.74,-15.239999999999998
401858485,2026,6,Penn State Nittany Lions,USC Trojans,2026-10-10T23:30:00Z,2026-10-08T04:49:51.606407+00:00,home,-1.5,12.53,11.03
401858486,2026,6,Purdue Boilermakers,Minnesota Golden Gophers,2026-10-11T00:00:00Z,2026-10-08T04:49:51.606407+00:00,away,2.5,-13.67,-11.17
401856827,2026,6,Utah Utes,Kansas Jayhawks,2026-10-11T02:15:00Z,2026-10-08T04:49:51.606407+00:00,home,-15.5,18.38,2.879999999999999
401856808,2026,6,Arizona State Sun Devils,Hawaii Rainbow Warriors,2026-10-11T02:30:00Z,2026-10-08T04:49:51.606407+00:00,away,-20.5,14.54,-5.960000000000001
401856724,2026,7,Texas Longhorns,Florida Gators,2026-10-17T16:00:00Z,2026-10-08T04:49:51.606407+00:00,home,-9.5,11.95,2.4499999999999993
401858488,2026,7,Indiana Hoosiers,Ohio State Buckeyes,2026-10-17T16:00:00Z,2026-10-08T04:49:51.606407+00:00,home,2.5,5.14,7.64
401856830,2026,7,Kansas State Wildcats,Kansas Jayhawks,2026-10-17T16:00:00Z,2026-10-08T04:49:51.606407+00:00,away,-9.5,5.53,-3.9699999999999998
401856720,2026,7,LSU Tigers,Mississippi State Bulldogs,2026-10-17T16:00:00Z,2026-10-08T04:49:51.606407+00:00,away,-12.5,7.69,-4.81
401858490,2026,7,Michigan Wolverines,Penn State Nittany Lions,2026-10-17T16:00:00Z,2026-10-08T04:49:51.606407+00:00,away,-5.5,-0.11,-5.61
401858492,2026,7,Oregon Ducks,Nebraska Cornhuskers,2026-10-17T16:00:00Z,2026-10-08T04:49:51.606407+00:00,home,-12.5,16.54,4.039999999999999
401858494,2026,7,UCLA Bruins,Wisconsin Badgers,2026-10-17T16:00:00Z,2026-10-08T04:49:51.606407+00:00,away,-3.0,0.81,-2.19
401856723,2026,7,Tennessee Volunteers,Alabama Crimson Tide,2026-10-17T19:30:00Z,2026-10-08T04:49:51.606407+00:00,home,4.5,3.76,8.26
401856719,2026,7,Georgia Bulldogs,Auburn Tigers,2026-10-17T19:30:00Z,2026-10-08T04:49:51.606407+00:00,away,-18.5,11.82,-6.68
401858266,2026,7,Duke Blue Devils,North Carolina Tar Heels,2026-10-17T19:30:00Z,2026-10-08T04:49:51.606407+00:00,home,-4.5,12.28,7.779999999999999
401856721,2026,7,Ole Miss Rebels,Missouri Tigers,2026-10-17T19:30:00Z,2026-10-08T04:49:51.606407+00:00,home,-6.0,9.92,3.92
401858263,2026,7,Miami Hurricanes,Florida State Seminoles,2026-10-17T23:00:00Z,2026-10-08T04:49:51.606407+00:00,away,-19.5,12.48,-7.02
401856809,2026,7,BYU Cougars,Notre Dame Fighting Irish,2026-10-17T23:30:00Z,2026-10-08T04:49:51.606407+00:00,home,12.5,-1.94,10.56
401856831,2026,7,Houston Cougars,Oklahoma State Cowboys,2026-10-17T23:30:00Z,2026-10-08T04:49:51.606407+00:00,home,-3.5,18.37,14.870000000000001
401856722,2026,7,Oklahoma Sooners,Kentucky Wildcats,2026-10-17T23:30:00Z,2026-10-08T04:49:51.606407+00:00,home,-6.5,14.44,7.9399999999999995
401862794,2026,6,UTSA Roadrunners,South Florida Bulls,2026-10-08T23:30:00Z,2026-10-08T05:49:29.063319+00:00,away,-7.0,-7.43,-14.43
401864519,2026,6,San Jose State Spartans,Wyoming Cowboys,2026-10-10T01:00:00Z,2026-10-08T05:49:29.063319+00:00,home,-6.0,11.81,5.8100000000000005
401860922,2026,6,Utah State Aggies,Washington State Cougars,2026-10-10T01:00:00Z,2026-10-08T05:49:29.063319+00:00,away,-5.5,-1.91,-7.41
401856823,2026,6,West Virginia Mountaineers,Arizona Wildcats,2026-10-10T16:00:00Z,2026-10-08T05:49:29.063319+00:00,away,3.0,-6.06,-3.0599999999999996
401862795,2026,6,Army Black Knights,Tulane Green Wave,2026-10-10T16:00:00Z,2026-10-08T05:49:29.063319+00:00,away,-3.0,-1.07,-4.07
401858481,2026,6,Nebraska Cornhuskers,Indiana Hoosiers,2026-10-10T16:00:00Z,2026-10-08T05:49:29.063319+00:00,away,7.5,-14.55,-7.050000000000001
401856716,2026,6,Missouri Tigers,Texas A&M Aggies,2026-10-10T16:00:00Z,2026-10-08T05:49:29.063319+00:00,home,-3.5,10.32,6.82
401858260,2026,6,NC State Wolfpack,Wake Forest Demon Deacons,2026-10-10T16:00:00Z,2026-10-08T05:49:29.063319+00:00,home,3.5,0.13,3.63
401858256,2026,6,Pittsburgh Panthers,North Carolina Tar Heels,2026-10-10T16:00:00Z,2026-10-08T05:49:29.063319+00:00,home,-4.0,11.99,7.99
401866440,2026,6,UMass Minutemen,Miami (OH) RedHawks,2026-10-10T18:00:00Z,2026-10-08T05:49:29.063319+00:00,away,2.5,-9.4,-6.9
401866435,2026,6,Akron Zips,Eastern Michigan Eagles,2026-10-10T19:30:00Z,2026-10-08T05:49:29.063319+00:00,home,7.0,-3.51,3.49
401866437,2026,6,Toledo Rockets,Buffalo Bulls,2026-10-10T19:30:00Z,2026-10-08T05:49:29.063319+00:00,away,-21.0,14.41,-6.59
401858259,2026,6,California Golden Bears,Virginia Tech Hokies,2026-10-10T19:30:00Z,2026-10-08T05:49:29.063319+00:00,home,10.0,-3.72,6.279999999999999
401866438,2026,6,Ohio Bobcats,Central Michigan Chippewas,2026-10-10T19:30:00Z,2026-10-08T05:49:29.063319+00:00,home,-3.0,6.66,3.66
401862796,2026,6,North Texas Mean Green,Charlotte 49ers,2026-10-10T19:30:00Z,2026-10-08T05:49:29.063319+00:00,home,-28.5,41.8,13.299999999999997
401858480,2026,6,Michigan State Spartans,Illinois Fighting Illini,2026-10-10T19:30:00Z,2026-10-08T05:49:29.063319+00:00,away,2.5,-9.48,-6.98
401866439,2026,6,Western Michigan Broncos,Kent State Golden Flashes,2026-10-10T19:30:00Z,2026-10-08T05:49:29.063319+00:00,home,-13.5,24.29,10.79
401856718,2026,6,Vanderbilt Commodores,Ole Miss Rebels,2026-10-10T19:30:00Z,2026-10-08T05:49:29.063319+00:00,home,9.5,-0.21,9.29
401858484,2026,6,Oregon Ducks,UCLA Bruins,2026-10-10T19:30:00Z,2026-10-08T05:49:29.063319+00:00,home,-11.5,18.16,6.66
401861964,2026,6,Temple Owls,UConn Huskies,2026-10-10T19:45:00Z,2026-10-08T05:49:29.063319+00:00,away,-3.5,0.73,-2.77
401862797,2026,6,East Carolina Pirates,Rice Owls,2026-10-10T20:00:00Z,2026-10-08T05:49:29.063319+00:00,home,-10.0,21.51,11.510000000000002
401856713,2026,6,Arkansas Razorbacks,Tennessee Volunteers,2026-10-10T20:15:00Z,2026-10-08T05:49:29.063319+00:00,home,13.5,-11.49,2.01
401860902,2026,6,Oregon State Beavers,San Diego State Aztecs,2026-10-10T22:00:00Z,2026-10-08T05:49:29.063319+00:00,away,-15.5,5.85,-9.65
401856715,2026,6,Kentucky Wildcats,LSU Tigers,2026-10-10T23:00:00Z,2026-10-08T05:49:29.063319+00:00,away,8.5,-13.94,-5.4399999999999995
401862798,2026,6,Memphis Tigers,UAB Blazers,2026-10-10T23:00:00Z,2026-10-08T05:49:29.063319+00:00,home,-14.0,24.15,10.149999999999999
401864517,2026,6,UTEP Miners,Nevada Wolf Pack,2026-10-10T23:00:00Z,2026-10-08T05:49:29.063319+00:00,home,9.5,-7.34,2.16
401864516,2026,6,Northern Illinois Huskies,Air Force Falcons,2026-10-10T23:30:00Z,2026-10-08T05:49:29.063319+00:00,away,7.5,-15.49,-7.99
401856712,2026,6,Alabama Crimson Tide,Georgia Bulldogs,2026-10-10T23:30:00Z,2026-10-08T05:49:29.063319+00:00,away,-1.5,-5.99,-7.49
401869949,2026,6,Georgia Southern Eagles,James Madison Dukes,2026-10-10T23:30:00Z,2026-10-08T05:49:29.063319+00:00,away,7.5,-22.74,-15.239999999999998
401858485,2026,6,Penn State Nittany Lions,USC Trojans,2026-10-10T23:30:00Z,2026-10-08T05:49:29.063319+00:00,home,-1.5,12.53,11.03
401858486,2026,6,Purdue Boilermakers,Minnesota Golden Gophers,2026-10-11T00:00:00Z,2026-10-08T05:49:29.063319+00:00,away,2.5,-13.67,-11.17
401856827,2026,6,Utah Utes,Kansas Jayhawks,2026-10-11T02:15:00Z,2026-10-08T05:49:29.063319+00:00,home,-15.5,18.38,2.879999999999999
401856808,2026,6,Arizona State Sun Devils,Hawaii Rainbow Warriors,2026-10-11T02:30:00Z,2026-10-08T05:49:29.063319+00:00,away,-20.5,14.54,-5.960000000000001
401856724,2026,7,Texas Longhorns,Florida Gators,2026-10-17T16:00:00Z,2026-10-08T05:49:29.063319+00:00,home,-9.5,11.95,2.4499999999999993
401858488,2026,7,Indiana Hoosiers,Ohio State Buckeyes,2026-10-17T16:00:00Z,2026-10-08T05:49:29.063319+00:00,home,2.5,5.14,7.64
401856830,2026,7,Kansas State Wildcats,Kansas Jayhawks,2026-10-17T16:00:00Z,2026-10-08T05:49:29.063319+00:00,away,-9.5,5.53,-3.9699999999999998
401856720,2026,7,LSU Tigers,Mississippi State Bulldogs,2026-10-17T16:00:00Z,2026-10-08T05:49:29.063319+00:00,away,-12.5,7.69,-4.81
401858490,2026,7,Michigan Wolverines,Penn State Nittany Lions,2026-10-17T16:00:00Z,2026-10-08T05:49:29.063319+00:00,away,-5.5,-0.11,-5.61
401858492,2026,7,Oregon Ducks,Nebraska Cornhuskers,2026-10-17T16:00:00Z,2026-10-08T05:49:29.063319+00:00,home,-12.5,16.54,4.039999999999999
401858494,2026,7,UCLA Bruins,Wisconsin Badgers,2026-10-17T16:00:00Z,2026-10-08T05:49:29.063319+00:00,away,-3.0,0.81,-2.19
401856723,2026,7,Tennessee Volunteers,Alabama Crimson Tide,2026-10-17T19:30:00Z,2026-10-08T05:49:29.063319+00:00,home,4.5,3.76,8.26
401856719,2026,7,Georgia Bulldogs,Auburn Tigers,2026-10-17T19:30:00Z,2026-10-08T05:49:29.063319+00:00,away,-18.5,11.82,-6.68
401858266,2026,7,Duke Blue Devils,North Carolina Tar Heels,2026-10-17T19:30:00Z,2026-10-08T05:49:29.063319+00:00,home,-4.5,12.28,7.779999999999999
401856721,2026,7,Ole Miss Rebels,Missouri Tigers,2026-10-17T19:30:00Z,2026-10-08T05:49:29.063319+00:00,home,-6.0,9.92,3.92
401858263,2026,7,Miami Hurricanes,Florida State Seminoles,2026-10-17T23:00:00Z,2026-10-08T05:49:29.063319+00:00,away,-19.5,12.48,-7.02
401856809,2026,7,BYU Cougars,Notre Dame Fighting Irish,2026-10-17T23:30:00Z,2026-10-08T05:49:29.063319+00:00,home,12.5,-1.94,10.56
401856831,2026,7,Houston Cougars,Oklahoma State Cowboys,2026-10-17T23:30:00Z,2026-10-08T05:49:29.063319+00:00,home,-3.5,18.37,14.870000000000001
401856722,2026,7,Oklahoma Sooners,Kentucky Wildcats,2026-10-17T23:30:00Z,2026-10-08T05:49:29.063319+00:00,home,-6.5,14.44,7.9399999999999995
401862794,2026,6,UTSA Roadrunners,South Florida Bulls,2026-10-08T23:30:00Z,2026-10-08T15:35:55.530894+00:00,away,-6.5,-3.28,-9.78
401858254,2026,6,Louisville Cardinals,Florida State Seminoles,2026-10-09T23:00:00Z,2026-10-08T15:35:55.530894+00:00,home,-3.5,6.42,2.92
401858487,2026,6,Washington Huskies,Iowa Hawkeyes,2026-10-10T01:00:00Z,2026-10-08T15:35:55.530894+00:00,away,-3.0,-0.88,-3.88
401864519,2026,6,San Jose State Spartans,Wyoming Cowboys,2026-10-10T01:00:00Z,2026-10-08T15:35:55.530894+00:00,home,-4.5,11.81,7.3100000000000005
401860922,2026,6,Utah State Aggies,Washington State Cougars,2026-10-10T01:00:00Z,2026-10-08T15:35:55.530894+00:00,away,-5.5,-1.91,-7.41
401856823,2026,6,West Virginia Mountaineers,Arizona Wildcats,2026-10-10T16:00:00Z,2026-10-08T15:35:55.530894+00:00,away,3.0,-8.59,-5.59
401862795,2026,6,Army Black Knights,Tulane Green Wave,2026-10-10T16:00:00Z,2026-10-08T15:35:55.530894+00:00,away,-3.0,0.05,-2.95
401858481,2026,6,Nebraska Cornhuskers,Indiana Hoosiers,2026-10-10T16:00:00Z,2026-10-08T15:35:55.530894+00:00,away,7.5,-14.55,-7.050000000000001
401856716,2026,6,Missouri Tigers,Texas A&M Aggies,2026-10-10T16:00:00Z,2026-10-08T15:35:55.530894+00:00,home,-3.5,6.45,2.95
401858260,2026,6,NC State Wolfpack,Wake Forest Demon Deacons,2026-10-10T16:00:00Z,2026-10-08T15:35:55.530894+00:00,home,3.5,0.13,3.63
401858256,2026,6,Pittsburgh Panthers,North Carolina Tar Heels,2026-10-10T16:00:00Z,2026-10-08T15:35:55.530894+00:00,home,-3.5,11.99,8.49
401866440,2026,6,UMass Minutemen,Miami (OH) RedHawks,2026-10-10T18:00:00Z,2026-10-08T15:35:55.530894+00:00,away,2.5,-9.4,-6.9
401866435,2026,6,Akron Zips,Eastern Michigan Eagles,2026-10-10T19:30:00Z,2026-10-08T15:35:55.530894+00:00,home,6.5,-2.25,4.25
401866437,2026,6,Toledo Rockets,Buffalo Bulls,2026-10-10T19:30:00Z,2026-10-08T15:35:55.530894+00:00,away,-21.0,13.58,-7.42
401858259,2026,6,California Golden Bears,Virginia Tech Hokies,2026-10-10T19:30:00Z,2026-10-08T15:35:55.530894+00:00,home,10.0,-3.72,6.279999999999999
401866438,2026,6,Ohio Bobcats,Central Michigan Chippewas,2026-10-10T19:30:00Z,2026-10-08T15:35:55.530894+00:00,home,-3.0,5.95,2.95
401862796,2026,6,North Texas Mean Green,Charlotte 49ers,2026-10-10T19:30:00Z,2026-10-08T15:35:55.530894+00:00,home,-28.5,41.8,13.299999999999997
401858480,2026,6,Michigan State Spartans,Illinois Fighting Illini,2026-10-10T19:30:00Z,2026-10-08T15:35:55.530894+00:00,away,2.5,-11.04,-8.54
401866439,2026,6,Western Michigan Broncos,Kent State Golden Flashes,2026-10-10T19:30:00Z,2026-10-08T15:35:55.530894+00:00,home,-13.5,20.83,7.329999999999998
401862799,2026,6,Navy Midshipmen,Tulsa Golden Hurricane,2026-10-10T19:30:00Z,2026-10-08T15:35:55.530894+00:00,away,-2.5,0.55,-1.95
401856717,2026,6,Oklahoma Sooners,Texas Longhorns,2026-10-10T19:30:00Z,2026-10-08T15:35:55.530894+00:00,home,7.5,-4.04,3.46
401856718,2026,6,Vanderbilt Commodores,Ole Miss Rebels,2026-10-10T19:30:00Z,2026-10-08T15:35:55.530894+00:00,home,9.5,7.24,16.740000000000002
401858484,2026,6,Oregon Ducks,UCLA Bruins,2026-10-10T19:30:00Z,2026-10-08T15:35:55.530894+00:00,home,-11.5,18.16,6.66
401861964,2026,6,Temple Owls,UConn Huskies,2026-10-10T19:45:00Z,2026-10-08T15:35:55.530894+00:00,away,-3.5,0.73,-2.77
401862797,2026,6,East Carolina Pirates,Rice Owls,2026-10-10T20:00:00Z,2026-10-08T15:35:55.530894+00:00,home,-10.0,17.67,7.670000000000002
401860902,2026,6,Oregon State Beavers,San Diego State Aztecs,2026-10-10T22:00:00Z,2026-10-08T15:35:55.530894+00:00,away,-15.5,5.85,-9.65
401856715,2026,6,Kentucky Wildcats,LSU Tigers,2026-10-10T23:00:00Z,2026-10-08T15:35:55.530894+00:00,away,8.5,-14.04,-5.539999999999999
401862798,2026,6,Memphis Tigers,UAB Blazers,2026-10-10T23:00:00Z,2026-10-08T15:35:55.530894+00:00,home,-14.0,25.29,11.29
401864517,2026,6,UTEP Miners,Nevada Wolf Pack,2026-10-10T23:00:00Z,2026-10-08T15:35:55.530894+00:00,home,10.0,-7.34,2.66
401864516,2026,6,Northern Illinois Huskies,Air Force Falcons,2026-10-10T23:30:00Z,2026-10-08T15:35:55.530894+00:00,away,7.5,-11.87,-4.369999999999999
401856712,2026,6,Alabama Crimson Tide,Georgia Bulldogs,2026-10-10T23:30:00Z,2026-10-08T15:35:55.530894+00:00,away,-1.5,-6.22,-7.72
401869949,2026,6,Georgia Southern Eagles,James Madison Dukes,2026-10-10T23:30:00Z,2026-10-08T15:35:55.530894+00:00,away,7.5,-22.74,-15.239999999999998
401869965,2026,6,Louisiana Tech Bulldogs,Louisiana Ragin Cajuns,2026-10-10T23:30:00Z,2026-10-08T15:35:55.530894+00:00,home,-3.0,7.4,4.4
401858485,2026,6,Penn State Nittany Lions,USC Trojans,2026-10-10T23:30:00Z,2026-10-08T15:35:55.530894+00:00,home,-1.5,12.96,11.46
401858486,2026,6,Purdue Boilermakers,Minnesota Golden Gophers,2026-10-11T00:00:00Z,2026-10-08T15:35:55.530894+00:00,away,2.5,-13.67,-11.17
401856827,2026,6,Utah Utes,Kansas Jayhawks,2026-10-11T02:15:00Z,2026-10-08T15:35:55.530894+00:00,home,-15.5,18.38,2.879999999999999
401856808,2026,6,Arizona State Sun Devils,Hawaii Rainbow Warriors,2026-10-11T02:30:00Z,2026-10-08T15:35:55.530894+00:00,away,-20.5,14.54,-5.960000000000001
401856724,2026,7,Texas Longhorns,Florida Gators,2026-10-17T16:00:00Z,2026-10-08T15:35:55.530894+00:00,home,-9.5,11.95,2.4499999999999993
401858488,2026,7,Indiana Hoosiers,Ohio State Buckeyes,2026-10-17T16:00:00Z,2026-10-08T15:35:55.530894+00:00,home,2.5,5.14,7.64
401856830,2026,7,Kansas State Wildcats,Kansas Jayhawks,2026-10-17T16:00:00Z,2026-10-08T15:35:55.530894+00:00,away,-9.5,5.53,-3.9699999999999998
401856720,2026,7,LSU Tigers,Mississippi State Bulldogs,2026-10-17T16:00:00Z,2026-10-08T15:35:55.530894+00:00,away,-12.5,7.69,-4.81
401858490,2026,7,Michigan Wolverines,Penn State Nittany Lions,2026-10-17T16:00:00Z,2026-10-08T15:35:55.530894+00:00,away,-5.5,-0.11,-5.61
401858492,2026,7,Oregon Ducks,Nebraska Cornhuskers,2026-10-17T16:00:00Z,2026-10-08T15:35:55.530894+00:00,home,-12.5,16.54,4.039999999999999
401858494,2026,7,UCLA Bruins,Wisconsin Badgers,2026-10-17T16:00:00Z,2026-10-08T15:35:55.530894+00:00,away,-3.0,0.81,-2.19
401856723,2026,7,Tennessee Volunteers,Alabama Crimson Tide,2026-10-17T19:30:00Z,2026-10-08T15:35:55.530894+00:00,home,4.5,3.76,8.26
401856719,2026,7,Georgia Bulldogs,Auburn Tigers,2026-10-17T19:30:00Z,2026-10-08T15:35:55.530894+00:00,away,-18.5,11.82,-6.68
401858266,2026,7,Duke Blue Devils,North Carolina Tar Heels,2026-10-17T19:30:00Z,2026-10-08T15:35:55.530894+00:00,home,-4.5,12.28,7.779999999999999
401856721,2026,7,Ole Miss Rebels,Missouri Tigers,2026-10-17T19:30:00Z,2026-10-08T15:35:55.530894+00:00,home,-6.0,9.92,3.92
401858263,2026,7,Miami Hurricanes,Florida State Seminoles,2026-10-17T23:00:00Z,2026-10-08T15:35:55.530894+00:00,away,-19.5,12.48,-7.02
401856809,2026,7,BYU Cougars,Notre Dame Fighting Irish,2026-10-17T23:30:00Z,2026-10-08T15:35:55.530894+00:00,home,12.5,-1.94,10.56
401856831,2026,7,Houston Cougars,Oklahoma State Cowboys,2026-10-17T23:30:00Z,2026-10-08T15:35:55.530894+00:00,home,-3.5,18.37,14.870000000000001
401856722,2026,7,Oklahoma Sooners,Kentucky Wildcats,2026-10-17T23:30:00Z,2026-10-08T15:35:55.530894+00:00,home,-6.5,14.44,7.9399999999999995
401862794,2026,6,UTSA Roadrunners,South Florida Bulls,2026-10-08T23:30:00Z,2026-10-08T17:01:41.954648+00:00,away,-6.5,-3.28,-9.78
401858254,2026,6,Louisville Cardinals,Florida State Seminoles,2026-10-09T23:00:00Z,2026-10-08T17:01:41.954648+00:00,home,-3.5,6.42,2.92
401858487,2026,6,Washington Huskies,Iowa Hawkeyes,2026-10-10T01:00:00Z,2026-10-08T17:01:41.954648+00:00,away,-3.0,-0.88,-3.88
401864519,2026,6,San Jose State Spartans,Wyoming Cowboys,2026-10-10T01:00:00Z,2026-10-08T17:01:41.954648+00:00,home,-4.5,11.81,7.3100000000000005
401860922,2026,6,Utah State Aggies,Washington State Cougars,2026-10-10T01:00:00Z,2026-10-08T17:01:41.954648+00:00,away,-5.5,-1.91,-7.41
401856823,2026,6,West Virginia Mountaineers,Arizona Wildcats,2026-10-10T16:00:00Z,2026-10-08T17:01:41.954648+00:00,away,3.0,-8.59,-5.59
401862795,2026,6,Army Black Knights,Tulane Green Wave,2026-10-10T16:00:00Z,2026-10-08T17:01:41.954648+00:00,away,-3.0,0.05,-2.95
401858481,2026,6,Nebraska Cornhuskers,Indiana Hoosiers,2026-10-10T16:00:00Z,2026-10-08T17:01:41.954648+00:00,away,7.5,-14.55,-7.050000000000001
401856716,2026,6,Missouri Tigers,Texas A&M Aggies,2026-10-10T16:00:00Z,2026-10-08T17:01:41.954648+00:00,home,-3.5,6.45,2.95
401858260,2026,6,NC State Wolfpack,Wake Forest Demon Deacons,2026-10-10T16:00:00Z,2026-10-08T17:01:41.954648+00:00,home,3.5,0.13,3.63
401858256,2026,6,Pittsburgh Panthers,North Carolina Tar Heels,2026-10-10T16:00:00Z,2026-10-08T17:01:41.954648+00:00,home,-3.5,11.99,8.49
401866440,2026,6,UMass Minutemen,Miami (OH) RedHawks,2026-10-10T18:00:00Z,2026-10-08T17:01:41.954648+00:00,away,2.5,-9.4,-6.9
401866435,2026,6,Akron Zips,Eastern Michigan Eagles,2026-10-10T19:30:00Z,2026-10-08T17:01:41.954648+00:00,home,6.5,-2.25,4.25
401866437,2026,6,Toledo Rockets,Buffalo Bulls,2026-10-10T19:30:00Z,2026-10-08T17:01:41.954648+00:00,away,-21.0,13.58,-7.42
401858259,2026,6,California Golden Bears,Virginia Tech Hokies,2026-10-10T19:30:00Z,2026-10-08T17:01:41.954648+00:00,home,10.0,-3.72,6.279999999999999
401866438,2026,6,Ohio Bobcats,Central Michigan Chippewas,2026-10-10T19:30:00Z,2026-10-08T17:01:41.954648+00:00,home,-3.0,5.95,2.95
401862796,2026,6,North Texas Mean Green,Charlotte 49ers,2026-10-10T19:30:00Z,2026-10-08T17:01:41.954648+00:00,home,-28.5,41.8,13.299999999999997
401858480,2026,6,Michigan State Spartans,Illinois Fighting Illini,2026-10-10T19:30:00Z,2026-10-08T17:01:41.954648+00:00,away,2.5,-11.04,-8.54
401866439,2026,6,Western Michigan Broncos,Kent State Golden Flashes,2026-10-10T19:30:00Z,2026-10-08T17:01:41.954648+00:00,home,-13.5,20.83,7.329999999999998
401862799,2026,6,Navy Midshipmen,Tulsa Golden Hurricane,2026-10-10T19:30:00Z,2026-10-08T17:01:41.954648+00:00,away,-2.5,0.55,-1.95
401856717,2026,6,Oklahoma Sooners,Texas Longhorns,2026-10-10T19:30:00Z,2026-10-08T17:01:41.954648+00:00,home,7.5,-4.04,3.46
401856718,2026,6,Vanderbilt Commodores,Ole Miss Rebels,2026-10-10T19:30:00Z,2026-10-08T17:01:41.954648+00:00,home,9.5,7.24,16.740000000000002
401858484,2026,6,Oregon Ducks,UCLA Bruins,2026-10-10T19:30:00Z,2026-10-08T17:01:41.954648+00:00,home,-11.5,18.16,6.66
401861964,2026,6,Temple Owls,UConn Huskies,2026-10-10T19:45:00Z,2026-10-08T17:01:41.954648+00:00,away,-3.5,0.73,-2.77
401862797,2026,6,East Carolina Pirates,Rice Owls,2026-10-10T20:00:00Z,2026-10-08T17:01:41.954648+00:00,home,-10.0,17.67,7.670000000000002
401860902,2026,6,Oregon State Beavers,San Diego State Aztecs,2026-10-10T22:00:00Z,2026-10-08T17:01:41.954648+00:00,away,-15.5,5.85,-9.65
401856715,2026,6,Kentucky Wildcats,LSU Tigers,2026-10-10T23:00:00Z,2026-10-08T17:01:41.954648+00:00,away,8.5,-14.04,-5.539999999999999
401862798,2026,6,Memphis Tigers,UAB Blazers,2026-10-10T23:00:00Z,2026-10-08T17:01:41.954648+00:00,home,-14.0,25.29,11.29
401864517,2026,6,UTEP Miners,Nevada Wolf Pack,2026-10-10T23:00:00Z,2026-10-08T17:01:41.954648+00:00,home,10.0,-7.34,2.66
401864516,2026,6,Northern Illinois Huskies,Air Force Falcons,2026-10-10T23:30:00Z,2026-10-08T17:01:41.954648+00:00,away,7.5,-11.87,-4.369999999999999
401856712,2026,6,Alabama Crimson Tide,Georgia Bulldogs,2026-10-10T23:30:00Z,2026-10-08T17:01:41.954648+00:00,away,-1.5,-6.22,-7.72
401869949,2026,6,Georgia Southern Eagles,James Madison Dukes,2026-10-10T23:30:00Z,2026-10-08T17:01:41.954648+00:00,away,7.5,-22.74,-15.239999999999998
401869965,2026,6,Louisiana Tech Bulldogs,Louisiana Ragin Cajuns,2026-10-10T23:30:00Z,2026-10-08T17:01:41.954648+00:00,home,-3.0,7.4,4.4
401858485,2026,6,Penn State Nittany Lions,USC Trojans,2026-10-10T23:30:00Z,2026-10-08T17:01:41.954648+00:00,home,-1.5,12.96,11.46
401858486,2026,6,Purdue Boilermakers,Minnesota Golden Gophers,2026-10-11T00:00:00Z,2026-10-08T17:01:41.954648+00:00,away,2.5,-13.67,-11.17
401856827,2026,6,Utah Utes,Kansas Jayhawks,2026-10-11T02:15:00Z,2026-10-08T17:01:41.954648+00:00,home,-15.5,18.38,2.879999999999999
401856808,2026,6,Arizona State Sun Devils,Hawaii Rainbow Warriors,2026-10-11T02:30:00Z,2026-10-08T17:01:41.954648+00:00,away,-20.5,14.54,-5.960000000000001
401856724,2026,7,Texas Longhorns,Florida Gators,2026-10-17T16:00:00Z,2026-10-08T17:01:41.954648+00:00,home,-9.5,11.95,2.4499999999999993
401858488,2026,7,Indiana Hoosiers,Ohio State Buckeyes,2026-10-17T16:00:00Z,2026-10-08T17:01:41.954648+00:00,home,2.5,5.14,7.64
401856830,2026,7,Kansas State Wildcats,Kansas Jayhawks,2026-10-17T16:00:00Z,2026-10-08T17:01:41.954648+00:00,away,-9.5,5.53,-3.9699999999999998
401856720,2026,7,LSU Tigers,Mississippi State Bulldogs,2026-10-17T16:00:00Z,2026-10-08T17:01:41.954648+00:00,away,-12.5,7.69,-4.81
401858490,2026,7,Michigan Wolverines,Penn State Nittany Lions,2026-10-17T16:00:00Z,2026-10-08T17:01:41.954648+00:00,away,-5.5,-0.11,-5.61
401858492,2026,7,Oregon Ducks,Nebraska Cornhuskers,2026-10-17T16:00:00Z,2026-10-08T17:01:41.954648+00:00,home,-12.5,16.54,4.039999999999999
401858494,2026,7,UCLA Bruins,Wisconsin Badgers,2026-10-17T16:00:00Z,2026-10-08T17:01:41.954648+00:00,away,-3.0,0.81,-2.19
401856723,2026,7,Tennessee Volunteers,Alabama Crimson Tide,2026-10-17T19:30:00Z,2026-10-08T17:01:41.954648+00:00,home,4.5,3.76,8.26
401856719,2026,7,Georgia Bulldogs,Auburn Tigers,2026-10-17T19:30:00Z,2026-10-08T17:01:41.954648+00:00,away,-18.5,11.82,-6.68
401858266,2026,7,Duke Blue Devils,North Carolina Tar Heels,2026-10-17T19:30:00Z,2026-10-08T17:01:41.954648+00:00,home,-4.5,12.28,7.779999999999999
401856721,2026,7,Ole Miss Rebels,Missouri Tigers,2026-10-17T19:30:00Z,2026-10-08T17:01:41.954648+00:00,home,-6.0,9.92,3.92
401858263,2026,7,Miami Hurricanes,Florida State Seminoles,2026-10-17T23:00:00Z,2026-10-08T17:01:41.954648+00:00,away,-19.5,12.48,-7.02
401856809,2026,7,BYU Cougars,Notre Dame Fighting Irish,2026-10-17T23:30:00Z,2026-10-08T17:01:41.954648+00:00,home,12.5,-1.94,10.56
401856831,2026,7,Houston Cougars,Oklahoma State Cowboys,2026-10-17T23:30:00Z,2026-10-08T17:01:41.954648+00:00,home,-3.5,18.37,14.870000000000001
401856722,2026,7,Oklahoma Sooners,Kentucky Wildcats,2026-10-17T23:30:00Z,2026-10-08T17:01:41.954648+00:00,home,-6.5,14.44,7.9399999999999995
401871052,2026,6,Western Kentucky Hilltoppers,Missouri State Bears,2026-10-08T23:00:00Z,2026-10-08T19:51:48.431939+00:00,home,1.5,1.54,3.04
401862794,2026,6,UTSA Roadrunners,South Florida Bulls,2026-10-08T23:30:00Z,2026-10-08T19:51:48.431939+00:00,away,-6.5,-3.28,-9.78
401858254,2026,6,Louisville Cardinals,Florida State Seminoles,2026-10-09T23:00:00Z,2026-10-08T19:51:48.431939+00:00,home,-3.5,6.42,2.92
401858487,2026,6,Washington Huskies,Iowa Hawkeyes,2026-10-10T01:00:00Z,2026-10-08T19:51:48.431939+00:00,away,-3.0,-0.88,-3.88
401864519,2026,6,San Jose State Spartans,Wyoming Cowboys,2026-10-10T01:00:00Z,2026-10-08T19:51:48.431939+00:00,home,-4.5,11.81,7.3100000000000005
401860922,2026,6,Utah State Aggies,Washington State Cougars,2026-10-10T01:00:00Z,2026-10-08T19:51:48.431939+00:00,away,-5.5,-1.91,-7.41
401856823,2026,6,West Virginia Mountaineers,Arizona Wildcats,2026-10-10T16:00:00Z,2026-10-08T19:51:48.431939+00:00,away,3.0,-8.59,-5.59
401862795,2026,6,Army Black Knights,Tulane Green Wave,2026-10-10T16:00:00Z,2026-10-08T19:51:48.431939+00:00,away,-3.0,0.05,-2.95
401858481,2026,6,Nebraska Cornhuskers,Indiana Hoosiers,2026-10-10T16:00:00Z,2026-10-08T19:51:48.431939+00:00,away,7.5,-14.55,-7.050000000000001
401856716,2026,6,Missouri Tigers,Texas A&M Aggies,2026-10-10T16:00:00Z,2026-10-08T19:51:48.431939+00:00,home,-3.5,6.45,2.95
401858260,2026,6,NC State Wolfpack,Wake Forest Demon Deacons,2026-10-10T16:00:00Z,2026-10-08T19:51:48.431939+00:00,home,3.5,0.13,3.63
401858256,2026,6,Pittsburgh Panthers,North Carolina Tar Heels,2026-10-10T16:00:00Z,2026-10-08T19:51:48.431939+00:00,home,-3.5,11.99,8.49
401866440,2026,6,UMass Minutemen,Miami (OH) RedHawks,2026-10-10T18:00:00Z,2026-10-08T19:51:48.431939+00:00,away,2.5,-9.4,-6.9
401866435,2026,6,Akron Zips,Eastern Michigan Eagles,2026-10-10T19:30:00Z,2026-10-08T19:51:48.431939+00:00,home,6.5,-2.25,4.25
401866437,2026,6,Toledo Rockets,Buffalo Bulls,2026-10-10T19:30:00Z,2026-10-08T19:51:48.431939+00:00,away,-21.0,13.58,-7.42
401858259,2026,6,California Golden Bears,Virginia Tech Hokies,2026-10-10T19:30:00Z,2026-10-08T19:51:48.431939+00:00,home,10.0,-3.72,6.279999999999999
401866438,2026,6,Ohio Bobcats,Central Michigan Chippewas,2026-10-10T19:30:00Z,2026-10-08T19:51:48.431939+00:00,home,-3.0,5.95,2.95
401862796,2026,6,North Texas Mean Green,Charlotte 49ers,2026-10-10T19:30:00Z,2026-10-08T19:51:48.431939+00:00,home,-28.5,41.8,13.299999999999997
401858480,2026,6,Michigan State Spartans,Illinois Fighting Illini,2026-10-10T19:30:00Z,2026-10-08T19:51:48.431939+00:00,away,2.5,-11.04,-8.54
401866439,2026,6,Western Michigan Broncos,Kent State Golden Flashes,2026-10-10T19:30:00Z,2026-10-08T19:51:48.431939+00:00,home,-14.0,20.83,6.829999999999998
401862799,2026,6,Navy Midshipmen,Tulsa Golden Hurricane,2026-10-10T19:30:00Z,2026-10-08T19:51:48.431939+00:00,away,-2.5,0.55,-1.95
401856717,2026,6,Oklahoma Sooners,Texas Longhorns,2026-10-10T19:30:00Z,2026-10-08T19:51:48.431939+00:00,home,7.5,-4.04,3.46
401856718,2026,6,Vanderbilt Commodores,Ole Miss Rebels,2026-10-10T19:30:00Z,2026-10-08T19:51:48.431939+00:00,home,9.5,7.24,16.740000000000002
401858484,2026,6,Oregon Ducks,UCLA Bruins,2026-10-10T19:30:00Z,2026-10-08T19:51:48.431939+00:00,home,-11.5,18.16,6.66
401861964,2026,6,Temple Owls,UConn Huskies,2026-10-10T19:45:00Z,2026-10-08T19:51:48.431939+00:00,away,-3.5,0.73,-2.77
401862797,2026,6,East Carolina Pirates,Rice Owls,2026-10-10T20:00:00Z,2026-10-08T19:51:48.431939+00:00,home,-10.0,17.67,7.670000000000002
401860902,2026,6,Oregon State Beavers,San Diego State Aztecs,2026-10-10T22:00:00Z,2026-10-08T19:51:48.431939+00:00,away,-15.5,5.85,-9.65
401856715,2026,6,Kentucky Wildcats,LSU Tigers,2026-10-10T23:00:00Z,2026-10-08T19:51:48.431939+00:00,away,8.5,-14.04,-5.539999999999999
401862798,2026,6,Memphis Tigers,UAB Blazers,2026-10-10T23:00:00Z,2026-10-08T19:51:48.431939+00:00,home,-14.0,25.29,11.29
401864517,2026,6,UTEP Miners,Nevada Wolf Pack,2026-10-10T23:00:00Z,2026-10-08T19:51:48.431939+00:00,home,10.0,-7.34,2.66
401864516,2026,6,Northern Illinois Huskies,Air Force Falcons,2026-10-10T23:30:00Z,2026-10-08T19:51:48.431939+00:00,away,7.5,-11.87,-4.369999999999999
401856712,2026,6,Alabama Crimson Tide,Georgia Bulldogs,2026-10-10T23:30:00Z,2026-10-08T19:51:48.431939+00:00,away,-1.5,-6.22,-7.72
401869949,2026,6,Georgia Southern Eagles,James Madison Dukes,2026-10-10T23:30:00Z,2026-10-08T19:51:48.431939+00:00,away,7.5,-22.74,-15.239999999999998
401869965,2026,6,Louisiana Tech Bulldogs,Louisiana Ragin Cajuns,2026-10-10T23:30:00Z,2026-10-08T19:51:48.431939+00:00,home,-3.0,9.04,6.039999999999999
401858485,2026,6,Penn State Nittany Lions,USC Trojans,2026-10-10T23:30:00Z,2026-10-08T19:51:48.431939+00:00,home,-1.5,12.96,11.46
401858486,2026,6,Purdue Boilermakers,Minnesota Golden Gophers,2026-10-11T00:00:00Z,2026-10-08T19:51:48.431939+00:00,away,2.5,-13.67,-11.17
401856827,2026,6,Utah Utes,Kansas Jayhawks,2026-10-11T02:15:00Z,2026-10-08T19:51:48.431939+00:00,home,-15.5,18.38,2.879999999999999
401856808,2026,6,Arizona State Sun Devils,Hawaii Rainbow Warriors,2026-10-11T02:30:00Z,2026-10-08T19:51:48.431939+00:00,away,-20.5,14.54,-5.960000000000001
401871067,2026,7,Middle Tennessee Blue Raiders,Delaware Blue Hens,2026-10-13T23:00:00Z,2026-10-08T19:51:48.431939+00:00,away,-1.5,-1.97,-3.4699999999999998
401860923,2026,7,Texas State Bobcats,Colorado State Rams,2026-10-16T00:00:00Z,2026-10-08T19:51:48.431939+00:00,home,-11.5,20.8,9.3
401856724,2026,7,Texas Longhorns,Florida Gators,2026-10-17T16:00:00Z,2026-10-08T19:51:48.431939+00:00,home,-9.5,11.95,2.4499999999999993
401858488,2026,7,Indiana Hoosiers,Ohio State Buckeyes,2026-10-17T16:00:00Z,2026-10-08T19:51:48.431939+00:00,home,2.5,5.14,7.64
401856830,2026,7,Kansas State Wildcats,Kansas Jayhawks,2026-10-17T16:00:00Z,2026-10-08T19:51:48.431939+00:00,away,-9.5,5.53,-3.9699999999999998
401856720,2026,7,LSU Tigers,Mississippi State Bulldogs,2026-10-17T16:00:00Z,2026-10-08T19:51:48.431939+00:00,away,-12.5,7.69,-4.81
401858490,2026,7,Michigan Wolverines,Penn State Nittany Lions,2026-10-17T16:00:00Z,2026-10-08T19:51:48.431939+00:00,away,-5.5,-0.11,-5.61
401858492,2026,7,Oregon Ducks,Nebraska Cornhuskers,2026-10-17T16:00:00Z,2026-10-08T19:51:48.431939+00:00,home,-12.5,16.54,4.039999999999999
401858494,2026,7,UCLA Bruins,Wisconsin Badgers,2026-10-17T16:00:00Z,2026-10-08T19:51:48.431939+00:00,away,-3.5,0.81,-2.69
401856723,2026,7,Tennessee Volunteers,Alabama Crimson Tide,2026-10-17T19:30:00Z,2026-10-08T19:51:48.431939+00:00,home,4.5,3.76,8.26
401856719,2026,7,Georgia Bulldogs,Auburn Tigers,2026-10-17T19:30:00Z,2026-10-08T19:51:48.431939+00:00,away,-18.5,11.82,-6.68
401858266,2026,7,Duke Blue Devils,North Carolina Tar Heels,2026-10-17T19:30:00Z,2026-10-08T19:51:48.431939+00:00,home,-4.5,12.28,7.779999999999999
401856721,2026,7,Ole Miss Rebels,Missouri Tigers,2026-10-17T19:30:00Z,2026-10-08T19:51:48.431939+00:00,home,-6.0,9.92,3.92
401858263,2026,7,Miami Hurricanes,Florida State Seminoles,2026-10-17T23:00:00Z,2026-10-08T19:51:48.431939+00:00,away,-19.5,12.48,-7.02
401856809,2026,7,BYU Cougars,Notre Dame Fighting Irish,2026-10-17T23:30:00Z,2026-10-08T19:51:48.431939+00:00,home,12.5,-1.94,10.56
401856831,2026,7,Houston Cougars,Oklahoma State Cowboys,2026-10-17T23:30:00Z,2026-10-08T19:51:48.431939+00:00,home,-3.5,18.37,14.870000000000001
401856722,2026,7,Oklahoma Sooners,Kentucky Wildcats,2026-10-17T23:30:00Z,2026-10-08T19:51:48.431939+00:00,home,-6.5,14.44,7.9399999999999995
