season,event_id,commence_time,home_team,away_team,snapshot,book,player,line,over,under
2025,20740de7481ec1f20c2efbc30852f6c6,2025-08-23T16:00:00Z,Kansas State Wildcats,Iowa State Cyclones,2025-08-23T13:55:39Z,fanduel,Jaron Tibbs,2.5,-104.0,-125.0
2025,20740de7481ec1f20c2efbc30852f6c6,2025-08-23T16:00:00Z,Kansas State Wildcats,Iowa State Cyclones,2025-08-23T13:55:39Z,fanduel,Chase Sowell,4.5,106.0,-138.0
2025,20740de7481ec1f20c2efbc30852f6c6,2025-08-23T16:00:00Z,Kansas State Wildcats,Iowa State Cyclones,2025-08-23T13:55:39Z,fanduel,Jayce Brown,3.5,-128.0,-102.0
2025,20740de7481ec1f20c2efbc30852f6c6,2025-08-23T16:00:00Z,Kansas State Wildcats,Iowa State Cyclones,2025-08-23T13:55:39Z,fanduel,Xavier Townsend,3.5,-120.0,-108.0
2025,20740de7481ec1f20c2efbc30852f6c6,2025-08-23T16:00:00Z,Kansas State Wildcats,Iowa State Cyclones,2025-08-23T13:55:39Z,fanduel,Dylan Edwards,1.5,-138.0,106.0
2025,20740de7481ec1f20c2efbc30852f6c6,2025-08-23T16:00:00Z,Kansas State Wildcats,Iowa State Cyclones,2025-08-23T13:55:39Z,fanduel,Garrett Oakley,2.5,130.0,-170.0
2025,bc9ca531af3bbd6fcb8271267655450e,2025-08-23T22:30:00Z,Kansas Jayhawks,Fresno State Bulldogs,2025-08-23T20:25:38Z,bovada,Jordan Brown,2.5,-115.0,-115.0
2025,bc9ca531af3bbd6fcb8271267655450e,2025-08-23T22:30:00Z,Kansas Jayhawks,Fresno State Bulldogs,2025-08-23T20:25:38Z,fanduel,Cam Pickett,3.5,-114.0,-114.0
2025,bc9ca531af3bbd6fcb8271267655450e,2025-08-23T22:30:00Z,Kansas Jayhawks,Fresno State Bulldogs,2025-08-23T20:25:38Z,fanduel,Jordan Brown,2.5,112.0,-146.0
2025,bc9ca531af3bbd6fcb8271267655450e,2025-08-23T22:30:00Z,Kansas Jayhawks,Fresno State Bulldogs,2025-08-23T20:25:38Z,fanduel,DeShawn Hanika,1.5,-120.0,-108.0
2025,bc9ca531af3bbd6fcb8271267655450e,2025-08-23T22:30:00Z,Kansas Jayhawks,Fresno State Bulldogs,2025-08-23T20:25:38Z,fanduel,Emmanuel Henderson Jr.,3.5,-108.0,-120.0
2025,bc9ca531af3bbd6fcb8271267655450e,2025-08-23T22:30:00Z,Kansas Jayhawks,Fresno State Bulldogs,2025-08-23T20:25:38Z,fanduel,Richie Anderson,1.5,-152.0,116.0
2025,bc9ca531af3bbd6fcb8271267655450e,2025-08-23T22:30:00Z,Kansas Jayhawks,Fresno State Bulldogs,2025-08-23T20:25:38Z,fanduel,Josiah Freeman,3.5,-160.0,122.0
2025,bc9ca531af3bbd6fcb8271267655450e,2025-08-23T22:30:00Z,Kansas Jayhawks,Fresno State Bulldogs,2025-08-23T20:25:38Z,fanduel,Bryson Donelson,1.5,-156.0,120.0
2025,f88be3eb99624912fed9f8dfc9c3b017,2025-08-23T23:30:00Z,Hawaii Rainbow Warriors,Stanford Cardinal,2025-08-23T21:25:39Z,bovada,C.J. Williams,3.5,-110.0,-120.0
2025,f88be3eb99624912fed9f8dfc9c3b017,2025-08-23T23:30:00Z,Hawaii Rainbow Warriors,Stanford Cardinal,2025-08-23T21:25:39Z,bovada,Nick Cenacle,5.5,-125.0,-105.0
2025,f88be3eb99624912fed9f8dfc9c3b017,2025-08-23T23:30:00Z,Hawaii Rainbow Warriors,Stanford Cardinal,2025-08-23T21:25:39Z,bovada,Pofele Ashlock,5.5,-160.0,120.0
2025,f88be3eb99624912fed9f8dfc9c3b017,2025-08-23T23:30:00Z,Hawaii Rainbow Warriors,Stanford Cardinal,2025-08-23T21:25:39Z,fanduel,Pofele Ashlock,5.5,-132.0,102.0
2025,f88be3eb99624912fed9f8dfc9c3b017,2025-08-23T23:30:00Z,Hawaii Rainbow Warriors,Stanford Cardinal,2025-08-23T21:25:39Z,fanduel,Nick Cenacle,5.5,-108.0,-120.0
2025,f88be3eb99624912fed9f8dfc9c3b017,2025-08-23T23:30:00Z,Hawaii Rainbow Warriors,Stanford Cardinal,2025-08-23T21:25:39Z,fanduel,C.J. Williams,3.5,-128.0,-102.0
2025,f88be3eb99624912fed9f8dfc9c3b017,2025-08-23T23:30:00Z,Hawaii Rainbow Warriors,Stanford Cardinal,2025-08-23T21:25:39Z,fanduel,Caden High,3.5,112.0,-146.0
2025,f88be3eb99624912fed9f8dfc9c3b017,2025-08-23T23:30:00Z,Hawaii Rainbow Warriors,Stanford Cardinal,2025-08-23T21:25:39Z,fanduel,Sam Roush,3.5,-114.0,-114.0
2025,ba3ec216f7117a8f9acbef2fe092c87b,2025-08-28T21:30:00Z,South Florida Bulls,Boise State Broncos,2025-08-28T19:25:39Z,bovada,Keshaun Singleton,4.5,115.0,-150.0
2025,ba3ec216f7117a8f9acbef2fe092c87b,2025-08-28T21:30:00Z,South Florida Bulls,Boise State Broncos,2025-08-28T19:25:39Z,bovada,Latrell Caples,4.5,105.0,-135.0
2025,ba3ec216f7117a8f9acbef2fe092c87b,2025-08-28T21:30:00Z,South Florida Bulls,Boise State Broncos,2025-08-28T19:25:39Z,bovada,Mudia Reuben,2.5,-135.0,105.0
2025,ba3ec216f7117a8f9acbef2fe092c87b,2025-08-28T21:30:00Z,South Florida Bulls,Boise State Broncos,2025-08-28T19:25:39Z,fanduel,Keshaun Singleton,4.5,108.0,-140.0
2025,ba3ec216f7117a8f9acbef2fe092c87b,2025-08-28T21:30:00Z,South Florida Bulls,Boise State Broncos,2025-08-28T19:25:39Z,fanduel,Matt Lauter,3.5,-128.0,-102.0
2025,ba3ec216f7117a8f9acbef2fe092c87b,2025-08-28T21:30:00Z,South Florida Bulls,Boise State Broncos,2025-08-28T19:25:39Z,fanduel,Latrell Caples,4.5,154.0,-205.0
2025,0340d587efabc6bbf7114392cb51dfd5,2025-08-28T22:00:00Z,Rutgers Scarlet Knights,Ohio Bobcats,2025-08-28T19:55:39Z,bovada,CJ Campbell Jr.,1.5,125.0,-165.0
2025,0340d587efabc6bbf7114392cb51dfd5,2025-08-28T22:00:00Z,Rutgers Scarlet Knights,Ohio Bobcats,2025-08-28T19:55:39Z,bovada,Ian Strong,4.5,-115.0,-115.0
2025,0340d587efabc6bbf7114392cb51dfd5,2025-08-28T22:00:00Z,Rutgers Scarlet Knights,Ohio Bobcats,2025-08-28T19:55:39Z,bovada,KJ Duff,3.5,135.0,-180.0
2025,6e308b5e56e38cfe79a4f6b4783e1bfc,2025-08-28T23:00:00Z,NC State Wolfpack,East Carolina Pirates,2025-08-28T20:55:39Z,fanduel,Wesley Grimes,3.5,130.0,-170.0
2025,6e308b5e56e38cfe79a4f6b4783e1bfc,2025-08-28T23:00:00Z,NC State Wolfpack,East Carolina Pirates,2025-08-28T20:55:39Z,fanduel,Jaquaize Pettaway,2.5,-165.0,126.0
2025,6e308b5e56e38cfe79a4f6b4783e1bfc,2025-08-28T23:00:00Z,NC State Wolfpack,East Carolina Pirates,2025-08-28T20:55:39Z,fanduel,Anthony Smith,3.5,-128.0,-102.0
2025,6e308b5e56e38cfe79a4f6b4783e1bfc,2025-08-28T23:00:00Z,NC State Wolfpack,East Carolina Pirates,2025-08-28T20:55:39Z,fanduel,Noah Rogers,4.5,130.0,-170.0
2025,6e308b5e56e38cfe79a4f6b4783e1bfc,2025-08-28T23:00:00Z,NC State Wolfpack,East Carolina Pirates,2025-08-28T20:55:39Z,fanduel,Justin Joly,3.5,-120.0,-108.0
2025,5287f56aa50eff29efc0d8c19c41ec01,2025-08-29T00:00:00Z,Minnesota Golden Gophers,Buffalo Bulls,2025-08-28T21:55:39Z,bovada,Darius Taylor,3.5,-115.0,-115.0
2025,5287f56aa50eff29efc0d8c19c41ec01,2025-08-29T00:00:00Z,Minnesota Golden Gophers,Buffalo Bulls,2025-08-28T21:55:39Z,bovada,Jameson Geers,1.5,-200.0,150.0
2025,5287f56aa50eff29efc0d8c19c41ec01,2025-08-29T00:00:00Z,Minnesota Golden Gophers,Buffalo Bulls,2025-08-28T21:55:39Z,bovada,Javon Tracy,3.5,-115.0,-115.0
2025,5287f56aa50eff29efc0d8c19c41ec01,2025-08-29T00:00:00Z,Minnesota Golden Gophers,Buffalo Bulls,2025-08-28T21:55:39Z,bovada,Logan Loya,3.5,110.0,-145.0
2025,f2cf826d5734af1bedd0fb1510a7605c,2025-08-29T01:00:00Z,Cincinnati Bearcats,Nebraska Cornhuskers,2025-08-28T22:55:39Z,betrivers,Dane Key,4.5,112.0,
2025,f2cf826d5734af1bedd0fb1510a7605c,2025-08-29T01:00:00Z,Cincinnati Bearcats,Nebraska Cornhuskers,2025-08-28T22:55:39Z,fanduel,Caleb Goodie,2.5,-120.0,-108.0
2025,f2cf826d5734af1bedd0fb1510a7605c,2025-08-29T01:00:00Z,Cincinnati Bearcats,Nebraska Cornhuskers,2025-08-28T22:55:39Z,fanduel,Joe Royer,4.5,154.0,-205.0
2025,f2cf826d5734af1bedd0fb1510a7605c,2025-08-29T01:00:00Z,Cincinnati Bearcats,Nebraska Cornhuskers,2025-08-28T22:55:39Z,fanduel,Dane Key,3.5,-168.0,128.0
2025,f2cf826d5734af1bedd0fb1510a7605c,2025-08-29T01:00:00Z,Cincinnati Bearcats,Nebraska Cornhuskers,2025-08-28T22:55:39Z,fanduel,Cyrus Allen,3.5,122.0,-160.0
2025,f2cf826d5734af1bedd0fb1510a7605c,2025-08-29T01:00:00Z,Cincinnati Bearcats,Nebraska Cornhuskers,2025-08-28T22:55:39Z,fanduel,Jacory Barney Jr.,4.5,102.0,-132.0
2025,f2cf826d5734af1bedd0fb1510a7605c,2025-08-29T01:00:00Z,Cincinnati Bearcats,Nebraska Cornhuskers,2025-08-28T22:55:39Z,bovada,Jacory Barney Jr.,4.5,-110.0,-120.0
2025,f2cf826d5734af1bedd0fb1510a7605c,2025-08-29T01:00:00Z,Cincinnati Bearcats,Nebraska Cornhuskers,2025-08-28T22:55:39Z,bovada,Cyrus Allen,3.5,125.0,-165.0
2025,f2cf826d5734af1bedd0fb1510a7605c,2025-08-29T01:00:00Z,Cincinnati Bearcats,Nebraska Cornhuskers,2025-08-28T22:55:39Z,bovada,Dane Key,3.5,-160.0,120.0
2025,f2cf826d5734af1bedd0fb1510a7605c,2025-08-29T01:00:00Z,Cincinnati Bearcats,Nebraska Cornhuskers,2025-08-28T22:55:39Z,bovada,Emmett Johnson,4.5,125.0,-165.0
2025,f2cf826d5734af1bedd0fb1510a7605c,2025-08-29T01:00:00Z,Cincinnati Bearcats,Nebraska Cornhuskers,2025-08-28T22:55:39Z,bovada,Joe Royer,3.5,-135.0,105.0
2025,f2cf826d5734af1bedd0fb1510a7605c,2025-08-29T01:00:00Z,Cincinnati Bearcats,Nebraska Cornhuskers,2025-08-28T22:55:39Z,bovada,Nyziah Hunter,3.5,105.0,-135.0
2025,5258088fbe3a7c3b887cc597a1f0d59d,2025-08-29T01:00:00Z,Wisconsin Badgers,Miami (OH) RedHawks,2025-08-28T22:55:39Z,bovada,Darrion Dupree,1.5,155.0,-210.0
2025,5258088fbe3a7c3b887cc597a1f0d59d,2025-08-29T01:00:00Z,Wisconsin Badgers,Miami (OH) RedHawks,2025-08-28T22:55:39Z,bovada,Jayden Ballard,3.5,-105.0,-125.0
2025,5258088fbe3a7c3b887cc597a1f0d59d,2025-08-29T01:00:00Z,Wisconsin Badgers,Miami (OH) RedHawks,2025-08-28T22:55:39Z,bovada,Lance Mason,2.5,100.0,-130.0
2025,5258088fbe3a7c3b887cc597a1f0d59d,2025-08-29T01:00:00Z,Wisconsin Badgers,Miami (OH) RedHawks,2025-08-28T22:55:39Z,bovada,Trech Kekahuna,3.5,125.0,-165.0
2025,5258088fbe3a7c3b887cc597a1f0d59d,2025-08-29T01:00:00Z,Wisconsin Badgers,Miami (OH) RedHawks,2025-08-28T22:55:39Z,bovada,Vinny Anthony II,3.5,-115.0,-115.0
2025,6b720706eed963bd287b802d86a85024,2025-08-29T23:00:00Z,Wake Forest Demon Deacons,Kennesaw State Owls,2025-08-29T20:55:39Z,bovada,Carlos Hernandez,4.5,125.0,-165.0
2025,6b720706eed963bd287b802d86a85024,2025-08-29T23:00:00Z,Wake Forest Demon Deacons,Kennesaw State Owls,2025-08-29T20:55:39Z,bovada,Demond Claiborne,2.5,140.0,-185.0
2025,cc964607d7c521019e0c91768bb2c024,2025-08-29T23:00:00Z,Michigan State Spartans,Western Michigan Broncos,2025-08-29T20:55:39Z,bovada,Brandon Tullis,0.5,-160.0,120.0
2025,cc964607d7c521019e0c91768bb2c024,2025-08-29T23:00:00Z,Michigan State Spartans,Western Michigan Broncos,2025-08-29T20:55:39Z,bovada,Jack Velling,2.5,-160.0,120.0
2025,cc964607d7c521019e0c91768bb2c024,2025-08-29T23:00:00Z,Michigan State Spartans,Western Michigan Broncos,2025-08-29T20:55:39Z,bovada,Nick Marsh,4.5,-115.0,-115.0
2025,cc964607d7c521019e0c91768bb2c024,2025-08-29T23:00:00Z,Michigan State Spartans,Western Michigan Broncos,2025-08-29T20:55:39Z,bovada,Omari Kelly,3.5,-105.0,-125.0
2025,cc964607d7c521019e0c91768bb2c024,2025-08-29T23:00:00Z,Michigan State Spartans,Western Michigan Broncos,2025-08-29T20:55:39Z,betonlineag,Omari Kelly,3.5,-103.0,-125.0
2025,cc964607d7c521019e0c91768bb2c024,2025-08-29T23:00:00Z,Michigan State Spartans,Western Michigan Broncos,2025-08-29T20:55:39Z,betonlineag,Nick Marsh,3.5,-164.0,125.0
2025,cc964607d7c521019e0c91768bb2c024,2025-08-29T23:00:00Z,Michigan State Spartans,Western Michigan Broncos,2025-08-29T20:55:39Z,betonlineag,Jack Velling,2.5,-156.0,120.0
2025,cc964607d7c521019e0c91768bb2c024,2025-08-29T23:00:00Z,Michigan State Spartans,Western Michigan Broncos,2025-08-29T20:55:39Z,betonlineag,Brandon Tullis,0.5,-156.0,120.0
2025,cc964607d7c521019e0c91768bb2c024,2025-08-29T23:00:00Z,Michigan State Spartans,Western Michigan Broncos,2025-08-29T20:55:39Z,fanduel,Nick Marsh,4.5,126.0,-165.0
2025,091114ab96129401a22aa7b2ba683ec1,2025-08-30T00:00:00Z,Baylor Bears,Auburn Tigers,2025-08-29T21:55:39Z,fanduel,Kole Wilson,2.5,108.0,-140.0
2025,091114ab96129401a22aa7b2ba683ec1,2025-08-30T00:00:00Z,Baylor Bears,Auburn Tigers,2025-08-29T21:55:39Z,fanduel,Ashtyn Hawkins,3.5,108.0,-140.0
2025,091114ab96129401a22aa7b2ba683ec1,2025-08-30T00:00:00Z,Baylor Bears,Auburn Tigers,2025-08-29T21:55:39Z,fanduel,Josh Cameron,3.5,-168.0,128.0
2025,091114ab96129401a22aa7b2ba683ec1,2025-08-30T00:00:00Z,Baylor Bears,Auburn Tigers,2025-08-29T21:55:39Z,fanduel,Malcolm Simmons,2.5,-102.0,-128.0
2025,091114ab96129401a22aa7b2ba683ec1,2025-08-30T00:00:00Z,Baylor Bears,Auburn Tigers,2025-08-29T21:55:39Z,fanduel,Michael Trigg,2.5,-140.0,108.0
2025,091114ab96129401a22aa7b2ba683ec1,2025-08-30T00:00:00Z,Baylor Bears,Auburn Tigers,2025-08-29T21:55:39Z,fanduel,Eric Singleton Jr.,3.5,142.0,-188.0
2025,091114ab96129401a22aa7b2ba683ec1,2025-08-30T00:00:00Z,Baylor Bears,Auburn Tigers,2025-08-29T21:55:39Z,fanduel,Cam Coleman,5.5,126.0,-165.0
2025,091114ab96129401a22aa7b2ba683ec1,2025-08-30T00:00:00Z,Baylor Bears,Auburn Tigers,2025-08-29T21:55:39Z,fanduel,Bryson Washington,2.5,102.0,-132.0
2025,091114ab96129401a22aa7b2ba683ec1,2025-08-30T00:00:00Z,Baylor Bears,Auburn Tigers,2025-08-29T21:55:39Z,bovada,Ashtyn Hawkins,3.5,-115.0,-115.0
2025,091114ab96129401a22aa7b2ba683ec1,2025-08-30T00:00:00Z,Baylor Bears,Auburn Tigers,2025-08-29T21:55:39Z,bovada,Bryson Washington,2.5,-110.0,-120.0
2025,091114ab96129401a22aa7b2ba683ec1,2025-08-30T00:00:00Z,Baylor Bears,Auburn Tigers,2025-08-29T21:55:39Z,bovada,Cam Coleman,5.5,140.0,-185.0
2025,091114ab96129401a22aa7b2ba683ec1,2025-08-30T00:00:00Z,Baylor Bears,Auburn Tigers,2025-08-29T21:55:39Z,bovada,Damari Alston,1.5,-105.0,-125.0
2025,091114ab96129401a22aa7b2ba683ec1,2025-08-30T00:00:00Z,Baylor Bears,Auburn Tigers,2025-08-29T21:55:39Z,bovada,Josh Cameron,4.5,-105.0,-125.0
2025,091114ab96129401a22aa7b2ba683ec1,2025-08-30T00:00:00Z,Baylor Bears,Auburn Tigers,2025-08-29T21:55:39Z,bovada,Michael Trigg,2.5,-145.0,110.0
2025,091114ab96129401a22aa7b2ba683ec1,2025-08-30T00:00:00Z,Baylor Bears,Auburn Tigers,2025-08-29T21:55:39Z,betonlineag,Malcolm Simmons,2.5,-110.0,-118.0
2025,091114ab96129401a22aa7b2ba683ec1,2025-08-30T00:00:00Z,Baylor Bears,Auburn Tigers,2025-08-29T21:55:39Z,betonlineag,Damari Alston,1.5,-103.0,-125.0
2025,091114ab96129401a22aa7b2ba683ec1,2025-08-30T00:00:00Z,Baylor Bears,Auburn Tigers,2025-08-29T21:55:39Z,betonlineag,Bryson Washington,2.5,110.0,-143.0
2025,091114ab96129401a22aa7b2ba683ec1,2025-08-30T00:00:00Z,Baylor Bears,Auburn Tigers,2025-08-29T21:55:39Z,betonlineag,Cam Coleman,4.5,-156.0,120.0
2025,091114ab96129401a22aa7b2ba683ec1,2025-08-30T00:00:00Z,Baylor Bears,Auburn Tigers,2025-08-29T21:55:39Z,betonlineag,Ashtyn Hawkins,3.5,102.0,-132.0
2025,091114ab96129401a22aa7b2ba683ec1,2025-08-30T00:00:00Z,Baylor Bears,Auburn Tigers,2025-08-29T21:55:39Z,betonlineag,Eric Singleton Jr.,2.5,-169.0,130.0
2025,091114ab96129401a22aa7b2ba683ec1,2025-08-30T00:00:00Z,Baylor Bears,Auburn Tigers,2025-08-29T21:55:39Z,betonlineag,Michael Trigg,2.5,-141.0,108.0
2025,091114ab96129401a22aa7b2ba683ec1,2025-08-30T00:00:00Z,Baylor Bears,Auburn Tigers,2025-08-29T21:55:39Z,betonlineag,Kole Wilson,2.5,109.0,-141.0
2025,091114ab96129401a22aa7b2ba683ec1,2025-08-30T00:00:00Z,Baylor Bears,Auburn Tigers,2025-08-29T21:55:39Z,betonlineag,Josh Cameron,3.5,-167.0,128.0
2025,09043eb30bb7d92001afc88201788f05,2025-08-30T00:00:00Z,Colorado Buffaloes,Georgia Tech Yellow Jackets,2025-08-29T21:55:39Z,fanduel,Malik Rutherford,4.5,-128.0,-102.0
2025,09043eb30bb7d92001afc88201788f05,2025-08-30T00:00:00Z,Colorado Buffaloes,Georgia Tech Yellow Jackets,2025-08-29T21:55:39Z,fanduel,Eric Rivers,4.5,116.0,-152.0
2025,09043eb30bb7d92001afc88201788f05,2025-08-30T00:00:00Z,Colorado Buffaloes,Georgia Tech Yellow Jackets,2025-08-29T21:55:39Z,bovada,Eric Rivers,4.5,-105.0,-125.0
2025,09043eb30bb7d92001afc88201788f05,2025-08-30T00:00:00Z,Colorado Buffaloes,Georgia Tech Yellow Jackets,2025-08-29T21:55:39Z,bovada,Omarion Miller,4.5,130.0,-170.0
2025,09043eb30bb7d92001afc88201788f05,2025-08-30T00:00:00Z,Colorado Buffaloes,Georgia Tech Yellow Jackets,2025-08-29T21:55:39Z,betonlineag,Malik Rutherford,4.5,-123.0,-104.0
2025,09043eb30bb7d92001afc88201788f05,2025-08-30T00:00:00Z,Colorado Buffaloes,Georgia Tech Yellow Jackets,2025-08-29T21:55:39Z,betonlineag,Micah Welch,0.5,-227.0,170.0
2025,09043eb30bb7d92001afc88201788f05,2025-08-30T00:00:00Z,Colorado Buffaloes,Georgia Tech Yellow Jackets,2025-08-29T21:55:39Z,betonlineag,Omarion Miller,4.5,118.0,-154.0
2025,09043eb30bb7d92001afc88201788f05,2025-08-30T00:00:00Z,Colorado Buffaloes,Georgia Tech Yellow Jackets,2025-08-29T21:55:39Z,betonlineag,Joseph Williams,3.5,-118.0,-110.0
2025,09043eb30bb7d92001afc88201788f05,2025-08-30T00:00:00Z,Colorado Buffaloes,Georgia Tech Yellow Jackets,2025-08-29T21:55:39Z,betonlineag,Jamal Haynes,2.5,-103.0,-125.0
2025,09043eb30bb7d92001afc88201788f05,2025-08-30T00:00:00Z,Colorado Buffaloes,Georgia Tech Yellow Jackets,2025-08-29T21:55:39Z,betonlineag,Eric Rivers,4.5,122.0,-159.0
2025,a21e71cf77c563760aa9ca01826c2583,2025-08-30T16:00:00Z,Purdue Boilermakers,Ball State Cardinals,2025-08-30T13:55:38Z,bovada,Devin Mockobee,1.5,-110.0,-120.0
2025,a21e71cf77c563760aa9ca01826c2583,2025-08-30T16:00:00Z,Purdue Boilermakers,Ball State Cardinals,2025-08-30T13:55:38Z,betonlineag,Devin Mockobee,1.5,-108.0,-120.0
2025,f412c431e3f6d5b0645351971479df7b,2025-08-30T16:00:00Z,Maryland Terrapins,Florida Atlantic Owls,2025-08-30T13:55:38Z,bovada,Dorian Fleming,3.5,-125.0,-105.0
2025,f412c431e3f6d5b0645351971479df7b,2025-08-30T16:00:00Z,Maryland Terrapins,Florida Atlantic Owls,2025-08-30T13:55:38Z,bovada,Jalil Farooq,4.5,115.0,-150.0
2025,f412c431e3f6d5b0645351971479df7b,2025-08-30T16:00:00Z,Maryland Terrapins,Florida Atlantic Owls,2025-08-30T13:55:38Z,bovada,Kaleb Webb,2.5,120.0,-160.0
2025,f412c431e3f6d5b0645351971479df7b,2025-08-30T16:00:00Z,Maryland Terrapins,Florida Atlantic Owls,2025-08-30T13:55:38Z,bovada,Nolan Ray,1.5,-150.0,115.0
2025,f412c431e3f6d5b0645351971479df7b,2025-08-30T16:00:00Z,Maryland Terrapins,Florida Atlantic Owls,2025-08-30T13:55:38Z,bovada,Octavian Smith Jr.,3.5,-120.0,-110.0
2025,f412c431e3f6d5b0645351971479df7b,2025-08-30T16:00:00Z,Maryland Terrapins,Florida Atlantic Owls,2025-08-30T13:55:38Z,betonlineag,Nolan Ray,1.5,-149.0,115.0
2025,f412c431e3f6d5b0645351971479df7b,2025-08-30T16:00:00Z,Maryland Terrapins,Florida Atlantic Owls,2025-08-30T13:55:38Z,betonlineag,Octavian Smith Jr.,3.5,-118.0,-110.0
2025,f412c431e3f6d5b0645351971479df7b,2025-08-30T16:00:00Z,Maryland Terrapins,Florida Atlantic Owls,2025-08-30T13:55:38Z,betonlineag,Dorian Fleming,3.5,-123.0,-105.0
2025,f412c431e3f6d5b0645351971479df7b,2025-08-30T16:00:00Z,Maryland Terrapins,Florida Atlantic Owls,2025-08-30T13:55:38Z,betonlineag,Kaleb Webb,2.5,103.0,-133.0
2025,f412c431e3f6d5b0645351971479df7b,2025-08-30T16:00:00Z,Maryland Terrapins,Florida Atlantic Owls,2025-08-30T13:55:38Z,betonlineag,Jalil Farooq,4.5,115.0,-149.0
2025,0ee5bcc393d7591e62d85d0090796cdc,2025-08-30T16:00:00Z,Southern Mississippi Golden Eagles,Mississippi State Bulldogs,2025-08-30T13:55:38Z,bovada,Jordan Mosley,2.5,-130.0,100.0
2025,0ee5bcc393d7591e62d85d0090796cdc,2025-08-30T16:00:00Z,Southern Mississippi Golden Eagles,Mississippi State Bulldogs,2025-08-30T13:55:38Z,bovada,Seydou Traore,3.5,-135.0,105.0
2025,0ee5bcc393d7591e62d85d0090796cdc,2025-08-30T16:00:00Z,Southern Mississippi Golden Eagles,Mississippi State Bulldogs,2025-08-30T13:55:38Z,betonlineag,Seydou Traore,3.5,-120.0,-108.0
2025,0ee5bcc393d7591e62d85d0090796cdc,2025-08-30T16:00:00Z,Southern Mississippi Golden Eagles,Mississippi State Bulldogs,2025-08-30T13:55:38Z,betonlineag,Jordan Mosley,2.5,-130.0,100.0
2025,108112065d320b9bc531736b51f1053f,2025-08-30T16:00:00Z,Tulane Green Wave,Northwestern Wildcats,2025-08-30T13:55:38Z,bovada,Frank Covey IV,2.5,140.0,-185.0
2025,108112065d320b9bc531736b51f1053f,2025-08-30T16:00:00Z,Tulane Green Wave,Northwestern Wildcats,2025-08-30T13:55:38Z,bovada,Griffin Wilde,3.5,-120.0,-110.0
2025,108112065d320b9bc531736b51f1053f,2025-08-30T16:00:00Z,Tulane Green Wave,Northwestern Wildcats,2025-08-30T13:55:38Z,betonlineag,Frank Covey IV,2.5,141.0,-185.0
2025,108112065d320b9bc531736b51f1053f,2025-08-30T16:00:00Z,Tulane Green Wave,Northwestern Wildcats,2025-08-30T13:55:38Z,betonlineag,Griffin Wilde,3.5,-118.0,-110.0
2025,243c8fc42fd9e0d035d2f904384185e4,2025-08-30T16:00:00Z,Ohio State Buckeyes,Texas Longhorns,2025-08-30T13:55:38Z,fanduel,DeAndre Moore Jr.,3.5,112.0,-146.0
2025,243c8fc42fd9e0d035d2f904384185e4,2025-08-30T16:00:00Z,Ohio State Buckeyes,Texas Longhorns,2025-08-30T13:55:38Z,fanduel,Quintrevion Wisner,2.5,112.0,-146.0
2025,243c8fc42fd9e0d035d2f904384185e4,2025-08-30T16:00:00Z,Ohio State Buckeyes,Texas Longhorns,2025-08-30T13:55:38Z,fanduel,Jeremiah Smith,5.5,108.0,-140.0
2025,243c8fc42fd9e0d035d2f904384185e4,2025-08-30T16:00:00Z,Ohio State Buckeyes,Texas Longhorns,2025-08-30T13:55:38Z,fanduel,Brandon Inniss,1.5,-192.0,146.0
2025,243c8fc42fd9e0d035d2f904384185e4,2025-08-30T16:00:00Z,Ohio State Buckeyes,Texas Longhorns,2025-08-30T13:55:38Z,fanduel,Ryan Wingo,3.5,-102.0,-128.0
2025,243c8fc42fd9e0d035d2f904384185e4,2025-08-30T16:00:00Z,Ohio State Buckeyes,Texas Longhorns,2025-08-30T13:55:38Z,fanduel,Jack Endries,3.5,112.0,-146.0
2025,243c8fc42fd9e0d035d2f904384185e4,2025-08-30T16:00:00Z,Ohio State Buckeyes,Texas Longhorns,2025-08-30T13:55:38Z,fanduel,Carnell Tate,3.5,-146.0,112.0
2025,243c8fc42fd9e0d035d2f904384185e4,2025-08-30T16:00:00Z,Ohio State Buckeyes,Texas Longhorns,2025-08-30T13:55:38Z,fanduel,Max Klare,3.5,110.0,-144.0
2025,243c8fc42fd9e0d035d2f904384185e4,2025-08-30T16:00:00Z,Ohio State Buckeyes,Texas Longhorns,2025-08-30T13:55:38Z,bovada,Brandon Inniss,1.5,-190.0,145.0
2025,243c8fc42fd9e0d035d2f904384185e4,2025-08-30T16:00:00Z,Ohio State Buckeyes,Texas Longhorns,2025-08-30T13:55:38Z,bovada,Carnell Tate,3.5,-150.0,115.0
2025,243c8fc42fd9e0d035d2f904384185e4,2025-08-30T16:00:00Z,Ohio State Buckeyes,Texas Longhorns,2025-08-30T13:55:38Z,bovada,CJ Donaldson,1.5,200.0,-275.0
2025,243c8fc42fd9e0d035d2f904384185e4,2025-08-30T16:00:00Z,Ohio State Buckeyes,Texas Longhorns,2025-08-30T13:55:38Z,bovada,DeAndre Moore Jr.,3.5,110.0,-145.0
2025,243c8fc42fd9e0d035d2f904384185e4,2025-08-30T16:00:00Z,Ohio State Buckeyes,Texas Longhorns,2025-08-30T13:55:38Z,bovada,Jack Endries,3.5,115.0,-150.0
2025,243c8fc42fd9e0d035d2f904384185e4,2025-08-30T16:00:00Z,Ohio State Buckeyes,Texas Longhorns,2025-08-30T13:55:38Z,bovada,James Peoples,1.5,155.0,-210.0
2025,243c8fc42fd9e0d035d2f904384185e4,2025-08-30T16:00:00Z,Ohio State Buckeyes,Texas Longhorns,2025-08-30T13:55:38Z,bovada,Jeremiah Smith,5.5,125.0,-165.0
2025,243c8fc42fd9e0d035d2f904384185e4,2025-08-30T16:00:00Z,Ohio State Buckeyes,Texas Longhorns,2025-08-30T13:55:38Z,bovada,Max Klare,3.5,115.0,-150.0
2025,243c8fc42fd9e0d035d2f904384185e4,2025-08-30T16:00:00Z,Ohio State Buckeyes,Texas Longhorns,2025-08-30T13:55:38Z,bovada,Quintrevion Wisner,2.5,100.0,-130.0
2025,243c8fc42fd9e0d035d2f904384185e4,2025-08-30T16:00:00Z,Ohio State Buckeyes,Texas Longhorns,2025-08-30T13:55:38Z,bovada,Ryan Wingo,3.5,-110.0,-120.0
2025,243c8fc42fd9e0d035d2f904384185e4,2025-08-30T16:00:00Z,Ohio State Buckeyes,Texas Longhorns,2025-08-30T13:55:38Z,betonlineag,Carnell Tate,3.5,-145.0,112.0
2025,243c8fc42fd9e0d035d2f904384185e4,2025-08-30T16:00:00Z,Ohio State Buckeyes,Texas Longhorns,2025-08-30T13:55:38Z,betonlineag,Jeremiah Smith,5.5,110.0,-143.0
2025,243c8fc42fd9e0d035d2f904384185e4,2025-08-30T16:00:00Z,Ohio State Buckeyes,Texas Longhorns,2025-08-30T13:55:38Z,betonlineag,Ryan Wingo,3.5,-114.0,-114.0
2025,243c8fc42fd9e0d035d2f904384185e4,2025-08-30T16:00:00Z,Ohio State Buckeyes,Texas Longhorns,2025-08-30T13:55:38Z,betonlineag,Brandon Inniss,1.5,-196.0,148.0
2025,243c8fc42fd9e0d035d2f904384185e4,2025-08-30T16:00:00Z,Ohio State Buckeyes,Texas Longhorns,2025-08-30T13:55:38Z,betonlineag,Max Klare,3.5,107.0,-139.0
2025,243c8fc42fd9e0d035d2f904384185e4,2025-08-30T16:00:00Z,Ohio State Buckeyes,Texas Longhorns,2025-08-30T13:55:38Z,betonlineag,DeAndre Moore Jr.,3.5,106.0,-137.0
2025,243c8fc42fd9e0d035d2f904384185e4,2025-08-30T16:00:00Z,Ohio State Buckeyes,Texas Longhorns,2025-08-30T13:55:38Z,betonlineag,Jack Endries,3.5,109.0,-141.0
2025,243c8fc42fd9e0d035d2f904384185e4,2025-08-30T16:00:00Z,Ohio State Buckeyes,Texas Longhorns,2025-08-30T13:55:38Z,betonlineag,Quintrevion Wisner,2.5,107.0,-139.0
2025,243c8fc42fd9e0d035d2f904384185e4,2025-08-30T16:00:00Z,Ohio State Buckeyes,Texas Longhorns,2025-08-30T13:55:38Z,betonlineag,CJ Donaldson,1.5,204.0,-278.0
2025,243c8fc42fd9e0d035d2f904384185e4,2025-08-30T16:00:00Z,Ohio State Buckeyes,Texas Longhorns,2025-08-30T13:55:38Z,betonlineag,James Peoples,1.5,158.0,-208.0
2025,eb08e0869675a469f223fefa2b7c1aac,2025-08-30T16:00:00Z,Tennessee Volunteers,Syracuse Orange,2025-08-30T13:55:38Z,bovada,Darrell Gill jr.,4.5,130.0,-170.0
2025,eb08e0869675a469f223fefa2b7c1aac,2025-08-30T16:00:00Z,Tennessee Volunteers,Syracuse Orange,2025-08-30T13:55:38Z,bovada,Johntay Cook,4.5,115.0,-150.0
2025,eb08e0869675a469f223fefa2b7c1aac,2025-08-30T16:00:00Z,Tennessee Volunteers,Syracuse Orange,2025-08-30T13:55:38Z,bovada,Miles Kitselman,2.5,100.0,-130.0
2025,eb08e0869675a469f223fefa2b7c1aac,2025-08-30T16:00:00Z,Tennessee Volunteers,Syracuse Orange,2025-08-30T13:55:38Z,betonlineag,Johntay Cook,4.5,107.0,-139.0
2025,eb08e0869675a469f223fefa2b7c1aac,2025-08-30T16:00:00Z,Tennessee Volunteers,Syracuse Orange,2025-08-30T13:55:38Z,betonlineag,Darrell Gill jr.,4.5,130.0,-169.0
2025,eb08e0869675a469f223fefa2b7c1aac,2025-08-30T16:00:00Z,Tennessee Volunteers,Syracuse Orange,2025-08-30T13:55:38Z,betonlineag,Miles Kitselman,2.5,100.0,-130.0
2025,c3d1a98456d7bcfc2273efc4c64a6cd6,2025-08-30T16:45:00Z,Kentucky Wildcats,Toledo Rockets,2025-08-30T14:40:38Z,bovada,Hardley Gilmore IV,2.5,-125.0,-105.0
2025,c3d1a98456d7bcfc2273efc4c64a6cd6,2025-08-30T16:45:00Z,Kentucky Wildcats,Toledo Rockets,2025-08-30T14:40:38Z,bovada,Junior Vandeross III,5.5,100.0,-130.0
2025,c3d1a98456d7bcfc2273efc4c64a6cd6,2025-08-30T16:45:00Z,Kentucky Wildcats,Toledo Rockets,2025-08-30T14:40:38Z,betonlineag,Hardley Gilmore IV,2.5,-123.0,-105.0
2025,c3d1a98456d7bcfc2273efc4c64a6cd6,2025-08-30T16:45:00Z,Kentucky Wildcats,Toledo Rockets,2025-08-30T14:40:38Z,betonlineag,Junior Vandeross III,5.5,100.0,-130.0
2025,5c32c6337881a5345e232f266665e6dd,2025-08-30T19:30:00Z,Florida State Seminoles,Alabama Crimson Tide,2025-08-30T17:25:38Z,fanduel,Randy Pittman Jr.,2.5,108.0,-140.0
2025,5c32c6337881a5345e232f266665e6dd,2025-08-30T19:30:00Z,Florida State Seminoles,Alabama Crimson Tide,2025-08-30T17:25:38Z,fanduel,Ryan Williams,4.5,112.0,-146.0
2025,5c32c6337881a5345e232f266665e6dd,2025-08-30T19:30:00Z,Florida State Seminoles,Alabama Crimson Tide,2025-08-30T17:25:38Z,fanduel,Germie Bernard,3.5,-165.0,126.0
2025,5c32c6337881a5345e232f266665e6dd,2025-08-30T19:30:00Z,Florida State Seminoles,Alabama Crimson Tide,2025-08-30T17:25:38Z,fanduel,Isaiah Horton,3.5,-113.0,-115.0
2025,5c32c6337881a5345e232f266665e6dd,2025-08-30T19:30:00Z,Florida State Seminoles,Alabama Crimson Tide,2025-08-30T17:25:38Z,fanduel,Duce Robinson,2.5,-102.0,-128.0
2025,5c32c6337881a5345e232f266665e6dd,2025-08-30T19:30:00Z,Florida State Seminoles,Alabama Crimson Tide,2025-08-30T17:25:38Z,fanduel,Squirrel White,2.5,116.0,-152.0
2025,5c32c6337881a5345e232f266665e6dd,2025-08-30T19:30:00Z,Florida State Seminoles,Alabama Crimson Tide,2025-08-30T17:25:38Z,bovada,Duce Robinson,2.5,-115.0,-115.0
2025,5c32c6337881a5345e232f266665e6dd,2025-08-30T19:30:00Z,Florida State Seminoles,Alabama Crimson Tide,2025-08-30T17:25:38Z,betonlineag,Duce Robinson,2.5,-125.0,-103.0
2025,5c32c6337881a5345e232f266665e6dd,2025-08-30T19:30:00Z,Florida State Seminoles,Alabama Crimson Tide,2025-08-30T17:25:38Z,betonlineag,Isaiah Horton,3.5,100.0,-130.0
2025,5c32c6337881a5345e232f266665e6dd,2025-08-30T19:30:00Z,Florida State Seminoles,Alabama Crimson Tide,2025-08-30T17:25:38Z,betonlineag,Ryan Williams,4.5,110.0,-143.0
2025,5c32c6337881a5345e232f266665e6dd,2025-08-30T19:30:00Z,Florida State Seminoles,Alabama Crimson Tide,2025-08-30T17:25:38Z,betonlineag,Germie Bernard,3.5,-164.0,126.0
2025,5c32c6337881a5345e232f266665e6dd,2025-08-30T19:30:00Z,Florida State Seminoles,Alabama Crimson Tide,2025-08-30T17:25:38Z,betonlineag,Squirrel White,2.5,112.0,-145.0
2025,e2a51da70ed1084d9bce9f024d0a69a0,2025-08-30T19:30:00Z,Penn State Nittany Lions,Nevada Wolf Pack,2025-08-30T17:25:38Z,bovada,Kaytron Allen,0.5,-160.0,120.0
2025,e2a51da70ed1084d9bce9f024d0a69a0,2025-08-30T19:30:00Z,Penn State Nittany Lions,Nevada Wolf Pack,2025-08-30T17:25:38Z,bovada,Nicholas Singleton,2.5,135.0,-180.0
2025,e2a51da70ed1084d9bce9f024d0a69a0,2025-08-30T19:30:00Z,Penn State Nittany Lions,Nevada Wolf Pack,2025-08-30T17:25:38Z,betonlineag,Kaytron Allen,0.5,-156.0,120.0
2025,e2a51da70ed1084d9bce9f024d0a69a0,2025-08-30T19:30:00Z,Penn State Nittany Lions,Nevada Wolf Pack,2025-08-30T17:25:38Z,betonlineag,Nicholas Singleton,2.5,136.0,-179.0
2025,6af1e17d7174b1cba28f644a02600e3b,2025-08-30T22:00:00Z,Virginia Cavaliers,Coastal Carolina Chanticleers,2025-08-30T19:55:38Z,bovada,Jahmal Edrine,3.5,-150.0,115.0
2025,6af1e17d7174b1cba28f644a02600e3b,2025-08-30T22:00:00Z,Virginia Cavaliers,Coastal Carolina Chanticleers,2025-08-30T19:55:38Z,bovada,Trell Harris,3.5,-165.0,125.0
2025,9315c835a22a931d29e34ef0f15c9429,2025-08-30T23:30:00Z,Clemson Tigers,LSU Tigers,2025-08-30T21:25:38Z,fanduel,Aaron Anderson,5.5,116.0,-152.0
2025,9315c835a22a931d29e34ef0f15c9429,2025-08-30T23:30:00Z,Clemson Tigers,LSU Tigers,2025-08-30T21:25:38Z,fanduel,Antonio Williams,5.5,116.0,-152.0
2025,9315c835a22a931d29e34ef0f15c9429,2025-08-30T23:30:00Z,Clemson Tigers,LSU Tigers,2025-08-30T21:25:38Z,fanduel,Bryant Wesco Jr.,3.5,-128.0,-102.0
2025,9315c835a22a931d29e34ef0f15c9429,2025-08-30T23:30:00Z,Clemson Tigers,LSU Tigers,2025-08-30T21:25:38Z,fanduel,Chris Hilton Jr.,2.5,-156.0,120.0
2025,9315c835a22a931d29e34ef0f15c9429,2025-08-30T23:30:00Z,Clemson Tigers,LSU Tigers,2025-08-30T21:25:38Z,fanduel,T.J. Moore,3.5,-106.0,-122.0
2025,9315c835a22a931d29e34ef0f15c9429,2025-08-30T23:30:00Z,Clemson Tigers,LSU Tigers,2025-08-30T21:25:38Z,fanduel,Barion Brown,3.5,126.0,-165.0
2025,9315c835a22a931d29e34ef0f15c9429,2025-08-30T23:30:00Z,Clemson Tigers,LSU Tigers,2025-08-30T21:25:38Z,fanduel,Trey'Dez Green,2.5,102.0,-132.0
2025,9315c835a22a931d29e34ef0f15c9429,2025-08-30T23:30:00Z,Clemson Tigers,LSU Tigers,2025-08-30T21:25:38Z,fanduel,Caden Durham,2.5,122.0,-160.0
2025,9315c835a22a931d29e34ef0f15c9429,2025-08-30T23:30:00Z,Clemson Tigers,LSU Tigers,2025-08-30T21:25:38Z,bovada,Antonio Williams,4.5,-165.0,125.0
2025,9315c835a22a931d29e34ef0f15c9429,2025-08-30T23:30:00Z,Clemson Tigers,LSU Tigers,2025-08-30T21:25:38Z,bovada,Barion Brown,3.5,110.0,-145.0
2025,9315c835a22a931d29e34ef0f15c9429,2025-08-30T23:30:00Z,Clemson Tigers,LSU Tigers,2025-08-30T21:25:38Z,bovada,Bryant Wesco Jr.,4.5,135.0,-180.0
2025,9315c835a22a931d29e34ef0f15c9429,2025-08-30T23:30:00Z,Clemson Tigers,LSU Tigers,2025-08-30T21:25:38Z,bovada,Caden Durham,2.5,110.0,-145.0
2025,9315c835a22a931d29e34ef0f15c9429,2025-08-30T23:30:00Z,Clemson Tigers,LSU Tigers,2025-08-30T21:25:38Z,bovada,Chris Hilton Jr.,2.5,-150.0,115.0
2025,9315c835a22a931d29e34ef0f15c9429,2025-08-30T23:30:00Z,Clemson Tigers,LSU Tigers,2025-08-30T21:25:38Z,bovada,T.J. Moore,3.5,-105.0,-125.0
2025,9315c835a22a931d29e34ef0f15c9429,2025-08-30T23:30:00Z,Clemson Tigers,LSU Tigers,2025-08-30T21:25:38Z,bovada,Trey'Dez Green,2.5,-115.0,-115.0
2025,9315c835a22a931d29e34ef0f15c9429,2025-08-30T23:30:00Z,Clemson Tigers,LSU Tigers,2025-08-30T21:25:38Z,betonlineag,T.J. Moore,3.5,-122.0,-106.0
2025,9315c835a22a931d29e34ef0f15c9429,2025-08-30T23:30:00Z,Clemson Tigers,LSU Tigers,2025-08-30T21:25:38Z,betonlineag,Barion Brown,3.5,110.0,-143.0
2025,9315c835a22a931d29e34ef0f15c9429,2025-08-30T23:30:00Z,Clemson Tigers,LSU Tigers,2025-08-30T21:25:38Z,betonlineag,Trey'Dez Green,2.5,-110.0,-118.0
2025,9315c835a22a931d29e34ef0f15c9429,2025-08-30T23:30:00Z,Clemson Tigers,LSU Tigers,2025-08-30T21:25:38Z,betonlineag,Bryant Wesco Jr.,3.5,-128.0,-101.0
2025,9315c835a22a931d29e34ef0f15c9429,2025-08-30T23:30:00Z,Clemson Tigers,LSU Tigers,2025-08-30T21:25:38Z,betonlineag,Caden Durham,2.5,117.0,-152.0
2025,9315c835a22a931d29e34ef0f15c9429,2025-08-30T23:30:00Z,Clemson Tigers,LSU Tigers,2025-08-30T21:25:38Z,betonlineag,Aaron Anderson,5.5,109.0,-141.0
2025,9315c835a22a931d29e34ef0f15c9429,2025-08-30T23:30:00Z,Clemson Tigers,LSU Tigers,2025-08-30T21:25:38Z,betonlineag,Chris Hilton Jr.,2.5,-161.0,124.0
2025,9315c835a22a931d29e34ef0f15c9429,2025-08-30T23:30:00Z,Clemson Tigers,LSU Tigers,2025-08-30T21:25:38Z,betonlineag,Antonio Williams,5.5,-103.0,-125.0
2025,99aa25f6c7299ea1a9b444ef813a9770,2025-08-31T01:00:00Z,Texas A&M Aggies,UTSA Roadrunners,2025-08-30T22:55:38Z,bovada,David Amador II,4.5,-120.0,-110.0
2025,99aa25f6c7299ea1a9b444ef813a9770,2025-08-31T01:00:00Z,Texas A&M Aggies,UTSA Roadrunners,2025-08-30T22:55:38Z,bovada,Mario Craver,3.5,135.0,-180.0
2025,99aa25f6c7299ea1a9b444ef813a9770,2025-08-31T01:00:00Z,Texas A&M Aggies,UTSA Roadrunners,2025-08-30T22:55:38Z,betonlineag,David Amador II,4.5,-118.0,-110.0
2025,99aa25f6c7299ea1a9b444ef813a9770,2025-08-31T01:00:00Z,Texas A&M Aggies,UTSA Roadrunners,2025-08-30T22:55:38Z,betonlineag,Mario Craver,3.5,136.0,-179.0
2025,5d864fb9feccc540dfedf3f1141bc4cb,2025-08-31T02:30:00Z,Oregon State Beavers,California Golden Bears,2025-08-31T00:25:38Z,bovada,Jacob De Jesus,3.5,-135.0,105.0
2025,5d864fb9feccc540dfedf3f1141bc4cb,2025-08-31T02:30:00Z,Oregon State Beavers,California Golden Bears,2025-08-31T00:25:38Z,betonlineag,Jacob De Jesus,3.5,-135.0,105.0
2025,d52b301586f5ce0e1e8b6f3dad18af47,2025-08-31T03:00:00Z,Washington Huskies,Colorado State Rams,2025-08-31T00:55:38Z,bovada,Decker DeGraaf,1.5,-180.0,135.0
2025,d52b301586f5ce0e1e8b6f3dad18af47,2025-08-31T03:00:00Z,Washington Huskies,Colorado State Rams,2025-08-31T00:55:38Z,bovada,Denzel Boston,5.5,110.0,-145.0
2025,d52b301586f5ce0e1e8b6f3dad18af47,2025-08-31T03:00:00Z,Washington Huskies,Colorado State Rams,2025-08-31T00:55:38Z,bovada,Jonah Coleman,2.5,170.0,-230.0
2025,d52b301586f5ce0e1e8b6f3dad18af47,2025-08-31T03:00:00Z,Washington Huskies,Colorado State Rams,2025-08-31T00:55:38Z,bovada,Rashid Williams,3.5,125.0,-165.0
2025,d52b301586f5ce0e1e8b6f3dad18af47,2025-08-31T03:00:00Z,Washington Huskies,Colorado State Rams,2025-08-31T00:55:38Z,betonlineag,Denzel Boston,5.5,112.0,-145.0
2025,d52b301586f5ce0e1e8b6f3dad18af47,2025-08-31T03:00:00Z,Washington Huskies,Colorado State Rams,2025-08-31T00:55:38Z,betonlineag,Rashid Williams,3.5,126.0,-164.0
2025,d52b301586f5ce0e1e8b6f3dad18af47,2025-08-31T03:00:00Z,Washington Huskies,Colorado State Rams,2025-08-31T00:55:38Z,betonlineag,Decker DeGraaf,1.5,-175.0,135.0
2025,d52b301586f5ce0e1e8b6f3dad18af47,2025-08-31T03:00:00Z,Washington Huskies,Colorado State Rams,2025-08-31T00:55:38Z,betonlineag,Jonah Coleman,2.5,174.0,-233.0
2025,57de482f01e31e5f31e1010a072d8369,2025-08-31T03:00:00Z,UCLA Bruins,Utah Utes,2025-08-31T00:55:38Z,fanduel,Kwazi Gilmer,3.5,-114.0,-114.0
2025,57de482f01e31e5f31e1010a072d8369,2025-08-31T03:00:00Z,UCLA Bruins,Utah Utes,2025-08-31T00:55:38Z,fanduel,Ryan Davis,3.5,-146.0,112.0
2025,57de482f01e31e5f31e1010a072d8369,2025-08-31T03:00:00Z,UCLA Bruins,Utah Utes,2025-08-31T00:55:38Z,fanduel,Titus Mokiao-Atimalala,3.5,-102.0,-128.0
2025,57de482f01e31e5f31e1010a072d8369,2025-08-31T03:00:00Z,UCLA Bruins,Utah Utes,2025-08-31T00:55:38Z,fanduel,Mikey Matthews,2.5,-168.0,128.0
2025,57de482f01e31e5f31e1010a072d8369,2025-08-31T03:00:00Z,UCLA Bruins,Utah Utes,2025-08-31T00:55:38Z,bovada,Jaivian Thomas,1.5,135.0,-180.0
2025,57de482f01e31e5f31e1010a072d8369,2025-08-31T03:00:00Z,UCLA Bruins,Utah Utes,2025-08-31T00:55:38Z,bovada,Kwazi Gilmer,3.5,-115.0,-115.0
2025,57de482f01e31e5f31e1010a072d8369,2025-08-31T03:00:00Z,UCLA Bruins,Utah Utes,2025-08-31T00:55:38Z,bovada,Mikey Matthews,2.5,-150.0,115.0
2025,57de482f01e31e5f31e1010a072d8369,2025-08-31T03:00:00Z,UCLA Bruins,Utah Utes,2025-08-31T00:55:38Z,bovada,Ryan Davis,3.5,-130.0,100.0
2025,57de482f01e31e5f31e1010a072d8369,2025-08-31T03:00:00Z,UCLA Bruins,Utah Utes,2025-08-31T00:55:38Z,bovada,Titus Mokiao-Atimalala,3.5,120.0,-160.0
2025,57de482f01e31e5f31e1010a072d8369,2025-08-31T03:00:00Z,UCLA Bruins,Utah Utes,2025-08-31T00:55:38Z,betonlineag,Kwazi Gilmer,3.5,-114.0,-114.0
2025,57de482f01e31e5f31e1010a072d8369,2025-08-31T03:00:00Z,UCLA Bruins,Utah Utes,2025-08-31T00:55:38Z,betonlineag,Mikey Matthews,2.5,-156.0,121.0
2025,57de482f01e31e5f31e1010a072d8369,2025-08-31T03:00:00Z,UCLA Bruins,Utah Utes,2025-08-31T00:55:38Z,betonlineag,Jaivian Thomas,1.5,136.0,-179.0
2025,57de482f01e31e5f31e1010a072d8369,2025-08-31T03:00:00Z,UCLA Bruins,Utah Utes,2025-08-31T00:55:38Z,betonlineag,Ryan Davis,3.5,-130.0,100.0
2025,1803d7f4d655fb3f6d5f39fcfd893b96,2025-08-31T19:00:00Z,South Carolina Gamecocks,Virginia Tech Hokies,2025-08-31T16:55:37Z,fanduel,Ayden Greene,3.5,122.0,-160.0
2025,1803d7f4d655fb3f6d5f39fcfd893b96,2025-08-31T19:00:00Z,South Carolina Gamecocks,Virginia Tech Hokies,2025-08-31T16:55:37Z,fanduel,Nyck Harbor,3.5,130.0,-170.0
2025,1803d7f4d655fb3f6d5f39fcfd893b96,2025-08-31T19:00:00Z,South Carolina Gamecocks,Virginia Tech Hokies,2025-08-31T16:55:37Z,fanduel,Donavon Greene,3.5,136.0,-178.0
2025,1803d7f4d655fb3f6d5f39fcfd893b96,2025-08-31T19:00:00Z,South Carolina Gamecocks,Virginia Tech Hokies,2025-08-31T16:55:37Z,bovada,Ayden Greene,3.5,130.0,-170.0
2025,1803d7f4d655fb3f6d5f39fcfd893b96,2025-08-31T19:00:00Z,South Carolina Gamecocks,Virginia Tech Hokies,2025-08-31T16:55:37Z,bovada,Donavon Greene,3.5,145.0,-190.0
2025,1803d7f4d655fb3f6d5f39fcfd893b96,2025-08-31T19:00:00Z,South Carolina Gamecocks,Virginia Tech Hokies,2025-08-31T16:55:37Z,bovada,Nyck Harbor,3.5,125.0,-165.0
2025,1803d7f4d655fb3f6d5f39fcfd893b96,2025-08-31T19:00:00Z,South Carolina Gamecocks,Virginia Tech Hokies,2025-08-31T16:55:37Z,betonlineag,Ayden Greene,3.5,141.0,-185.0
2025,1803d7f4d655fb3f6d5f39fcfd893b96,2025-08-31T19:00:00Z,South Carolina Gamecocks,Virginia Tech Hokies,2025-08-31T16:55:37Z,betonlineag,Donavon Greene,3.5,141.0,-185.0
2025,1803d7f4d655fb3f6d5f39fcfd893b96,2025-08-31T19:00:00Z,South Carolina Gamecocks,Virginia Tech Hokies,2025-08-31T16:55:37Z,betonlineag,Nyck Harbor,3.5,130.0,-169.0
2025,8c138af84cb5ff1e6c4e11b591ff041f,2025-08-31T23:30:00Z,Miami Hurricanes,Notre Dame Fighting Irish,2025-08-31T21:25:37Z,fanduel,Joshisa Trader,3.5,102.0,-132.0
2025,8c138af84cb5ff1e6c4e11b591ff041f,2025-08-31T23:30:00Z,Miami Hurricanes,Notre Dame Fighting Irish,2025-08-31T21:25:37Z,fanduel,Jeremiyah Love,1.5,-120.0,-108.0
2025,8c138af84cb5ff1e6c4e11b591ff041f,2025-08-31T23:30:00Z,Miami Hurricanes,Notre Dame Fighting Irish,2025-08-31T21:25:37Z,fanduel,Elija Lofton,2.5,-114.0,-114.0
2025,8c138af84cb5ff1e6c4e11b591ff041f,2025-08-31T23:30:00Z,Miami Hurricanes,Notre Dame Fighting Irish,2025-08-31T21:25:37Z,fanduel,Malachi Fields,2.5,-122.0,-106.0
2025,8c138af84cb5ff1e6c4e11b591ff041f,2025-08-31T23:30:00Z,Miami Hurricanes,Notre Dame Fighting Irish,2025-08-31T21:25:37Z,fanduel,Jaden Greathouse,2.5,102.0,-132.0
2025,8c138af84cb5ff1e6c4e11b591ff041f,2025-08-31T23:30:00Z,Miami Hurricanes,Notre Dame Fighting Irish,2025-08-31T21:25:37Z,fanduel,CJ Daniels,3.5,116.0,-152.0
2025,8c138af84cb5ff1e6c4e11b591ff041f,2025-08-31T23:30:00Z,Miami Hurricanes,Notre Dame Fighting Irish,2025-08-31T21:25:37Z,fanduel,Jordan Faison,2.5,102.0,-132.0
2025,8c138af84cb5ff1e6c4e11b591ff041f,2025-08-31T23:30:00Z,Miami Hurricanes,Notre Dame Fighting Irish,2025-08-31T21:25:37Z,bovada,CJ Daniels,2.5,-160.0,120.0
2025,8c138af84cb5ff1e6c4e11b591ff041f,2025-08-31T23:30:00Z,Miami Hurricanes,Notre Dame Fighting Irish,2025-08-31T21:25:37Z,bovada,Elija Lofton,2.5,-115.0,-115.0
2025,8c138af84cb5ff1e6c4e11b591ff041f,2025-08-31T23:30:00Z,Miami Hurricanes,Notre Dame Fighting Irish,2025-08-31T21:25:37Z,bovada,Jaden Greathouse,2.5,-110.0,-120.0
2025,8c138af84cb5ff1e6c4e11b591ff041f,2025-08-31T23:30:00Z,Miami Hurricanes,Notre Dame Fighting Irish,2025-08-31T21:25:37Z,bovada,Jeremiyah Love,1.5,-120.0,-110.0
2025,8c138af84cb5ff1e6c4e11b591ff041f,2025-08-31T23:30:00Z,Miami Hurricanes,Notre Dame Fighting Irish,2025-08-31T21:25:37Z,bovada,Jordan Faison,2.5,-105.0,-125.0
2025,8c138af84cb5ff1e6c4e11b591ff041f,2025-08-31T23:30:00Z,Miami Hurricanes,Notre Dame Fighting Irish,2025-08-31T21:25:37Z,bovada,Joshisa Trader,3.5,115.0,-150.0
2025,8c138af84cb5ff1e6c4e11b591ff041f,2025-08-31T23:30:00Z,Miami Hurricanes,Notre Dame Fighting Irish,2025-08-31T21:25:37Z,bovada,Malachi Fields,2.5,-130.0,100.0
2025,8c138af84cb5ff1e6c4e11b591ff041f,2025-08-31T23:30:00Z,Miami Hurricanes,Notre Dame Fighting Irish,2025-08-31T21:25:37Z,betonlineag,Malachi Fields,2.5,-130.0,101.0
2025,8c138af84cb5ff1e6c4e11b591ff041f,2025-08-31T23:30:00Z,Miami Hurricanes,Notre Dame Fighting Irish,2025-08-31T21:25:37Z,betonlineag,Joshisa Trader,3.5,124.0,-161.0
2025,8c138af84cb5ff1e6c4e11b591ff041f,2025-08-31T23:30:00Z,Miami Hurricanes,Notre Dame Fighting Irish,2025-08-31T21:25:37Z,betonlineag,Jordan Faison,2.5,110.0,-143.0
2025,8c138af84cb5ff1e6c4e11b591ff041f,2025-08-31T23:30:00Z,Miami Hurricanes,Notre Dame Fighting Irish,2025-08-31T21:25:37Z,betonlineag,Jeremiyah Love,1.5,-143.0,110.0
2025,8c138af84cb5ff1e6c4e11b591ff041f,2025-08-31T23:30:00Z,Miami Hurricanes,Notre Dame Fighting Irish,2025-08-31T21:25:37Z,betonlineag,Jaden Greathouse,2.5,-103.0,-125.0
2025,8c138af84cb5ff1e6c4e11b591ff041f,2025-08-31T23:30:00Z,Miami Hurricanes,Notre Dame Fighting Irish,2025-08-31T21:25:37Z,betonlineag,Elija Lofton,2.5,-120.0,-108.0
2025,8c138af84cb5ff1e6c4e11b591ff041f,2025-08-31T23:30:00Z,Miami Hurricanes,Notre Dame Fighting Irish,2025-08-31T21:25:37Z,betonlineag,CJ Daniels,3.5,-102.0,-127.0
2025,9418aabb5edf415f4296c694fa210c3b,2025-09-02T00:00:00Z,North Carolina Tar Heels,TCU Horned Frogs,2025-09-01T21:55:38Z,fanduel,Eric McAlister,4.5,-102.0,-128.0
2025,9418aabb5edf415f4296c694fa210c3b,2025-09-02T00:00:00Z,North Carolina Tar Heels,TCU Horned Frogs,2025-09-01T21:55:38Z,fanduel,Jordan Dwyer,3.5,-132.0,102.0
2025,9418aabb5edf415f4296c694fa210c3b,2025-09-02T00:00:00Z,North Carolina Tar Heels,TCU Horned Frogs,2025-09-01T21:55:38Z,fanduel,Joseph Manjack IV,3.5,-125.0,-104.0
2025,9418aabb5edf415f4296c694fa210c3b,2025-09-02T00:00:00Z,North Carolina Tar Heels,TCU Horned Frogs,2025-09-01T21:55:38Z,fanduel,Aziah Johnson,2.5,-128.0,-102.0
2025,9418aabb5edf415f4296c694fa210c3b,2025-09-02T00:00:00Z,North Carolina Tar Heels,TCU Horned Frogs,2025-09-01T21:55:38Z,fanduel,Kobe Paysour,3.5,-108.0,-120.0
2025,9418aabb5edf415f4296c694fa210c3b,2025-09-02T00:00:00Z,North Carolina Tar Heels,TCU Horned Frogs,2025-09-01T21:55:38Z,betonlineag,Joseph Manjack IV,3.5,-115.0,-112.0
2025,9418aabb5edf415f4296c694fa210c3b,2025-09-02T00:00:00Z,North Carolina Tar Heels,TCU Horned Frogs,2025-09-01T21:55:38Z,betonlineag,Eric McAlister,4.5,-101.0,-128.0
2025,9418aabb5edf415f4296c694fa210c3b,2025-09-02T00:00:00Z,North Carolina Tar Heels,TCU Horned Frogs,2025-09-01T21:55:38Z,betonlineag,Jordan Dwyer,3.5,-132.0,102.0
2025,9418aabb5edf415f4296c694fa210c3b,2025-09-02T00:00:00Z,North Carolina Tar Heels,TCU Horned Frogs,2025-09-01T21:55:38Z,betonlineag,Aziah Johnson,2.5,-120.0,-108.0
2025,9418aabb5edf415f4296c694fa210c3b,2025-09-02T00:00:00Z,North Carolina Tar Heels,TCU Horned Frogs,2025-09-01T21:55:38Z,betonlineag,Kobe Paysour,3.5,100.0,-130.0
2025,3e06ec27bf0f5024ab751815479d9c4e,2025-09-05T23:00:00Z,Louisville Cardinals,James Madison Dukes,2025-09-05T20:55:39Z,fanduel,Chris Bell,4.5,-138.0,106.0
2025,3e06ec27bf0f5024ab751815479d9c4e,2025-09-05T23:00:00Z,Louisville Cardinals,James Madison Dukes,2025-09-05T20:55:39Z,fanduel,Caullin Lacy,4.5,106.0,-138.0
2025,3e06ec27bf0f5024ab751815479d9c4e,2025-09-05T23:00:00Z,Louisville Cardinals,James Madison Dukes,2025-09-05T20:55:39Z,betonlineag,Caullin Lacy,4.5,105.0,-135.0
2025,3e06ec27bf0f5024ab751815479d9c4e,2025-09-05T23:00:00Z,Louisville Cardinals,James Madison Dukes,2025-09-05T20:55:39Z,betonlineag,Chris Bell,4.5,-114.0,-114.0
2025,3e06ec27bf0f5024ab751815479d9c4e,2025-09-05T23:00:00Z,Louisville Cardinals,James Madison Dukes,2025-09-05T20:55:39Z,bovada,Caullin Lacy,4.5,100.0,-130.0
2025,3e06ec27bf0f5024ab751815479d9c4e,2025-09-05T23:00:00Z,Louisville Cardinals,James Madison Dukes,2025-09-05T20:55:39Z,bovada,Chris Bell,4.5,-160.0,120.0
2025,319bff020a1a38e8a0b8123c6d9f06c5,2025-09-05T23:30:00Z,Maryland Terrapins,Northern Illinois Huskies,2025-09-05T21:25:39Z,betonlineag,Jalil Farooq,4.5,104.0,-135.0
2025,319bff020a1a38e8a0b8123c6d9f06c5,2025-09-05T23:30:00Z,Maryland Terrapins,Northern Illinois Huskies,2025-09-05T21:25:39Z,betonlineag,Dorian Fleming,4.5,126.0,-164.0
2025,319bff020a1a38e8a0b8123c6d9f06c5,2025-09-05T23:30:00Z,Maryland Terrapins,Northern Illinois Huskies,2025-09-05T21:25:39Z,bovada,Dorian Fleming,4.5,125.0,-165.0
2025,319bff020a1a38e8a0b8123c6d9f06c5,2025-09-05T23:30:00Z,Maryland Terrapins,Northern Illinois Huskies,2025-09-05T21:25:39Z,bovada,Jalil Farooq,4.5,105.0,-135.0
2025,d617ea38af0130201ac40d901bf13d0f,2025-09-06T16:00:00Z,SMU Mustangs,Baylor Bears,2025-09-06T13:55:39Z,fanduel,Romello Brinson,4.5,116.0,-152.0
2025,d617ea38af0130201ac40d901bf13d0f,2025-09-06T16:00:00Z,SMU Mustangs,Baylor Bears,2025-09-06T13:55:39Z,fanduel,Ashtyn Hawkins,3.5,-115.0,-113.0
2025,d617ea38af0130201ac40d901bf13d0f,2025-09-06T16:00:00Z,SMU Mustangs,Baylor Bears,2025-09-06T13:55:39Z,fanduel,Josh Cameron,4.5,142.0,-188.0
2025,d617ea38af0130201ac40d901bf13d0f,2025-09-06T16:00:00Z,SMU Mustangs,Baylor Bears,2025-09-06T13:55:39Z,fanduel,Michael Trigg,4.5,122.0,-160.0
2025,d617ea38af0130201ac40d901bf13d0f,2025-09-06T16:00:00Z,SMU Mustangs,Baylor Bears,2025-09-06T13:55:39Z,fanduel,Kole Wilson,4.5,136.0,-178.0
2025,d617ea38af0130201ac40d901bf13d0f,2025-09-06T16:00:00Z,SMU Mustangs,Baylor Bears,2025-09-06T13:55:39Z,betonlineag,Ashtyn Hawkins,3.5,-116.0,-111.0
2025,d617ea38af0130201ac40d901bf13d0f,2025-09-06T16:00:00Z,SMU Mustangs,Baylor Bears,2025-09-06T13:55:39Z,betonlineag,Romello Brinson,4.5,124.0,-161.0
2025,d617ea38af0130201ac40d901bf13d0f,2025-09-06T16:00:00Z,SMU Mustangs,Baylor Bears,2025-09-06T13:55:39Z,betonlineag,Kole Wilson,4.5,140.0,-185.0
2025,d617ea38af0130201ac40d901bf13d0f,2025-09-06T16:00:00Z,SMU Mustangs,Baylor Bears,2025-09-06T13:55:39Z,betonlineag,Michael Trigg,4.5,117.0,-152.0
2025,d617ea38af0130201ac40d901bf13d0f,2025-09-06T16:00:00Z,SMU Mustangs,Baylor Bears,2025-09-06T13:55:39Z,betonlineag,Josh Cameron,3.5,-164.0,125.0
2025,d617ea38af0130201ac40d901bf13d0f,2025-09-06T16:00:00Z,SMU Mustangs,Baylor Bears,2025-09-06T13:55:39Z,betonlineag,Bryson Washington,1.5,-192.0,145.0
2025,d617ea38af0130201ac40d901bf13d0f,2025-09-06T16:00:00Z,SMU Mustangs,Baylor Bears,2025-09-06T13:55:39Z,bovada,Ashtyn Hawkins,3.5,-120.0,-110.0
2025,d617ea38af0130201ac40d901bf13d0f,2025-09-06T16:00:00Z,SMU Mustangs,Baylor Bears,2025-09-06T13:55:39Z,bovada,Bryson Washington,1.5,-190.0,145.0
2025,d617ea38af0130201ac40d901bf13d0f,2025-09-06T16:00:00Z,SMU Mustangs,Baylor Bears,2025-09-06T13:55:39Z,bovada,Josh Cameron,3.5,-165.0,125.0
2025,d617ea38af0130201ac40d901bf13d0f,2025-09-06T16:00:00Z,SMU Mustangs,Baylor Bears,2025-09-06T13:55:39Z,bovada,Kole Wilson,3.5,-170.0,130.0
2025,d617ea38af0130201ac40d901bf13d0f,2025-09-06T16:00:00Z,SMU Mustangs,Baylor Bears,2025-09-06T13:55:39Z,bovada,Michael Trigg,4.5,110.0,-145.0
2025,d617ea38af0130201ac40d901bf13d0f,2025-09-06T16:00:00Z,SMU Mustangs,Baylor Bears,2025-09-06T13:55:39Z,bovada,Romello Brinson,4.5,130.0,-170.0
2025,851e2c80e37b4bc2a49538ea658fce35,2025-09-06T16:00:00Z,Pittsburgh Panthers,Central Michigan Chippewas,2025-09-06T13:55:39Z,betonlineag,Malachi Thomas,1.5,-149.0,115.0
2025,851e2c80e37b4bc2a49538ea658fce35,2025-09-06T16:00:00Z,Pittsburgh Panthers,Central Michigan Chippewas,2025-09-06T13:55:39Z,bovada,Malachi Thomas,1.5,-150.0,115.0
2025,22ef820a384ce82c9d0d9c530451b8ae,2025-09-06T16:00:00Z,Duke Blue Devils,Illinois Fighting Illini,2025-09-06T13:55:39Z,fanduel,Cooper Barkate,3.5,-128.0,-102.0
2025,22ef820a384ce82c9d0d9c530451b8ae,2025-09-06T16:00:00Z,Duke Blue Devils,Illinois Fighting Illini,2025-09-06T13:55:39Z,fanduel,Sahmir Hagans,3.5,-114.0,-114.0
2025,22ef820a384ce82c9d0d9c530451b8ae,2025-09-06T16:00:00Z,Duke Blue Devils,Illinois Fighting Illini,2025-09-06T13:55:39Z,fanduel,Que'Sean Brown,4.5,-138.0,106.0
2025,22ef820a384ce82c9d0d9c530451b8ae,2025-09-06T16:00:00Z,Duke Blue Devils,Illinois Fighting Illini,2025-09-06T13:55:39Z,betonlineag,Kaden Feagin,0.5,-175.0,135.0
2025,22ef820a384ce82c9d0d9c530451b8ae,2025-09-06T16:00:00Z,Duke Blue Devils,Illinois Fighting Illini,2025-09-06T13:55:39Z,betonlineag,Cooper Barkate,3.5,-143.0,110.0
2025,22ef820a384ce82c9d0d9c530451b8ae,2025-09-06T16:00:00Z,Duke Blue Devils,Illinois Fighting Illini,2025-09-06T13:55:39Z,betonlineag,Aidan Laughery,1.5,144.0,-189.0
2025,22ef820a384ce82c9d0d9c530451b8ae,2025-09-06T16:00:00Z,Duke Blue Devils,Illinois Fighting Illini,2025-09-06T13:55:39Z,betonlineag,Hank Beatty,2.5,-115.0,-112.0
2025,22ef820a384ce82c9d0d9c530451b8ae,2025-09-06T16:00:00Z,Duke Blue Devils,Illinois Fighting Illini,2025-09-06T13:55:39Z,betonlineag,Sahmir Hagans,3.5,126.0,-164.0
2025,22ef820a384ce82c9d0d9c530451b8ae,2025-09-06T16:00:00Z,Duke Blue Devils,Illinois Fighting Illini,2025-09-06T13:55:39Z,betonlineag,Malik Elzy,1.5,-164.0,125.0
2025,22ef820a384ce82c9d0d9c530451b8ae,2025-09-06T16:00:00Z,Duke Blue Devils,Illinois Fighting Illini,2025-09-06T13:55:39Z,betonlineag,Que'Sean Brown,3.5,-149.0,115.0
2025,22ef820a384ce82c9d0d9c530451b8ae,2025-09-06T16:00:00Z,Duke Blue Devils,Illinois Fighting Illini,2025-09-06T13:55:39Z,betonlineag,Collin Dixon,1.5,-192.0,145.0
2025,22ef820a384ce82c9d0d9c530451b8ae,2025-09-06T16:00:00Z,Duke Blue Devils,Illinois Fighting Illini,2025-09-06T13:55:39Z,bovada,Aidan Laughery,1.5,145.0,-190.0
2025,22ef820a384ce82c9d0d9c530451b8ae,2025-09-06T16:00:00Z,Duke Blue Devils,Illinois Fighting Illini,2025-09-06T13:55:39Z,bovada,Collin Dixon,1.5,-190.0,145.0
2025,22ef820a384ce82c9d0d9c530451b8ae,2025-09-06T16:00:00Z,Duke Blue Devils,Illinois Fighting Illini,2025-09-06T13:55:39Z,bovada,Cooper Barkate,3.5,-145.0,110.0
2025,22ef820a384ce82c9d0d9c530451b8ae,2025-09-06T16:00:00Z,Duke Blue Devils,Illinois Fighting Illini,2025-09-06T13:55:39Z,bovada,Hank Beatty,2.5,-110.0,-120.0
2025,22ef820a384ce82c9d0d9c530451b8ae,2025-09-06T16:00:00Z,Duke Blue Devils,Illinois Fighting Illini,2025-09-06T13:55:39Z,bovada,Kaden Feagin,0.5,-180.0,135.0
2025,22ef820a384ce82c9d0d9c530451b8ae,2025-09-06T16:00:00Z,Duke Blue Devils,Illinois Fighting Illini,2025-09-06T13:55:39Z,bovada,Malik Elzy,1.5,-165.0,125.0
2025,22ef820a384ce82c9d0d9c530451b8ae,2025-09-06T16:00:00Z,Duke Blue Devils,Illinois Fighting Illini,2025-09-06T13:55:39Z,bovada,Que'Sean Brown,3.5,-150.0,115.0
2025,22ef820a384ce82c9d0d9c530451b8ae,2025-09-06T16:00:00Z,Duke Blue Devils,Illinois Fighting Illini,2025-09-06T13:55:39Z,bovada,Sahmir Hagans,3.5,125.0,-165.0
2025,31d94acd80bcf0d456a020d0ca96fd0e,2025-09-06T16:00:00Z,Indiana Hoosiers,Kennesaw State Owls,2025-09-06T13:55:39Z,betonlineag,Elijah Sarratt,4.5,-118.0,-110.0
2025,31d94acd80bcf0d456a020d0ca96fd0e,2025-09-06T16:00:00Z,Indiana Hoosiers,Kennesaw State Owls,2025-09-06T13:55:39Z,betonlineag,E.J. Williams Jr.,3.5,112.0,-145.0
2025,31d94acd80bcf0d456a020d0ca96fd0e,2025-09-06T16:00:00Z,Indiana Hoosiers,Kennesaw State Owls,2025-09-06T13:55:39Z,betonlineag,Omar Cooper Jr.,3.5,-108.0,-120.0
2025,31d94acd80bcf0d456a020d0ca96fd0e,2025-09-06T16:00:00Z,Indiana Hoosiers,Kennesaw State Owls,2025-09-06T13:55:39Z,bovada,E.J. Williams Jr.,3.5,110.0,-145.0
2025,31d94acd80bcf0d456a020d0ca96fd0e,2025-09-06T16:00:00Z,Indiana Hoosiers,Kennesaw State Owls,2025-09-06T13:55:39Z,bovada,Elijah Sarratt,4.5,-120.0,-110.0
2025,31d94acd80bcf0d456a020d0ca96fd0e,2025-09-06T16:00:00Z,Indiana Hoosiers,Kennesaw State Owls,2025-09-06T13:55:39Z,bovada,Omar Cooper Jr.,3.5,-110.0,-120.0
2025,601f11a56ce690549ff1275c569cddab,2025-09-06T16:00:00Z,Iowa State Cyclones,Iowa Hawkeyes,2025-09-06T13:55:39Z,fanduel,Sam Phillips,2.5,102.0,-132.0
2025,601f11a56ce690549ff1275c569cddab,2025-09-06T16:00:00Z,Iowa State Cyclones,Iowa Hawkeyes,2025-09-06T13:55:39Z,fanduel,Gabe Burkle,3.5,-102.0,-128.0
2025,601f11a56ce690549ff1275c569cddab,2025-09-06T16:00:00Z,Iowa State Cyclones,Iowa Hawkeyes,2025-09-06T13:55:39Z,fanduel,Jacob Gill,1.5,-146.0,112.0
2025,601f11a56ce690549ff1275c569cddab,2025-09-06T16:00:00Z,Iowa State Cyclones,Iowa Hawkeyes,2025-09-06T13:55:39Z,fanduel,Brett Eskildsen,2.5,-114.0,-114.0
2025,601f11a56ce690549ff1275c569cddab,2025-09-06T16:00:00Z,Iowa State Cyclones,Iowa Hawkeyes,2025-09-06T13:55:39Z,betonlineag,Sam Phillips,2.5,115.0,-149.0
2025,601f11a56ce690549ff1275c569cddab,2025-09-06T16:00:00Z,Iowa State Cyclones,Iowa Hawkeyes,2025-09-06T13:55:39Z,betonlineag,Brett Eskildsen,2.5,100.0,-130.0
2025,601f11a56ce690549ff1275c569cddab,2025-09-06T16:00:00Z,Iowa State Cyclones,Iowa Hawkeyes,2025-09-06T13:55:39Z,betonlineag,Jacob Gill,1.5,-161.0,124.0
2025,601f11a56ce690549ff1275c569cddab,2025-09-06T16:00:00Z,Iowa State Cyclones,Iowa Hawkeyes,2025-09-06T13:55:39Z,betonlineag,Carson Hansen,1.5,112.0,-145.0
2025,601f11a56ce690549ff1275c569cddab,2025-09-06T16:00:00Z,Iowa State Cyclones,Iowa Hawkeyes,2025-09-06T13:55:39Z,betonlineag,Benjamin Brahmer,2.5,136.0,-179.0
2025,601f11a56ce690549ff1275c569cddab,2025-09-06T16:00:00Z,Iowa State Cyclones,Iowa Hawkeyes,2025-09-06T13:55:39Z,betonlineag,Seth Anderson,1.5,-175.0,135.0
2025,601f11a56ce690549ff1275c569cddab,2025-09-06T16:00:00Z,Iowa State Cyclones,Iowa Hawkeyes,2025-09-06T13:55:39Z,betonlineag,Addison Ostrenga,1.5,144.0,-189.0
2025,601f11a56ce690549ff1275c569cddab,2025-09-06T16:00:00Z,Iowa State Cyclones,Iowa Hawkeyes,2025-09-06T13:55:39Z,betonlineag,Gabe Burkle,2.5,-169.0,130.0
2025,601f11a56ce690549ff1275c569cddab,2025-09-06T16:00:00Z,Iowa State Cyclones,Iowa Hawkeyes,2025-09-06T13:55:39Z,betonlineag,Terrell Washington Jr.,1.5,115.0,-149.0
2025,601f11a56ce690549ff1275c569cddab,2025-09-06T16:00:00Z,Iowa State Cyclones,Iowa Hawkeyes,2025-09-06T13:55:39Z,bovada,Addison Ostrenga,1.5,145.0,-190.0
2025,601f11a56ce690549ff1275c569cddab,2025-09-06T16:00:00Z,Iowa State Cyclones,Iowa Hawkeyes,2025-09-06T13:55:39Z,bovada,Benjamin Brahmer,2.5,135.0,-180.0
2025,601f11a56ce690549ff1275c569cddab,2025-09-06T16:00:00Z,Iowa State Cyclones,Iowa Hawkeyes,2025-09-06T13:55:39Z,bovada,Brett Eskildsen,2.5,-115.0,-115.0
2025,601f11a56ce690549ff1275c569cddab,2025-09-06T16:00:00Z,Iowa State Cyclones,Iowa Hawkeyes,2025-09-06T13:55:39Z,bovada,Carson Hansen,1.5,110.0,-145.0
2025,601f11a56ce690549ff1275c569cddab,2025-09-06T16:00:00Z,Iowa State Cyclones,Iowa Hawkeyes,2025-09-06T13:55:39Z,bovada,Gabe Burkle,2.5,-170.0,130.0
2025,601f11a56ce690549ff1275c569cddab,2025-09-06T16:00:00Z,Iowa State Cyclones,Iowa Hawkeyes,2025-09-06T13:55:39Z,bovada,Jacob Gill,1.5,-190.0,145.0
2025,601f11a56ce690549ff1275c569cddab,2025-09-06T16:00:00Z,Iowa State Cyclones,Iowa Hawkeyes,2025-09-06T13:55:39Z,bovada,Sam Phillips,2.5,-115.0,-115.0
2025,601f11a56ce690549ff1275c569cddab,2025-09-06T16:00:00Z,Iowa State Cyclones,Iowa Hawkeyes,2025-09-06T13:55:39Z,bovada,Seth Anderson,1.5,-180.0,135.0
2025,601f11a56ce690549ff1275c569cddab,2025-09-06T16:00:00Z,Iowa State Cyclones,Iowa Hawkeyes,2025-09-06T13:55:39Z,bovada,Terrell Washington Jr.,1.5,115.0,-150.0
2025,aa0b998acde7ec673cd145a43ec0d42a,2025-09-06T16:00:00Z,NC State Wolfpack,Virginia Cavaliers,2025-09-06T13:55:39Z,fanduel,Trell Harris,3.5,-118.0,-110.0
2025,aa0b998acde7ec673cd145a43ec0d42a,2025-09-06T16:00:00Z,NC State Wolfpack,Virginia Cavaliers,2025-09-06T13:55:39Z,fanduel,Cam Ross,5.5,116.0,-152.0
2025,aa0b998acde7ec673cd145a43ec0d42a,2025-09-06T16:00:00Z,NC State Wolfpack,Virginia Cavaliers,2025-09-06T13:55:39Z,fanduel,Jahmal Edrine,3.5,122.0,-160.0
2025,aa0b998acde7ec673cd145a43ec0d42a,2025-09-06T16:00:00Z,NC State Wolfpack,Virginia Cavaliers,2025-09-06T13:55:39Z,betonlineag,Trell Harris,3.5,-119.0,-109.0
2025,aa0b998acde7ec673cd145a43ec0d42a,2025-09-06T16:00:00Z,NC State Wolfpack,Virginia Cavaliers,2025-09-06T13:55:39Z,betonlineag,Jahmal Edrine,3.5,-101.0,-128.0
2025,aa0b998acde7ec673cd145a43ec0d42a,2025-09-06T16:00:00Z,NC State Wolfpack,Virginia Cavaliers,2025-09-06T13:55:39Z,betonlineag,Cam Ross,4.5,-130.0,100.0
2025,aa0b998acde7ec673cd145a43ec0d42a,2025-09-06T16:00:00Z,NC State Wolfpack,Virginia Cavaliers,2025-09-06T13:55:39Z,betonlineag,Hollywood Smothers,2.5,-164.0,125.0
2025,aa0b998acde7ec673cd145a43ec0d42a,2025-09-06T16:00:00Z,NC State Wolfpack,Virginia Cavaliers,2025-09-06T13:55:39Z,betonlineag,Justin Joly,4.5,122.0,-159.0
2025,aa0b998acde7ec673cd145a43ec0d42a,2025-09-06T16:00:00Z,NC State Wolfpack,Virginia Cavaliers,2025-09-06T13:55:39Z,betonlineag,Wesley Grimes,2.5,-149.0,115.0
2025,aa0b998acde7ec673cd145a43ec0d42a,2025-09-06T16:00:00Z,NC State Wolfpack,Virginia Cavaliers,2025-09-06T13:55:39Z,betonlineag,Noah Rogers,2.5,-135.0,105.0
2025,aa0b998acde7ec673cd145a43ec0d42a,2025-09-06T16:00:00Z,NC State Wolfpack,Virginia Cavaliers,2025-09-06T13:55:39Z,bovada,Cam Ross,4.5,-130.0,100.0
2025,aa0b998acde7ec673cd145a43ec0d42a,2025-09-06T16:00:00Z,NC State Wolfpack,Virginia Cavaliers,2025-09-06T13:55:39Z,bovada,Jahmal Edrine,3.5,-105.0,-125.0
2025,aa0b998acde7ec673cd145a43ec0d42a,2025-09-06T16:00:00Z,NC State Wolfpack,Virginia Cavaliers,2025-09-06T13:55:39Z,bovada,Justin Joly,4.5,120.0,-160.0
2025,aa0b998acde7ec673cd145a43ec0d42a,2025-09-06T16:00:00Z,NC State Wolfpack,Virginia Cavaliers,2025-09-06T13:55:39Z,bovada,Noah Rogers,2.5,-135.0,105.0
2025,aa0b998acde7ec673cd145a43ec0d42a,2025-09-06T16:00:00Z,NC State Wolfpack,Virginia Cavaliers,2025-09-06T13:55:39Z,bovada,Trell Harris,3.5,-120.0,-110.0
2025,aa0b998acde7ec673cd145a43ec0d42a,2025-09-06T16:00:00Z,NC State Wolfpack,Virginia Cavaliers,2025-09-06T13:55:39Z,bovada,Wesley Grimes,2.5,-150.0,115.0
2025,9c8c520f16b3fec7180880aa3a8305f6,2025-09-06T16:00:00Z,Texas Longhorns,San Jose State Spartans,2025-09-06T13:55:39Z,betonlineag,Danny Scudero,4.5,-112.0,-115.0
2025,9c8c520f16b3fec7180880aa3a8305f6,2025-09-06T16:00:00Z,Texas Longhorns,San Jose State Spartans,2025-09-06T13:55:39Z,betonlineag,DeAndre Moore Jr.,3.5,-156.0,120.0
2025,9c8c520f16b3fec7180880aa3a8305f6,2025-09-06T16:00:00Z,Texas Longhorns,San Jose State Spartans,2025-09-06T13:55:39Z,betonlineag,Jack Endries,4.5,122.0,-159.0
2025,9c8c520f16b3fec7180880aa3a8305f6,2025-09-06T16:00:00Z,Texas Longhorns,San Jose State Spartans,2025-09-06T13:55:39Z,betonlineag,Ryan Wingo,4.5,-123.0,-105.0
2025,9c8c520f16b3fec7180880aa3a8305f6,2025-09-06T16:00:00Z,Texas Longhorns,San Jose State Spartans,2025-09-06T13:55:39Z,bovada,Danny Scudero,4.5,-115.0,-115.0
2025,9c8c520f16b3fec7180880aa3a8305f6,2025-09-06T16:00:00Z,Texas Longhorns,San Jose State Spartans,2025-09-06T13:55:39Z,bovada,DeAndre Moore Jr.,3.5,-160.0,120.0
2025,9c8c520f16b3fec7180880aa3a8305f6,2025-09-06T16:00:00Z,Texas Longhorns,San Jose State Spartans,2025-09-06T13:55:39Z,bovada,Jack Endries,4.5,120.0,-160.0
2025,9c8c520f16b3fec7180880aa3a8305f6,2025-09-06T16:00:00Z,Texas Longhorns,San Jose State Spartans,2025-09-06T13:55:39Z,bovada,Ryan Wingo,4.5,-125.0,-105.0
2025,6a4da08f393ad5e4ee1e32e24ff0e280,2025-09-06T16:45:00Z,Texas A&M Aggies,Utah State Aggies,2025-09-06T14:40:38Z,bovada,KC Concepcion,3.5,-135.0,105.0
2025,7e7fec9c9790702ee91c2bb9ab777e76,2025-09-06T19:30:00Z,Cincinnati Bearcats,Bowling Green Falcons,2025-09-06T17:25:39Z,bovada,Evan Pryor,1.5,-110.0,-120.0
2025,7e7fec9c9790702ee91c2bb9ab777e76,2025-09-06T19:30:00Z,Cincinnati Bearcats,Bowling Green Falcons,2025-09-06T17:25:39Z,bovada,Joe Royer,4.5,115.0,-150.0
2025,7e7fec9c9790702ee91c2bb9ab777e76,2025-09-06T19:30:00Z,Cincinnati Bearcats,Bowling Green Falcons,2025-09-06T17:25:39Z,bovada,Tawee Walker,1.5,155.0,-210.0
2025,60385595d3e501feeba3a45fafead46f,2025-09-06T19:30:00Z,Missouri Tigers,Kansas Jayhawks,2025-09-06T17:25:39Z,fanduel,Marquis Johnson,3.5,-102.0,-128.0
2025,60385595d3e501feeba3a45fafead46f,2025-09-06T19:30:00Z,Missouri Tigers,Kansas Jayhawks,2025-09-06T17:25:39Z,fanduel,Emmanuel Henderson Jr.,3.5,-102.0,-128.0
2025,60385595d3e501feeba3a45fafead46f,2025-09-06T19:30:00Z,Missouri Tigers,Kansas Jayhawks,2025-09-06T17:25:39Z,fanduel,Brett Norfleet,3.5,144.0,-190.0
2025,60385595d3e501feeba3a45fafead46f,2025-09-06T19:30:00Z,Missouri Tigers,Kansas Jayhawks,2025-09-06T17:25:39Z,fanduel,Cam Pickett,3.5,112.0,-146.0
2025,60385595d3e501feeba3a45fafead46f,2025-09-06T19:30:00Z,Missouri Tigers,Kansas Jayhawks,2025-09-06T17:25:39Z,fanduel,Kevin Coleman Jr.,4.5,-114.0,-114.0
2025,60385595d3e501feeba3a45fafead46f,2025-09-06T19:30:00Z,Missouri Tigers,Kansas Jayhawks,2025-09-06T17:25:39Z,betonlineag,Cam Pickett,3.5,110.0,-143.0
2025,60385595d3e501feeba3a45fafead46f,2025-09-06T19:30:00Z,Missouri Tigers,Kansas Jayhawks,2025-09-06T17:25:39Z,betonlineag,Emmanuel Henderson Jr.,3.5,110.0,-143.0
2025,60385595d3e501feeba3a45fafead46f,2025-09-06T19:30:00Z,Missouri Tigers,Kansas Jayhawks,2025-09-06T17:25:39Z,betonlineag,Marquis Johnson,3.5,-108.0,-120.0
2025,60385595d3e501feeba3a45fafead46f,2025-09-06T19:30:00Z,Missouri Tigers,Kansas Jayhawks,2025-09-06T17:25:39Z,betonlineag,Kevin Coleman Jr.,4.5,-110.0,-118.0
2025,60385595d3e501feeba3a45fafead46f,2025-09-06T19:30:00Z,Missouri Tigers,Kansas Jayhawks,2025-09-06T17:25:39Z,betonlineag,Brett Norfleet,3.5,158.0,-208.0
2025,60385595d3e501feeba3a45fafead46f,2025-09-06T19:30:00Z,Missouri Tigers,Kansas Jayhawks,2025-09-06T17:25:39Z,betonlineag,DeShawn Hanika,1.5,124.0,-161.0
2025,60385595d3e501feeba3a45fafead46f,2025-09-06T19:30:00Z,Missouri Tigers,Kansas Jayhawks,2025-09-06T17:25:39Z,betonlineag,Joshua Manning,2.5,126.0,-164.0
2025,60385595d3e501feeba3a45fafead46f,2025-09-06T19:30:00Z,Missouri Tigers,Kansas Jayhawks,2025-09-06T17:25:39Z,bovada,Brett Norfleet,3.5,145.0,-190.0
2025,60385595d3e501feeba3a45fafead46f,2025-09-06T19:30:00Z,Missouri Tigers,Kansas Jayhawks,2025-09-06T17:25:39Z,bovada,Cam Pickett,2.5,-160.0,120.0
2025,60385595d3e501feeba3a45fafead46f,2025-09-06T19:30:00Z,Missouri Tigers,Kansas Jayhawks,2025-09-06T17:25:39Z,bovada,DeShawn Hanika,1.5,110.0,-145.0
2025,60385595d3e501feeba3a45fafead46f,2025-09-06T19:30:00Z,Missouri Tigers,Kansas Jayhawks,2025-09-06T17:25:39Z,bovada,Emmanuel Henderson Jr.,3.5,115.0,-150.0
2025,60385595d3e501feeba3a45fafead46f,2025-09-06T19:30:00Z,Missouri Tigers,Kansas Jayhawks,2025-09-06T17:25:39Z,bovada,Joshua Manning,2.5,125.0,-165.0
2025,60385595d3e501feeba3a45fafead46f,2025-09-06T19:30:00Z,Missouri Tigers,Kansas Jayhawks,2025-09-06T17:25:39Z,bovada,Kevin Coleman Jr.,4.5,100.0,-130.0
2025,60385595d3e501feeba3a45fafead46f,2025-09-06T19:30:00Z,Missouri Tigers,Kansas Jayhawks,2025-09-06T17:25:39Z,bovada,Marquis Johnson,3.5,-110.0,-120.0
2025,d531b8e12cb18d265d2a68e50008904c,2025-09-06T19:30:00Z,Kentucky Wildcats,Ole Miss Rebels,2025-09-06T17:25:39Z,betonlineag,Josh Kattus,2.5,125.0,-164.0
2025,d531b8e12cb18d265d2a68e50008904c,2025-09-06T19:30:00Z,Kentucky Wildcats,Ole Miss Rebels,2025-09-06T17:25:39Z,betonlineag,Hardley Gilmore IV,2.5,122.0,-159.0
2025,d531b8e12cb18d265d2a68e50008904c,2025-09-06T19:30:00Z,Kentucky Wildcats,Ole Miss Rebels,2025-09-06T17:25:39Z,betonlineag,Cayden Lee,4.5,104.0,-135.0
2025,d531b8e12cb18d265d2a68e50008904c,2025-09-06T19:30:00Z,Kentucky Wildcats,Ole Miss Rebels,2025-09-06T17:25:39Z,betonlineag,Harrison Wallace III,3.5,-118.0,-110.0
2025,d531b8e12cb18d265d2a68e50008904c,2025-09-06T19:30:00Z,Kentucky Wildcats,Ole Miss Rebels,2025-09-06T17:25:39Z,betonlineag,De'Zhaun Stribling,3.5,115.0,-149.0
2025,d531b8e12cb18d265d2a68e50008904c,2025-09-06T19:30:00Z,Kentucky Wildcats,Ole Miss Rebels,2025-09-06T17:25:39Z,bovada,Cayden Lee,4.5,105.0,-135.0
2025,d531b8e12cb18d265d2a68e50008904c,2025-09-06T19:30:00Z,Kentucky Wildcats,Ole Miss Rebels,2025-09-06T17:25:39Z,bovada,De'Zhaun Stribling,3.5,115.0,-150.0
2025,d531b8e12cb18d265d2a68e50008904c,2025-09-06T19:30:00Z,Kentucky Wildcats,Ole Miss Rebels,2025-09-06T17:25:39Z,bovada,Hardley Gilmore IV,2.5,110.0,-145.0
2025,d531b8e12cb18d265d2a68e50008904c,2025-09-06T19:30:00Z,Kentucky Wildcats,Ole Miss Rebels,2025-09-06T17:25:39Z,bovada,Harrison Wallace III,3.5,-120.0,-110.0
2025,d531b8e12cb18d265d2a68e50008904c,2025-09-06T19:30:00Z,Kentucky Wildcats,Ole Miss Rebels,2025-09-06T17:25:39Z,bovada,Josh Kattus,2.5,115.0,-150.0
2025,aae11c793bc039b1fe617662aa7a30ac,2025-09-06T19:30:00Z,Oregon Ducks,Oklahoma State Cowboys,2025-09-06T17:25:39Z,fanduel,Dakorien Moore,3.5,126.0,-165.0
2025,aae11c793bc039b1fe617662aa7a30ac,2025-09-06T19:30:00Z,Oregon Ducks,Oklahoma State Cowboys,2025-09-06T17:25:39Z,fanduel,Kenyon Sadiq,3.5,102.0,-132.0
2025,aae11c793bc039b1fe617662aa7a30ac,2025-09-06T19:30:00Z,Oregon Ducks,Oklahoma State Cowboys,2025-09-06T17:25:39Z,betonlineag,Dakorien Moore,2.5,-149.0,115.0
2025,aae11c793bc039b1fe617662aa7a30ac,2025-09-06T19:30:00Z,Oregon Ducks,Oklahoma State Cowboys,2025-09-06T17:25:39Z,betonlineag,Malik Benson,2.5,-123.0,-105.0
2025,aae11c793bc039b1fe617662aa7a30ac,2025-09-06T19:30:00Z,Oregon Ducks,Oklahoma State Cowboys,2025-09-06T17:25:39Z,betonlineag,Kenyon Sadiq,2.5,-169.0,130.0
2025,aae11c793bc039b1fe617662aa7a30ac,2025-09-06T19:30:00Z,Oregon Ducks,Oklahoma State Cowboys,2025-09-06T17:25:39Z,betonlineag,Noah Whittington,0.5,-227.0,170.0
2025,aae11c793bc039b1fe617662aa7a30ac,2025-09-06T19:30:00Z,Oregon Ducks,Oklahoma State Cowboys,2025-09-06T17:25:39Z,bovada,Dakorien Moore,2.5,-150.0,115.0
2025,aae11c793bc039b1fe617662aa7a30ac,2025-09-06T19:30:00Z,Oregon Ducks,Oklahoma State Cowboys,2025-09-06T17:25:39Z,bovada,Kenyon Sadiq,2.5,-170.0,130.0
2025,aae11c793bc039b1fe617662aa7a30ac,2025-09-06T19:30:00Z,Oregon Ducks,Oklahoma State Cowboys,2025-09-06T17:25:39Z,bovada,Malik Benson,2.5,-125.0,-105.0
2025,aae11c793bc039b1fe617662aa7a30ac,2025-09-06T19:30:00Z,Oregon Ducks,Oklahoma State Cowboys,2025-09-06T17:25:39Z,bovada,Noah Whittington,0.5,-230.0,170.0
2025,ef5e4d5fdd91ba13abea3c1b880bf6cb,2025-09-06T20:00:00Z,Wisconsin Badgers,Middle Tennessee Blue Raiders,2025-09-06T17:55:39Z,bovada,Chris Brooks Jr.,1.5,-135.0,105.0
2025,ef5e4d5fdd91ba13abea3c1b880bf6cb,2025-09-06T20:00:00Z,Wisconsin Badgers,Middle Tennessee Blue Raiders,2025-09-06T17:55:39Z,bovada,Darrion Dupree,0.5,-160.0,120.0
2025,ef5e4d5fdd91ba13abea3c1b880bf6cb,2025-09-06T20:00:00Z,Wisconsin Badgers,Middle Tennessee Blue Raiders,2025-09-06T17:55:39Z,bovada,Dilin Jones,1.5,105.0,-135.0
2025,ef5e4d5fdd91ba13abea3c1b880bf6cb,2025-09-06T20:00:00Z,Wisconsin Badgers,Middle Tennessee Blue Raiders,2025-09-06T17:55:39Z,bovada,Lance Mason,2.5,115.0,-150.0
2025,ef5e4d5fdd91ba13abea3c1b880bf6cb,2025-09-06T20:00:00Z,Wisconsin Badgers,Middle Tennessee Blue Raiders,2025-09-06T17:55:39Z,bovada,Trech Kekahuna,2.5,115.0,-150.0
2025,ef5e4d5fdd91ba13abea3c1b880bf6cb,2025-09-06T20:00:00Z,Wisconsin Badgers,Middle Tennessee Blue Raiders,2025-09-06T17:55:39Z,bovada,Vinny Anthony II,3.5,-165.0,125.0
2025,116fcf63d006815e16ad77e27a1b7ec6,2025-09-06T20:00:00Z,Ohio Bobcats,West Virginia Mountaineers,2025-09-06T17:55:39Z,betonlineag,Jahiem White,1.5,-112.0,-115.0
2025,116fcf63d006815e16ad77e27a1b7ec6,2025-09-06T20:00:00Z,Ohio Bobcats,West Virginia Mountaineers,2025-09-06T17:55:39Z,betonlineag,Jaden Bray,1.5,-164.0,125.0
2025,116fcf63d006815e16ad77e27a1b7ec6,2025-09-06T20:00:00Z,Ohio Bobcats,West Virginia Mountaineers,2025-09-06T17:55:39Z,bovada,Jaden Bray,1.5,-165.0,125.0
2025,116fcf63d006815e16ad77e27a1b7ec6,2025-09-06T20:00:00Z,Ohio Bobcats,West Virginia Mountaineers,2025-09-06T17:55:39Z,bovada,Jahiem White,1.5,-115.0,-115.0
2025,adfb4c2e2052c3e066089e9b30c0e496,2025-09-06T20:15:00Z,Florida Gators,South Florida Bulls,2025-09-06T18:10:38Z,betonlineag,Eugene Wilson III,4.5,-114.0,-114.0
2025,adfb4c2e2052c3e066089e9b30c0e496,2025-09-06T20:15:00Z,Florida Gators,South Florida Bulls,2025-09-06T18:10:38Z,betonlineag,Hayden Hansen,1.5,-130.0,100.0
2025,adfb4c2e2052c3e066089e9b30c0e496,2025-09-06T20:15:00Z,Florida Gators,South Florida Bulls,2025-09-06T18:10:38Z,betonlineag,Chas Nimrod,2.5,-200.0,152.0
2025,adfb4c2e2052c3e066089e9b30c0e496,2025-09-06T20:15:00Z,Florida Gators,South Florida Bulls,2025-09-06T18:10:38Z,bovada,Chas Nimrod,2.5,-160.0,120.0
2025,adfb4c2e2052c3e066089e9b30c0e496,2025-09-06T20:15:00Z,Florida Gators,South Florida Bulls,2025-09-06T18:10:38Z,bovada,Eugene Wilson III,3.5,-180.0,135.0
2025,adfb4c2e2052c3e066089e9b30c0e496,2025-09-06T20:15:00Z,Florida Gators,South Florida Bulls,2025-09-06T18:10:38Z,bovada,Hayden Hansen,1.5,-130.0,100.0
2025,2364417c745994c23e50a4b9539d9dcf,2025-09-06T23:00:00Z,Kansas State Wildcats,Army Black Knights,2025-09-06T20:55:38Z,betonlineag,Garrett Oakley,1.5,-156.0,120.0
2025,2364417c745994c23e50a4b9539d9dcf,2025-09-06T23:00:00Z,Kansas State Wildcats,Army Black Knights,2025-09-06T20:55:38Z,betonlineag,Jayce Brown,4.5,-112.0,-115.0
2025,2364417c745994c23e50a4b9539d9dcf,2025-09-06T23:00:00Z,Kansas State Wildcats,Army Black Knights,2025-09-06T20:55:38Z,bovada,Garrett Oakley,1.5,-160.0,120.0
2025,2364417c745994c23e50a4b9539d9dcf,2025-09-06T23:00:00Z,Kansas State Wildcats,Army Black Knights,2025-09-06T20:55:38Z,bovada,Jayce Brown,4.5,-115.0,-115.0
2025,4e799f80f1960a286b99111d18d13597,2025-09-06T23:30:00Z,Nebraska Cornhuskers,Akron Zips,2025-09-06T21:25:38Z,betonlineag,Nyziah Hunter,3.5,-164.0,125.0
2025,4e799f80f1960a286b99111d18d13597,2025-09-06T23:30:00Z,Nebraska Cornhuskers,Akron Zips,2025-09-06T21:25:38Z,betonlineag,Dane Key,3.5,-118.0,-110.0
2025,4e799f80f1960a286b99111d18d13597,2025-09-06T23:30:00Z,Nebraska Cornhuskers,Akron Zips,2025-09-06T21:25:38Z,betonlineag,Emmett Johnson,3.5,104.0,-135.0
2025,4e799f80f1960a286b99111d18d13597,2025-09-06T23:30:00Z,Nebraska Cornhuskers,Akron Zips,2025-09-06T21:25:38Z,bovada,Dane Key,3.5,-125.0,-105.0
2025,4e799f80f1960a286b99111d18d13597,2025-09-06T23:30:00Z,Nebraska Cornhuskers,Akron Zips,2025-09-06T21:25:38Z,bovada,Emmett Johnson,3.5,105.0,-135.0
2025,4e799f80f1960a286b99111d18d13597,2025-09-06T23:30:00Z,Nebraska Cornhuskers,Akron Zips,2025-09-06T21:25:38Z,bovada,Jacory Barney Jr.,4.5,135.0,-180.0
2025,4e799f80f1960a286b99111d18d13597,2025-09-06T23:30:00Z,Nebraska Cornhuskers,Akron Zips,2025-09-06T21:25:38Z,bovada,Nyziah Hunter,3.5,-145.0,110.0
2025,98c92ca46c07070ed67047af259e07a9,2025-09-06T23:30:00Z,Mississippi State Bulldogs,Arizona State Sun Devils,2025-09-06T21:25:38Z,fanduel,Brenen Thompson,3.5,-110.0,-118.0
2025,98c92ca46c07070ed67047af259e07a9,2025-09-06T23:30:00Z,Mississippi State Bulldogs,Arizona State Sun Devils,2025-09-06T21:25:38Z,fanduel,Seydou Traore,3.5,-140.0,108.0
2025,98c92ca46c07070ed67047af259e07a9,2025-09-06T23:30:00Z,Mississippi State Bulldogs,Arizona State Sun Devils,2025-09-06T21:25:38Z,fanduel,Chamon Metayer,2.5,-114.0,-114.0
2025,98c92ca46c07070ed67047af259e07a9,2025-09-06T23:30:00Z,Mississippi State Bulldogs,Arizona State Sun Devils,2025-09-06T21:25:38Z,fanduel,Anthony Evans III,3.5,102.0,-132.0
2025,98c92ca46c07070ed67047af259e07a9,2025-09-06T23:30:00Z,Mississippi State Bulldogs,Arizona State Sun Devils,2025-09-06T21:25:38Z,fanduel,Jordyn Tyson,7.5,-146.0,112.0
2025,98c92ca46c07070ed67047af259e07a9,2025-09-06T23:30:00Z,Mississippi State Bulldogs,Arizona State Sun Devils,2025-09-06T21:25:38Z,bovada,Anthony Evans III,3.5,105.0,-135.0
2025,98c92ca46c07070ed67047af259e07a9,2025-09-06T23:30:00Z,Mississippi State Bulldogs,Arizona State Sun Devils,2025-09-06T21:25:38Z,bovada,Brenen Thompson,3.5,-135.0,105.0
2025,98c92ca46c07070ed67047af259e07a9,2025-09-06T23:30:00Z,Mississippi State Bulldogs,Arizona State Sun Devils,2025-09-06T21:25:38Z,bovada,Chamon Metayer,2.5,-125.0,-105.0
2025,98c92ca46c07070ed67047af259e07a9,2025-09-06T23:30:00Z,Mississippi State Bulldogs,Arizona State Sun Devils,2025-09-06T21:25:38Z,bovada,Davon Booth,1.5,100.0,-130.0
2025,98c92ca46c07070ed67047af259e07a9,2025-09-06T23:30:00Z,Mississippi State Bulldogs,Arizona State Sun Devils,2025-09-06T21:25:38Z,bovada,Jordyn Tyson,7.5,-130.0,100.0
2025,98c92ca46c07070ed67047af259e07a9,2025-09-06T23:30:00Z,Mississippi State Bulldogs,Arizona State Sun Devils,2025-09-06T21:25:38Z,bovada,Kyson Brown,2.5,-110.0,-120.0
2025,98c92ca46c07070ed67047af259e07a9,2025-09-06T23:30:00Z,Mississippi State Bulldogs,Arizona State Sun Devils,2025-09-06T21:25:38Z,betonlineag,Seydou Traore,3.5,-135.0,105.0
2025,98c92ca46c07070ed67047af259e07a9,2025-09-06T23:30:00Z,Mississippi State Bulldogs,Arizona State Sun Devils,2025-09-06T21:25:38Z,betonlineag,Jordyn Tyson,7.5,-130.0,100.0
2025,98c92ca46c07070ed67047af259e07a9,2025-09-06T23:30:00Z,Mississippi State Bulldogs,Arizona State Sun Devils,2025-09-06T21:25:38Z,betonlineag,Chamon Metayer,2.5,110.0,-143.0
2025,98c92ca46c07070ed67047af259e07a9,2025-09-06T23:30:00Z,Mississippi State Bulldogs,Arizona State Sun Devils,2025-09-06T21:25:38Z,betonlineag,Anthony Evans III,3.5,-114.0,-114.0
2025,98c92ca46c07070ed67047af259e07a9,2025-09-06T23:30:00Z,Mississippi State Bulldogs,Arizona State Sun Devils,2025-09-06T21:25:38Z,betonlineag,Davon Booth,1.5,118.0,-154.0
2025,98c92ca46c07070ed67047af259e07a9,2025-09-06T23:30:00Z,Mississippi State Bulldogs,Arizona State Sun Devils,2025-09-06T21:25:38Z,betonlineag,Kyson Brown,2.5,-118.0,-110.0
2025,98c92ca46c07070ed67047af259e07a9,2025-09-06T23:30:00Z,Mississippi State Bulldogs,Arizona State Sun Devils,2025-09-06T21:25:38Z,betonlineag,Brenen Thompson,4.5,126.0,-164.0
2025,846163dd682584dccfd473a3e19ab98a,2025-09-06T23:30:00Z,Michigan State Spartans,Boston College Eagles,2025-09-06T21:25:38Z,bovada,Chrishon McCray,1.5,-210.0,155.0
2025,846163dd682584dccfd473a3e19ab98a,2025-09-06T23:30:00Z,Michigan State Spartans,Boston College Eagles,2025-09-06T21:25:38Z,bovada,Jack Velling,2.5,-115.0,-115.0
2025,846163dd682584dccfd473a3e19ab98a,2025-09-06T23:30:00Z,Michigan State Spartans,Boston College Eagles,2025-09-06T21:25:38Z,bovada,Jeremiah Franklin,3.5,125.0,-165.0
2025,846163dd682584dccfd473a3e19ab98a,2025-09-06T23:30:00Z,Michigan State Spartans,Boston College Eagles,2025-09-06T21:25:38Z,bovada,Lewis Bond,5.5,110.0,-145.0
2025,846163dd682584dccfd473a3e19ab98a,2025-09-06T23:30:00Z,Michigan State Spartans,Boston College Eagles,2025-09-06T21:25:38Z,bovada,Nick Marsh,3.5,-160.0,120.0
2025,846163dd682584dccfd473a3e19ab98a,2025-09-06T23:30:00Z,Michigan State Spartans,Boston College Eagles,2025-09-06T21:25:38Z,bovada,Omari Kelly,3.5,-180.0,135.0
2025,846163dd682584dccfd473a3e19ab98a,2025-09-06T23:30:00Z,Michigan State Spartans,Boston College Eagles,2025-09-06T21:25:38Z,bovada,Reed Harris,2.5,120.0,-160.0
2025,846163dd682584dccfd473a3e19ab98a,2025-09-06T23:30:00Z,Michigan State Spartans,Boston College Eagles,2025-09-06T21:25:38Z,betonlineag,Lewis Bond,5.5,112.0,-145.0
2025,846163dd682584dccfd473a3e19ab98a,2025-09-06T23:30:00Z,Michigan State Spartans,Boston College Eagles,2025-09-06T21:25:38Z,betonlineag,Omari Kelly,3.5,-175.0,135.0
2025,846163dd682584dccfd473a3e19ab98a,2025-09-06T23:30:00Z,Michigan State Spartans,Boston College Eagles,2025-09-06T21:25:38Z,betonlineag,Chrishon McCray,1.5,-169.0,130.0
2025,846163dd682584dccfd473a3e19ab98a,2025-09-06T23:30:00Z,Michigan State Spartans,Boston College Eagles,2025-09-06T21:25:38Z,betonlineag,Jack Velling,2.5,100.0,-130.0
2025,846163dd682584dccfd473a3e19ab98a,2025-09-06T23:30:00Z,Michigan State Spartans,Boston College Eagles,2025-09-06T21:25:38Z,betonlineag,Reed Harris,2.5,145.0,-192.0
2025,846163dd682584dccfd473a3e19ab98a,2025-09-06T23:30:00Z,Michigan State Spartans,Boston College Eagles,2025-09-06T21:25:38Z,betonlineag,Nick Marsh,3.5,-156.0,120.0
2025,846163dd682584dccfd473a3e19ab98a,2025-09-06T23:30:00Z,Michigan State Spartans,Boston College Eagles,2025-09-06T21:25:38Z,betonlineag,Jeremiah Franklin,3.5,128.0,-167.0
2025,5efdee187e4f412e747582a3c18f725b,2025-09-06T23:30:00Z,Oklahoma Sooners,Michigan Wolverines,2025-09-06T21:25:38Z,betonlineag,Deion Burks,5.5,120.0,-156.0
2025,5efdee187e4f412e747582a3c18f725b,2025-09-06T23:30:00Z,Oklahoma Sooners,Michigan Wolverines,2025-09-06T21:25:38Z,betonlineag,Marlin Klein,3.5,110.0,-143.0
2025,5efdee187e4f412e747582a3c18f725b,2025-09-06T23:30:00Z,Oklahoma Sooners,Michigan Wolverines,2025-09-06T21:25:38Z,betonlineag,Keontez Lewis,3.5,-114.0,-114.0
2025,5efdee187e4f412e747582a3c18f725b,2025-09-06T23:30:00Z,Oklahoma Sooners,Michigan Wolverines,2025-09-06T21:25:38Z,betonlineag,Semaj Morgan,3.5,-102.0,-127.0
2025,5efdee187e4f412e747582a3c18f725b,2025-09-06T23:30:00Z,Oklahoma Sooners,Michigan Wolverines,2025-09-06T21:25:38Z,betonlineag,Donaven McCulley,3.5,135.0,-175.0
2025,5efdee187e4f412e747582a3c18f725b,2025-09-06T23:30:00Z,Oklahoma Sooners,Michigan Wolverines,2025-09-06T21:25:38Z,betonlineag,Jaren Kanak,2.5,-200.0,153.0
2025,5efdee187e4f412e747582a3c18f725b,2025-09-06T23:30:00Z,Oklahoma Sooners,Michigan Wolverines,2025-09-06T21:25:38Z,betonlineag,Channing Goodwin,2.5,144.0,-189.0
2025,5efdee187e4f412e747582a3c18f725b,2025-09-06T23:30:00Z,Oklahoma Sooners,Michigan Wolverines,2025-09-06T21:25:38Z,fanduel,Deion Burks,5.5,102.0,-132.0
2025,5efdee187e4f412e747582a3c18f725b,2025-09-06T23:30:00Z,Oklahoma Sooners,Michigan Wolverines,2025-09-06T21:25:38Z,fanduel,Marlin Klein,3.5,108.0,-140.0
2025,5efdee187e4f412e747582a3c18f725b,2025-09-06T23:30:00Z,Oklahoma Sooners,Michigan Wolverines,2025-09-06T21:25:38Z,fanduel,Keontez Lewis,3.5,-114.0,-114.0
2025,5efdee187e4f412e747582a3c18f725b,2025-09-06T23:30:00Z,Oklahoma Sooners,Michigan Wolverines,2025-09-06T21:25:38Z,fanduel,Semaj Morgan,3.5,-108.0,-120.0
2025,5efdee187e4f412e747582a3c18f725b,2025-09-06T23:30:00Z,Oklahoma Sooners,Michigan Wolverines,2025-09-06T21:25:38Z,fanduel,Jaren Kanak,3.5,102.0,-132.0
2025,5efdee187e4f412e747582a3c18f725b,2025-09-06T23:30:00Z,Oklahoma Sooners,Michigan Wolverines,2025-09-06T21:25:38Z,fanduel,Donaven McCulley,2.5,-148.0,114.0
2025,5efdee187e4f412e747582a3c18f725b,2025-09-06T23:30:00Z,Oklahoma Sooners,Michigan Wolverines,2025-09-06T21:25:38Z,bovada,Channing Goodwin,2.5,145.0,-190.0
2025,5efdee187e4f412e747582a3c18f725b,2025-09-06T23:30:00Z,Oklahoma Sooners,Michigan Wolverines,2025-09-06T21:25:38Z,bovada,Deion Burks,4.5,-145.0,110.0
2025,5efdee187e4f412e747582a3c18f725b,2025-09-06T23:30:00Z,Oklahoma Sooners,Michigan Wolverines,2025-09-06T21:25:38Z,bovada,Donaven McCulley,3.5,130.0,-170.0
2025,5efdee187e4f412e747582a3c18f725b,2025-09-06T23:30:00Z,Oklahoma Sooners,Michigan Wolverines,2025-09-06T21:25:38Z,bovada,Jaren Kanak,2.5,-180.0,135.0
2025,5efdee187e4f412e747582a3c18f725b,2025-09-06T23:30:00Z,Oklahoma Sooners,Michigan Wolverines,2025-09-06T21:25:38Z,bovada,Keontez Lewis,3.5,-115.0,-115.0
2025,5efdee187e4f412e747582a3c18f725b,2025-09-06T23:30:00Z,Oklahoma Sooners,Michigan Wolverines,2025-09-06T21:25:38Z,bovada,Semaj Morgan,3.5,-105.0,-125.0
2025,1a3f2c51d3af5b356c44b737195a5b46,2025-09-06T23:30:00Z,Virginia Tech Hokies,Vanderbilt Commodores,2025-09-06T21:25:38Z,betonlineag,Eli Stowers,2.5,-167.0,128.0
2025,1a3f2c51d3af5b356c44b737195a5b46,2025-09-06T23:30:00Z,Virginia Tech Hokies,Vanderbilt Commodores,2025-09-06T21:25:38Z,betonlineag,Donavon Greene,3.5,-149.0,115.0
2025,1a3f2c51d3af5b356c44b737195a5b46,2025-09-06T23:30:00Z,Virginia Tech Hokies,Vanderbilt Commodores,2025-09-06T21:25:38Z,betonlineag,Ayden Greene,5.5,126.0,-164.0
2025,1a3f2c51d3af5b356c44b737195a5b46,2025-09-06T23:30:00Z,Virginia Tech Hokies,Vanderbilt Commodores,2025-09-06T21:25:38Z,bovada,Ayden Greene,5.5,125.0,-165.0
2025,1a3f2c51d3af5b356c44b737195a5b46,2025-09-06T23:30:00Z,Virginia Tech Hokies,Vanderbilt Commodores,2025-09-06T21:25:38Z,bovada,Donavon Greene,3.5,-150.0,115.0
2025,1a3f2c51d3af5b356c44b737195a5b46,2025-09-06T23:30:00Z,Virginia Tech Hokies,Vanderbilt Commodores,2025-09-06T21:25:38Z,bovada,Eli Stowers,2.5,-160.0,120.0
2025,d445a4ea45f024ba386b422a8f293177,2025-09-07T00:00:00Z,UNLV Rebels,UCLA Bruins,2025-09-06T21:55:39Z,bovada,Jack Pedersen,2.5,125.0,-165.0
2025,d445a4ea45f024ba386b422a8f293177,2025-09-07T00:00:00Z,UNLV Rebels,UCLA Bruins,2025-09-06T21:55:39Z,bovada,Kwazi Gilmer,3.5,-160.0,120.0
2025,d445a4ea45f024ba386b422a8f293177,2025-09-07T00:00:00Z,UNLV Rebels,UCLA Bruins,2025-09-06T21:55:39Z,bovada,Mikey Matthews,3.5,125.0,-165.0
2025,d445a4ea45f024ba386b422a8f293177,2025-09-07T00:00:00Z,UNLV Rebels,UCLA Bruins,2025-09-06T21:55:39Z,betonlineag,Kwazi Gilmer,3.5,-149.0,115.0
2025,d445a4ea45f024ba386b422a8f293177,2025-09-07T00:00:00Z,UNLV Rebels,UCLA Bruins,2025-09-06T21:55:39Z,betonlineag,Mikey Matthews,3.5,130.0,-169.0
2025,d445a4ea45f024ba386b422a8f293177,2025-09-07T00:00:00Z,UNLV Rebels,UCLA Bruins,2025-09-06T21:55:39Z,betonlineag,Jack Pedersen,2.5,128.0,-167.0
2025,d4d307f058aeaa574cfa993534dc6329,2025-09-07T02:15:00Z,BYU Cougars,Stanford Cardinal,2025-09-07T00:10:38Z,bovada,C.J. Williams,2.5,-145.0,110.0
2025,d4d307f058aeaa574cfa993534dc6329,2025-09-07T02:15:00Z,BYU Cougars,Stanford Cardinal,2025-09-07T00:10:38Z,bovada,LJ Martin,1.5,135.0,-180.0
2025,d4d307f058aeaa574cfa993534dc6329,2025-09-07T02:15:00Z,BYU Cougars,Stanford Cardinal,2025-09-07T00:10:38Z,bovada,Micah Ford,1.5,-165.0,125.0
2025,d4d307f058aeaa574cfa993534dc6329,2025-09-07T02:15:00Z,BYU Cougars,Stanford Cardinal,2025-09-07T00:10:38Z,bovada,Sam Roush,2.5,-180.0,135.0
2025,d4d307f058aeaa574cfa993534dc6329,2025-09-07T02:15:00Z,BYU Cougars,Stanford Cardinal,2025-09-07T00:10:38Z,betonlineag,C.J. Williams,2.5,-143.0,110.0
2025,d4d307f058aeaa574cfa993534dc6329,2025-09-07T02:15:00Z,BYU Cougars,Stanford Cardinal,2025-09-07T00:10:38Z,betonlineag,Micah Ford,1.5,-143.0,110.0
2025,d4d307f058aeaa574cfa993534dc6329,2025-09-07T02:15:00Z,BYU Cougars,Stanford Cardinal,2025-09-07T00:10:38Z,betonlineag,LJ Martin,1.5,136.0,-179.0
2025,d4d307f058aeaa574cfa993534dc6329,2025-09-07T02:15:00Z,BYU Cougars,Stanford Cardinal,2025-09-07T00:10:38Z,betonlineag,Sam Roush,2.5,-175.0,135.0
2025,8cb9bffac37420e5cd3f489d4d8eb9fa,2025-09-07T04:00:00Z,Hawaii Rainbow Warriors,Sam Houston State Bearkats,2025-09-07T01:55:38Z,fanduel,Pofele Ashlock,5.5,-114.0,-114.0
2025,8cb9bffac37420e5cd3f489d4d8eb9fa,2025-09-07T04:00:00Z,Hawaii Rainbow Warriors,Sam Houston State Bearkats,2025-09-07T01:55:38Z,fanduel,Jackson Harris,2.5,-132.0,102.0
2025,8cb9bffac37420e5cd3f489d4d8eb9fa,2025-09-07T04:00:00Z,Hawaii Rainbow Warriors,Sam Houston State Bearkats,2025-09-07T01:55:38Z,betonlineag,Aviyon Smith-Mack,3.5,-120.0,-108.0
2025,8cb9bffac37420e5cd3f489d4d8eb9fa,2025-09-07T04:00:00Z,Hawaii Rainbow Warriors,Sam Houston State Bearkats,2025-09-07T01:55:38Z,betonlineag,Jackson Harris,2.5,-132.0,102.0
2025,8cb9bffac37420e5cd3f489d4d8eb9fa,2025-09-07T04:00:00Z,Hawaii Rainbow Warriors,Sam Houston State Bearkats,2025-09-07T01:55:38Z,betonlineag,Pofele Ashlock,5.5,-114.0,-114.0
2025,542ba39fc8c6d30999a48dd24a805716,2025-09-11T23:30:00Z,Wake Forest Demon Deacons,NC State Wolfpack,2025-09-11T21:25:39Z,fanduel,Chris Barnes,3.5,144.0,-190.0
2025,542ba39fc8c6d30999a48dd24a805716,2025-09-11T23:30:00Z,Wake Forest Demon Deacons,NC State Wolfpack,2025-09-11T21:25:39Z,fanduel,Carlos Hernandez,3.5,116.0,-152.0
2025,542ba39fc8c6d30999a48dd24a805716,2025-09-11T23:30:00Z,Wake Forest Demon Deacons,NC State Wolfpack,2025-09-11T21:25:39Z,fanduel,Noah Rogers,2.5,-108.0,-120.0
2025,542ba39fc8c6d30999a48dd24a805716,2025-09-11T23:30:00Z,Wake Forest Demon Deacons,NC State Wolfpack,2025-09-11T21:25:39Z,fanduel,Justin Joly,4.5,116.0,-152.0
2025,542ba39fc8c6d30999a48dd24a805716,2025-09-11T23:30:00Z,Wake Forest Demon Deacons,NC State Wolfpack,2025-09-11T21:25:39Z,fanduel,Sterling Berkhalter,2.5,112.0,-146.0
2025,542ba39fc8c6d30999a48dd24a805716,2025-09-11T23:30:00Z,Wake Forest Demon Deacons,NC State Wolfpack,2025-09-11T21:25:39Z,fanduel,Teddy Hoffmann,2.5,144.0,-190.0
2025,542ba39fc8c6d30999a48dd24a805716,2025-09-11T23:30:00Z,Wake Forest Demon Deacons,NC State Wolfpack,2025-09-11T21:25:39Z,fanduel,Wesley Grimes,3.5,130.0,-170.0
2025,542ba39fc8c6d30999a48dd24a805716,2025-09-11T23:30:00Z,Wake Forest Demon Deacons,NC State Wolfpack,2025-09-11T21:25:39Z,fanduel,Terrell Anderson,2.5,-138.0,106.0
2025,542ba39fc8c6d30999a48dd24a805716,2025-09-11T23:30:00Z,Wake Forest Demon Deacons,NC State Wolfpack,2025-09-11T21:25:39Z,betonlineag,Chris Barnes,3.5,141.0,-185.0
2025,542ba39fc8c6d30999a48dd24a805716,2025-09-11T23:30:00Z,Wake Forest Demon Deacons,NC State Wolfpack,2025-09-11T21:25:39Z,betonlineag,Sterling Berkhalter,2.5,-105.0,-123.0
2025,542ba39fc8c6d30999a48dd24a805716,2025-09-11T23:30:00Z,Wake Forest Demon Deacons,NC State Wolfpack,2025-09-11T21:25:39Z,betonlineag,Hollywood Smothers,2.5,100.0,-130.0
2025,542ba39fc8c6d30999a48dd24a805716,2025-09-11T23:30:00Z,Wake Forest Demon Deacons,NC State Wolfpack,2025-09-11T21:25:39Z,betonlineag,Noah Rogers,2.5,-118.0,-110.0
2025,542ba39fc8c6d30999a48dd24a805716,2025-09-11T23:30:00Z,Wake Forest Demon Deacons,NC State Wolfpack,2025-09-11T21:25:39Z,betonlineag,Terrell Anderson,2.5,-135.0,105.0
2025,542ba39fc8c6d30999a48dd24a805716,2025-09-11T23:30:00Z,Wake Forest Demon Deacons,NC State Wolfpack,2025-09-11T21:25:39Z,betonlineag,Wesley Grimes,2.5,-172.0,131.0
2025,542ba39fc8c6d30999a48dd24a805716,2025-09-11T23:30:00Z,Wake Forest Demon Deacons,NC State Wolfpack,2025-09-11T21:25:39Z,betonlineag,Justin Joly,3.5,-164.0,125.0
2025,542ba39fc8c6d30999a48dd24a805716,2025-09-11T23:30:00Z,Wake Forest Demon Deacons,NC State Wolfpack,2025-09-11T21:25:39Z,betonlineag,Demond Claiborne,1.5,-130.0,100.0
2025,542ba39fc8c6d30999a48dd24a805716,2025-09-11T23:30:00Z,Wake Forest Demon Deacons,NC State Wolfpack,2025-09-11T21:25:39Z,betonlineag,Carlos Hernandez,3.5,110.0,-143.0
2025,542ba39fc8c6d30999a48dd24a805716,2025-09-11T23:30:00Z,Wake Forest Demon Deacons,NC State Wolfpack,2025-09-11T21:25:39Z,bovada,Carlos Hernandez,3.5,120.0,-160.0
2025,542ba39fc8c6d30999a48dd24a805716,2025-09-11T23:30:00Z,Wake Forest Demon Deacons,NC State Wolfpack,2025-09-11T21:25:39Z,bovada,Chris Barnes,3.5,150.0,-200.0
2025,542ba39fc8c6d30999a48dd24a805716,2025-09-11T23:30:00Z,Wake Forest Demon Deacons,NC State Wolfpack,2025-09-11T21:25:39Z,bovada,Demond Claiborne,1.5,-170.0,130.0
2025,542ba39fc8c6d30999a48dd24a805716,2025-09-11T23:30:00Z,Wake Forest Demon Deacons,NC State Wolfpack,2025-09-11T21:25:39Z,bovada,Justin Joly,3.5,-150.0,115.0
2025,542ba39fc8c6d30999a48dd24a805716,2025-09-11T23:30:00Z,Wake Forest Demon Deacons,NC State Wolfpack,2025-09-11T21:25:39Z,bovada,Noah Rogers,2.5,-110.0,-120.0
2025,542ba39fc8c6d30999a48dd24a805716,2025-09-11T23:30:00Z,Wake Forest Demon Deacons,NC State Wolfpack,2025-09-11T21:25:39Z,bovada,Sterling Berkhalter,2.5,115.0,-150.0
2025,542ba39fc8c6d30999a48dd24a805716,2025-09-11T23:30:00Z,Wake Forest Demon Deacons,NC State Wolfpack,2025-09-11T21:25:39Z,bovada,Terrell Anderson,2.5,-130.0,100.0
2025,542ba39fc8c6d30999a48dd24a805716,2025-09-11T23:30:00Z,Wake Forest Demon Deacons,NC State Wolfpack,2025-09-11T21:25:39Z,bovada,Wesley Grimes,2.5,-180.0,135.0
2025,3364cb1ca333090467399c9202106e85,2025-09-12T23:30:00Z,Houston Cougars,Colorado Buffaloes,2025-09-12T21:25:39Z,fanduel,Tanner Koziol,4.5,-132.0,102.0
2025,3364cb1ca333090467399c9202106e85,2025-09-12T23:30:00Z,Houston Cougars,Colorado Buffaloes,2025-09-12T21:25:39Z,betonlineag,Tanner Koziol,4.5,-123.0,-105.0
2025,3364cb1ca333090467399c9202106e85,2025-09-12T23:30:00Z,Houston Cougars,Colorado Buffaloes,2025-09-12T21:25:39Z,betonlineag,Dean Connors,1.5,-139.0,107.0
2025,3364cb1ca333090467399c9202106e85,2025-09-12T23:30:00Z,Houston Cougars,Colorado Buffaloes,2025-09-12T21:25:39Z,betonlineag,Zach Atkins,1.5,104.0,-135.0
2025,3364cb1ca333090467399c9202106e85,2025-09-12T23:30:00Z,Houston Cougars,Colorado Buffaloes,2025-09-12T21:25:39Z,betonlineag,Joseph Williams,3.5,110.0,-143.0
2025,15fc1863106a88d0c4fbbab5fb4104d8,2025-09-13T01:00:00Z,Arizona Wildcats,Kansas State Wildcats,2025-09-12T22:55:39Z,fanduel,Javin Whatley,3.5,112.0,-146.0
2025,15fc1863106a88d0c4fbbab5fb4104d8,2025-09-13T01:00:00Z,Arizona Wildcats,Kansas State Wildcats,2025-09-12T22:55:39Z,fanduel,Jayce Brown,5.5,-114.0,-114.0
2025,15fc1863106a88d0c4fbbab5fb4104d8,2025-09-13T01:00:00Z,Arizona Wildcats,Kansas State Wildcats,2025-09-12T22:55:39Z,fanduel,Jaron Tibbs,4.5,102.0,-132.0
2025,15fc1863106a88d0c4fbbab5fb4104d8,2025-09-13T01:00:00Z,Arizona Wildcats,Kansas State Wildcats,2025-09-12T22:55:39Z,betonlineag,Jayce Brown,5.5,-128.0,-101.0
2025,15fc1863106a88d0c4fbbab5fb4104d8,2025-09-13T01:00:00Z,Arizona Wildcats,Kansas State Wildcats,2025-09-12T22:55:39Z,betonlineag,Javin Whatley,3.5,107.0,-139.0
2025,15fc1863106a88d0c4fbbab5fb4104d8,2025-09-13T01:00:00Z,Arizona Wildcats,Kansas State Wildcats,2025-09-12T22:55:39Z,betonlineag,Chris Hunter,2.5,135.0,-175.0
2025,15fc1863106a88d0c4fbbab5fb4104d8,2025-09-13T01:00:00Z,Arizona Wildcats,Kansas State Wildcats,2025-09-12T22:55:39Z,betonlineag,Kris Hutson,2.5,-123.0,-104.0
2025,15fc1863106a88d0c4fbbab5fb4104d8,2025-09-13T01:00:00Z,Arizona Wildcats,Kansas State Wildcats,2025-09-12T22:55:39Z,betonlineag,Jaron Tibbs,3.5,-159.0,122.0
2025,15fc1863106a88d0c4fbbab5fb4104d8,2025-09-13T01:00:00Z,Arizona Wildcats,Kansas State Wildcats,2025-09-12T22:55:39Z,bovada,Javin Whatley,3.5,105.0,-135.0
2025,15fc1863106a88d0c4fbbab5fb4104d8,2025-09-13T01:00:00Z,Arizona Wildcats,Kansas State Wildcats,2025-09-12T22:55:39Z,bovada,Kris Hutson,2.5,-130.0,100.0
2025,fc14fc6cc614c501289dce87abdaa041,2025-09-13T02:00:00Z,UCLA Bruins,New Mexico Lobos,2025-09-12T23:55:39Z,betonlineag,Titus Mokiao-Atimalala,3.5,115.0,-149.0
2025,fc14fc6cc614c501289dce87abdaa041,2025-09-13T02:00:00Z,UCLA Bruins,New Mexico Lobos,2025-09-12T23:55:39Z,betonlineag,Mikey Matthews,3.5,-114.0,-114.0
2025,fc14fc6cc614c501289dce87abdaa041,2025-09-13T02:00:00Z,UCLA Bruins,New Mexico Lobos,2025-09-12T23:55:39Z,betonlineag,Kwazi Gilmer,4.5,-125.0,-103.0
2025,fc14fc6cc614c501289dce87abdaa041,2025-09-13T02:00:00Z,UCLA Bruins,New Mexico Lobos,2025-09-12T23:55:39Z,betonlineag,Jack Pedersen,2.5,113.0,-147.0
2025,fc14fc6cc614c501289dce87abdaa041,2025-09-13T02:00:00Z,UCLA Bruins,New Mexico Lobos,2025-09-12T23:55:39Z,betonlineag,Dorian Thomas,5.5,-120.0,-108.0
2025,fc14fc6cc614c501289dce87abdaa041,2025-09-13T02:00:00Z,UCLA Bruins,New Mexico Lobos,2025-09-12T23:55:39Z,bovada,Dorian Thomas,5.5,-135.0,105.0
2025,fc14fc6cc614c501289dce87abdaa041,2025-09-13T02:00:00Z,UCLA Bruins,New Mexico Lobos,2025-09-12T23:55:39Z,bovada,Jack Pedersen,2.5,105.0,-135.0
2025,fc14fc6cc614c501289dce87abdaa041,2025-09-13T02:00:00Z,UCLA Bruins,New Mexico Lobos,2025-09-12T23:55:39Z,bovada,Titus Mokiao-Atimalala,3.5,130.0,-170.0
2025,4448884985daf34694092893ff17f308,2025-09-13T16:00:00Z,Alabama Crimson Tide,Wisconsin Badgers,2025-09-13T13:55:39Z,fanduel,Germie Bernard,4.5,112.0,-146.0
2025,4448884985daf34694092893ff17f308,2025-09-13T16:00:00Z,Alabama Crimson Tide,Wisconsin Badgers,2025-09-13T13:55:39Z,fanduel,Ryan Williams,4.5,116.0,-152.0
2025,4448884985daf34694092893ff17f308,2025-09-13T16:00:00Z,Alabama Crimson Tide,Wisconsin Badgers,2025-09-13T13:55:39Z,fanduel,Vinny Anthony II,3.5,104.0,-135.0
2025,4448884985daf34694092893ff17f308,2025-09-13T16:00:00Z,Alabama Crimson Tide,Wisconsin Badgers,2025-09-13T13:55:39Z,betonlineag,Trech Kekahuna,2.5,103.0,-133.0
2025,4448884985daf34694092893ff17f308,2025-09-13T16:00:00Z,Alabama Crimson Tide,Wisconsin Badgers,2025-09-13T13:55:39Z,betonlineag,Jayden Ballard,1.5,-123.0,-104.0
2025,4448884985daf34694092893ff17f308,2025-09-13T16:00:00Z,Alabama Crimson Tide,Wisconsin Badgers,2025-09-13T13:55:39Z,betonlineag,Vinny Anthony II,3.5,-114.0,-114.0
2025,4448884985daf34694092893ff17f308,2025-09-13T16:00:00Z,Alabama Crimson Tide,Wisconsin Badgers,2025-09-13T13:55:39Z,betonlineag,Lance Mason,2.5,124.0,-161.0
2025,4448884985daf34694092893ff17f308,2025-09-13T16:00:00Z,Alabama Crimson Tide,Wisconsin Badgers,2025-09-13T13:55:39Z,betonlineag,Ryan Williams,4.5,-106.0,-122.0
2025,4448884985daf34694092893ff17f308,2025-09-13T16:00:00Z,Alabama Crimson Tide,Wisconsin Badgers,2025-09-13T13:55:39Z,betonlineag,Isaiah Horton,2.5,-110.0,-118.0
2025,4448884985daf34694092893ff17f308,2025-09-13T16:00:00Z,Alabama Crimson Tide,Wisconsin Badgers,2025-09-13T13:55:39Z,betonlineag,Germie Bernard,4.5,110.0,-143.0
2025,4448884985daf34694092893ff17f308,2025-09-13T16:00:00Z,Alabama Crimson Tide,Wisconsin Badgers,2025-09-13T13:55:39Z,betonlineag,Dilin Jones,1.5,117.0,-152.0
2025,4448884985daf34694092893ff17f308,2025-09-13T16:00:00Z,Alabama Crimson Tide,Wisconsin Badgers,2025-09-13T13:55:39Z,betonlineag,Chris Brooks Jr.,0.5,-200.0,151.0
2025,4448884985daf34694092893ff17f308,2025-09-13T16:00:00Z,Alabama Crimson Tide,Wisconsin Badgers,2025-09-13T13:55:39Z,bovada,Chris Brooks Jr.,0.5,-210.0,155.0
2025,4448884985daf34694092893ff17f308,2025-09-13T16:00:00Z,Alabama Crimson Tide,Wisconsin Badgers,2025-09-13T13:55:39Z,bovada,Dilin Jones,1.5,115.0,-150.0
2025,4448884985daf34694092893ff17f308,2025-09-13T16:00:00Z,Alabama Crimson Tide,Wisconsin Badgers,2025-09-13T13:55:39Z,bovada,Germie Bernard,4.5,120.0,-160.0
2025,4448884985daf34694092893ff17f308,2025-09-13T16:00:00Z,Alabama Crimson Tide,Wisconsin Badgers,2025-09-13T13:55:39Z,bovada,Isaiah Horton,2.5,-110.0,-120.0
2025,4448884985daf34694092893ff17f308,2025-09-13T16:00:00Z,Alabama Crimson Tide,Wisconsin Badgers,2025-09-13T13:55:39Z,bovada,Jayden Ballard,1.5,-125.0,-105.0
2025,4448884985daf34694092893ff17f308,2025-09-13T16:00:00Z,Alabama Crimson Tide,Wisconsin Badgers,2025-09-13T13:55:39Z,bovada,Lance Mason,2.5,145.0,-190.0
2025,4448884985daf34694092893ff17f308,2025-09-13T16:00:00Z,Alabama Crimson Tide,Wisconsin Badgers,2025-09-13T13:55:39Z,bovada,Ryan Williams,4.5,-115.0,-115.0
2025,4448884985daf34694092893ff17f308,2025-09-13T16:00:00Z,Alabama Crimson Tide,Wisconsin Badgers,2025-09-13T13:55:39Z,bovada,Trech Kekahuna,2.5,110.0,-145.0
2025,4448884985daf34694092893ff17f308,2025-09-13T16:00:00Z,Alabama Crimson Tide,Wisconsin Badgers,2025-09-13T13:55:39Z,bovada,Vinny Anthony II,3.5,-115.0,-115.0
2025,e56fc1fd0535fb4df5965ec3b167affc,2025-09-13T16:00:00Z,Michigan Wolverines,Central Michigan Chippewas,2025-09-13T13:55:39Z,betonlineag,Justice Haynes,1.5,-152.0,117.0
2025,e56fc1fd0535fb4df5965ec3b167affc,2025-09-13T16:00:00Z,Michigan Wolverines,Central Michigan Chippewas,2025-09-13T13:55:39Z,betonlineag,Channing Goodwin,2.5,-147.0,113.0
2025,e56fc1fd0535fb4df5965ec3b167affc,2025-09-13T16:00:00Z,Michigan Wolverines,Central Michigan Chippewas,2025-09-13T13:55:39Z,betonlineag,Donaven McCulley,3.5,-152.0,117.0
2025,e56fc1fd0535fb4df5965ec3b167affc,2025-09-13T16:00:00Z,Michigan Wolverines,Central Michigan Chippewas,2025-09-13T13:55:39Z,bovada,Channing Goodwin,2.5,-150.0,115.0
2025,e56fc1fd0535fb4df5965ec3b167affc,2025-09-13T16:00:00Z,Michigan Wolverines,Central Michigan Chippewas,2025-09-13T13:55:39Z,bovada,Donaven McCulley,3.5,-160.0,120.0
2025,e56fc1fd0535fb4df5965ec3b167affc,2025-09-13T16:00:00Z,Michigan Wolverines,Central Michigan Chippewas,2025-09-13T13:55:39Z,bovada,Justice Haynes,1.5,-160.0,120.0
2025,1e8f948c71b57bb3ab85019401680e55,2025-09-13T16:00:00Z,Georgia Tech Yellow Jackets,Clemson Tigers,2025-09-13T13:55:39Z,fanduel,Eric Rivers,3.5,112.0,-146.0
2025,1e8f948c71b57bb3ab85019401680e55,2025-09-13T16:00:00Z,Georgia Tech Yellow Jackets,Clemson Tigers,2025-09-13T13:55:39Z,fanduel,Bryant Wesco Jr.,4.5,-168.0,128.0
2025,1e8f948c71b57bb3ab85019401680e55,2025-09-13T16:00:00Z,Georgia Tech Yellow Jackets,Clemson Tigers,2025-09-13T13:55:39Z,fanduel,Malik Rutherford,4.5,122.0,-160.0
2025,1e8f948c71b57bb3ab85019401680e55,2025-09-13T16:00:00Z,Georgia Tech Yellow Jackets,Clemson Tigers,2025-09-13T13:55:39Z,betonlineag,Eric Rivers,3.5,-103.0,-125.0
2025,1e8f948c71b57bb3ab85019401680e55,2025-09-13T16:00:00Z,Georgia Tech Yellow Jackets,Clemson Tigers,2025-09-13T13:55:39Z,betonlineag,Jamal Haynes,2.5,141.0,-185.0
2025,1e8f948c71b57bb3ab85019401680e55,2025-09-13T16:00:00Z,Georgia Tech Yellow Jackets,Clemson Tigers,2025-09-13T13:55:39Z,betonlineag,Malik Rutherford,4.5,100.0,-130.0
2025,1e8f948c71b57bb3ab85019401680e55,2025-09-13T16:00:00Z,Georgia Tech Yellow Jackets,Clemson Tigers,2025-09-13T13:55:39Z,betonlineag,Bryant Wesco Jr.,5.5,100.0,-130.0
2025,1e8f948c71b57bb3ab85019401680e55,2025-09-13T16:00:00Z,Georgia Tech Yellow Jackets,Clemson Tigers,2025-09-13T13:55:39Z,betonlineag,T.J. Moore,3.5,-159.0,122.0
2025,1e8f948c71b57bb3ab85019401680e55,2025-09-13T16:00:00Z,Georgia Tech Yellow Jackets,Clemson Tigers,2025-09-13T13:55:39Z,bovada,Bryant Wesco Jr.,5.5,-135.0,105.0
2025,1e8f948c71b57bb3ab85019401680e55,2025-09-13T16:00:00Z,Georgia Tech Yellow Jackets,Clemson Tigers,2025-09-13T13:55:39Z,bovada,Eric Rivers,3.5,105.0,-135.0
2025,1e8f948c71b57bb3ab85019401680e55,2025-09-13T16:00:00Z,Georgia Tech Yellow Jackets,Clemson Tigers,2025-09-13T13:55:39Z,bovada,Jamal Haynes,1.5,-190.0,145.0
2025,e578eee84f74b91f768a10409dad34e2,2025-09-13T16:00:00Z,Northwestern Wildcats,Oregon Ducks,2025-09-13T13:55:39Z,betonlineag,Kenyon Sadiq,2.5,-156.0,120.0
2025,e578eee84f74b91f768a10409dad34e2,2025-09-13T16:00:00Z,Northwestern Wildcats,Oregon Ducks,2025-09-13T13:55:39Z,betonlineag,Malik Benson,2.5,-182.0,138.0
2025,e578eee84f74b91f768a10409dad34e2,2025-09-13T16:00:00Z,Northwestern Wildcats,Oregon Ducks,2025-09-13T13:55:39Z,betonlineag,Dakorien Moore,3.5,122.0,-159.0
2025,e578eee84f74b91f768a10409dad34e2,2025-09-13T16:00:00Z,Northwestern Wildcats,Oregon Ducks,2025-09-13T13:55:39Z,betonlineag,Griffin Wilde,4.5,-118.0,-110.0
2025,e578eee84f74b91f768a10409dad34e2,2025-09-13T16:00:00Z,Northwestern Wildcats,Oregon Ducks,2025-09-13T13:55:39Z,betonlineag,Ricky Ahumaraeze,1.5,-172.0,131.0
2025,e578eee84f74b91f768a10409dad34e2,2025-09-13T16:00:00Z,Northwestern Wildcats,Oregon Ducks,2025-09-13T13:55:39Z,betonlineag,Gary Bryant Jr.,2.5,-164.0,125.0
2025,e578eee84f74b91f768a10409dad34e2,2025-09-13T16:00:00Z,Northwestern Wildcats,Oregon Ducks,2025-09-13T13:55:39Z,bovada,Dakorien Moore,3.5,120.0,-160.0
2025,e578eee84f74b91f768a10409dad34e2,2025-09-13T16:00:00Z,Northwestern Wildcats,Oregon Ducks,2025-09-13T13:55:39Z,bovada,Gary Bryant Jr.,2.5,-165.0,125.0
2025,e578eee84f74b91f768a10409dad34e2,2025-09-13T16:00:00Z,Northwestern Wildcats,Oregon Ducks,2025-09-13T13:55:39Z,bovada,Griffin Wilde,4.5,-115.0,-115.0
2025,e578eee84f74b91f768a10409dad34e2,2025-09-13T16:00:00Z,Northwestern Wildcats,Oregon Ducks,2025-09-13T13:55:39Z,bovada,Kenyon Sadiq,2.5,-145.0,110.0
2025,e578eee84f74b91f768a10409dad34e2,2025-09-13T16:00:00Z,Northwestern Wildcats,Oregon Ducks,2025-09-13T13:55:39Z,bovada,Malik Benson,2.5,-190.0,145.0
2025,e578eee84f74b91f768a10409dad34e2,2025-09-13T16:00:00Z,Northwestern Wildcats,Oregon Ducks,2025-09-13T13:55:39Z,bovada,Ricky Ahumaraeze,1.5,-180.0,135.0
2025,b8524329bb15afd228c75ffbf68f4cc0,2025-09-13T16:00:00Z,Temple Owls,Oklahoma Sooners,2025-09-13T13:55:39Z,betonlineag,Deion Burks,4.5,-175.0,134.0
2025,b8524329bb15afd228c75ffbf68f4cc0,2025-09-13T16:00:00Z,Temple Owls,Oklahoma Sooners,2025-09-13T13:55:39Z,betonlineag,Keontez Lewis,3.5,-169.0,130.0
2025,b8524329bb15afd228c75ffbf68f4cc0,2025-09-13T16:00:00Z,Temple Owls,Oklahoma Sooners,2025-09-13T13:55:39Z,betonlineag,Jaren Kanak,3.5,-149.0,115.0
2025,b8524329bb15afd228c75ffbf68f4cc0,2025-09-13T16:00:00Z,Temple Owls,Oklahoma Sooners,2025-09-13T13:55:39Z,bovada,Deion Burks,4.5,-160.0,120.0
2025,b8524329bb15afd228c75ffbf68f4cc0,2025-09-13T16:00:00Z,Temple Owls,Oklahoma Sooners,2025-09-13T13:55:39Z,bovada,Jaren Kanak,3.5,-150.0,115.0
2025,b8524329bb15afd228c75ffbf68f4cc0,2025-09-13T16:00:00Z,Temple Owls,Oklahoma Sooners,2025-09-13T13:55:39Z,bovada,Keontez Lewis,3.5,-170.0,130.0
2025,2f5eb17fc3460a510e64c0da17592c23,2025-09-13T19:30:00Z,Tennessee Volunteers,Georgia Bulldogs,2025-09-13T17:25:39Z,betonlineag,Zachariah Branch,3.5,-118.0,-110.0
2025,2f5eb17fc3460a510e64c0da17592c23,2025-09-13T19:30:00Z,Tennessee Volunteers,Georgia Bulldogs,2025-09-13T17:25:39Z,betonlineag,Chris Brazzell II,3.5,-109.0,-119.0
2025,2f5eb17fc3460a510e64c0da17592c23,2025-09-13T19:30:00Z,Tennessee Volunteers,Georgia Bulldogs,2025-09-13T17:25:39Z,betonlineag,Braylon Staley,3.5,120.0,-156.0
2025,2f5eb17fc3460a510e64c0da17592c23,2025-09-13T19:30:00Z,Tennessee Volunteers,Georgia Bulldogs,2025-09-13T17:25:39Z,betonlineag,Miles Kitselman,1.5,-156.0,121.0
2025,2f5eb17fc3460a510e64c0da17592c23,2025-09-13T19:30:00Z,Tennessee Volunteers,Georgia Bulldogs,2025-09-13T17:25:39Z,betonlineag,Colbie Young,3.5,-118.0,-110.0
2025,2f5eb17fc3460a510e64c0da17592c23,2025-09-13T19:30:00Z,Tennessee Volunteers,Georgia Bulldogs,2025-09-13T17:25:39Z,betonlineag,Mike Matthews,2.5,-141.0,108.0
2025,2f5eb17fc3460a510e64c0da17592c23,2025-09-13T19:30:00Z,Tennessee Volunteers,Georgia Bulldogs,2025-09-13T17:25:39Z,betonlineag,Oscar Delp,1.5,-125.0,-103.0
2025,2f5eb17fc3460a510e64c0da17592c23,2025-09-13T19:30:00Z,Tennessee Volunteers,Georgia Bulldogs,2025-09-13T17:25:39Z,betonlineag,Dillon Bell,1.5,-161.0,124.0
2025,2f5eb17fc3460a510e64c0da17592c23,2025-09-13T19:30:00Z,Tennessee Volunteers,Georgia Bulldogs,2025-09-13T17:25:39Z,betonlineag,Nate Frazier,1.5,134.0,-175.0
2025,2f5eb17fc3460a510e64c0da17592c23,2025-09-13T19:30:00Z,Tennessee Volunteers,Georgia Bulldogs,2025-09-13T17:25:39Z,fanduel,Mike Matthews,2.5,-138.0,106.0
2025,2f5eb17fc3460a510e64c0da17592c23,2025-09-13T19:30:00Z,Tennessee Volunteers,Georgia Bulldogs,2025-09-13T17:25:39Z,fanduel,Miles Kitselman,1.5,-140.0,108.0
2025,2f5eb17fc3460a510e64c0da17592c23,2025-09-13T19:30:00Z,Tennessee Volunteers,Georgia Bulldogs,2025-09-13T17:25:39Z,fanduel,Braylon Staley,3.5,108.0,-140.0
2025,2f5eb17fc3460a510e64c0da17592c23,2025-09-13T19:30:00Z,Tennessee Volunteers,Georgia Bulldogs,2025-09-13T17:25:39Z,fanduel,Chris Brazzell II,3.5,-106.0,-122.0
2025,2f5eb17fc3460a510e64c0da17592c23,2025-09-13T19:30:00Z,Tennessee Volunteers,Georgia Bulldogs,2025-09-13T17:25:39Z,fanduel,Oscar Delp,1.5,-146.0,112.0
2025,2f5eb17fc3460a510e64c0da17592c23,2025-09-13T19:30:00Z,Tennessee Volunteers,Georgia Bulldogs,2025-09-13T17:25:39Z,fanduel,Dillon Bell,1.5,-146.0,112.0
2025,2f5eb17fc3460a510e64c0da17592c23,2025-09-13T19:30:00Z,Tennessee Volunteers,Georgia Bulldogs,2025-09-13T17:25:39Z,fanduel,Colbie Young,3.5,-114.0,-114.0
2025,2f5eb17fc3460a510e64c0da17592c23,2025-09-13T19:30:00Z,Tennessee Volunteers,Georgia Bulldogs,2025-09-13T17:25:39Z,fanduel,Zachariah Branch,3.5,-132.0,102.0
2025,2f5eb17fc3460a510e64c0da17592c23,2025-09-13T19:30:00Z,Tennessee Volunteers,Georgia Bulldogs,2025-09-13T17:25:39Z,bovada,Braylon Staley,3.5,110.0,-145.0
2025,2f5eb17fc3460a510e64c0da17592c23,2025-09-13T19:30:00Z,Tennessee Volunteers,Georgia Bulldogs,2025-09-13T17:25:39Z,bovada,Chris Brazzell II,3.5,-115.0,-115.0
2025,2f5eb17fc3460a510e64c0da17592c23,2025-09-13T19:30:00Z,Tennessee Volunteers,Georgia Bulldogs,2025-09-13T17:25:39Z,bovada,Colbie Young,3.5,-105.0,-125.0
2025,2f5eb17fc3460a510e64c0da17592c23,2025-09-13T19:30:00Z,Tennessee Volunteers,Georgia Bulldogs,2025-09-13T17:25:39Z,bovada,Dillon Bell,2.5,165.0,-220.0
2025,2f5eb17fc3460a510e64c0da17592c23,2025-09-13T19:30:00Z,Tennessee Volunteers,Georgia Bulldogs,2025-09-13T17:25:39Z,bovada,Mike Matthews,2.5,-160.0,120.0
2025,2f5eb17fc3460a510e64c0da17592c23,2025-09-13T19:30:00Z,Tennessee Volunteers,Georgia Bulldogs,2025-09-13T17:25:39Z,bovada,Miles Kitselman,1.5,-160.0,120.0
2025,2f5eb17fc3460a510e64c0da17592c23,2025-09-13T19:30:00Z,Tennessee Volunteers,Georgia Bulldogs,2025-09-13T17:25:39Z,bovada,Nate Frazier,1.5,100.0,-130.0
2025,2f5eb17fc3460a510e64c0da17592c23,2025-09-13T19:30:00Z,Tennessee Volunteers,Georgia Bulldogs,2025-09-13T17:25:39Z,bovada,Oscar Delp,1.5,-150.0,115.0
2025,2f5eb17fc3460a510e64c0da17592c23,2025-09-13T19:30:00Z,Tennessee Volunteers,Georgia Bulldogs,2025-09-13T17:25:39Z,bovada,Zachariah Branch,4.5,125.0,-165.0
2025,08d8516f4e80463c999592cabffaab09,2025-09-13T19:30:00Z,Texas Tech Red Raiders,Oregon State Beavers,2025-09-13T17:25:39Z,fanduel,Trent Walker,5.5,-156.0,120.0
2025,08d8516f4e80463c999592cabffaab09,2025-09-13T19:30:00Z,Texas Tech Red Raiders,Oregon State Beavers,2025-09-13T17:25:39Z,fanduel,Taz Reddicks,3.5,-156.0,120.0
2025,08d8516f4e80463c999592cabffaab09,2025-09-13T19:30:00Z,Texas Tech Red Raiders,Oregon State Beavers,2025-09-13T17:25:39Z,fanduel,Coy Eakin,3.5,-132.0,102.0
2025,08d8516f4e80463c999592cabffaab09,2025-09-13T19:30:00Z,Texas Tech Red Raiders,Oregon State Beavers,2025-09-13T17:25:39Z,fanduel,Reggie Virgil,4.5,112.0,-146.0
2025,08d8516f4e80463c999592cabffaab09,2025-09-13T19:30:00Z,Texas Tech Red Raiders,Oregon State Beavers,2025-09-13T17:25:39Z,fanduel,Caleb Douglas,3.5,-130.0,100.0
2025,08d8516f4e80463c999592cabffaab09,2025-09-13T19:30:00Z,Texas Tech Red Raiders,Oregon State Beavers,2025-09-13T17:25:39Z,betonlineag,J'Koby Williams,1.5,-149.0,115.0
2025,08d8516f4e80463c999592cabffaab09,2025-09-13T19:30:00Z,Texas Tech Red Raiders,Oregon State Beavers,2025-09-13T17:25:39Z,betonlineag,Taz Reddicks,3.5,-161.0,124.0
2025,08d8516f4e80463c999592cabffaab09,2025-09-13T19:30:00Z,Texas Tech Red Raiders,Oregon State Beavers,2025-09-13T17:25:39Z,betonlineag,Bryce Caufield,2.5,128.0,-167.0
2025,08d8516f4e80463c999592cabffaab09,2025-09-13T19:30:00Z,Texas Tech Red Raiders,Oregon State Beavers,2025-09-13T17:25:39Z,betonlineag,Anthony Hankerson,2.5,-103.0,-125.0
2025,08d8516f4e80463c999592cabffaab09,2025-09-13T19:30:00Z,Texas Tech Red Raiders,Oregon State Beavers,2025-09-13T17:25:39Z,betonlineag,David Wells Jr.,2.5,118.0,-154.0
2025,08d8516f4e80463c999592cabffaab09,2025-09-13T19:30:00Z,Texas Tech Red Raiders,Oregon State Beavers,2025-09-13T17:25:39Z,betonlineag,Coy Eakin,3.5,-149.0,115.0
2025,08d8516f4e80463c999592cabffaab09,2025-09-13T19:30:00Z,Texas Tech Red Raiders,Oregon State Beavers,2025-09-13T17:25:39Z,betonlineag,Caleb Douglas,3.5,-147.0,113.0
2025,08d8516f4e80463c999592cabffaab09,2025-09-13T19:30:00Z,Texas Tech Red Raiders,Oregon State Beavers,2025-09-13T17:25:39Z,betonlineag,Reggie Virgil,3.5,-149.0,115.0
2025,08d8516f4e80463c999592cabffaab09,2025-09-13T19:30:00Z,Texas Tech Red Raiders,Oregon State Beavers,2025-09-13T17:25:39Z,betonlineag,Trent Walker,5.5,-143.0,110.0
2025,08d8516f4e80463c999592cabffaab09,2025-09-13T19:30:00Z,Texas Tech Red Raiders,Oregon State Beavers,2025-09-13T17:25:39Z,bovada,Anthony Hankerson,2.5,-120.0,-110.0
2025,08d8516f4e80463c999592cabffaab09,2025-09-13T19:30:00Z,Texas Tech Red Raiders,Oregon State Beavers,2025-09-13T17:25:39Z,bovada,Bryce Caufield,2.5,110.0,-145.0
2025,08d8516f4e80463c999592cabffaab09,2025-09-13T19:30:00Z,Texas Tech Red Raiders,Oregon State Beavers,2025-09-13T17:25:39Z,bovada,Caleb Douglas,3.5,-160.0,120.0
2025,08d8516f4e80463c999592cabffaab09,2025-09-13T19:30:00Z,Texas Tech Red Raiders,Oregon State Beavers,2025-09-13T17:25:39Z,bovada,Coy Eakin,3.5,-165.0,125.0
2025,08d8516f4e80463c999592cabffaab09,2025-09-13T19:30:00Z,Texas Tech Red Raiders,Oregon State Beavers,2025-09-13T17:25:39Z,bovada,David Wells Jr.,2.5,115.0,-150.0
2025,08d8516f4e80463c999592cabffaab09,2025-09-13T19:30:00Z,Texas Tech Red Raiders,Oregon State Beavers,2025-09-13T17:25:39Z,bovada,J'Koby Williams,1.5,-170.0,130.0
2025,08d8516f4e80463c999592cabffaab09,2025-09-13T19:30:00Z,Texas Tech Red Raiders,Oregon State Beavers,2025-09-13T17:25:39Z,bovada,Reggie Virgil,3.5,-130.0,100.0
2025,08d8516f4e80463c999592cabffaab09,2025-09-13T19:30:00Z,Texas Tech Red Raiders,Oregon State Beavers,2025-09-13T17:25:39Z,bovada,Taz Reddicks,3.5,-125.0,-105.0
2025,08d8516f4e80463c999592cabffaab09,2025-09-13T19:30:00Z,Texas Tech Red Raiders,Oregon State Beavers,2025-09-13T17:25:39Z,bovada,Trent Walker,5.5,-130.0,100.0
2025,bd0a69e509effeb418dc2c02e2812904,2025-09-13T19:30:00Z,West Virginia Mountaineers,Pittsburgh Panthers,2025-09-13T17:25:39Z,fanduel,Kenny Johnson,3.5,130.0,-170.0
2025,bd0a69e509effeb418dc2c02e2812904,2025-09-13T19:30:00Z,West Virginia Mountaineers,Pittsburgh Panthers,2025-09-13T17:25:39Z,fanduel,Cam Vaughn,4.5,116.0,-152.0
2025,bd0a69e509effeb418dc2c02e2812904,2025-09-13T19:30:00Z,West Virginia Mountaineers,Pittsburgh Panthers,2025-09-13T17:25:39Z,fanduel,Cataurus Hicks,2.5,-128.0,-102.0
2025,bd0a69e509effeb418dc2c02e2812904,2025-09-13T19:30:00Z,West Virginia Mountaineers,Pittsburgh Panthers,2025-09-13T17:25:39Z,fanduel,Raphael Williams Jr.,3.5,-114.0,-114.0
2025,bd0a69e509effeb418dc2c02e2812904,2025-09-13T19:30:00Z,West Virginia Mountaineers,Pittsburgh Panthers,2025-09-13T17:25:39Z,betonlineag,Cam Vaughn,4.5,100.0,-130.0
2025,bd0a69e509effeb418dc2c02e2812904,2025-09-13T19:30:00Z,West Virginia Mountaineers,Pittsburgh Panthers,2025-09-13T17:25:39Z,betonlineag,Kenny Johnson,3.5,114.0,-147.0
2025,bd0a69e509effeb418dc2c02e2812904,2025-09-13T19:30:00Z,West Virginia Mountaineers,Pittsburgh Panthers,2025-09-13T17:25:39Z,betonlineag,Cataurus Hicks,2.5,-125.0,-103.0
2025,bd0a69e509effeb418dc2c02e2812904,2025-09-13T19:30:00Z,West Virginia Mountaineers,Pittsburgh Panthers,2025-09-13T17:25:39Z,betonlineag,Raphael Williams Jr.,3.5,-114.0,-114.0
2025,bd0a69e509effeb418dc2c02e2812904,2025-09-13T19:30:00Z,West Virginia Mountaineers,Pittsburgh Panthers,2025-09-13T17:25:39Z,betonlineag,Grayson Barnes,2.5,103.0,-133.0
2025,bd0a69e509effeb418dc2c02e2812904,2025-09-13T19:30:00Z,West Virginia Mountaineers,Pittsburgh Panthers,2025-09-13T17:25:39Z,betonlineag,Desmond Reid,4.5,118.0,-154.0
2025,77658b71d1a453dde664a6dac3e3aee5,2025-09-13T19:30:00Z,Purdue Boilermakers,USC Trojans,2025-09-13T17:25:39Z,betonlineag,Lake McRee,2.5,130.0,-169.0
2025,77658b71d1a453dde664a6dac3e3aee5,2025-09-13T19:30:00Z,Purdue Boilermakers,USC Trojans,2025-09-13T17:25:39Z,betonlineag,Nitro Tuggle,1.5,-154.0,119.0
2025,77658b71d1a453dde664a6dac3e3aee5,2025-09-13T19:30:00Z,Purdue Boilermakers,USC Trojans,2025-09-13T17:25:39Z,betonlineag,Devin Mockobee,1.5,-152.0,116.0
2025,77658b71d1a453dde664a6dac3e3aee5,2025-09-13T19:30:00Z,Purdue Boilermakers,USC Trojans,2025-09-13T17:25:39Z,betonlineag,Makai Lemon,5.5,-111.0,-116.0
2025,77658b71d1a453dde664a6dac3e3aee5,2025-09-13T19:30:00Z,Purdue Boilermakers,USC Trojans,2025-09-13T17:25:39Z,betonlineag,Michael Jackson III,2.5,-156.0,120.0
2025,77658b71d1a453dde664a6dac3e3aee5,2025-09-13T19:30:00Z,Purdue Boilermakers,USC Trojans,2025-09-13T17:25:39Z,betonlineag,Arhmad Branch,2.5,139.0,-182.0
2025,77658b71d1a453dde664a6dac3e3aee5,2025-09-13T19:30:00Z,Purdue Boilermakers,USC Trojans,2025-09-13T17:25:39Z,betonlineag,Waymond Jordan,0.5,-182.0,139.0
2025,77658b71d1a453dde664a6dac3e3aee5,2025-09-13T19:30:00Z,Purdue Boilermakers,USC Trojans,2025-09-13T17:25:39Z,bovada,Arhmad Branch,2.5,145.0,-190.0
2025,77658b71d1a453dde664a6dac3e3aee5,2025-09-13T19:30:00Z,Purdue Boilermakers,USC Trojans,2025-09-13T17:25:39Z,bovada,Devin Mockobee,1.5,-160.0,120.0
2025,77658b71d1a453dde664a6dac3e3aee5,2025-09-13T19:30:00Z,Purdue Boilermakers,USC Trojans,2025-09-13T17:25:39Z,bovada,Lake McRee,2.5,135.0,-180.0
2025,77658b71d1a453dde664a6dac3e3aee5,2025-09-13T19:30:00Z,Purdue Boilermakers,USC Trojans,2025-09-13T17:25:39Z,bovada,Makai Lemon,5.5,100.0,-130.0
2025,77658b71d1a453dde664a6dac3e3aee5,2025-09-13T19:30:00Z,Purdue Boilermakers,USC Trojans,2025-09-13T17:25:39Z,bovada,Michael Jackson III,2.5,-160.0,120.0
2025,77658b71d1a453dde664a6dac3e3aee5,2025-09-13T19:30:00Z,Purdue Boilermakers,USC Trojans,2025-09-13T17:25:39Z,bovada,Nitro Tuggle,1.5,-160.0,120.0
2025,77658b71d1a453dde664a6dac3e3aee5,2025-09-13T19:30:00Z,Purdue Boilermakers,USC Trojans,2025-09-13T17:25:39Z,bovada,Waymond Jordan,0.5,-165.0,125.0
2025,139289c50a551da95bd2eabf6369f603,2025-09-13T20:00:00Z,Arkansas State Red Wolves,Iowa State Cyclones,2025-09-13T17:55:39Z,bovada,Benjamin Brahmer,2.5,-115.0,-115.0
2025,139289c50a551da95bd2eabf6369f603,2025-09-13T20:00:00Z,Arkansas State Red Wolves,Iowa State Cyclones,2025-09-13T17:55:39Z,bovada,Carson Hansen,1.5,120.0,-160.0
2025,139289c50a551da95bd2eabf6369f603,2025-09-13T20:00:00Z,Arkansas State Red Wolves,Iowa State Cyclones,2025-09-13T17:55:39Z,bovada,Gabe Burkle,3.5,115.0,-150.0
2025,abd9abc5f6d6a3cc918ef6796b35613a,2025-09-13T20:30:00Z,Miami Hurricanes,South Florida Bulls,2025-09-13T18:25:39Z,fanduel,Chas Nimrod,3.5,108.0,-140.0
2025,abd9abc5f6d6a3cc918ef6796b35613a,2025-09-13T20:30:00Z,Miami Hurricanes,South Florida Bulls,2025-09-13T18:25:39Z,fanduel,Elija Lofton,2.5,142.0,-188.0
2025,abd9abc5f6d6a3cc918ef6796b35613a,2025-09-13T20:30:00Z,Miami Hurricanes,South Florida Bulls,2025-09-13T18:25:39Z,fanduel,Keelan Marion,2.5,112.0,-146.0
2025,abd9abc5f6d6a3cc918ef6796b35613a,2025-09-13T20:30:00Z,Miami Hurricanes,South Florida Bulls,2025-09-13T18:25:39Z,fanduel,Mudia Reuben,2.5,-146.0,112.0
2025,abd9abc5f6d6a3cc918ef6796b35613a,2025-09-13T20:30:00Z,Miami Hurricanes,South Florida Bulls,2025-09-13T18:25:39Z,fanduel,Keshaun Singleton,3.5,-128.0,-102.0
2025,abd9abc5f6d6a3cc918ef6796b35613a,2025-09-13T20:30:00Z,Miami Hurricanes,South Florida Bulls,2025-09-13T18:25:39Z,fanduel,CJ Daniels,3.5,-146.0,112.0
2025,abd9abc5f6d6a3cc918ef6796b35613a,2025-09-13T20:30:00Z,Miami Hurricanes,South Florida Bulls,2025-09-13T18:25:39Z,betonlineag,CJ Daniels,3.5,-143.0,110.0
2025,abd9abc5f6d6a3cc918ef6796b35613a,2025-09-13T20:30:00Z,Miami Hurricanes,South Florida Bulls,2025-09-13T18:25:39Z,betonlineag,Chas Nimrod,2.5,-192.0,147.0
2025,abd9abc5f6d6a3cc918ef6796b35613a,2025-09-13T20:30:00Z,Miami Hurricanes,South Florida Bulls,2025-09-13T18:25:39Z,betonlineag,Keshaun Singleton,3.5,-128.0,-101.0
2025,abd9abc5f6d6a3cc918ef6796b35613a,2025-09-13T20:30:00Z,Miami Hurricanes,South Florida Bulls,2025-09-13T18:25:39Z,betonlineag,Malachi Toney,5.5,-112.0,-115.0
2025,abd9abc5f6d6a3cc918ef6796b35613a,2025-09-13T20:30:00Z,Miami Hurricanes,South Florida Bulls,2025-09-13T18:25:39Z,betonlineag,Keelan Marion,2.5,109.0,-141.0
2025,abd9abc5f6d6a3cc918ef6796b35613a,2025-09-13T20:30:00Z,Miami Hurricanes,South Florida Bulls,2025-09-13T18:25:39Z,betonlineag,Mudia Reuben,2.5,-141.0,109.0
2025,abd9abc5f6d6a3cc918ef6796b35613a,2025-09-13T20:30:00Z,Miami Hurricanes,South Florida Bulls,2025-09-13T18:25:39Z,betonlineag,Elija Lofton,2.5,146.0,-192.0
2025,abd9abc5f6d6a3cc918ef6796b35613a,2025-09-13T20:30:00Z,Miami Hurricanes,South Florida Bulls,2025-09-13T18:25:39Z,bovada,Chas Nimrod,2.5,-220.0,165.0
2025,abd9abc5f6d6a3cc918ef6796b35613a,2025-09-13T20:30:00Z,Miami Hurricanes,South Florida Bulls,2025-09-13T18:25:39Z,bovada,CJ Daniels,3.5,-135.0,105.0
2025,abd9abc5f6d6a3cc918ef6796b35613a,2025-09-13T20:30:00Z,Miami Hurricanes,South Florida Bulls,2025-09-13T18:25:39Z,bovada,Elija Lofton,2.5,150.0,-200.0
2025,abd9abc5f6d6a3cc918ef6796b35613a,2025-09-13T20:30:00Z,Miami Hurricanes,South Florida Bulls,2025-09-13T18:25:39Z,bovada,Keelan Marion,2.5,105.0,-135.0
2025,abd9abc5f6d6a3cc918ef6796b35613a,2025-09-13T20:30:00Z,Miami Hurricanes,South Florida Bulls,2025-09-13T18:25:39Z,bovada,Keshaun Singleton,3.5,-135.0,105.0
2025,abd9abc5f6d6a3cc918ef6796b35613a,2025-09-13T20:30:00Z,Miami Hurricanes,South Florida Bulls,2025-09-13T18:25:39Z,bovada,Malachi Toney,5.5,-115.0,-115.0
2025,abd9abc5f6d6a3cc918ef6796b35613a,2025-09-13T20:30:00Z,Miami Hurricanes,South Florida Bulls,2025-09-13T18:25:39Z,bovada,Mudia Reuben,2.5,-145.0,110.0
2025,ed60227b309e7c8b24a7fd098d830bca,2025-09-13T23:00:00Z,Ole Miss Rebels,Arkansas Razorbacks,2025-09-13T20:55:39Z,fanduel,O'Mega Blake,4.5,-108.0,-120.0
2025,ed60227b309e7c8b24a7fd098d830bca,2025-09-13T23:00:00Z,Ole Miss Rebels,Arkansas Razorbacks,2025-09-13T20:55:39Z,fanduel,Harrison Wallace III,4.5,142.0,-188.0
2025,ed60227b309e7c8b24a7fd098d830bca,2025-09-13T23:00:00Z,Ole Miss Rebels,Arkansas Razorbacks,2025-09-13T20:55:39Z,betonlineag,O'Mega Blake,4.5,-108.0,-120.0
2025,ed60227b309e7c8b24a7fd098d830bca,2025-09-13T23:00:00Z,Ole Miss Rebels,Arkansas Razorbacks,2025-09-13T20:55:39Z,betonlineag,De'Zhaun Stribling,2.5,-114.0,-114.0
2025,ed60227b309e7c8b24a7fd098d830bca,2025-09-13T23:00:00Z,Ole Miss Rebels,Arkansas Razorbacks,2025-09-13T20:55:39Z,betonlineag,Cayden Lee,2.5,-156.0,120.0
2025,ed60227b309e7c8b24a7fd098d830bca,2025-09-13T23:00:00Z,Ole Miss Rebels,Arkansas Razorbacks,2025-09-13T20:55:39Z,betonlineag,Harrison Wallace III,4.5,107.0,-139.0
2025,ed60227b309e7c8b24a7fd098d830bca,2025-09-13T23:00:00Z,Ole Miss Rebels,Arkansas Razorbacks,2025-09-13T20:55:39Z,betonlineag,Jalen Brown,2.5,110.0,-143.0
2025,ed60227b309e7c8b24a7fd098d830bca,2025-09-13T23:00:00Z,Ole Miss Rebels,Arkansas Razorbacks,2025-09-13T20:55:39Z,betonlineag,Raylen Sharpe,2.5,110.0,-143.0
2025,ed60227b309e7c8b24a7fd098d830bca,2025-09-13T23:00:00Z,Ole Miss Rebels,Arkansas Razorbacks,2025-09-13T20:55:39Z,betonlineag,CJ Brown,2.5,-135.0,104.0
2025,ed60227b309e7c8b24a7fd098d830bca,2025-09-13T23:00:00Z,Ole Miss Rebels,Arkansas Razorbacks,2025-09-13T20:55:39Z,bovada,Cayden Lee,3.5,115.0,-150.0
2025,ed60227b309e7c8b24a7fd098d830bca,2025-09-13T23:00:00Z,Ole Miss Rebels,Arkansas Razorbacks,2025-09-13T20:55:39Z,bovada,CJ Brown,2.5,-120.0,-110.0
2025,ed60227b309e7c8b24a7fd098d830bca,2025-09-13T23:00:00Z,Ole Miss Rebels,Arkansas Razorbacks,2025-09-13T20:55:39Z,bovada,De'Zhaun Stribling,2.5,-125.0,-105.0
2025,ed60227b309e7c8b24a7fd098d830bca,2025-09-13T23:00:00Z,Ole Miss Rebels,Arkansas Razorbacks,2025-09-13T20:55:39Z,bovada,Harrison Wallace III,4.5,100.0,-130.0
2025,ed60227b309e7c8b24a7fd098d830bca,2025-09-13T23:00:00Z,Ole Miss Rebels,Arkansas Razorbacks,2025-09-13T20:55:39Z,bovada,Jalen Brown,2.5,130.0,-170.0
2025,ed60227b309e7c8b24a7fd098d830bca,2025-09-13T23:00:00Z,Ole Miss Rebels,Arkansas Razorbacks,2025-09-13T20:55:39Z,bovada,O'Mega Blake,4.5,-115.0,-115.0
2025,ed60227b309e7c8b24a7fd098d830bca,2025-09-13T23:00:00Z,Ole Miss Rebels,Arkansas Razorbacks,2025-09-13T20:55:39Z,bovada,Raylen Sharpe,2.5,105.0,-135.0
2025,550c9e1c0682a94c17ec7df68381a94b,2025-09-13T23:00:00Z,Illinois Fighting Illini,Western Michigan Broncos,2025-09-13T20:55:39Z,betonlineag,Hank Beatty,3.5,-130.0,100.0
2025,550c9e1c0682a94c17ec7df68381a94b,2025-09-13T23:00:00Z,Illinois Fighting Illini,Western Michigan Broncos,2025-09-13T20:55:39Z,betonlineag,Tanner Arkin,1.5,141.0,-185.0
2025,550c9e1c0682a94c17ec7df68381a94b,2025-09-13T23:00:00Z,Illinois Fighting Illini,Western Michigan Broncos,2025-09-13T20:55:39Z,betonlineag,Collin Dixon,1.5,-192.0,145.0
2025,550c9e1c0682a94c17ec7df68381a94b,2025-09-13T23:00:00Z,Illinois Fighting Illini,Western Michigan Broncos,2025-09-13T20:55:39Z,bovada,Collin Dixon,1.5,-200.0,150.0
2025,550c9e1c0682a94c17ec7df68381a94b,2025-09-13T23:00:00Z,Illinois Fighting Illini,Western Michigan Broncos,2025-09-13T20:55:39Z,bovada,Hank Beatty,3.5,-110.0,-120.0
2025,550c9e1c0682a94c17ec7df68381a94b,2025-09-13T23:00:00Z,Illinois Fighting Illini,Western Michigan Broncos,2025-09-13T20:55:39Z,bovada,Tanner Arkin,1.5,145.0,-190.0
2025,c08b8bf01131025509bb852aa41e2f91,2025-09-13T23:00:00Z,Ohio State Buckeyes,Ohio Bobcats,2025-09-13T20:55:39Z,fanduel,Jeremiah Smith,6.5,136.0,-178.0
2025,c08b8bf01131025509bb852aa41e2f91,2025-09-13T23:00:00Z,Ohio State Buckeyes,Ohio Bobcats,2025-09-13T20:55:39Z,fanduel,Carnell Tate,3.5,-120.0,-106.0
2025,c08b8bf01131025509bb852aa41e2f91,2025-09-13T23:00:00Z,Ohio State Buckeyes,Ohio Bobcats,2025-09-13T20:55:39Z,betonlineag,Chase Hendricks,4.5,102.0,-132.0
2025,c08b8bf01131025509bb852aa41e2f91,2025-09-13T23:00:00Z,Ohio State Buckeyes,Ohio Bobcats,2025-09-13T20:55:39Z,betonlineag,Jeremiah Smith,6.5,136.0,-179.0
2025,c08b8bf01131025509bb852aa41e2f91,2025-09-13T23:00:00Z,Ohio State Buckeyes,Ohio Bobcats,2025-09-13T20:55:39Z,betonlineag,Carnell Tate,3.5,-122.0,-106.0
2025,c08b8bf01131025509bb852aa41e2f91,2025-09-13T23:00:00Z,Ohio State Buckeyes,Ohio Bobcats,2025-09-13T20:55:39Z,bovada,Chase Hendricks,4.5,105.0,-135.0
2025,208a16b828d2456abbb1f12037625758,2025-09-13T23:00:00Z,Virginia Tech Hokies,Old Dominion Monarchs,2025-09-13T20:55:39Z,betonlineag,Donavon Greene,3.5,106.0,-137.0
2025,208a16b828d2456abbb1f12037625758,2025-09-13T23:00:00Z,Virginia Tech Hokies,Old Dominion Monarchs,2025-09-13T20:55:39Z,betonlineag,Ayden Greene,4.5,102.0,-132.0
2025,208a16b828d2456abbb1f12037625758,2025-09-13T23:00:00Z,Virginia Tech Hokies,Old Dominion Monarchs,2025-09-13T20:55:39Z,bovada,Ayden Greene,4.5,100.0,-130.0
2025,208a16b828d2456abbb1f12037625758,2025-09-13T23:00:00Z,Virginia Tech Hokies,Old Dominion Monarchs,2025-09-13T20:55:39Z,bovada,Donavon Greene,3.5,105.0,-135.0
2025,2f3b6a7a4a7b55d909fa1d7673b7c452,2025-09-13T23:00:00Z,South Carolina Gamecocks,Vanderbilt Commodores,2025-09-13T20:55:39Z,betonlineag,Junior Sherrill,2.5,-110.0,-118.0
2025,2f3b6a7a4a7b55d909fa1d7673b7c452,2025-09-13T23:00:00Z,South Carolina Gamecocks,Vanderbilt Commodores,2025-09-13T20:55:39Z,betonlineag,Nyck Harbor,3.5,141.0,-185.0
2025,2f3b6a7a4a7b55d909fa1d7673b7c452,2025-09-13T23:00:00Z,South Carolina Gamecocks,Vanderbilt Commodores,2025-09-13T20:55:39Z,betonlineag,Eli Stowers,2.5,-182.0,139.0
2025,2f3b6a7a4a7b55d909fa1d7673b7c452,2025-09-13T23:00:00Z,South Carolina Gamecocks,Vanderbilt Commodores,2025-09-13T20:55:39Z,betonlineag,Oscar Adaway III,1.5,-114.0,-114.0
2025,2f3b6a7a4a7b55d909fa1d7673b7c452,2025-09-13T23:00:00Z,South Carolina Gamecocks,Vanderbilt Commodores,2025-09-13T20:55:39Z,betonlineag,Tre Richardson,3.5,144.0,-189.0
2025,2f3b6a7a4a7b55d909fa1d7673b7c452,2025-09-13T23:00:00Z,South Carolina Gamecocks,Vanderbilt Commodores,2025-09-13T20:55:39Z,betonlineag,Donovan Murph,2.5,144.0,-189.0
2025,2f3b6a7a4a7b55d909fa1d7673b7c452,2025-09-13T23:00:00Z,South Carolina Gamecocks,Vanderbilt Commodores,2025-09-13T20:55:39Z,bovada,Donovan Murph,2.5,145.0,-190.0
2025,2f3b6a7a4a7b55d909fa1d7673b7c452,2025-09-13T23:00:00Z,South Carolina Gamecocks,Vanderbilt Commodores,2025-09-13T20:55:39Z,bovada,Eli Stowers,3.5,135.0,-180.0
2025,2f3b6a7a4a7b55d909fa1d7673b7c452,2025-09-13T23:00:00Z,South Carolina Gamecocks,Vanderbilt Commodores,2025-09-13T20:55:39Z,bovada,Junior Sherrill,2.5,-130.0,100.0
2025,2f3b6a7a4a7b55d909fa1d7673b7c452,2025-09-13T23:00:00Z,South Carolina Gamecocks,Vanderbilt Commodores,2025-09-13T20:55:39Z,bovada,Nyck Harbor,3.5,125.0,-165.0
2025,2f3b6a7a4a7b55d909fa1d7673b7c452,2025-09-13T23:00:00Z,South Carolina Gamecocks,Vanderbilt Commodores,2025-09-13T20:55:39Z,bovada,Oscar Adaway III,1.5,-115.0,-115.0
2025,2f3b6a7a4a7b55d909fa1d7673b7c452,2025-09-13T23:00:00Z,South Carolina Gamecocks,Vanderbilt Commodores,2025-09-13T20:55:39Z,bovada,Tre Richardson,3.5,145.0,-190.0
2025,b83c7f30440d9f80736b1b7cc5b2fa7f,2025-09-13T23:30:00Z,LSU Tigers,Florida Gators,2025-09-13T21:25:39Z,betonlineag,Hayden Hansen,2.5,-135.0,105.0
2025,b83c7f30440d9f80736b1b7cc5b2fa7f,2025-09-13T23:30:00Z,LSU Tigers,Florida Gators,2025-09-13T21:25:39Z,betonlineag,Aaron Anderson,5.5,-114.0,-114.0
2025,b83c7f30440d9f80736b1b7cc5b2fa7f,2025-09-13T23:30:00Z,LSU Tigers,Florida Gators,2025-09-13T21:25:39Z,betonlineag,Barion Brown,3.5,-161.0,124.0
2025,b83c7f30440d9f80736b1b7cc5b2fa7f,2025-09-13T23:30:00Z,LSU Tigers,Florida Gators,2025-09-13T21:25:39Z,betonlineag,Eugene Wilson III,4.5,-120.0,-108.0
2025,b83c7f30440d9f80736b1b7cc5b2fa7f,2025-09-13T23:30:00Z,LSU Tigers,Florida Gators,2025-09-13T21:25:39Z,betonlineag,Vernell Brown III,2.5,-147.0,114.0
2025,b83c7f30440d9f80736b1b7cc5b2fa7f,2025-09-13T23:30:00Z,LSU Tigers,Florida Gators,2025-09-13T21:25:39Z,betonlineag,Caden Durham,2.5,115.0,-149.0
2025,b83c7f30440d9f80736b1b7cc5b2fa7f,2025-09-13T23:30:00Z,LSU Tigers,Florida Gators,2025-09-13T21:25:39Z,betonlineag,J. Michael Sturdivant,1.5,-196.0,149.0
2025,b83c7f30440d9f80736b1b7cc5b2fa7f,2025-09-13T23:30:00Z,LSU Tigers,Florida Gators,2025-09-13T21:25:39Z,betonlineag,Zavion Thomas,2.5,100.0,-130.0
2025,b83c7f30440d9f80736b1b7cc5b2fa7f,2025-09-13T23:30:00Z,LSU Tigers,Florida Gators,2025-09-13T21:25:39Z,fanduel,Caden Durham,2.5,120.0,-156.0
2025,b83c7f30440d9f80736b1b7cc5b2fa7f,2025-09-13T23:30:00Z,LSU Tigers,Florida Gators,2025-09-13T21:25:39Z,fanduel,Vernell Brown III,2.5,-140.0,108.0
2025,b83c7f30440d9f80736b1b7cc5b2fa7f,2025-09-13T23:30:00Z,LSU Tigers,Florida Gators,2025-09-13T21:25:39Z,fanduel,Eugene Wilson III,4.5,-120.0,-108.0
2025,b83c7f30440d9f80736b1b7cc5b2fa7f,2025-09-13T23:30:00Z,LSU Tigers,Florida Gators,2025-09-13T21:25:39Z,fanduel,Barion Brown,4.5,102.0,-132.0
2025,b83c7f30440d9f80736b1b7cc5b2fa7f,2025-09-13T23:30:00Z,LSU Tigers,Florida Gators,2025-09-13T21:25:39Z,fanduel,Aaron Anderson,5.5,-114.0,-114.0
2025,b83c7f30440d9f80736b1b7cc5b2fa7f,2025-09-13T23:30:00Z,LSU Tigers,Florida Gators,2025-09-13T21:25:39Z,fanduel,Zavion Thomas,2.5,100.0,-130.0
2025,b83c7f30440d9f80736b1b7cc5b2fa7f,2025-09-13T23:30:00Z,LSU Tigers,Florida Gators,2025-09-13T21:25:39Z,fanduel,J. Michael Sturdivant,1.5,-198.0,150.0
2025,b83c7f30440d9f80736b1b7cc5b2fa7f,2025-09-13T23:30:00Z,LSU Tigers,Florida Gators,2025-09-13T21:25:39Z,fanduel,Hayden Hansen,2.5,-146.0,112.0
2025,b83c7f30440d9f80736b1b7cc5b2fa7f,2025-09-13T23:30:00Z,LSU Tigers,Florida Gators,2025-09-13T21:25:39Z,bovada,Aaron Anderson,5.5,-135.0,105.0
2025,b83c7f30440d9f80736b1b7cc5b2fa7f,2025-09-13T23:30:00Z,LSU Tigers,Florida Gators,2025-09-13T21:25:39Z,bovada,Barion Brown,3.5,-165.0,125.0
2025,b83c7f30440d9f80736b1b7cc5b2fa7f,2025-09-13T23:30:00Z,LSU Tigers,Florida Gators,2025-09-13T21:25:39Z,bovada,Caden Durham,2.5,105.0,-135.0
2025,b83c7f30440d9f80736b1b7cc5b2fa7f,2025-09-13T23:30:00Z,LSU Tigers,Florida Gators,2025-09-13T21:25:39Z,bovada,Eugene Wilson III,4.5,-110.0,-120.0
2025,b83c7f30440d9f80736b1b7cc5b2fa7f,2025-09-13T23:30:00Z,LSU Tigers,Florida Gators,2025-09-13T21:25:39Z,bovada,Hayden Hansen,2.5,-145.0,110.0
2025,b83c7f30440d9f80736b1b7cc5b2fa7f,2025-09-13T23:30:00Z,LSU Tigers,Florida Gators,2025-09-13T21:25:39Z,bovada,J. Michael Sturdivant,1.5,-200.0,150.0
2025,b83c7f30440d9f80736b1b7cc5b2fa7f,2025-09-13T23:30:00Z,LSU Tigers,Florida Gators,2025-09-13T21:25:39Z,bovada,Vernell Brown III,2.5,-160.0,120.0
2025,b83c7f30440d9f80736b1b7cc5b2fa7f,2025-09-13T23:30:00Z,LSU Tigers,Florida Gators,2025-09-13T21:25:39Z,bovada,Zavion Thomas,1.5,-215.0,160.0
2025,df7f1ccceef734c9353bcd44a4236601,2025-09-13T23:30:00Z,Iowa Hawkeyes,UMass Minutemen,2025-09-13T21:25:39Z,bovada,Jacob Gill,2.5,-145.0,110.0
2025,df7f1ccceef734c9353bcd44a4236601,2025-09-13T23:30:00Z,Iowa Hawkeyes,UMass Minutemen,2025-09-13T21:25:39Z,bovada,Sam Phillips,2.5,135.0,-180.0
2025,df7f1ccceef734c9353bcd44a4236601,2025-09-13T23:30:00Z,Iowa Hawkeyes,UMass Minutemen,2025-09-13T21:25:39Z,bovada,Zach Ortwerth,1.5,-145.0,110.0
2025,d20307e8474bbfe4a52934a6af6fe2d9,2025-09-13T23:30:00Z,Notre Dame Fighting Irish,Texas A&M Aggies,2025-09-13T21:25:39Z,betonlineag,Mario Craver,3.5,-137.0,106.0
2025,d20307e8474bbfe4a52934a6af6fe2d9,2025-09-13T23:30:00Z,Notre Dame Fighting Irish,Texas A&M Aggies,2025-09-13T21:25:39Z,betonlineag,KC Concepcion,3.5,-111.0,-116.0
2025,d20307e8474bbfe4a52934a6af6fe2d9,2025-09-13T23:30:00Z,Notre Dame Fighting Irish,Texas A&M Aggies,2025-09-13T21:25:39Z,betonlineag,Jeremiyah Love,1.5,-175.0,135.0
2025,d20307e8474bbfe4a52934a6af6fe2d9,2025-09-13T23:30:00Z,Notre Dame Fighting Irish,Texas A&M Aggies,2025-09-13T21:25:39Z,betonlineag,Malachi Fields,2.5,-152.0,117.0
2025,d20307e8474bbfe4a52934a6af6fe2d9,2025-09-13T23:30:00Z,Notre Dame Fighting Irish,Texas A&M Aggies,2025-09-13T21:25:39Z,betonlineag,Jordan Faison,3.5,110.0,-143.0
2025,d20307e8474bbfe4a52934a6af6fe2d9,2025-09-13T23:30:00Z,Notre Dame Fighting Irish,Texas A&M Aggies,2025-09-13T21:25:39Z,betonlineag,Eli Raridon,3.5,-135.0,105.0
2025,d20307e8474bbfe4a52934a6af6fe2d9,2025-09-13T23:30:00Z,Notre Dame Fighting Irish,Texas A&M Aggies,2025-09-13T21:25:39Z,fanduel,Malachi Fields,2.5,-146.0,112.0
2025,d20307e8474bbfe4a52934a6af6fe2d9,2025-09-13T23:30:00Z,Notre Dame Fighting Irish,Texas A&M Aggies,2025-09-13T21:25:39Z,fanduel,Eli Raridon,4.5,148.0,-196.0
2025,d20307e8474bbfe4a52934a6af6fe2d9,2025-09-13T23:30:00Z,Notre Dame Fighting Irish,Texas A&M Aggies,2025-09-13T21:25:39Z,fanduel,Jordan Faison,3.5,-108.0,-120.0
2025,d20307e8474bbfe4a52934a6af6fe2d9,2025-09-13T23:30:00Z,Notre Dame Fighting Irish,Texas A&M Aggies,2025-09-13T21:25:39Z,fanduel,KC Concepcion,3.5,-108.0,-120.0
2025,d20307e8474bbfe4a52934a6af6fe2d9,2025-09-13T23:30:00Z,Notre Dame Fighting Irish,Texas A&M Aggies,2025-09-13T21:25:39Z,fanduel,Mario Craver,3.5,-128.0,-102.0
2025,d20307e8474bbfe4a52934a6af6fe2d9,2025-09-13T23:30:00Z,Notre Dame Fighting Irish,Texas A&M Aggies,2025-09-13T21:25:39Z,bovada,Eli Raridon,4.5,130.0,-170.0
2025,d20307e8474bbfe4a52934a6af6fe2d9,2025-09-13T23:30:00Z,Notre Dame Fighting Irish,Texas A&M Aggies,2025-09-13T21:25:39Z,bovada,Jeremiyah Love,1.5,-180.0,135.0
2025,d20307e8474bbfe4a52934a6af6fe2d9,2025-09-13T23:30:00Z,Notre Dame Fighting Irish,Texas A&M Aggies,2025-09-13T21:25:39Z,bovada,Jordan Faison,3.5,105.0,-135.0
2025,d20307e8474bbfe4a52934a6af6fe2d9,2025-09-13T23:30:00Z,Notre Dame Fighting Irish,Texas A&M Aggies,2025-09-13T21:25:39Z,bovada,KC Concepcion,3.5,-120.0,-110.0
2025,d20307e8474bbfe4a52934a6af6fe2d9,2025-09-13T23:30:00Z,Notre Dame Fighting Irish,Texas A&M Aggies,2025-09-13T21:25:39Z,bovada,Malachi Fields,2.5,-160.0,120.0
2025,d20307e8474bbfe4a52934a6af6fe2d9,2025-09-13T23:30:00Z,Notre Dame Fighting Irish,Texas A&M Aggies,2025-09-13T21:25:39Z,bovada,Mario Craver,3.5,-145.0,110.0
2025,835d0fbb20287ee86ac00d5f3fa3b3b6,2025-09-14T00:00:00Z,Tulane Green Wave,Duke Blue Devils,2025-09-13T21:55:39Z,betonlineag,Sahmir Hagans,3.5,120.0,-156.0
2025,835d0fbb20287ee86ac00d5f3fa3b3b6,2025-09-14T00:00:00Z,Tulane Green Wave,Duke Blue Devils,2025-09-13T21:55:39Z,betonlineag,Que'Sean Brown,3.5,107.0,-139.0
2025,835d0fbb20287ee86ac00d5f3fa3b3b6,2025-09-14T00:00:00Z,Tulane Green Wave,Duke Blue Devils,2025-09-13T21:55:39Z,betonlineag,Cooper Barkate,4.5,-103.0,-125.0
2025,835d0fbb20287ee86ac00d5f3fa3b3b6,2025-09-14T00:00:00Z,Tulane Green Wave,Duke Blue Devils,2025-09-13T21:55:39Z,bovada,Cooper Barkate,4.5,-105.0,-125.0
2025,835d0fbb20287ee86ac00d5f3fa3b3b6,2025-09-14T00:00:00Z,Tulane Green Wave,Duke Blue Devils,2025-09-13T21:55:39Z,bovada,Que'Sean Brown,3.5,105.0,-135.0
2025,835d0fbb20287ee86ac00d5f3fa3b3b6,2025-09-14T00:00:00Z,Tulane Green Wave,Duke Blue Devils,2025-09-13T21:55:39Z,bovada,Sahmir Hagans,3.5,120.0,-160.0
2025,f52fd1eb78ff6a44662e772a4950263b,2025-09-14T02:30:00Z,Arizona State Sun Devils,Texas State Bobcats,2025-09-14T00:25:38Z,betonlineag,Jordyn Tyson,7.5,106.0,-137.0
2025,f52fd1eb78ff6a44662e772a4950263b,2025-09-14T02:30:00Z,Arizona State Sun Devils,Texas State Bobcats,2025-09-14T00:25:38Z,betonlineag,Beau Sparks,3.5,-164.0,126.0
2025,f52fd1eb78ff6a44662e772a4950263b,2025-09-14T02:30:00Z,Arizona State Sun Devils,Texas State Bobcats,2025-09-14T00:25:38Z,betonlineag,Malik McClain,2.5,144.0,-189.0
2025,f52fd1eb78ff6a44662e772a4950263b,2025-09-14T02:30:00Z,Arizona State Sun Devils,Texas State Bobcats,2025-09-14T00:25:38Z,betonlineag,Chamon Metayer,1.5,-110.0,-118.0
2025,f52fd1eb78ff6a44662e772a4950263b,2025-09-14T02:30:00Z,Arizona State Sun Devils,Texas State Bobcats,2025-09-14T00:25:38Z,bovada,Beau Sparks,4.5,110.0,-145.0
2025,f52fd1eb78ff6a44662e772a4950263b,2025-09-14T02:30:00Z,Arizona State Sun Devils,Texas State Bobcats,2025-09-14T00:25:38Z,bovada,Chamon Metayer,1.5,-115.0,-115.0
2025,f52fd1eb78ff6a44662e772a4950263b,2025-09-14T02:30:00Z,Arizona State Sun Devils,Texas State Bobcats,2025-09-14T00:25:38Z,bovada,Jordyn Tyson,7.5,105.0,-135.0
2025,f52fd1eb78ff6a44662e772a4950263b,2025-09-14T02:30:00Z,Arizona State Sun Devils,Texas State Bobcats,2025-09-14T00:25:38Z,bovada,Malik McClain,2.5,145.0,-190.0
2025,4ac5fec6b02d255aa548dfd6cc1edbb9,2025-09-14T02:30:00Z,Stanford Cardinal,Boston College Eagles,2025-09-14T00:25:38Z,betonlineag,Sam Roush,2.5,-127.0,-102.0
2025,4ac5fec6b02d255aa548dfd6cc1edbb9,2025-09-14T02:30:00Z,Stanford Cardinal,Boston College Eagles,2025-09-14T00:25:38Z,betonlineag,C.J. Williams,3.5,100.0,-130.0
2025,4ac5fec6b02d255aa548dfd6cc1edbb9,2025-09-14T02:30:00Z,Stanford Cardinal,Boston College Eagles,2025-09-14T00:25:38Z,betonlineag,Micah Ford,1.5,-110.0,-118.0
2025,4ac5fec6b02d255aa548dfd6cc1edbb9,2025-09-14T02:30:00Z,Stanford Cardinal,Boston College Eagles,2025-09-14T00:25:38Z,betonlineag,Bryce Farrell,2.5,-161.0,124.0
2025,4ac5fec6b02d255aa548dfd6cc1edbb9,2025-09-14T02:30:00Z,Stanford Cardinal,Boston College Eagles,2025-09-14T00:25:38Z,bovada,Bryce Farrell,2.5,-160.0,120.0
2025,4ac5fec6b02d255aa548dfd6cc1edbb9,2025-09-14T02:30:00Z,Stanford Cardinal,Boston College Eagles,2025-09-14T00:25:38Z,bovada,C.J. Williams,3.5,110.0,-145.0
2025,4ac5fec6b02d255aa548dfd6cc1edbb9,2025-09-14T02:30:00Z,Stanford Cardinal,Boston College Eagles,2025-09-14T00:25:38Z,bovada,Micah Ford,1.5,-105.0,-125.0
2025,4ac5fec6b02d255aa548dfd6cc1edbb9,2025-09-14T02:30:00Z,Stanford Cardinal,Boston College Eagles,2025-09-14T00:25:38Z,bovada,Sam Roush,2.5,-125.0,-105.0
2025,5d85387fe9b718ea0c754c1e1b51a434,2025-09-14T02:30:00Z,California Golden Bears,Minnesota Golden Gophers,2025-09-14T00:25:38Z,betonlineag,Jameson Geers,1.5,-175.0,134.0
2025,5d85387fe9b718ea0c754c1e1b51a434,2025-09-14T02:30:00Z,California Golden Bears,Minnesota Golden Gophers,2025-09-14T00:25:38Z,betonlineag,Darius Taylor,2.5,-139.0,107.0
2025,5d85387fe9b718ea0c754c1e1b51a434,2025-09-14T02:30:00Z,California Golden Bears,Minnesota Golden Gophers,2025-09-14T00:25:38Z,betonlineag,Trond Grizzell,3.5,109.0,-141.0
2025,5d85387fe9b718ea0c754c1e1b51a434,2025-09-14T02:30:00Z,California Golden Bears,Minnesota Golden Gophers,2025-09-14T00:25:38Z,betonlineag,Jacob De Jesus,3.5,-130.0,100.0
2025,5d85387fe9b718ea0c754c1e1b51a434,2025-09-14T02:30:00Z,California Golden Bears,Minnesota Golden Gophers,2025-09-14T00:25:38Z,betonlineag,Kendrick Raphael,1.5,128.0,-167.0
2025,5d85387fe9b718ea0c754c1e1b51a434,2025-09-14T02:30:00Z,California Golden Bears,Minnesota Golden Gophers,2025-09-14T00:25:38Z,betonlineag,Javon Tracy,2.5,-164.0,125.0
2025,5d85387fe9b718ea0c754c1e1b51a434,2025-09-14T02:30:00Z,California Golden Bears,Minnesota Golden Gophers,2025-09-14T00:25:38Z,betonlineag,Logan Loya,1.5,-145.0,111.0
2025,5d85387fe9b718ea0c754c1e1b51a434,2025-09-14T02:30:00Z,California Golden Bears,Minnesota Golden Gophers,2025-09-14T00:25:38Z,betonlineag,Mason Mini,3.5,115.0,-149.0
2025,5d85387fe9b718ea0c754c1e1b51a434,2025-09-14T02:30:00Z,California Golden Bears,Minnesota Golden Gophers,2025-09-14T00:25:38Z,betonlineag,Mark Hamper,2.5,-123.0,-105.0
2025,5d85387fe9b718ea0c754c1e1b51a434,2025-09-14T02:30:00Z,California Golden Bears,Minnesota Golden Gophers,2025-09-14T00:25:38Z,bovada,Jacob De Jesus,3.5,-115.0,-115.0
2025,5d85387fe9b718ea0c754c1e1b51a434,2025-09-14T02:30:00Z,California Golden Bears,Minnesota Golden Gophers,2025-09-14T00:25:38Z,bovada,Jameson Geers,1.5,-190.0,145.0
2025,5d85387fe9b718ea0c754c1e1b51a434,2025-09-14T02:30:00Z,California Golden Bears,Minnesota Golden Gophers,2025-09-14T00:25:38Z,bovada,Javon Tracy,3.5,125.0,-165.0
2025,5d85387fe9b718ea0c754c1e1b51a434,2025-09-14T02:30:00Z,California Golden Bears,Minnesota Golden Gophers,2025-09-14T00:25:38Z,bovada,Kendrick Raphael,1.5,125.0,-165.0
2025,5d85387fe9b718ea0c754c1e1b51a434,2025-09-14T02:30:00Z,California Golden Bears,Minnesota Golden Gophers,2025-09-14T00:25:38Z,bovada,Logan Loya,1.5,-150.0,115.0
2025,5d85387fe9b718ea0c754c1e1b51a434,2025-09-14T02:30:00Z,California Golden Bears,Minnesota Golden Gophers,2025-09-14T00:25:38Z,bovada,Mark Hamper,2.5,-125.0,-105.0
2025,5d85387fe9b718ea0c754c1e1b51a434,2025-09-14T02:30:00Z,California Golden Bears,Minnesota Golden Gophers,2025-09-14T00:25:38Z,bovada,Mason Mini,3.5,120.0,-160.0
2025,5d85387fe9b718ea0c754c1e1b51a434,2025-09-14T02:30:00Z,California Golden Bears,Minnesota Golden Gophers,2025-09-14T00:25:38Z,bovada,Trond Grizzell,3.5,110.0,-145.0
2025,88a5a0bbf82083c43c806d40071b340e,2025-09-18T23:30:00Z,Charlotte 49ers,Rice Owls,2025-09-18T21:25:39Z,fanduel,Javen Nicholas,4.5,136.0,-178.0
2025,88a5a0bbf82083c43c806d40071b340e,2025-09-18T23:30:00Z,Charlotte 49ers,Rice Owls,2025-09-18T21:25:39Z,fanduel,E. Jai Mason,3.5,-108.0,-120.0
2025,3f96037e0014fee643fc8b7a5efaa2d0,2025-09-20T16:00:00Z,Clemson Tigers,Syracuse Orange,2025-09-20T13:55:39Z,fanduel,Justus Ross-Simmons,3.5,-114.0,-114.0
2025,3f96037e0014fee643fc8b7a5efaa2d0,2025-09-20T16:00:00Z,Clemson Tigers,Syracuse Orange,2025-09-20T13:55:39Z,fanduel,Bryant Wesco Jr.,5.5,116.0,-152.0
2025,3f96037e0014fee643fc8b7a5efaa2d0,2025-09-20T16:00:00Z,Clemson Tigers,Syracuse Orange,2025-09-20T13:55:39Z,fanduel,Dan Villari,4.5,-122.0,-106.0
2025,3f96037e0014fee643fc8b7a5efaa2d0,2025-09-20T16:00:00Z,Clemson Tigers,Syracuse Orange,2025-09-20T13:55:39Z,fanduel,Antonio Williams,4.5,-146.0,112.0
2025,3f96037e0014fee643fc8b7a5efaa2d0,2025-09-20T16:00:00Z,Clemson Tigers,Syracuse Orange,2025-09-20T13:55:39Z,fanduel,T.J. Moore,3.5,130.0,-170.0
2025,3aa7e2c30d9051691c378e202279c6fc,2025-09-20T16:00:00Z,Utah Utes,Texas Tech Red Raiders,2025-09-20T13:55:39Z,fanduel,Tobias Merriweather,1.5,110.0,-144.0
2025,3aa7e2c30d9051691c378e202279c6fc,2025-09-20T16:00:00Z,Utah Utes,Texas Tech Red Raiders,2025-09-20T13:55:39Z,fanduel,Dallen Bentley,3.5,120.0,-156.0
2025,3aa7e2c30d9051691c378e202279c6fc,2025-09-20T16:00:00Z,Utah Utes,Texas Tech Red Raiders,2025-09-20T13:55:39Z,fanduel,Reggie Virgil,3.5,116.0,-152.0
2025,3aa7e2c30d9051691c378e202279c6fc,2025-09-20T16:00:00Z,Utah Utes,Texas Tech Red Raiders,2025-09-20T13:55:39Z,fanduel,Caleb Douglas,3.5,112.0,-146.0
2025,3aa7e2c30d9051691c378e202279c6fc,2025-09-20T16:00:00Z,Utah Utes,Texas Tech Red Raiders,2025-09-20T13:55:39Z,fanduel,Terrance Carter Jr.,3.5,136.0,-178.0
2025,3aa7e2c30d9051691c378e202279c6fc,2025-09-20T16:00:00Z,Utah Utes,Texas Tech Red Raiders,2025-09-20T13:55:39Z,fanduel,Ryan Davis,5.5,126.0,-165.0
2025,3aa7e2c30d9051691c378e202279c6fc,2025-09-20T16:00:00Z,Utah Utes,Texas Tech Red Raiders,2025-09-20T13:55:39Z,fanduel,Coy Eakin,3.5,-114.0,-114.0
2025,6c5b117f5091e161561240ae95fe99a4,2025-09-20T16:45:00Z,Tennessee Volunteers,UAB Blazers,2025-09-20T14:40:39Z,fanduel,Chris Brazzell II,4.5,-130.0,100.0
2025,103dcd715ce54d763f5d49157b11b2a2,2025-09-20T19:30:00Z,Oklahoma Sooners,Auburn Tigers,2025-09-20T17:25:39Z,fanduel,Isaiah Sategna III,3.5,-164.0,125.0
2025,103dcd715ce54d763f5d49157b11b2a2,2025-09-20T19:30:00Z,Oklahoma Sooners,Auburn Tigers,2025-09-20T17:25:39Z,fanduel,Keontez Lewis,2.5,-146.0,112.0
2025,103dcd715ce54d763f5d49157b11b2a2,2025-09-20T19:30:00Z,Oklahoma Sooners,Auburn Tigers,2025-09-20T17:25:39Z,fanduel,Cam Coleman,3.5,-114.0,-114.0
2025,103dcd715ce54d763f5d49157b11b2a2,2025-09-20T19:30:00Z,Oklahoma Sooners,Auburn Tigers,2025-09-20T17:25:39Z,fanduel,Jaren Kanak,4.5,126.0,-165.0
2025,103dcd715ce54d763f5d49157b11b2a2,2025-09-20T19:30:00Z,Oklahoma Sooners,Auburn Tigers,2025-09-20T17:25:39Z,fanduel,Deion Burks,5.5,-130.0,100.0
2025,103dcd715ce54d763f5d49157b11b2a2,2025-09-20T19:30:00Z,Oklahoma Sooners,Auburn Tigers,2025-09-20T17:25:39Z,fanduel,Eric Singleton Jr.,3.5,-138.0,106.0
2025,e7873a03eb97c9a032544e448cc2d55c,2025-09-20T19:30:00Z,Nebraska Cornhuskers,Michigan Wolverines,2025-09-20T17:25:39Z,fanduel,Donaven McCulley,3.5,102.0,-132.0
2025,e7873a03eb97c9a032544e448cc2d55c,2025-09-20T19:30:00Z,Nebraska Cornhuskers,Michigan Wolverines,2025-09-20T17:25:39Z,fanduel,Jacory Barney Jr.,4.5,116.0,-152.0
2025,e7873a03eb97c9a032544e448cc2d55c,2025-09-20T19:30:00Z,Nebraska Cornhuskers,Michigan Wolverines,2025-09-20T17:25:39Z,fanduel,Nyziah Hunter,3.5,116.0,-152.0
2025,e7873a03eb97c9a032544e448cc2d55c,2025-09-20T19:30:00Z,Nebraska Cornhuskers,Michigan Wolverines,2025-09-20T17:25:39Z,fanduel,Dane Key,3.5,-114.0,-114.0
2025,e7873a03eb97c9a032544e448cc2d55c,2025-09-20T19:30:00Z,Nebraska Cornhuskers,Michigan Wolverines,2025-09-20T17:25:39Z,fanduel,Luke Lindenmeyer,2.5,108.0,-140.0
2025,e7873a03eb97c9a032544e448cc2d55c,2025-09-20T19:30:00Z,Nebraska Cornhuskers,Michigan Wolverines,2025-09-20T17:25:39Z,fanduel,Semaj Morgan,3.5,126.0,-165.0
2025,e7873a03eb97c9a032544e448cc2d55c,2025-09-20T19:30:00Z,Nebraska Cornhuskers,Michigan Wolverines,2025-09-20T17:25:39Z,fanduel,Marlin Klein,2.5,-128.0,-102.0
2025,038cd404ffe4a5be92eb7c38c93ffd68,2025-09-20T19:30:00Z,UCF Knights,North Carolina Tar Heels,2025-09-20T17:25:39Z,fanduel,Duane Thomas Jr.,3.5,112.0,-146.0
2025,038cd404ffe4a5be92eb7c38c93ffd68,2025-09-20T19:30:00Z,UCF Knights,North Carolina Tar Heels,2025-09-20T17:25:39Z,fanduel,Jordan Shipp,3.5,108.0,-140.0
2025,af17a22d1102bd35d73a24c0332f762f,2025-09-20T19:30:00Z,Notre Dame Fighting Irish,Purdue Boilermakers,2025-09-20T17:25:39Z,fanduel,Jordan Faison,3.5,-120.0,-108.0
2025,af17a22d1102bd35d73a24c0332f762f,2025-09-20T19:30:00Z,Notre Dame Fighting Irish,Purdue Boilermakers,2025-09-20T17:25:39Z,fanduel,Malachi Fields,4.5,130.0,-170.0
2025,af17a22d1102bd35d73a24c0332f762f,2025-09-20T19:30:00Z,Notre Dame Fighting Irish,Purdue Boilermakers,2025-09-20T17:25:39Z,fanduel,Arhmad Branch,2.5,136.0,-178.0
2025,af17a22d1102bd35d73a24c0332f762f,2025-09-20T19:30:00Z,Notre Dame Fighting Irish,Purdue Boilermakers,2025-09-20T17:25:39Z,fanduel,Michael Jackson III,3.5,-138.0,106.0
2025,af17a22d1102bd35d73a24c0332f762f,2025-09-20T19:30:00Z,Notre Dame Fighting Irish,Purdue Boilermakers,2025-09-20T17:25:39Z,fanduel,Eli Raridon,3.5,-146.0,112.0
2025,6be90d4768b93c43b3b3e55de45a3925,2025-09-20T22:00:00Z,Kansas Jayhawks,West Virginia Mountaineers,2025-09-20T19:55:39Z,bovada,Cam Vaughn,3.5,-135.0,105.0
2025,6be90d4768b93c43b3b3e55de45a3925,2025-09-20T22:00:00Z,Kansas Jayhawks,West Virginia Mountaineers,2025-09-20T19:55:39Z,bovada,DeShawn Hanika,2.5,-180.0,135.0
2025,6be90d4768b93c43b3b3e55de45a3925,2025-09-20T22:00:00Z,Kansas Jayhawks,West Virginia Mountaineers,2025-09-20T19:55:39Z,bovada,Emmanuel Henderson Jr.,3.5,-105.0,-125.0
2025,6be90d4768b93c43b3b3e55de45a3925,2025-09-20T22:00:00Z,Kansas Jayhawks,West Virginia Mountaineers,2025-09-20T19:55:39Z,bovada,Grayson Barnes,3.5,-120.0,-110.0
2025,6be90d4768b93c43b3b3e55de45a3925,2025-09-20T22:00:00Z,Kansas Jayhawks,West Virginia Mountaineers,2025-09-20T19:55:39Z,bovada,Levi Wentz,2.5,-125.0,-105.0
2025,0a99c4c19ec716237226adf6f20506ce,2025-09-20T23:00:00Z,Missouri Tigers,South Carolina Gamecocks,2025-09-20T20:55:39Z,fanduel,Kevin Coleman Jr.,5.5,-146.0,112.0
2025,0a99c4c19ec716237226adf6f20506ce,2025-09-20T23:00:00Z,Missouri Tigers,South Carolina Gamecocks,2025-09-20T20:55:39Z,fanduel,Nyck Harbor,3.5,102.0,-132.0
2025,0a99c4c19ec716237226adf6f20506ce,2025-09-20T23:00:00Z,Missouri Tigers,South Carolina Gamecocks,2025-09-20T20:55:39Z,fanduel,Donovan Murph,2.5,120.0,-156.0
2025,23ce9d15b3cbcee45fd1d13550ee2a1a,2025-09-20T23:30:00Z,Baylor Bears,Arizona State Sun Devils,2025-09-20T21:25:39Z,fanduel,Kobe Prentice,2.5,154.0,-205.0
2025,23ce9d15b3cbcee45fd1d13550ee2a1a,2025-09-20T23:30:00Z,Baylor Bears,Arizona State Sun Devils,2025-09-20T21:25:39Z,fanduel,Raleek Brown,2.5,-114.0,-114.0
2025,23ce9d15b3cbcee45fd1d13550ee2a1a,2025-09-20T23:30:00Z,Baylor Bears,Arizona State Sun Devils,2025-09-20T21:25:39Z,fanduel,Jordyn Tyson,7.5,114.0,-148.0
2025,23ce9d15b3cbcee45fd1d13550ee2a1a,2025-09-20T23:30:00Z,Baylor Bears,Arizona State Sun Devils,2025-09-20T21:25:39Z,fanduel,Kole Wilson,3.5,-102.0,-128.0
2025,23ce9d15b3cbcee45fd1d13550ee2a1a,2025-09-20T23:30:00Z,Baylor Bears,Arizona State Sun Devils,2025-09-20T21:25:39Z,fanduel,Michael Trigg,3.5,-120.0,-108.0
2025,e12a027ef3182426888607f1aa77a6bc,2025-09-20T23:30:00Z,Miami Hurricanes,Florida Gators,2025-09-20T21:25:39Z,fanduel,Vernell Brown III,4.5,125.0,-164.0
2025,e12a027ef3182426888607f1aa77a6bc,2025-09-20T23:30:00Z,Miami Hurricanes,Florida Gators,2025-09-20T21:25:39Z,fanduel,Eugene Wilson III,4.5,102.0,-132.0
2025,e12a027ef3182426888607f1aa77a6bc,2025-09-20T23:30:00Z,Miami Hurricanes,Florida Gators,2025-09-20T21:25:39Z,fanduel,Hayden Hansen,3.5,116.0,-152.0
2025,e12a027ef3182426888607f1aa77a6bc,2025-09-20T23:30:00Z,Miami Hurricanes,Florida Gators,2025-09-20T21:25:39Z,fanduel,J. Michael Sturdivant,2.5,112.0,-146.0
2025,e12a027ef3182426888607f1aa77a6bc,2025-09-20T23:30:00Z,Miami Hurricanes,Florida Gators,2025-09-20T21:25:39Z,fanduel,Malachi Toney,5.5,-114.0,-114.0
2025,e12a027ef3182426888607f1aa77a6bc,2025-09-20T23:30:00Z,Miami Hurricanes,Florida Gators,2025-09-20T21:25:39Z,fanduel,Keelan Marion,2.5,-120.0,-108.0
2025,e12a027ef3182426888607f1aa77a6bc,2025-09-20T23:30:00Z,Miami Hurricanes,Florida Gators,2025-09-20T21:25:39Z,fanduel,CJ Daniels,3.5,-110.0,-118.0
2025,efb65d1caa41db87771cf8d31fda1c03,2025-09-20T23:30:00Z,Indiana Hoosiers,Illinois Fighting Illini,2025-09-20T21:25:39Z,fanduel,Omar Cooper Jr.,3.5,122.0,-160.0
2025,efb65d1caa41db87771cf8d31fda1c03,2025-09-20T23:30:00Z,Indiana Hoosiers,Illinois Fighting Illini,2025-09-20T21:25:39Z,fanduel,Collin Dixon,2.5,106.0,-138.0
2025,efb65d1caa41db87771cf8d31fda1c03,2025-09-20T23:30:00Z,Indiana Hoosiers,Illinois Fighting Illini,2025-09-20T21:25:39Z,fanduel,Elijah Sarratt,4.5,-120.0,-108.0
2025,efb65d1caa41db87771cf8d31fda1c03,2025-09-20T23:30:00Z,Indiana Hoosiers,Illinois Fighting Illini,2025-09-20T21:25:39Z,fanduel,Justin Bowick,2.5,144.0,-190.0
2025,efb65d1caa41db87771cf8d31fda1c03,2025-09-20T23:30:00Z,Indiana Hoosiers,Illinois Fighting Illini,2025-09-20T21:25:39Z,fanduel,Hudson Clement,2.5,178.0,-240.0
2025,efb65d1caa41db87771cf8d31fda1c03,2025-09-20T23:30:00Z,Indiana Hoosiers,Illinois Fighting Illini,2025-09-20T21:25:39Z,fanduel,E.J. Williams Jr.,2.5,-114.0,-114.0
2025,efb65d1caa41db87771cf8d31fda1c03,2025-09-20T23:30:00Z,Indiana Hoosiers,Illinois Fighting Illini,2025-09-20T21:25:39Z,fanduel,Hank Beatty,4.5,-102.0,-128.0
2025,8f3febddcf1504cb91454ac61d25caa8,2025-09-20T23:30:00Z,Washington State Cougars,Washington Huskies,2025-09-20T21:25:39Z,fanduel,Denzel Boston,5.5,-102.0,-128.0
2025,8f3febddcf1504cb91454ac61d25caa8,2025-09-20T23:30:00Z,Washington State Cougars,Washington Huskies,2025-09-20T21:25:39Z,fanduel,Jeremiah Noga,2.5,136.0,-178.0
2025,8f3febddcf1504cb91454ac61d25caa8,2025-09-20T23:30:00Z,Washington State Cougars,Washington Huskies,2025-09-20T21:25:39Z,fanduel,Tony Freeman,3.5,-120.0,-108.0
2025,8f3febddcf1504cb91454ac61d25caa8,2025-09-20T23:30:00Z,Washington State Cougars,Washington Huskies,2025-09-20T21:25:39Z,fanduel,Joshua Meredith,3.5,-102.0,-128.0
2025,8f3febddcf1504cb91454ac61d25caa8,2025-09-20T23:30:00Z,Washington State Cougars,Washington Huskies,2025-09-20T21:25:39Z,fanduel,Dezmen Roebuck,3.5,136.0,-178.0
2025,3494518f6430d858bb0c13fe8b29b108,2025-09-21T03:00:00Z,USC Trojans,Michigan State Spartans,2025-09-21T00:55:38Z,fanduel,Jack Velling,2.5,-108.0,-120.0
2025,3494518f6430d858bb0c13fe8b29b108,2025-09-21T03:00:00Z,USC Trojans,Michigan State Spartans,2025-09-21T00:55:38Z,fanduel,Omari Kelly,3.5,-138.0,106.0
2025,3494518f6430d858bb0c13fe8b29b108,2025-09-21T03:00:00Z,USC Trojans,Michigan State Spartans,2025-09-21T00:55:38Z,fanduel,Lake McRee,2.5,-114.0,-114.0
2025,3494518f6430d858bb0c13fe8b29b108,2025-09-21T03:00:00Z,USC Trojans,Michigan State Spartans,2025-09-21T00:55:38Z,fanduel,Makai Lemon,5.5,-140.0,108.0
2025,3494518f6430d858bb0c13fe8b29b108,2025-09-21T03:00:00Z,USC Trojans,Michigan State Spartans,2025-09-21T00:55:38Z,fanduel,Nick Marsh,4.5,108.0,-140.0
2025,9f0c39a454dbb72e6d5d3d8175d63f24,2025-09-25T23:30:00Z,East Carolina Pirates,Army Black Knights,2025-09-25T21:25:40Z,fanduel,Yannick Smith,4.5,112.0,-146.0
2025,9f0c39a454dbb72e6d5d3d8175d63f24,2025-09-25T23:30:00Z,East Carolina Pirates,Army Black Knights,2025-09-25T21:25:40Z,fanduel,Brock Spalding,4.5,-108.0,-120.0
2025,9f0c39a454dbb72e6d5d3d8175d63f24,2025-09-25T23:30:00Z,East Carolina Pirates,Army Black Knights,2025-09-25T21:25:40Z,fanduel,Anthony Smith,4.5,-184.0,140.0
2025,0aa30bdb9295af4b13475b7aabb2cfea,2025-09-26T23:00:00Z,Virginia Cavaliers,Florida State Seminoles,2025-09-26T20:55:40Z,fanduel,Trell Harris,4.5,110.0,-144.0
2025,0aa30bdb9295af4b13475b7aabb2cfea,2025-09-26T23:00:00Z,Virginia Cavaliers,Florida State Seminoles,2025-09-26T20:55:40Z,fanduel,Jahmal Edrine,3.5,102.0,-132.0
2025,0aa30bdb9295af4b13475b7aabb2cfea,2025-09-26T23:00:00Z,Virginia Cavaliers,Florida State Seminoles,2025-09-26T20:55:40Z,fanduel,Duce Robinson,3.5,-114.0,-114.0
2025,0aa30bdb9295af4b13475b7aabb2cfea,2025-09-26T23:00:00Z,Virginia Cavaliers,Florida State Seminoles,2025-09-26T20:55:40Z,fanduel,Cam Ross,4.5,-132.0,102.0
2025,f921de41ef2918f15fc38af1091d6206,2025-09-27T01:00:00Z,Arizona State Sun Devils,TCU Horned Frogs,2025-09-26T22:55:40Z,fanduel,Chamon Metayer,3.5,136.0,-178.0
2025,f921de41ef2918f15fc38af1091d6206,2025-09-27T01:00:00Z,Arizona State Sun Devils,TCU Horned Frogs,2025-09-26T22:55:40Z,fanduel,Raleek Brown,2.5,128.0,-168.0
2025,f921de41ef2918f15fc38af1091d6206,2025-09-27T01:00:00Z,Arizona State Sun Devils,TCU Horned Frogs,2025-09-26T22:55:40Z,fanduel,Joseph Manjack IV,3.5,134.0,-176.0
2025,f921de41ef2918f15fc38af1091d6206,2025-09-27T01:00:00Z,Arizona State Sun Devils,TCU Horned Frogs,2025-09-26T22:55:40Z,fanduel,Jordyn Tyson,6.5,-148.0,114.0
2025,f921de41ef2918f15fc38af1091d6206,2025-09-27T01:00:00Z,Arizona State Sun Devils,TCU Horned Frogs,2025-09-26T22:55:40Z,fanduel,Jordan Dwyer,4.5,-132.0,102.0
2025,f921de41ef2918f15fc38af1091d6206,2025-09-27T01:00:00Z,Arizona State Sun Devils,TCU Horned Frogs,2025-09-26T22:55:40Z,fanduel,Eric McAlister,4.5,-156.0,120.0
2025,8d2d9d2d52be2c1b040572a949cbeb8d,2025-09-27T02:30:00Z,Oregon State Beavers,Houston Cougars,2025-09-27T00:25:40Z,fanduel,Trent Walker,5.5,-130.0,100.0
2025,8d2d9d2d52be2c1b040572a949cbeb8d,2025-09-27T02:30:00Z,Oregon State Beavers,Houston Cougars,2025-09-27T00:25:40Z,fanduel,Taz Reddicks,3.5,-132.0,102.0
2025,8d2d9d2d52be2c1b040572a949cbeb8d,2025-09-27T02:30:00Z,Oregon State Beavers,Houston Cougars,2025-09-27T00:25:40Z,fanduel,Stephon Johnson,3.5,142.0,-188.0
2025,8d2d9d2d52be2c1b040572a949cbeb8d,2025-09-27T02:30:00Z,Oregon State Beavers,Houston Cougars,2025-09-27T00:25:40Z,fanduel,Tanner Koziol,4.5,-114.0,-114.0
2025,9c00e60e6d66a511cce53c0a0f5bde43,2025-09-27T16:00:00Z,Arkansas Razorbacks,Notre Dame Fighting Irish,2025-09-27T13:55:39Z,fanduel,Jordan Faison,3.5,-140.0,108.0
2025,9c00e60e6d66a511cce53c0a0f5bde43,2025-09-27T16:00:00Z,Arkansas Razorbacks,Notre Dame Fighting Irish,2025-09-27T13:55:39Z,fanduel,Eli Raridon,3.5,108.0,-140.0
2025,9c00e60e6d66a511cce53c0a0f5bde43,2025-09-27T16:00:00Z,Arkansas Razorbacks,Notre Dame Fighting Irish,2025-09-27T13:55:39Z,fanduel,O'Mega Blake,4.5,-132.0,102.0
2025,9c00e60e6d66a511cce53c0a0f5bde43,2025-09-27T16:00:00Z,Arkansas Razorbacks,Notre Dame Fighting Irish,2025-09-27T13:55:39Z,fanduel,Malachi Fields,3.5,-108.0,-120.0
2025,9c00e60e6d66a511cce53c0a0f5bde43,2025-09-27T16:00:00Z,Arkansas Razorbacks,Notre Dame Fighting Irish,2025-09-27T13:55:39Z,fanduel,Jeremiyah Love,2.5,-120.0,-108.0
2025,9211d988a7a37c1171c0402c46bd3ed5,2025-09-27T16:00:00Z,Illinois Fighting Illini,USC Trojans,2025-09-27T13:55:39Z,fanduel,Makai Lemon,6.5,108.0,-140.0
2025,9211d988a7a37c1171c0402c46bd3ed5,2025-09-27T16:00:00Z,Illinois Fighting Illini,USC Trojans,2025-09-27T13:55:39Z,fanduel,Hank Beatty,4.5,-120.0,-108.0
2025,9211d988a7a37c1171c0402c46bd3ed5,2025-09-27T16:00:00Z,Illinois Fighting Illini,USC Trojans,2025-09-27T13:55:39Z,bovada,Collin Dixon,3.5,-110.0,-120.0
2025,9211d988a7a37c1171c0402c46bd3ed5,2025-09-27T16:00:00Z,Illinois Fighting Illini,USC Trojans,2025-09-27T13:55:39Z,bovada,Hank Beatty,4.5,-120.0,-110.0
2025,9211d988a7a37c1171c0402c46bd3ed5,2025-09-27T16:00:00Z,Illinois Fighting Illini,USC Trojans,2025-09-27T13:55:39Z,bovada,Hudson Clement,3.5,-105.0,-125.0
2025,9211d988a7a37c1171c0402c46bd3ed5,2025-09-27T16:00:00Z,Illinois Fighting Illini,USC Trojans,2025-09-27T13:55:39Z,bovada,Lake McRee,2.5,-125.0,-105.0
2025,9211d988a7a37c1171c0402c46bd3ed5,2025-09-27T16:00:00Z,Illinois Fighting Illini,USC Trojans,2025-09-27T13:55:39Z,bovada,Makai Lemon,6.5,110.0,-145.0
2025,af7edb090e4bdcac144f29453cc9b416,2025-09-27T19:30:00Z,Iowa Hawkeyes,Indiana Hoosiers,2025-09-27T17:25:39Z,fanduel,Omar Cooper Jr.,4.5,144.0,-190.0
2025,af7edb090e4bdcac144f29453cc9b416,2025-09-27T19:30:00Z,Iowa Hawkeyes,Indiana Hoosiers,2025-09-27T17:25:39Z,fanduel,Elijah Sarratt,5.5,-128.0,-102.0
2025,af7edb090e4bdcac144f29453cc9b416,2025-09-27T19:30:00Z,Iowa Hawkeyes,Indiana Hoosiers,2025-09-27T17:25:39Z,fanduel,E.J. Williams Jr.,3.5,126.0,-165.0
2025,af7edb090e4bdcac144f29453cc9b416,2025-09-27T19:30:00Z,Iowa Hawkeyes,Indiana Hoosiers,2025-09-27T17:25:39Z,bovada,E.J. Williams Jr.,3.5,125.0,-165.0
2025,af7edb090e4bdcac144f29453cc9b416,2025-09-27T19:30:00Z,Iowa Hawkeyes,Indiana Hoosiers,2025-09-27T17:25:39Z,bovada,Elijah Sarratt,5.5,-130.0,100.0
2025,f0daa9672398345c140434330134b8e2,2025-09-27T19:30:00Z,Ole Miss Rebels,LSU Tigers,2025-09-27T17:25:39Z,fanduel,Dae'Quan Wright,2.5,-114.0,-114.0
2025,f0daa9672398345c140434330134b8e2,2025-09-27T19:30:00Z,Ole Miss Rebels,LSU Tigers,2025-09-27T17:25:39Z,fanduel,Cayden Lee,2.5,116.0,-152.0
2025,f0daa9672398345c140434330134b8e2,2025-09-27T19:30:00Z,Ole Miss Rebels,LSU Tigers,2025-09-27T17:25:39Z,fanduel,Harrison Wallace III,4.5,100.0,-130.0
2025,f0daa9672398345c140434330134b8e2,2025-09-27T19:30:00Z,Ole Miss Rebels,LSU Tigers,2025-09-27T17:25:39Z,fanduel,Deuce Alexander,3.5,112.0,-146.0
2025,f0daa9672398345c140434330134b8e2,2025-09-27T19:30:00Z,Ole Miss Rebels,LSU Tigers,2025-09-27T17:25:39Z,fanduel,Zavion Thomas,2.5,-140.0,108.0
2025,f0daa9672398345c140434330134b8e2,2025-09-27T19:30:00Z,Ole Miss Rebels,LSU Tigers,2025-09-27T17:25:39Z,fanduel,Barion Brown,5.5,128.0,-168.0
2025,f0daa9672398345c140434330134b8e2,2025-09-27T19:30:00Z,Ole Miss Rebels,LSU Tigers,2025-09-27T17:25:39Z,fanduel,Aaron Anderson,5.5,-102.0,-128.0
2025,f0daa9672398345c140434330134b8e2,2025-09-27T19:30:00Z,Ole Miss Rebels,LSU Tigers,2025-09-27T17:25:39Z,fanduel,Bauer Sharp,3.5,144.0,-190.0
2025,f0daa9672398345c140434330134b8e2,2025-09-27T19:30:00Z,Ole Miss Rebels,LSU Tigers,2025-09-27T17:25:39Z,fanduel,Trey'Dez Green,1.5,-152.0,116.0
2025,f0daa9672398345c140434330134b8e2,2025-09-27T19:30:00Z,Ole Miss Rebels,LSU Tigers,2025-09-27T17:25:39Z,bovada,Aaron Anderson,5.5,100.0,-130.0
2025,f0daa9672398345c140434330134b8e2,2025-09-27T19:30:00Z,Ole Miss Rebels,LSU Tigers,2025-09-27T17:25:39Z,bovada,Barion Brown,4.5,-145.0,110.0
2025,f0daa9672398345c140434330134b8e2,2025-09-27T19:30:00Z,Ole Miss Rebels,LSU Tigers,2025-09-27T17:25:39Z,bovada,Cayden Lee,2.5,110.0,-145.0
2025,f0daa9672398345c140434330134b8e2,2025-09-27T19:30:00Z,Ole Miss Rebels,LSU Tigers,2025-09-27T17:25:39Z,bovada,Deuce Alexander,3.5,110.0,-145.0
2025,f0daa9672398345c140434330134b8e2,2025-09-27T19:30:00Z,Ole Miss Rebels,LSU Tigers,2025-09-27T17:25:39Z,bovada,Harrison Wallace III,4.5,100.0,-130.0
2025,f0daa9672398345c140434330134b8e2,2025-09-27T19:30:00Z,Ole Miss Rebels,LSU Tigers,2025-09-27T17:25:39Z,bovada,Zavion Thomas,2.5,-145.0,110.0
2025,38ec707066a2e19151e10f088803554b,2025-09-27T19:30:00Z,Washington Huskies,Ohio State Buckeyes,2025-09-27T17:25:39Z,fanduel,Denzel Boston,4.5,-114.0,-114.0
2025,38ec707066a2e19151e10f088803554b,2025-09-27T19:30:00Z,Washington Huskies,Ohio State Buckeyes,2025-09-27T17:25:39Z,fanduel,Max Klare,1.5,-118.0,-110.0
2025,38ec707066a2e19151e10f088803554b,2025-09-27T19:30:00Z,Washington Huskies,Ohio State Buckeyes,2025-09-27T17:25:39Z,fanduel,Jonah Coleman,2.5,-114.0,-114.0
2025,38ec707066a2e19151e10f088803554b,2025-09-27T19:30:00Z,Washington Huskies,Ohio State Buckeyes,2025-09-27T17:25:39Z,fanduel,Jeremiah Smith,6.5,112.0,-146.0
2025,38ec707066a2e19151e10f088803554b,2025-09-27T19:30:00Z,Washington Huskies,Ohio State Buckeyes,2025-09-27T17:25:39Z,fanduel,Carnell Tate,4.5,108.0,-140.0
2025,38ec707066a2e19151e10f088803554b,2025-09-27T19:30:00Z,Washington Huskies,Ohio State Buckeyes,2025-09-27T17:25:39Z,fanduel,Dezmen Roebuck,2.5,112.0,-146.0
2025,38ec707066a2e19151e10f088803554b,2025-09-27T19:30:00Z,Washington Huskies,Ohio State Buckeyes,2025-09-27T17:25:39Z,bovada,Carnell Tate,4.5,100.0,-130.0
2025,38ec707066a2e19151e10f088803554b,2025-09-27T19:30:00Z,Washington Huskies,Ohio State Buckeyes,2025-09-27T17:25:39Z,bovada,Denzel Boston,4.5,-120.0,-110.0
2025,38ec707066a2e19151e10f088803554b,2025-09-27T19:30:00Z,Washington Huskies,Ohio State Buckeyes,2025-09-27T17:25:39Z,bovada,Jeremiah Smith,6.5,100.0,-130.0
2025,38ec707066a2e19151e10f088803554b,2025-09-27T19:30:00Z,Washington Huskies,Ohio State Buckeyes,2025-09-27T17:25:39Z,bovada,Max Klare,1.5,-130.0,100.0
2025,b41939807dad226f718eeb8fa56d7342,2025-09-27T23:30:00Z,Georgia Bulldogs,Alabama Crimson Tide,2025-09-27T21:25:39Z,fanduel,Isaiah Horton,2.5,-102.0,-128.0
2025,b41939807dad226f718eeb8fa56d7342,2025-09-27T23:30:00Z,Georgia Bulldogs,Alabama Crimson Tide,2025-09-27T21:25:39Z,fanduel,Ryan Williams,4.5,-156.0,120.0
2025,b41939807dad226f718eeb8fa56d7342,2025-09-27T23:30:00Z,Georgia Bulldogs,Alabama Crimson Tide,2025-09-27T21:25:39Z,fanduel,Colbie Young,3.5,-128.0,-102.0
2025,b41939807dad226f718eeb8fa56d7342,2025-09-27T23:30:00Z,Georgia Bulldogs,Alabama Crimson Tide,2025-09-27T21:25:39Z,fanduel,Zachariah Branch,3.5,-138.0,106.0
2025,b41939807dad226f718eeb8fa56d7342,2025-09-27T23:30:00Z,Georgia Bulldogs,Alabama Crimson Tide,2025-09-27T21:25:39Z,fanduel,Germie Bernard,4.5,108.0,-140.0
2025,b41939807dad226f718eeb8fa56d7342,2025-09-27T23:30:00Z,Georgia Bulldogs,Alabama Crimson Tide,2025-09-27T21:25:39Z,fanduel,Josh Cuevas,2.5,-102.0,-128.0
2025,b41939807dad226f718eeb8fa56d7342,2025-09-27T23:30:00Z,Georgia Bulldogs,Alabama Crimson Tide,2025-09-27T21:25:39Z,bovada,Colbie Young,3.5,-130.0,100.0
2025,b41939807dad226f718eeb8fa56d7342,2025-09-27T23:30:00Z,Georgia Bulldogs,Alabama Crimson Tide,2025-09-27T21:25:39Z,bovada,Germie Bernard,4.5,110.0,-145.0
2025,b41939807dad226f718eeb8fa56d7342,2025-09-27T23:30:00Z,Georgia Bulldogs,Alabama Crimson Tide,2025-09-27T21:25:39Z,bovada,Isaiah Horton,2.5,100.0,-130.0
2025,b41939807dad226f718eeb8fa56d7342,2025-09-27T23:30:00Z,Georgia Bulldogs,Alabama Crimson Tide,2025-09-27T21:25:39Z,bovada,Josh Cuevas,2.5,100.0,-130.0
2025,b41939807dad226f718eeb8fa56d7342,2025-09-27T23:30:00Z,Georgia Bulldogs,Alabama Crimson Tide,2025-09-27T21:25:39Z,bovada,Ryan Williams,5.5,100.0,-130.0
2025,b41939807dad226f718eeb8fa56d7342,2025-09-27T23:30:00Z,Georgia Bulldogs,Alabama Crimson Tide,2025-09-27T21:25:39Z,bovada,Zachariah Branch,3.5,-135.0,105.0
2025,0aed7c08799beb9a4ed133518b11194a,2025-09-27T23:30:00Z,Penn State Nittany Lions,Oregon Ducks,2025-09-27T21:25:39Z,fanduel,Luke Reynolds,3.5,100.0,-130.0
2025,0aed7c08799beb9a4ed133518b11194a,2025-09-27T23:30:00Z,Penn State Nittany Lions,Oregon Ducks,2025-09-27T21:25:39Z,fanduel,Kyron Hudson,3.5,104.0,-135.0
2025,0aed7c08799beb9a4ed133518b11194a,2025-09-27T23:30:00Z,Penn State Nittany Lions,Oregon Ducks,2025-09-27T21:25:39Z,fanduel,Nicholas Singleton,2.5,-118.0,-110.0
2025,0aed7c08799beb9a4ed133518b11194a,2025-09-27T23:30:00Z,Penn State Nittany Lions,Oregon Ducks,2025-09-27T21:25:39Z,fanduel,Trebor Pena,3.5,-168.0,128.0
2025,0aed7c08799beb9a4ed133518b11194a,2025-09-27T23:30:00Z,Penn State Nittany Lions,Oregon Ducks,2025-09-27T21:25:39Z,fanduel,Dakorien Moore,3.5,116.0,-152.0
2025,0aed7c08799beb9a4ed133518b11194a,2025-09-27T23:30:00Z,Penn State Nittany Lions,Oregon Ducks,2025-09-27T21:25:39Z,fanduel,Malik Benson,2.5,-152.0,116.0
2025,0aed7c08799beb9a4ed133518b11194a,2025-09-27T23:30:00Z,Penn State Nittany Lions,Oregon Ducks,2025-09-27T21:25:39Z,fanduel,Kenyon Sadiq,3.5,130.0,-170.0
2025,0aed7c08799beb9a4ed133518b11194a,2025-09-27T23:30:00Z,Penn State Nittany Lions,Oregon Ducks,2025-09-27T21:25:39Z,fanduel,Gary Bryant Jr.,2.5,-128.0,-102.0
2025,0aed7c08799beb9a4ed133518b11194a,2025-09-27T23:30:00Z,Penn State Nittany Lions,Oregon Ducks,2025-09-27T21:25:39Z,bovada,Dakorien Moore,3.5,105.0,-135.0
2025,0aed7c08799beb9a4ed133518b11194a,2025-09-27T23:30:00Z,Penn State Nittany Lions,Oregon Ducks,2025-09-27T21:25:39Z,bovada,Gary Bryant Jr.,2.5,-130.0,100.0
2025,0aed7c08799beb9a4ed133518b11194a,2025-09-27T23:30:00Z,Penn State Nittany Lions,Oregon Ducks,2025-09-27T21:25:39Z,bovada,Kenyon Sadiq,3.5,125.0,-165.0
2025,0aed7c08799beb9a4ed133518b11194a,2025-09-27T23:30:00Z,Penn State Nittany Lions,Oregon Ducks,2025-09-27T21:25:39Z,bovada,Kyron Hudson,3.5,105.0,-135.0
2025,0aed7c08799beb9a4ed133518b11194a,2025-09-27T23:30:00Z,Penn State Nittany Lions,Oregon Ducks,2025-09-27T21:25:39Z,bovada,Luke Reynolds,3.5,100.0,-130.0
2025,0aed7c08799beb9a4ed133518b11194a,2025-09-27T23:30:00Z,Penn State Nittany Lions,Oregon Ducks,2025-09-27T21:25:39Z,bovada,Malik Benson,2.5,-165.0,125.0
2025,0aed7c08799beb9a4ed133518b11194a,2025-09-27T23:30:00Z,Penn State Nittany Lions,Oregon Ducks,2025-09-27T21:25:39Z,bovada,Nicholas Singleton,2.5,-125.0,-105.0
2025,0aed7c08799beb9a4ed133518b11194a,2025-09-27T23:30:00Z,Penn State Nittany Lions,Oregon Ducks,2025-09-27T21:25:39Z,bovada,Trebor Pena,3.5,-165.0,125.0
2025,ed6e2166a1b10224914b27016e04ee80,2025-10-03T23:00:00Z,South Florida Bulls,Charlotte 49ers,2025-10-03T20:55:39Z,fanduel,Javen Nicholas,5.5,134.0,-176.0
2025,ed6e2166a1b10224914b27016e04ee80,2025-10-03T23:00:00Z,South Florida Bulls,Charlotte 49ers,2025-10-03T20:55:39Z,fanduel,Chas Nimrod,4.5,122.0,-160.0
2025,ed6e2166a1b10224914b27016e04ee80,2025-10-03T23:00:00Z,South Florida Bulls,Charlotte 49ers,2025-10-03T20:55:39Z,fanduel,E. Jai Mason,4.5,106.0,-138.0
2025,ed6e2166a1b10224914b27016e04ee80,2025-10-03T23:00:00Z,South Florida Bulls,Charlotte 49ers,2025-10-03T20:55:39Z,fanduel,Keshaun Singleton,4.5,128.0,-168.0
2025,60be30c76c784a4f4c7e3f4c4a0fbea2,2025-10-03T23:00:00Z,Delaware Blue Hens,Western Kentucky Hilltoppers,2025-10-03T20:55:39Z,fanduel,K.D. Hutchinson,2.5,-152.0,116.0
2025,60be30c76c784a4f4c7e3f4c4a0fbea2,2025-10-03T23:00:00Z,Delaware Blue Hens,Western Kentucky Hilltoppers,2025-10-03T20:55:39Z,fanduel,Noah Meyers,2.5,-170.0,130.0
2025,60be30c76c784a4f4c7e3f4c4a0fbea2,2025-10-03T23:00:00Z,Delaware Blue Hens,Western Kentucky Hilltoppers,2025-10-03T20:55:39Z,fanduel,Matthew Henry,4.5,136.0,-178.0
2025,60be30c76c784a4f4c7e3f4c4a0fbea2,2025-10-03T23:00:00Z,Delaware Blue Hens,Western Kentucky Hilltoppers,2025-10-03T20:55:39Z,fanduel,Marvis Parrish,3.5,114.0,-148.0
2025,60be30c76c784a4f4c7e3f4c4a0fbea2,2025-10-03T23:00:00Z,Delaware Blue Hens,Western Kentucky Hilltoppers,2025-10-03T20:55:39Z,fanduel,Moussa Barry,2.5,-128.0,-102.0
2025,4ce2d16a7941f87821553c4d18504581,2025-10-04T02:00:00Z,San Jose State Spartans,New Mexico Lobos,2025-10-03T23:55:39Z,fanduel,Danny Scudero,8.5,120.0,-156.0
2025,4ce2d16a7941f87821553c4d18504581,2025-10-04T02:00:00Z,San Jose State Spartans,New Mexico Lobos,2025-10-03T23:55:39Z,fanduel,Dorian Thomas,5.5,-114.0,-114.0
2025,4ce2d16a7941f87821553c4d18504581,2025-10-04T02:00:00Z,San Jose State Spartans,New Mexico Lobos,2025-10-03T23:55:39Z,fanduel,Keagan Johnson,4.5,-114.0,-114.0
2025,f92b0c2e0458d4b67a708cf2cc086479,2025-10-04T02:30:00Z,BYU Cougars,West Virginia Mountaineers,2025-10-04T00:25:39Z,fanduel,Carsen Ryan,2.5,-108.0,-120.0
2025,f92b0c2e0458d4b67a708cf2cc086479,2025-10-04T02:30:00Z,BYU Cougars,West Virginia Mountaineers,2025-10-04T00:25:39Z,fanduel,Parker Kingston,3.5,-156.0,120.0
2025,f92b0c2e0458d4b67a708cf2cc086479,2025-10-04T02:30:00Z,BYU Cougars,West Virginia Mountaineers,2025-10-04T00:25:39Z,fanduel,Chase Roberts,4.5,-114.0,-114.0
2025,f92b0c2e0458d4b67a708cf2cc086479,2025-10-04T02:30:00Z,BYU Cougars,West Virginia Mountaineers,2025-10-04T00:25:39Z,bovada,Carsen Ryan,2.5,-105.0,-125.0
2025,f92b0c2e0458d4b67a708cf2cc086479,2025-10-04T02:30:00Z,BYU Cougars,West Virginia Mountaineers,2025-10-04T00:25:39Z,bovada,Chase Roberts,4.5,-120.0,-110.0
2025,f92b0c2e0458d4b67a708cf2cc086479,2025-10-04T02:30:00Z,BYU Cougars,West Virginia Mountaineers,2025-10-04T00:25:39Z,bovada,Parker Kingston,3.5,-150.0,115.0
2025,6dd65fe376b5947e6b3e12f53e4f2f85,2025-10-04T02:30:00Z,San Diego State Aztecs,Colorado State Rams,2025-10-04T00:25:39Z,fanduel,Jordan Napier,5.5,-152.0,116.0
2025,2e59cc43133dd809fffed4c843d7afcc,2025-10-04T16:00:00Z,North Carolina Tar Heels,Clemson Tigers,2025-10-04T13:55:38Z,fanduel,Bryant Wesco Jr.,5.5,126.0,-165.0
2025,2e59cc43133dd809fffed4c843d7afcc,2025-10-04T16:00:00Z,North Carolina Tar Heels,Clemson Tigers,2025-10-04T13:55:38Z,fanduel,Antonio Williams,5.5,-120.0,-108.0
2025,2e59cc43133dd809fffed4c843d7afcc,2025-10-04T16:00:00Z,North Carolina Tar Heels,Clemson Tigers,2025-10-04T13:55:38Z,fanduel,T.J. Moore,3.5,-146.0,112.0
2025,2d276512e01be0ee84a7d0bb9fc4d604,2025-10-04T16:00:00Z,Georgia Bulldogs,Kentucky Wildcats,2025-10-04T13:55:38Z,fanduel,Colbie Young,3.5,-196.0,148.0
2025,2d276512e01be0ee84a7d0bb9fc4d604,2025-10-04T16:00:00Z,Georgia Bulldogs,Kentucky Wildcats,2025-10-04T13:55:38Z,fanduel,Zachariah Branch,3.5,-140.0,108.0
2025,3cdecb280dab6308f21d5b4bf89806f6,2025-10-04T16:00:00Z,Michigan Wolverines,Wisconsin Badgers,2025-10-04T13:55:38Z,fanduel,Vinny Anthony II,3.5,126.0,-165.0
2025,3cdecb280dab6308f21d5b4bf89806f6,2025-10-04T16:00:00Z,Michigan Wolverines,Wisconsin Badgers,2025-10-04T13:55:38Z,fanduel,Lance Mason,3.5,100.0,-130.0
2025,3cdecb280dab6308f21d5b4bf89806f6,2025-10-04T16:00:00Z,Michigan Wolverines,Wisconsin Badgers,2025-10-04T13:55:38Z,fanduel,Donaven McCulley,3.5,102.0,-132.0
2025,0169b39d461abff544e93d0287c1fab1,2025-10-04T19:30:00Z,Alabama Crimson Tide,Vanderbilt Commodores,2025-10-04T17:25:38Z,fanduel,Eli Stowers,4.5,-114.0,-114.0
2025,0169b39d461abff544e93d0287c1fab1,2025-10-04T19:30:00Z,Alabama Crimson Tide,Vanderbilt Commodores,2025-10-04T17:25:38Z,fanduel,Isaiah Horton,4.5,130.0,-170.0
2025,0169b39d461abff544e93d0287c1fab1,2025-10-04T19:30:00Z,Alabama Crimson Tide,Vanderbilt Commodores,2025-10-04T17:25:38Z,fanduel,Ryan Williams,4.5,-114.0,-114.0
2025,0169b39d461abff544e93d0287c1fab1,2025-10-04T19:30:00Z,Alabama Crimson Tide,Vanderbilt Commodores,2025-10-04T17:25:38Z,fanduel,Germie Bernard,4.5,-128.0,-102.0
2025,0169b39d461abff544e93d0287c1fab1,2025-10-04T19:30:00Z,Alabama Crimson Tide,Vanderbilt Commodores,2025-10-04T17:25:38Z,fanduel,Tre Richardson,4.5,130.0,-170.0
2025,0169b39d461abff544e93d0287c1fab1,2025-10-04T19:30:00Z,Alabama Crimson Tide,Vanderbilt Commodores,2025-10-04T17:25:38Z,bovada,Eli Stowers,3.5,-230.0,170.0
2025,0169b39d461abff544e93d0287c1fab1,2025-10-04T19:30:00Z,Alabama Crimson Tide,Vanderbilt Commodores,2025-10-04T17:25:38Z,bovada,Germie Bernard,4.5,-130.0,100.0
2025,0169b39d461abff544e93d0287c1fab1,2025-10-04T19:30:00Z,Alabama Crimson Tide,Vanderbilt Commodores,2025-10-04T17:25:38Z,bovada,Isaiah Horton,3.5,-170.0,130.0
2025,0169b39d461abff544e93d0287c1fab1,2025-10-04T19:30:00Z,Alabama Crimson Tide,Vanderbilt Commodores,2025-10-04T17:25:38Z,bovada,Ryan Williams,4.5,-115.0,-115.0
2025,0169b39d461abff544e93d0287c1fab1,2025-10-04T19:30:00Z,Alabama Crimson Tide,Vanderbilt Commodores,2025-10-04T17:25:38Z,bovada,Tre Richardson,3.5,-165.0,125.0
2025,8fe4d3c56069de55c950af75be1ef8d2,2025-10-04T19:30:00Z,Notre Dame Fighting Irish,Boise State Broncos,2025-10-04T17:25:38Z,fanduel,Jeremiyah Love,3.5,-114.0,-114.0
2025,8fe4d3c56069de55c950af75be1ef8d2,2025-10-04T19:30:00Z,Notre Dame Fighting Irish,Boise State Broncos,2025-10-04T17:25:38Z,fanduel,Malachi Fields,3.5,-114.0,-114.0
2025,8fe4d3c56069de55c950af75be1ef8d2,2025-10-04T19:30:00Z,Notre Dame Fighting Irish,Boise State Broncos,2025-10-04T17:25:38Z,fanduel,Jordan Faison,4.5,-138.0,106.0
2025,fbde7d91385363d991f47b06e939428c,2025-10-04T19:30:00Z,Florida Gators,Texas Longhorns,2025-10-04T17:25:38Z,fanduel,Eugene Wilson III,3.5,-156.0,120.0
2025,fbde7d91385363d991f47b06e939428c,2025-10-04T19:30:00Z,Florida Gators,Texas Longhorns,2025-10-04T17:25:38Z,fanduel,Hayden Hansen,3.5,108.0,-140.0
2025,fbde7d91385363d991f47b06e939428c,2025-10-04T19:30:00Z,Florida Gators,Texas Longhorns,2025-10-04T17:25:38Z,fanduel,DeAndre Moore Jr.,3.5,108.0,-140.0
2025,fbde7d91385363d991f47b06e939428c,2025-10-04T19:30:00Z,Florida Gators,Texas Longhorns,2025-10-04T17:25:38Z,fanduel,Vernell Brown III,3.5,-140.0,108.0
2025,fbde7d91385363d991f47b06e939428c,2025-10-04T19:30:00Z,Florida Gators,Texas Longhorns,2025-10-04T17:25:38Z,fanduel,Ryan Wingo,3.5,104.0,-135.0
2025,fbde7d91385363d991f47b06e939428c,2025-10-04T19:30:00Z,Florida Gators,Texas Longhorns,2025-10-04T17:25:38Z,fanduel,Jack Endries,2.5,-120.0,-108.0
2025,fbde7d91385363d991f47b06e939428c,2025-10-04T19:30:00Z,Florida Gators,Texas Longhorns,2025-10-04T17:25:38Z,bovada,DeAndre Moore Jr.,3.5,105.0,-135.0
2025,fbde7d91385363d991f47b06e939428c,2025-10-04T19:30:00Z,Florida Gators,Texas Longhorns,2025-10-04T17:25:38Z,bovada,Eugene Wilson III,4.5,115.0,-150.0
2025,fbde7d91385363d991f47b06e939428c,2025-10-04T19:30:00Z,Florida Gators,Texas Longhorns,2025-10-04T17:25:38Z,bovada,Hayden Hansen,3.5,105.0,-135.0
2025,fbde7d91385363d991f47b06e939428c,2025-10-04T19:30:00Z,Florida Gators,Texas Longhorns,2025-10-04T17:25:38Z,bovada,Jack Endries,2.5,-125.0,-105.0
2025,fbde7d91385363d991f47b06e939428c,2025-10-04T19:30:00Z,Florida Gators,Texas Longhorns,2025-10-04T17:25:38Z,bovada,Ryan Wingo,3.5,100.0,-130.0
2025,6713f27b1f4032c4ebc0f91d0fc86306,2025-10-04T19:30:00Z,Louisville Cardinals,Virginia Cavaliers,2025-10-04T17:25:38Z,fanduel,Cam Ross,4.5,-108.0,-120.0
2025,6713f27b1f4032c4ebc0f91d0fc86306,2025-10-04T19:30:00Z,Louisville Cardinals,Virginia Cavaliers,2025-10-04T17:25:38Z,fanduel,Trell Harris,4.5,122.0,-160.0
2025,6713f27b1f4032c4ebc0f91d0fc86306,2025-10-04T19:30:00Z,Louisville Cardinals,Virginia Cavaliers,2025-10-04T17:25:38Z,fanduel,Chris Bell,5.5,-138.0,106.0
2025,6713f27b1f4032c4ebc0f91d0fc86306,2025-10-04T19:30:00Z,Louisville Cardinals,Virginia Cavaliers,2025-10-04T17:25:38Z,fanduel,Jahmal Edrine,3.5,-120.0,-108.0
2025,6713f27b1f4032c4ebc0f91d0fc86306,2025-10-04T19:30:00Z,Louisville Cardinals,Virginia Cavaliers,2025-10-04T17:25:38Z,fanduel,Caullin Lacy,5.5,-120.0,-108.0
2025,cb392d95625a9a1bc0c9d38b48e01e04,2025-10-04T19:30:00Z,UCLA Bruins,Penn State Nittany Lions,2025-10-04T17:25:38Z,fanduel,Kyron Hudson,3.5,-108.0,-120.0
2025,cb392d95625a9a1bc0c9d38b48e01e04,2025-10-04T19:30:00Z,UCLA Bruins,Penn State Nittany Lions,2025-10-04T17:25:38Z,fanduel,Trebor Pena,3.5,-120.0,-108.0
2025,cb392d95625a9a1bc0c9d38b48e01e04,2025-10-04T19:30:00Z,UCLA Bruins,Penn State Nittany Lions,2025-10-04T17:25:38Z,fanduel,Kwazi Gilmer,4.5,-108.0,-120.0
2025,cb392d95625a9a1bc0c9d38b48e01e04,2025-10-04T19:30:00Z,UCLA Bruins,Penn State Nittany Lions,2025-10-04T17:25:38Z,fanduel,Luke Reynolds,3.5,132.0,-174.0
2025,e3f1c7a8b94a532b18987dfd0c13998e,2025-10-04T23:30:00Z,Florida State Seminoles,Miami Hurricanes,2025-10-04T21:25:38Z,fanduel,Malachi Toney,5.5,110.0,-144.0
2025,e3f1c7a8b94a532b18987dfd0c13998e,2025-10-04T23:30:00Z,Florida State Seminoles,Miami Hurricanes,2025-10-04T21:25:38Z,fanduel,CJ Daniels,4.5,130.0,-170.0
2025,e3f1c7a8b94a532b18987dfd0c13998e,2025-10-04T23:30:00Z,Florida State Seminoles,Miami Hurricanes,2025-10-04T21:25:38Z,fanduel,Duce Robinson,4.5,-113.0,-115.0
2025,e3f1c7a8b94a532b18987dfd0c13998e,2025-10-04T23:30:00Z,Florida State Seminoles,Miami Hurricanes,2025-10-04T21:25:38Z,bovada,CJ Daniels,4.5,125.0,-165.0
2025,e3f1c7a8b94a532b18987dfd0c13998e,2025-10-04T23:30:00Z,Florida State Seminoles,Miami Hurricanes,2025-10-04T21:25:38Z,bovada,Duce Robinson,4.5,-120.0,-110.0
2025,1c2bc1c8623e7527c13a515529541b89,2025-10-04T23:30:00Z,Ohio State Buckeyes,Minnesota Golden Gophers,2025-10-04T21:25:38Z,fanduel,Le'Meke Brockington,3.5,125.0,-164.0
2025,1c2bc1c8623e7527c13a515529541b89,2025-10-04T23:30:00Z,Ohio State Buckeyes,Minnesota Golden Gophers,2025-10-04T21:25:38Z,fanduel,Jeremiah Smith,6.5,-120.0,-108.0
2025,1c2bc1c8623e7527c13a515529541b89,2025-10-04T23:30:00Z,Ohio State Buckeyes,Minnesota Golden Gophers,2025-10-04T21:25:38Z,fanduel,Carnell Tate,3.5,-128.0,-102.0
2025,1c2bc1c8623e7527c13a515529541b89,2025-10-04T23:30:00Z,Ohio State Buckeyes,Minnesota Golden Gophers,2025-10-04T21:25:38Z,fanduel,Javon Tracy,3.5,144.0,-190.0
2025,1c2bc1c8623e7527c13a515529541b89,2025-10-04T23:30:00Z,Ohio State Buckeyes,Minnesota Golden Gophers,2025-10-04T21:25:38Z,bovada,Carnell Tate,3.5,-130.0,100.0
2025,1c2bc1c8623e7527c13a515529541b89,2025-10-04T23:30:00Z,Ohio State Buckeyes,Minnesota Golden Gophers,2025-10-04T21:25:38Z,bovada,Javon Tracy,2.5,-170.0,130.0
2025,1c2bc1c8623e7527c13a515529541b89,2025-10-04T23:30:00Z,Ohio State Buckeyes,Minnesota Golden Gophers,2025-10-04T21:25:38Z,bovada,Jeremiah Smith,6.5,-125.0,-105.0
2025,1c2bc1c8623e7527c13a515529541b89,2025-10-04T23:30:00Z,Ohio State Buckeyes,Minnesota Golden Gophers,2025-10-04T21:25:38Z,bovada,Le'Meke Brockington,3.5,125.0,-165.0
2025,98032c76517a301d3547a0224bb802f1,2025-10-05T01:30:00Z,California Golden Bears,Duke Blue Devils,2025-10-04T23:25:38Z,fanduel,Trond Grizzell,4.5,110.0,-144.0
2025,98032c76517a301d3547a0224bb802f1,2025-10-05T01:30:00Z,California Golden Bears,Duke Blue Devils,2025-10-04T23:25:38Z,fanduel,Mason Mini,4.5,108.0,-140.0
2025,98032c76517a301d3547a0224bb802f1,2025-10-05T01:30:00Z,California Golden Bears,Duke Blue Devils,2025-10-04T23:25:38Z,fanduel,Cooper Barkate,4.5,108.0,-140.0
2025,98032c76517a301d3547a0224bb802f1,2025-10-05T01:30:00Z,California Golden Bears,Duke Blue Devils,2025-10-04T23:25:38Z,fanduel,Jacob De Jesus,5.5,-146.0,112.0
2025,98032c76517a301d3547a0224bb802f1,2025-10-05T01:30:00Z,California Golden Bears,Duke Blue Devils,2025-10-04T23:25:38Z,fanduel,Que'Sean Brown,4.5,116.0,-152.0
2025,98032c76517a301d3547a0224bb802f1,2025-10-05T01:30:00Z,California Golden Bears,Duke Blue Devils,2025-10-04T23:25:38Z,bovada,Cooper Barkate,4.5,105.0,-135.0
2025,98032c76517a301d3547a0224bb802f1,2025-10-05T01:30:00Z,California Golden Bears,Duke Blue Devils,2025-10-04T23:25:38Z,bovada,Mason Mini,4.5,105.0,-135.0
2025,98032c76517a301d3547a0224bb802f1,2025-10-05T01:30:00Z,California Golden Bears,Duke Blue Devils,2025-10-04T23:25:38Z,bovada,Que'Sean Brown,4.5,115.0,-150.0
2025,98032c76517a301d3547a0224bb802f1,2025-10-05T01:30:00Z,California Golden Bears,Duke Blue Devils,2025-10-04T23:25:38Z,bovada,Trond Grizzell,4.5,115.0,-150.0
2025,f35e80c2c336d6a9769b1b9a5ea34ebb,2025-10-08T23:30:00Z,Middle Tennessee Blue Raiders,Missouri State Bears,2025-10-08T21:25:39Z,fanduel,Nahzae Cox,4.5,-115.0,-113.0
2025,80be7099edd5c7bdd8543513a959d509,2025-10-09T23:00:00Z,Kennesaw State Owls,Louisiana Tech Bulldogs,2025-10-09T20:55:39Z,fanduel,Eli Finley,3.5,-114.0,-114.0
2025,80be7099edd5c7bdd8543513a959d509,2025-10-09T23:00:00Z,Kennesaw State Owls,Louisiana Tech Bulldogs,2025-10-09T20:55:39Z,fanduel,Gabriel Benyard,3.5,-132.0,102.0
2025,80be7099edd5c7bdd8543513a959d509,2025-10-09T23:00:00Z,Kennesaw State Owls,Louisiana Tech Bulldogs,2025-10-09T20:55:39Z,fanduel,Devin Gandy,2.5,-122.0,-106.0
2025,80be7099edd5c7bdd8543513a959d509,2025-10-09T23:00:00Z,Kennesaw State Owls,Louisiana Tech Bulldogs,2025-10-09T20:55:39Z,fanduel,Lyndon Ravare,2.5,126.0,-165.0
2025,80be7099edd5c7bdd8543513a959d509,2025-10-09T23:00:00Z,Kennesaw State Owls,Louisiana Tech Bulldogs,2025-10-09T20:55:39Z,fanduel,Christian Moss,2.5,-156.0,120.0
2025,7d21808c0d39ffee98aaef9aaf4fc226,2025-10-09T23:30:00Z,Tulane Green Wave,East Carolina Pirates,2025-10-09T21:25:39Z,fanduel,Omari Hayes,3.5,126.0,-165.0
2025,7d21808c0d39ffee98aaef9aaf4fc226,2025-10-09T23:30:00Z,Tulane Green Wave,East Carolina Pirates,2025-10-09T21:25:39Z,fanduel,Yannick Smith,4.5,-106.0,-122.0
2025,7d21808c0d39ffee98aaef9aaf4fc226,2025-10-09T23:30:00Z,Tulane Green Wave,East Carolina Pirates,2025-10-09T21:25:39Z,fanduel,Bryce Bohanon,2.5,-165.0,126.0
2025,7d21808c0d39ffee98aaef9aaf4fc226,2025-10-09T23:30:00Z,Tulane Green Wave,East Carolina Pirates,2025-10-09T21:25:39Z,fanduel,Jayvontay Conner,2.5,168.0,-225.0
2025,7d21808c0d39ffee98aaef9aaf4fc226,2025-10-09T23:30:00Z,Tulane Green Wave,East Carolina Pirates,2025-10-09T21:25:39Z,fanduel,Brock Spalding,3.5,-160.0,122.0
2025,7d21808c0d39ffee98aaef9aaf4fc226,2025-10-09T23:30:00Z,Tulane Green Wave,East Carolina Pirates,2025-10-09T21:25:39Z,fanduel,Shazz Preston,2.5,-154.0,118.0
2025,7d21808c0d39ffee98aaef9aaf4fc226,2025-10-09T23:30:00Z,Tulane Green Wave,East Carolina Pirates,2025-10-09T21:25:39Z,fanduel,Anthony Smith,4.5,100.0,-130.0
2025,57283eb69be8d23bc114313e20af0fc0,2025-10-10T00:00:00Z,Sam Houston State Bearkats,Jacksonville State Gamecocks,2025-10-09T21:55:39Z,fanduel,Malik Phillips,3.5,-104.0,-125.0
2025,57283eb69be8d23bc114313e20af0fc0,2025-10-10T00:00:00Z,Sam Houston State Bearkats,Jacksonville State Gamecocks,2025-10-09T21:55:39Z,fanduel,Grady O'Neill,2.5,-120.0,-108.0
2025,ebc400e419d11f88b555c4c425a101aa,2025-10-10T23:30:00Z,North Texas Mean Green,South Florida Bulls,2025-10-10T21:25:39Z,fanduel,Chas Nimrod,4.5,-113.0,-115.0
2025,ebc400e419d11f88b555c4c425a101aa,2025-10-10T23:30:00Z,North Texas Mean Green,South Florida Bulls,2025-10-10T21:25:39Z,fanduel,Keshaun Singleton,3.5,102.0,-132.0
2025,ebc400e419d11f88b555c4c425a101aa,2025-10-10T23:30:00Z,North Texas Mean Green,South Florida Bulls,2025-10-10T21:25:39Z,fanduel,Landon Sides,3.5,-168.0,128.0
2025,ebc400e419d11f88b555c4c425a101aa,2025-10-10T23:30:00Z,North Texas Mean Green,South Florida Bulls,2025-10-10T21:25:39Z,fanduel,Miles Coleman,5.5,112.0,-146.0
2025,4e5471d34b6f44691d945144edd9e96c,2025-10-11T15:59:00Z,Missouri Tigers,Alabama Crimson Tide,2025-10-11T13:55:39Z,fanduel,Josh Cuevas,2.5,-114.0,-114.0
2025,4e5471d34b6f44691d945144edd9e96c,2025-10-11T15:59:00Z,Missouri Tigers,Alabama Crimson Tide,2025-10-11T13:55:39Z,fanduel,Kevin Coleman Jr.,5.5,-140.0,108.0
2025,4e5471d34b6f44691d945144edd9e96c,2025-10-11T15:59:00Z,Missouri Tigers,Alabama Crimson Tide,2025-10-11T13:55:39Z,fanduel,Ryan Williams,4.5,-146.0,112.0
2025,4e5471d34b6f44691d945144edd9e96c,2025-10-11T15:59:00Z,Missouri Tigers,Alabama Crimson Tide,2025-10-11T13:55:39Z,fanduel,Germie Bernard,4.5,-128.0,-102.0
2025,4e5471d34b6f44691d945144edd9e96c,2025-10-11T15:59:00Z,Missouri Tigers,Alabama Crimson Tide,2025-10-11T13:55:39Z,fanduel,Marquis Johnson,3.5,102.0,-132.0
2025,4e5471d34b6f44691d945144edd9e96c,2025-10-11T15:59:00Z,Missouri Tigers,Alabama Crimson Tide,2025-10-11T13:55:39Z,fanduel,Isaiah Horton,3.5,-130.0,100.0
2025,4e5471d34b6f44691d945144edd9e96c,2025-10-11T15:59:00Z,Missouri Tigers,Alabama Crimson Tide,2025-10-11T13:55:39Z,bovada,Germie Bernard,4.5,-130.0,100.0
2025,4e5471d34b6f44691d945144edd9e96c,2025-10-11T15:59:00Z,Missouri Tigers,Alabama Crimson Tide,2025-10-11T13:55:39Z,bovada,Isaiah Horton,3.5,-130.0,100.0
2025,4e5471d34b6f44691d945144edd9e96c,2025-10-11T15:59:00Z,Missouri Tigers,Alabama Crimson Tide,2025-10-11T13:55:39Z,bovada,Marquis Johnson,3.5,100.0,-130.0
2025,4e5471d34b6f44691d945144edd9e96c,2025-10-11T15:59:00Z,Missouri Tigers,Alabama Crimson Tide,2025-10-11T13:55:39Z,bovada,Ryan Williams,4.5,-145.0,110.0
2025,6850ce38681c03906af201d68cdd70e7,2025-10-11T16:00:00Z,Illinois Fighting Illini,Ohio State Buckeyes,2025-10-11T13:55:39Z,fanduel,Collin Dixon,2.5,-168.0,128.0
2025,6850ce38681c03906af201d68cdd70e7,2025-10-11T16:00:00Z,Illinois Fighting Illini,Ohio State Buckeyes,2025-10-11T13:55:39Z,fanduel,Jeremiah Smith,6.5,-132.0,102.0
2025,6850ce38681c03906af201d68cdd70e7,2025-10-11T16:00:00Z,Illinois Fighting Illini,Ohio State Buckeyes,2025-10-11T13:55:39Z,fanduel,Carnell Tate,4.5,102.0,-132.0
2025,6850ce38681c03906af201d68cdd70e7,2025-10-11T16:00:00Z,Illinois Fighting Illini,Ohio State Buckeyes,2025-10-11T13:55:39Z,fanduel,Hank Beatty,4.5,-168.0,128.0
2025,6850ce38681c03906af201d68cdd70e7,2025-10-11T16:00:00Z,Illinois Fighting Illini,Ohio State Buckeyes,2025-10-11T13:55:39Z,bovada,Carnell Tate,4.5,100.0,-130.0
2025,6850ce38681c03906af201d68cdd70e7,2025-10-11T16:00:00Z,Illinois Fighting Illini,Ohio State Buckeyes,2025-10-11T13:55:39Z,bovada,Collin Dixon,2.5,-170.0,130.0
2025,6850ce38681c03906af201d68cdd70e7,2025-10-11T16:00:00Z,Illinois Fighting Illini,Ohio State Buckeyes,2025-10-11T13:55:39Z,bovada,Hank Beatty,5.5,105.0,-135.0
2025,6850ce38681c03906af201d68cdd70e7,2025-10-11T16:00:00Z,Illinois Fighting Illini,Ohio State Buckeyes,2025-10-11T13:55:39Z,bovada,Jeremiah Smith,6.5,-130.0,100.0
2025,9821bdaca6409c7e1dfb70a4ec2ad3e2,2025-10-11T16:00:00Z,Michigan State Spartans,UCLA Bruins,2025-10-11T13:55:39Z,fanduel,Omari Kelly,3.5,-184.0,140.0
2025,9821bdaca6409c7e1dfb70a4ec2ad3e2,2025-10-11T16:00:00Z,Michigan State Spartans,UCLA Bruins,2025-10-11T13:55:39Z,fanduel,Kwazi Gilmer,4.5,-128.0,-102.0
2025,9821bdaca6409c7e1dfb70a4ec2ad3e2,2025-10-11T16:00:00Z,Michigan State Spartans,UCLA Bruins,2025-10-11T13:55:39Z,fanduel,Nick Marsh,4.5,-160.0,122.0
2025,9821bdaca6409c7e1dfb70a4ec2ad3e2,2025-10-11T16:00:00Z,Michigan State Spartans,UCLA Bruins,2025-10-11T13:55:39Z,fanduel,Rico Flores Jr.,3.5,128.0,-168.0
2025,d2da5b6ac5caea4b17580cb517e7606b,2025-10-11T16:00:00Z,SMU Mustangs,Stanford Cardinal,2025-10-11T13:55:39Z,fanduel,Romello Brinson,4.5,-114.0,-114.0
2025,d2da5b6ac5caea4b17580cb517e7606b,2025-10-11T16:00:00Z,SMU Mustangs,Stanford Cardinal,2025-10-11T13:55:39Z,fanduel,Sam Roush,3.5,136.0,-178.0
2025,d2da5b6ac5caea4b17580cb517e7606b,2025-10-11T16:00:00Z,SMU Mustangs,Stanford Cardinal,2025-10-11T13:55:39Z,fanduel,Bryce Farrell,3.5,-120.0,-108.0
2025,d2da5b6ac5caea4b17580cb517e7606b,2025-10-11T16:00:00Z,SMU Mustangs,Stanford Cardinal,2025-10-11T13:55:39Z,fanduel,Yamir Knight,3.5,-114.0,-114.0
2025,2bba5df15d3c9222962c8bb8fc24ae80,2025-10-11T19:30:00Z,Oregon Ducks,Indiana Hoosiers,2025-10-11T17:25:39Z,fanduel,Dakorien Moore,3.5,-220.0,165.0
2025,2bba5df15d3c9222962c8bb8fc24ae80,2025-10-11T19:30:00Z,Oregon Ducks,Indiana Hoosiers,2025-10-11T17:25:39Z,fanduel,E.J. Williams Jr.,2.5,-102.0,-128.0
2025,2bba5df15d3c9222962c8bb8fc24ae80,2025-10-11T19:30:00Z,Oregon Ducks,Indiana Hoosiers,2025-10-11T17:25:39Z,fanduel,Kenyon Sadiq,3.5,-156.0,120.0
2025,2bba5df15d3c9222962c8bb8fc24ae80,2025-10-11T19:30:00Z,Oregon Ducks,Indiana Hoosiers,2025-10-11T17:25:39Z,fanduel,Omar Cooper Jr.,4.5,-102.0,-128.0
2025,2bba5df15d3c9222962c8bb8fc24ae80,2025-10-11T19:30:00Z,Oregon Ducks,Indiana Hoosiers,2025-10-11T17:25:39Z,fanduel,Elijah Sarratt,5.5,-132.0,102.0
2025,2bba5df15d3c9222962c8bb8fc24ae80,2025-10-11T19:30:00Z,Oregon Ducks,Indiana Hoosiers,2025-10-11T17:25:39Z,fanduel,Gary Bryant Jr.,3.5,108.0,-140.0
2025,2bba5df15d3c9222962c8bb8fc24ae80,2025-10-11T19:30:00Z,Oregon Ducks,Indiana Hoosiers,2025-10-11T17:25:39Z,fanduel,Malik Benson,2.5,-102.0,-128.0
2025,2bba5df15d3c9222962c8bb8fc24ae80,2025-10-11T19:30:00Z,Oregon Ducks,Indiana Hoosiers,2025-10-11T17:25:39Z,bovada,Dakorien Moore,3.5,-170.0,130.0
2025,2bba5df15d3c9222962c8bb8fc24ae80,2025-10-11T19:30:00Z,Oregon Ducks,Indiana Hoosiers,2025-10-11T17:25:39Z,bovada,E.J. Williams Jr.,2.5,,-135.0
2025,2bba5df15d3c9222962c8bb8fc24ae80,2025-10-11T19:30:00Z,Oregon Ducks,Indiana Hoosiers,2025-10-11T17:25:39Z,bovada,Elijah Sarratt,5.5,-130.0,100.0
2025,2bba5df15d3c9222962c8bb8fc24ae80,2025-10-11T19:30:00Z,Oregon Ducks,Indiana Hoosiers,2025-10-11T17:25:39Z,bovada,Kenyon Sadiq,3.5,-150.0,115.0
2025,2bba5df15d3c9222962c8bb8fc24ae80,2025-10-11T19:30:00Z,Oregon Ducks,Indiana Hoosiers,2025-10-11T17:25:39Z,bovada,Malik Benson,2.5,,-125.0
2025,9a98b243fbc72d5438eb3445e054b915,2025-10-11T19:30:00Z,Notre Dame Fighting Irish,NC State Wolfpack,2025-10-11T17:25:39Z,fanduel,Jeremiyah Love,2.5,-114.0,-114.0
2025,9a98b243fbc72d5438eb3445e054b915,2025-10-11T19:30:00Z,Notre Dame Fighting Irish,NC State Wolfpack,2025-10-11T17:25:39Z,fanduel,Malachi Fields,3.5,-114.0,-114.0
2025,9a98b243fbc72d5438eb3445e054b915,2025-10-11T19:30:00Z,Notre Dame Fighting Irish,NC State Wolfpack,2025-10-11T17:25:39Z,fanduel,Jordan Faison,5.5,144.0,-190.0
2025,9a98b243fbc72d5438eb3445e054b915,2025-10-11T19:30:00Z,Notre Dame Fighting Irish,NC State Wolfpack,2025-10-11T17:25:39Z,bovada,Jeremiyah Love,2.5,-120.0,-110.0
2025,9a98b243fbc72d5438eb3445e054b915,2025-10-11T19:30:00Z,Notre Dame Fighting Irish,NC State Wolfpack,2025-10-11T17:25:39Z,bovada,Jordan Faison,4.5,-135.0,105.0
2025,9a98b243fbc72d5438eb3445e054b915,2025-10-11T19:30:00Z,Notre Dame Fighting Irish,NC State Wolfpack,2025-10-11T17:25:39Z,bovada,Malachi Fields,3.5,-115.0,-115.0
2025,ec5a3648e7b879155389f31cc523f840,2025-10-11T19:30:00Z,Texas Longhorns,Oklahoma Sooners,2025-10-11T17:25:39Z,fanduel,Jack Endries,2.5,-128.0,-102.0
2025,ec5a3648e7b879155389f31cc523f840,2025-10-11T19:30:00Z,Texas Longhorns,Oklahoma Sooners,2025-10-11T17:25:39Z,fanduel,DeAndre Moore Jr.,3.5,144.0,-190.0
2025,ec5a3648e7b879155389f31cc523f840,2025-10-11T19:30:00Z,Texas Longhorns,Oklahoma Sooners,2025-10-11T17:25:39Z,fanduel,Isaiah Sategna III,4.5,108.0,-140.0
2025,ec5a3648e7b879155389f31cc523f840,2025-10-11T19:30:00Z,Texas Longhorns,Oklahoma Sooners,2025-10-11T17:25:39Z,fanduel,Ryan Wingo,3.5,125.0,-164.0
2025,ec5a3648e7b879155389f31cc523f840,2025-10-11T19:30:00Z,Texas Longhorns,Oklahoma Sooners,2025-10-11T17:25:39Z,fanduel,Jaren Kanak,4.5,-146.0,112.0
2025,ec5a3648e7b879155389f31cc523f840,2025-10-11T19:30:00Z,Texas Longhorns,Oklahoma Sooners,2025-10-11T17:25:39Z,fanduel,Deion Burks,5.5,-113.0,-115.0
2025,ec5a3648e7b879155389f31cc523f840,2025-10-11T19:30:00Z,Texas Longhorns,Oklahoma Sooners,2025-10-11T17:25:39Z,bovada,DeAndre Moore Jr.,2.5,-180.0,135.0
2025,ec5a3648e7b879155389f31cc523f840,2025-10-11T19:30:00Z,Texas Longhorns,Oklahoma Sooners,2025-10-11T17:25:39Z,bovada,Deion Burks,5.5,-110.0,-120.0
2025,ec5a3648e7b879155389f31cc523f840,2025-10-11T19:30:00Z,Texas Longhorns,Oklahoma Sooners,2025-10-11T17:25:39Z,bovada,Jack Endries,2.5,-130.0,
2025,ec5a3648e7b879155389f31cc523f840,2025-10-11T19:30:00Z,Texas Longhorns,Oklahoma Sooners,2025-10-11T17:25:39Z,bovada,Jaren Kanak,4.5,-145.0,110.0
2025,ec5a3648e7b879155389f31cc523f840,2025-10-11T19:30:00Z,Texas Longhorns,Oklahoma Sooners,2025-10-11T17:25:39Z,bovada,Ryan Wingo,2.5,-215.0,160.0
2025,2f94142f11ca602b35004f81f0fb6bb4,2025-10-11T23:00:00Z,Texas A&M Aggies,Florida Gators,2025-10-11T20:55:38Z,fanduel,Terry Bussey,2.5,154.0,-205.0
2025,2f94142f11ca602b35004f81f0fb6bb4,2025-10-11T23:00:00Z,Texas A&M Aggies,Florida Gators,2025-10-11T20:55:38Z,fanduel,Vernell Brown III,3.5,-128.0,-102.0
2025,2f94142f11ca602b35004f81f0fb6bb4,2025-10-11T23:00:00Z,Texas A&M Aggies,Florida Gators,2025-10-11T20:55:38Z,fanduel,KC Concepcion,4.5,-114.0,-114.0
2025,2f94142f11ca602b35004f81f0fb6bb4,2025-10-11T23:00:00Z,Texas A&M Aggies,Florida Gators,2025-10-11T20:55:38Z,fanduel,Mario Craver,5.5,116.0,-152.0
2025,2f94142f11ca602b35004f81f0fb6bb4,2025-10-11T23:00:00Z,Texas A&M Aggies,Florida Gators,2025-10-11T20:55:38Z,fanduel,Eugene Wilson III,2.5,-156.0,120.0
2025,2f94142f11ca602b35004f81f0fb6bb4,2025-10-11T23:00:00Z,Texas A&M Aggies,Florida Gators,2025-10-11T20:55:38Z,fanduel,Dallas Wilson,4.5,-108.0,-120.0
2025,2f94142f11ca602b35004f81f0fb6bb4,2025-10-11T23:00:00Z,Texas A&M Aggies,Florida Gators,2025-10-11T20:55:38Z,fanduel,Hayden Hansen,2.5,-148.0,114.0
2025,2f94142f11ca602b35004f81f0fb6bb4,2025-10-11T23:00:00Z,Texas A&M Aggies,Florida Gators,2025-10-11T20:55:38Z,bovada,Hayden Hansen,2.5,-150.0,115.0
2025,2f94142f11ca602b35004f81f0fb6bb4,2025-10-11T23:00:00Z,Texas A&M Aggies,Florida Gators,2025-10-11T20:55:38Z,bovada,KC Concepcion,4.5,-125.0,-105.0
2025,2f94142f11ca602b35004f81f0fb6bb4,2025-10-11T23:00:00Z,Texas A&M Aggies,Florida Gators,2025-10-11T20:55:38Z,bovada,Mario Craver,5.5,115.0,-150.0
2025,5a1127219ae128003dc5154af7f3561e,2025-10-11T23:30:00Z,Auburn Tigers,Georgia Bulldogs,2025-10-11T21:25:39Z,fanduel,Colbie Young,3.5,-106.0,-122.0
2025,5a1127219ae128003dc5154af7f3561e,2025-10-11T23:30:00Z,Auburn Tigers,Georgia Bulldogs,2025-10-11T21:25:39Z,fanduel,Malcolm Simmons,2.5,-130.0,100.0
2025,5a1127219ae128003dc5154af7f3561e,2025-10-11T23:30:00Z,Auburn Tigers,Georgia Bulldogs,2025-10-11T21:25:39Z,fanduel,Cam Coleman,3.5,108.0,-140.0
2025,5a1127219ae128003dc5154af7f3561e,2025-10-11T23:30:00Z,Auburn Tigers,Georgia Bulldogs,2025-10-11T21:25:39Z,fanduel,Zachariah Branch,3.5,-113.0,-115.0
2025,5a1127219ae128003dc5154af7f3561e,2025-10-11T23:30:00Z,Auburn Tigers,Georgia Bulldogs,2025-10-11T21:25:39Z,fanduel,Eric Singleton Jr.,5.5,108.0,-140.0
2025,5a1127219ae128003dc5154af7f3561e,2025-10-11T23:30:00Z,Auburn Tigers,Georgia Bulldogs,2025-10-11T21:25:39Z,bovada,Cam Coleman,3.5,105.0,-135.0
2025,5a1127219ae128003dc5154af7f3561e,2025-10-11T23:30:00Z,Auburn Tigers,Georgia Bulldogs,2025-10-11T21:25:39Z,bovada,Colbie Young,3.5,-105.0,-125.0
2025,5a1127219ae128003dc5154af7f3561e,2025-10-11T23:30:00Z,Auburn Tigers,Georgia Bulldogs,2025-10-11T21:25:39Z,bovada,Eric Singleton Jr.,5.5,105.0,-135.0
2025,5a1127219ae128003dc5154af7f3561e,2025-10-11T23:30:00Z,Auburn Tigers,Georgia Bulldogs,2025-10-11T21:25:39Z,bovada,Malcolm Simmons,2.5,-130.0,100.0
2025,5a1127219ae128003dc5154af7f3561e,2025-10-11T23:30:00Z,Auburn Tigers,Georgia Bulldogs,2025-10-11T21:25:39Z,bovada,Zachariah Branch,3.5,-110.0,-120.0
2025,b1b3789cd2775eb8f60d82704df02f59,2025-10-11T23:30:00Z,Boston College Eagles,Clemson Tigers,2025-10-11T21:25:39Z,fanduel,Jeremiah Franklin,3.5,102.0,-132.0
2025,b1b3789cd2775eb8f60d82704df02f59,2025-10-11T23:30:00Z,Boston College Eagles,Clemson Tigers,2025-10-11T21:25:39Z,fanduel,Lewis Bond,6.5,108.0,-140.0
2025,b1b3789cd2775eb8f60d82704df02f59,2025-10-11T23:30:00Z,Boston College Eagles,Clemson Tigers,2025-10-11T21:25:39Z,fanduel,Antonio Williams,4.5,-140.0,108.0
2025,b1b3789cd2775eb8f60d82704df02f59,2025-10-11T23:30:00Z,Boston College Eagles,Clemson Tigers,2025-10-11T21:25:39Z,fanduel,T.J. Moore,3.5,-114.0,-114.0
2025,b1b3789cd2775eb8f60d82704df02f59,2025-10-11T23:30:00Z,Boston College Eagles,Clemson Tigers,2025-10-11T21:25:39Z,fanduel,Bryant Wesco Jr.,4.5,-102.0,-128.0
2025,b1b3789cd2775eb8f60d82704df02f59,2025-10-11T23:30:00Z,Boston College Eagles,Clemson Tigers,2025-10-11T21:25:39Z,fanduel,Reed Harris,3.5,-114.0,-114.0
2025,b1b3789cd2775eb8f60d82704df02f59,2025-10-11T23:30:00Z,Boston College Eagles,Clemson Tigers,2025-10-11T21:25:39Z,bovada,Antonio Williams,4.5,-135.0,105.0
2025,b1b3789cd2775eb8f60d82704df02f59,2025-10-11T23:30:00Z,Boston College Eagles,Clemson Tigers,2025-10-11T21:25:39Z,bovada,Bryant Wesco Jr.,4.5,100.0,-130.0
2025,b1b3789cd2775eb8f60d82704df02f59,2025-10-11T23:30:00Z,Boston College Eagles,Clemson Tigers,2025-10-11T21:25:39Z,bovada,Jeremiah Franklin,3.5,110.0,-145.0
2025,b1b3789cd2775eb8f60d82704df02f59,2025-10-11T23:30:00Z,Boston College Eagles,Clemson Tigers,2025-10-11T21:25:39Z,bovada,Lewis Bond,6.5,105.0,-135.0
2025,b1b3789cd2775eb8f60d82704df02f59,2025-10-11T23:30:00Z,Boston College Eagles,Clemson Tigers,2025-10-11T21:25:39Z,bovada,Reed Harris,3.5,-120.0,-110.0
2025,b1b3789cd2775eb8f60d82704df02f59,2025-10-11T23:30:00Z,Boston College Eagles,Clemson Tigers,2025-10-11T21:25:39Z,bovada,T.J. Moore,3.5,-120.0,-110.0
2025,e06151a147cb4d93456e732ad2013a3e,2025-10-11T23:30:00Z,USC Trojans,Michigan Wolverines,2025-10-11T21:25:39Z,fanduel,Marlin Klein,2.5,-113.0,-115.0
2025,e06151a147cb4d93456e732ad2013a3e,2025-10-11T23:30:00Z,USC Trojans,Michigan Wolverines,2025-10-11T21:25:39Z,fanduel,Lake McRee,2.5,102.0,-132.0
2025,e06151a147cb4d93456e732ad2013a3e,2025-10-11T23:30:00Z,USC Trojans,Michigan Wolverines,2025-10-11T21:25:39Z,fanduel,Makai Lemon,6.5,108.0,-140.0
2025,e06151a147cb4d93456e732ad2013a3e,2025-10-11T23:30:00Z,USC Trojans,Michigan Wolverines,2025-10-11T21:25:39Z,fanduel,Semaj Morgan,3.5,116.0,-152.0
2025,e06151a147cb4d93456e732ad2013a3e,2025-10-11T23:30:00Z,USC Trojans,Michigan Wolverines,2025-10-11T21:25:39Z,fanduel,Andrew Marsh,2.5,-114.0,-114.0
2025,e06151a147cb4d93456e732ad2013a3e,2025-10-11T23:30:00Z,USC Trojans,Michigan Wolverines,2025-10-11T21:25:39Z,fanduel,Donaven McCulley,3.5,-108.0,-120.0
2025,e06151a147cb4d93456e732ad2013a3e,2025-10-11T23:30:00Z,USC Trojans,Michigan Wolverines,2025-10-11T21:25:39Z,fanduel,Ja'Kobi Lane,3.5,-114.0,-114.0
2025,e06151a147cb4d93456e732ad2013a3e,2025-10-11T23:30:00Z,USC Trojans,Michigan Wolverines,2025-10-11T21:25:39Z,bovada,Donaven McCulley,3.5,-115.0,-115.0
2025,e06151a147cb4d93456e732ad2013a3e,2025-10-11T23:30:00Z,USC Trojans,Michigan Wolverines,2025-10-11T21:25:39Z,bovada,Lake McRee,2.5,100.0,-130.0
2025,e06151a147cb4d93456e732ad2013a3e,2025-10-11T23:30:00Z,USC Trojans,Michigan Wolverines,2025-10-11T21:25:39Z,bovada,Makai Lemon,6.5,110.0,-145.0
2025,e06151a147cb4d93456e732ad2013a3e,2025-10-11T23:30:00Z,USC Trojans,Michigan Wolverines,2025-10-11T21:25:39Z,bovada,Marlin Klein,2.5,-115.0,-115.0
2025,4a191067aa0558b3ee24343551fbd8d1,2025-10-11T23:45:00Z,LSU Tigers,South Carolina Gamecocks,2025-10-11T21:40:39Z,fanduel,Barion Brown,5.5,-146.0,112.0
2025,4a191067aa0558b3ee24343551fbd8d1,2025-10-11T23:45:00Z,LSU Tigers,South Carolina Gamecocks,2025-10-11T21:40:39Z,fanduel,Zavion Thomas,3.5,126.0,-165.0
2025,4a191067aa0558b3ee24343551fbd8d1,2025-10-11T23:45:00Z,LSU Tigers,South Carolina Gamecocks,2025-10-11T21:40:39Z,fanduel,Nyck Harbor,2.5,-138.0,106.0
2025,4a191067aa0558b3ee24343551fbd8d1,2025-10-11T23:45:00Z,LSU Tigers,South Carolina Gamecocks,2025-10-11T21:40:39Z,fanduel,Vandrevius Jacobs,4.5,-102.0,-128.0
2025,4a191067aa0558b3ee24343551fbd8d1,2025-10-11T23:45:00Z,LSU Tigers,South Carolina Gamecocks,2025-10-11T21:40:39Z,bovada,Barion Brown,5.5,-145.0,110.0
2025,4a191067aa0558b3ee24343551fbd8d1,2025-10-11T23:45:00Z,LSU Tigers,South Carolina Gamecocks,2025-10-11T21:40:39Z,bovada,Vandrevius Jacobs,2.5,-550.0,350.0
2025,4a191067aa0558b3ee24343551fbd8d1,2025-10-11T23:45:00Z,LSU Tigers,South Carolina Gamecocks,2025-10-11T21:40:39Z,bovada,Zavion Thomas,3.5,130.0,-170.0
2025,a109b71f4beba173453582bb0043e075,2025-10-12T02:15:00Z,Utah Utes,Arizona State Sun Devils,2025-10-12T00:10:38Z,fanduel,Jordyn Tyson,5.5,-114.0,-114.0
2025,a109b71f4beba173453582bb0043e075,2025-10-12T02:15:00Z,Utah Utes,Arizona State Sun Devils,2025-10-12T00:10:38Z,fanduel,Ryan Davis,5.5,-118.0,-110.0
2025,a109b71f4beba173453582bb0043e075,2025-10-12T02:15:00Z,Utah Utes,Arizona State Sun Devils,2025-10-12T00:10:38Z,bovada,Dallen Bentley,4.5,115.0,-150.0
2025,a109b71f4beba173453582bb0043e075,2025-10-12T02:15:00Z,Utah Utes,Arizona State Sun Devils,2025-10-12T00:10:38Z,bovada,Jordyn Tyson,5.5,-120.0,-110.0
2025,195edecefe4d9e28b6370f4cca6696c9,2025-10-15T00:00:00Z,Western Kentucky Hilltoppers,Florida International Panthers,2025-10-14T21:55:39Z,fanduel,Matthew Henry,3.5,-130.0,100.0
2025,195edecefe4d9e28b6370f4cca6696c9,2025-10-15T00:00:00Z,Western Kentucky Hilltoppers,Florida International Panthers,2025-10-14T21:55:39Z,fanduel,K.D. Hutchinson,6.5,125.0,-164.0
2025,195edecefe4d9e28b6370f4cca6696c9,2025-10-15T00:00:00Z,Western Kentucky Hilltoppers,Florida International Panthers,2025-10-14T21:55:39Z,fanduel,Cameron Flowers,4.5,116.0,-152.0
2025,0d244c0f45b386c4306834705afb971f,2025-10-15T23:00:00Z,Jacksonville State Gamecocks,Delaware Blue Hens,2025-10-15T20:55:39Z,fanduel,Jake Thaw,3.5,-120.0,-108.0
2025,0d244c0f45b386c4306834705afb971f,2025-10-15T23:00:00Z,Jacksonville State Gamecocks,Delaware Blue Hens,2025-10-15T20:55:39Z,fanduel,Sean Wilson,4.5,144.0,-190.0
2025,0d244c0f45b386c4306834705afb971f,2025-10-15T23:00:00Z,Jacksonville State Gamecocks,Delaware Blue Hens,2025-10-15T20:55:39Z,fanduel,Kyre Duplessis,3.5,-138.0,106.0
2025,36ef3598137923f8a1f12dc61fabddf5,2025-10-15T23:00:00Z,Sam Houston State Bearkats,UTEP Miners,2025-10-15T20:55:39Z,fanduel,Kenny Odom,4.5,-146.0,112.0
2025,9d110dc5627ec6c7593c880dcb906fa9,2025-10-16T23:30:00Z,East Carolina Pirates,Tulsa Golden Hurricane,2025-10-16T21:25:40Z,fanduel,Zion Booker,4.5,-168.0,128.0
2025,9d110dc5627ec6c7593c880dcb906fa9,2025-10-16T23:30:00Z,East Carolina Pirates,Tulsa Golden Hurricane,2025-10-16T21:25:40Z,fanduel,Yannick Smith,4.5,114.0,-148.0
2025,9d110dc5627ec6c7593c880dcb906fa9,2025-10-16T23:30:00Z,East Carolina Pirates,Tulsa Golden Hurricane,2025-10-16T21:25:40Z,fanduel,Anthony Smith,4.5,-132.0,102.0
2025,10a111c1fd81ba0536dae762d6f9f933,2025-10-17T23:00:00Z,Miami Hurricanes,Louisville Cardinals,2025-10-17T20:55:40Z,fanduel,CJ Daniels,4.5,122.0,-160.0
2025,10a111c1fd81ba0536dae762d6f9f933,2025-10-17T23:00:00Z,Miami Hurricanes,Louisville Cardinals,2025-10-17T20:55:40Z,fanduel,Chris Bell,6.5,-102.0,-128.0
2025,10a111c1fd81ba0536dae762d6f9f933,2025-10-17T23:00:00Z,Miami Hurricanes,Louisville Cardinals,2025-10-17T20:55:40Z,fanduel,Malachi Toney,5.5,-146.0,112.0
2025,10a111c1fd81ba0536dae762d6f9f933,2025-10-17T23:00:00Z,Miami Hurricanes,Louisville Cardinals,2025-10-17T20:55:40Z,fanduel,Caullin Lacy,4.5,-128.0,-102.0
2025,10a111c1fd81ba0536dae762d6f9f933,2025-10-17T23:00:00Z,Miami Hurricanes,Louisville Cardinals,2025-10-17T20:55:40Z,bovada,CJ Daniels,4.5,125.0,-165.0
2025,10a111c1fd81ba0536dae762d6f9f933,2025-10-17T23:00:00Z,Miami Hurricanes,Louisville Cardinals,2025-10-17T20:55:40Z,bovada,Malachi Toney,5.5,-145.0,110.0
2025,92964692e49d56868cc78cea5254c061,2025-10-18T00:00:00Z,Minnesota Golden Gophers,Nebraska Cornhuskers,2025-10-17T21:55:39Z,fanduel,Emmett Johnson,3.5,-128.0,-102.0
2025,92964692e49d56868cc78cea5254c061,2025-10-18T00:00:00Z,Minnesota Golden Gophers,Nebraska Cornhuskers,2025-10-17T21:55:39Z,fanduel,Dane Key,3.5,142.0,-188.0
2025,92964692e49d56868cc78cea5254c061,2025-10-18T00:00:00Z,Minnesota Golden Gophers,Nebraska Cornhuskers,2025-10-17T21:55:39Z,fanduel,Jacory Barney Jr.,3.5,-152.0,116.0
2025,92964692e49d56868cc78cea5254c061,2025-10-18T00:00:00Z,Minnesota Golden Gophers,Nebraska Cornhuskers,2025-10-17T21:55:39Z,fanduel,Nyziah Hunter,4.5,130.0,-170.0
2025,92964692e49d56868cc78cea5254c061,2025-10-18T00:00:00Z,Minnesota Golden Gophers,Nebraska Cornhuskers,2025-10-17T21:55:39Z,fanduel,Le'Meke Brockington,3.5,108.0,-140.0
2025,92964692e49d56868cc78cea5254c061,2025-10-18T00:00:00Z,Minnesota Golden Gophers,Nebraska Cornhuskers,2025-10-17T21:55:39Z,fanduel,Javon Tracy,2.5,-128.0,-102.0
2025,92964692e49d56868cc78cea5254c061,2025-10-18T00:00:00Z,Minnesota Golden Gophers,Nebraska Cornhuskers,2025-10-17T21:55:39Z,fanduel,Darius Taylor,3.5,-114.0,-114.0
2025,078a33fd428923f0d673fd35a79edc42,2025-10-18T02:30:00Z,California Golden Bears,North Carolina Tar Heels,2025-10-18T00:25:40Z,fanduel,Jacob De Jesus,5.5,-128.0,-102.0
2025,078a33fd428923f0d673fd35a79edc42,2025-10-18T02:30:00Z,California Golden Bears,North Carolina Tar Heels,2025-10-18T00:25:40Z,fanduel,Trond Grizzell,4.5,144.0,-190.0
2025,04ec553198d4be4f4c61412514fa3ed6,2025-10-18T16:00:00Z,Duke Blue Devils,Georgia Tech Yellow Jackets,2025-10-18T13:55:39Z,fanduel,Que'Sean Brown,4.5,-102.0,-128.0
2025,04ec553198d4be4f4c61412514fa3ed6,2025-10-18T16:00:00Z,Duke Blue Devils,Georgia Tech Yellow Jackets,2025-10-18T13:55:39Z,fanduel,Eric Rivers,3.5,112.0,-146.0
2025,04ec553198d4be4f4c61412514fa3ed6,2025-10-18T16:00:00Z,Duke Blue Devils,Georgia Tech Yellow Jackets,2025-10-18T13:55:39Z,fanduel,Malik Rutherford,3.5,-114.0,-114.0
2025,04ec553198d4be4f4c61412514fa3ed6,2025-10-18T16:00:00Z,Duke Blue Devils,Georgia Tech Yellow Jackets,2025-10-18T13:55:39Z,fanduel,Cooper Barkate,4.5,102.0,-132.0
2025,04ec553198d4be4f4c61412514fa3ed6,2025-10-18T16:00:00Z,Duke Blue Devils,Georgia Tech Yellow Jackets,2025-10-18T13:55:39Z,bovada,Cooper Barkate,4.5,100.0,-130.0
2025,04ec553198d4be4f4c61412514fa3ed6,2025-10-18T16:00:00Z,Duke Blue Devils,Georgia Tech Yellow Jackets,2025-10-18T13:55:39Z,bovada,Eric Rivers,3.5,115.0,-150.0
2025,04ec553198d4be4f4c61412514fa3ed6,2025-10-18T16:00:00Z,Duke Blue Devils,Georgia Tech Yellow Jackets,2025-10-18T13:55:39Z,bovada,Malik Rutherford,3.5,-115.0,-115.0
2025,04ec553198d4be4f4c61412514fa3ed6,2025-10-18T16:00:00Z,Duke Blue Devils,Georgia Tech Yellow Jackets,2025-10-18T13:55:39Z,bovada,Que'Sean Brown,4.5,-125.0,-105.0
2025,bb18900848211296ea7c10692c3c4f01,2025-10-18T16:00:00Z,Vanderbilt Commodores,LSU Tigers,2025-10-18T13:55:39Z,fanduel,Barion Brown,4.5,112.0,-146.0
2025,bb18900848211296ea7c10692c3c4f01,2025-10-18T16:00:00Z,Vanderbilt Commodores,LSU Tigers,2025-10-18T13:55:39Z,fanduel,Tre Richardson,3.5,-156.0,120.0
2025,bb18900848211296ea7c10692c3c4f01,2025-10-18T16:00:00Z,Vanderbilt Commodores,LSU Tigers,2025-10-18T13:55:39Z,fanduel,Eli Stowers,4.5,-120.0,-108.0
2025,bb18900848211296ea7c10692c3c4f01,2025-10-18T16:00:00Z,Vanderbilt Commodores,LSU Tigers,2025-10-18T13:55:39Z,bovada,Eli Stowers,4.5,-125.0,-105.0
2025,bb18900848211296ea7c10692c3c4f01,2025-10-18T16:00:00Z,Vanderbilt Commodores,LSU Tigers,2025-10-18T13:55:39Z,bovada,Tre Richardson,3.5,-150.0,115.0
2025,e79f6c92e621c517179918e7e1ef4a26,2025-10-18T16:00:00Z,Michigan Wolverines,Washington Huskies,2025-10-18T13:55:39Z,fanduel,Denzel Boston,5.5,120.0,-156.0
2025,e79f6c92e621c517179918e7e1ef4a26,2025-10-18T16:00:00Z,Michigan Wolverines,Washington Huskies,2025-10-18T13:55:39Z,fanduel,Dezmen Roebuck,3.5,-102.0,-128.0
2025,e79f6c92e621c517179918e7e1ef4a26,2025-10-18T16:00:00Z,Michigan Wolverines,Washington Huskies,2025-10-18T13:55:39Z,fanduel,Donaven McCulley,3.5,-120.0,-108.0
2025,e79f6c92e621c517179918e7e1ef4a26,2025-10-18T16:00:00Z,Michigan Wolverines,Washington Huskies,2025-10-18T13:55:39Z,fanduel,Andrew Marsh,3.5,-125.0,-104.0
2025,e79f6c92e621c517179918e7e1ef4a26,2025-10-18T16:00:00Z,Michigan Wolverines,Washington Huskies,2025-10-18T13:55:39Z,fanduel,Semaj Morgan,3.5,144.0,-190.0
2025,521d005c0199e69e1af5faf379b6bfc7,2025-10-18T19:30:00Z,Arkansas Razorbacks,Texas A&M Aggies,2025-10-18T17:25:39Z,fanduel,Mario Craver,4.5,-102.0,-128.0
2025,521d005c0199e69e1af5faf379b6bfc7,2025-10-18T19:30:00Z,Arkansas Razorbacks,Texas A&M Aggies,2025-10-18T17:25:39Z,fanduel,KC Concepcion,4.5,-113.0,-115.0
2025,521d005c0199e69e1af5faf379b6bfc7,2025-10-18T19:30:00Z,Arkansas Razorbacks,Texas A&M Aggies,2025-10-18T17:25:39Z,fanduel,O'Mega Blake,5.5,-114.0,-114.0
2025,521d005c0199e69e1af5faf379b6bfc7,2025-10-18T19:30:00Z,Arkansas Razorbacks,Texas A&M Aggies,2025-10-18T17:25:39Z,bovada,KC Concepcion,4.5,-115.0,-115.0
2025,521d005c0199e69e1af5faf379b6bfc7,2025-10-18T19:30:00Z,Arkansas Razorbacks,Texas A&M Aggies,2025-10-18T17:25:39Z,bovada,Mario Craver,4.5,100.0,-130.0
2025,55f5ab2c82d0f2993231587e63a6b782,2025-10-18T19:30:00Z,Georgia Bulldogs,Ole Miss Rebels,2025-10-18T17:25:39Z,fanduel,Deuce Alexander,3.5,162.0,-215.0
2025,55f5ab2c82d0f2993231587e63a6b782,2025-10-18T19:30:00Z,Georgia Bulldogs,Ole Miss Rebels,2025-10-18T17:25:39Z,fanduel,Dae'Quan Wright,3.5,122.0,-160.0
2025,55f5ab2c82d0f2993231587e63a6b782,2025-10-18T19:30:00Z,Georgia Bulldogs,Ole Miss Rebels,2025-10-18T17:25:39Z,fanduel,Zachariah Branch,4.5,-130.0,100.0
2025,55f5ab2c82d0f2993231587e63a6b782,2025-10-18T19:30:00Z,Georgia Bulldogs,Ole Miss Rebels,2025-10-18T17:25:39Z,fanduel,Colbie Young,4.5,128.0,-168.0
2025,55f5ab2c82d0f2993231587e63a6b782,2025-10-18T19:30:00Z,Georgia Bulldogs,Ole Miss Rebels,2025-10-18T17:25:39Z,fanduel,Cayden Lee,3.5,142.0,-188.0
2025,55f5ab2c82d0f2993231587e63a6b782,2025-10-18T19:30:00Z,Georgia Bulldogs,Ole Miss Rebels,2025-10-18T17:25:39Z,bovada,Cayden Lee,2.5,-185.0,140.0
2025,55f5ab2c82d0f2993231587e63a6b782,2025-10-18T19:30:00Z,Georgia Bulldogs,Ole Miss Rebels,2025-10-18T17:25:39Z,bovada,Colbie Young,3.5,-165.0,125.0
2025,55f5ab2c82d0f2993231587e63a6b782,2025-10-18T19:30:00Z,Georgia Bulldogs,Ole Miss Rebels,2025-10-18T17:25:39Z,bovada,Deuce Alexander,2.5,-150.0,115.0
2025,55f5ab2c82d0f2993231587e63a6b782,2025-10-18T19:30:00Z,Georgia Bulldogs,Ole Miss Rebels,2025-10-18T17:25:39Z,bovada,Zachariah Branch,4.5,-130.0,100.0
2025,d205e781f229cb68ddac1fc2ad3e24ec,2025-10-18T19:30:00Z,Indiana Hoosiers,Michigan State Spartans,2025-10-18T17:25:39Z,fanduel,Omar Cooper Jr.,5.5,-114.0,-114.0
2025,d205e781f229cb68ddac1fc2ad3e24ec,2025-10-18T19:30:00Z,Indiana Hoosiers,Michigan State Spartans,2025-10-18T17:25:39Z,fanduel,Elijah Sarratt,7.5,136.0,-178.0
2025,d205e781f229cb68ddac1fc2ad3e24ec,2025-10-18T19:30:00Z,Indiana Hoosiers,Michigan State Spartans,2025-10-18T17:25:39Z,bovada,Elijah Sarratt,6.5,-130.0,100.0
2025,d205e781f229cb68ddac1fc2ad3e24ec,2025-10-18T19:30:00Z,Indiana Hoosiers,Michigan State Spartans,2025-10-18T17:25:39Z,bovada,Omar Cooper Jr.,5.5,-115.0,-115.0
2025,b40fd4e70194bfdabd7e68dfc269f268,2025-10-18T19:30:00Z,Wisconsin Badgers,Ohio State Buckeyes,2025-10-18T17:25:39Z,fanduel,Jeremiah Smith,5.5,-138.0,106.0
2025,b40fd4e70194bfdabd7e68dfc269f268,2025-10-18T19:30:00Z,Wisconsin Badgers,Ohio State Buckeyes,2025-10-18T17:25:39Z,fanduel,Carnell Tate,4.5,108.0,-140.0
2025,b40fd4e70194bfdabd7e68dfc269f268,2025-10-18T19:30:00Z,Wisconsin Badgers,Ohio State Buckeyes,2025-10-18T17:25:39Z,fanduel,Max Klare,2.5,-146.0,112.0
2025,b40fd4e70194bfdabd7e68dfc269f268,2025-10-18T19:30:00Z,Wisconsin Badgers,Ohio State Buckeyes,2025-10-18T17:25:39Z,fanduel,Vinny Anthony II,3.5,-148.0,114.0
2025,b40fd4e70194bfdabd7e68dfc269f268,2025-10-18T19:30:00Z,Wisconsin Badgers,Ohio State Buckeyes,2025-10-18T17:25:39Z,fanduel,Lance Mason,3.5,116.0,-152.0
2025,b40fd4e70194bfdabd7e68dfc269f268,2025-10-18T19:30:00Z,Wisconsin Badgers,Ohio State Buckeyes,2025-10-18T17:25:39Z,bovada,Carnell Tate,4.5,110.0,-145.0
2025,b40fd4e70194bfdabd7e68dfc269f268,2025-10-18T19:30:00Z,Wisconsin Badgers,Ohio State Buckeyes,2025-10-18T17:25:39Z,bovada,Jeremiah Smith,6.5,115.0,-150.0
2025,b40fd4e70194bfdabd7e68dfc269f268,2025-10-18T19:30:00Z,Wisconsin Badgers,Ohio State Buckeyes,2025-10-18T17:25:39Z,bovada,Lance Mason,2.5,-230.0,170.0
2025,b40fd4e70194bfdabd7e68dfc269f268,2025-10-18T19:30:00Z,Wisconsin Badgers,Ohio State Buckeyes,2025-10-18T17:25:39Z,bovada,Max Klare,2.5,-145.0,110.0
2025,b40fd4e70194bfdabd7e68dfc269f268,2025-10-18T19:30:00Z,Wisconsin Badgers,Ohio State Buckeyes,2025-10-18T17:25:39Z,bovada,Vinny Anthony II,3.5,-150.0,115.0
2025,5866b06f9fe4c1e8ae23a581602b0fe9,2025-10-18T23:00:00Z,Kentucky Wildcats,Texas Longhorns,2025-10-18T20:55:39Z,fanduel,Kendrick Law,3.5,-156.0,120.0
2025,5866b06f9fe4c1e8ae23a581602b0fe9,2025-10-18T23:00:00Z,Kentucky Wildcats,Texas Longhorns,2025-10-18T20:55:39Z,fanduel,Ryan Wingo,3.5,112.0,-146.0
2025,5866b06f9fe4c1e8ae23a581602b0fe9,2025-10-18T23:00:00Z,Kentucky Wildcats,Texas Longhorns,2025-10-18T20:55:39Z,fanduel,DeAndre Moore Jr.,3.5,136.0,-178.0
2025,5866b06f9fe4c1e8ae23a581602b0fe9,2025-10-18T23:00:00Z,Kentucky Wildcats,Texas Longhorns,2025-10-18T20:55:39Z,bovada,Kendrick Law,3.5,-150.0,115.0
2025,5866b06f9fe4c1e8ae23a581602b0fe9,2025-10-18T23:00:00Z,Kentucky Wildcats,Texas Longhorns,2025-10-18T20:55:39Z,bovada,Ryan Wingo,2.5,-215.0,160.0
2025,7634f8df416fbdbf3f700c4fcaa4b03a,2025-10-18T23:30:00Z,Alabama Crimson Tide,Tennessee Volunteers,2025-10-18T21:25:39Z,fanduel,Josh Cuevas,2.5,-146.0,112.0
2025,7634f8df416fbdbf3f700c4fcaa4b03a,2025-10-18T23:30:00Z,Alabama Crimson Tide,Tennessee Volunteers,2025-10-18T21:25:39Z,fanduel,Ryan Williams,3.5,-146.0,112.0
2025,7634f8df416fbdbf3f700c4fcaa4b03a,2025-10-18T23:30:00Z,Alabama Crimson Tide,Tennessee Volunteers,2025-10-18T21:25:39Z,fanduel,Germie Bernard,5.5,112.0,-146.0
2025,7634f8df416fbdbf3f700c4fcaa4b03a,2025-10-18T23:30:00Z,Alabama Crimson Tide,Tennessee Volunteers,2025-10-18T21:25:39Z,fanduel,Isaiah Horton,4.5,130.0,-170.0
2025,7634f8df416fbdbf3f700c4fcaa4b03a,2025-10-18T23:30:00Z,Alabama Crimson Tide,Tennessee Volunteers,2025-10-18T21:25:39Z,fanduel,Miles Kitselman,3.5,-120.0,-108.0
2025,7634f8df416fbdbf3f700c4fcaa4b03a,2025-10-18T23:30:00Z,Alabama Crimson Tide,Tennessee Volunteers,2025-10-18T21:25:39Z,fanduel,Mike Matthews,3.5,-128.0,-102.0
2025,7634f8df416fbdbf3f700c4fcaa4b03a,2025-10-18T23:30:00Z,Alabama Crimson Tide,Tennessee Volunteers,2025-10-18T21:25:39Z,fanduel,Chris Brazzell II,4.5,116.0,-152.0
2025,7634f8df416fbdbf3f700c4fcaa4b03a,2025-10-18T23:30:00Z,Alabama Crimson Tide,Tennessee Volunteers,2025-10-18T21:25:39Z,fanduel,Braylon Staley,4.5,106.0,-138.0
2025,7634f8df416fbdbf3f700c4fcaa4b03a,2025-10-18T23:30:00Z,Alabama Crimson Tide,Tennessee Volunteers,2025-10-18T21:25:39Z,bovada,Braylon Staley,4.5,-105.0,-125.0
2025,7634f8df416fbdbf3f700c4fcaa4b03a,2025-10-18T23:30:00Z,Alabama Crimson Tide,Tennessee Volunteers,2025-10-18T21:25:39Z,bovada,Chris Brazzell II,4.5,115.0,-150.0
2025,7634f8df416fbdbf3f700c4fcaa4b03a,2025-10-18T23:30:00Z,Alabama Crimson Tide,Tennessee Volunteers,2025-10-18T21:25:39Z,bovada,Germie Bernard,5.5,115.0,-150.0
2025,7634f8df416fbdbf3f700c4fcaa4b03a,2025-10-18T23:30:00Z,Alabama Crimson Tide,Tennessee Volunteers,2025-10-18T21:25:39Z,bovada,Isaiah Horton,3.5,-165.0,125.0
2025,7634f8df416fbdbf3f700c4fcaa4b03a,2025-10-18T23:30:00Z,Alabama Crimson Tide,Tennessee Volunteers,2025-10-18T21:25:39Z,bovada,Josh Cuevas,2.5,-145.0,110.0
2025,7634f8df416fbdbf3f700c4fcaa4b03a,2025-10-18T23:30:00Z,Alabama Crimson Tide,Tennessee Volunteers,2025-10-18T21:25:39Z,bovada,Mike Matthews,3.5,-130.0,100.0
2025,7634f8df416fbdbf3f700c4fcaa4b03a,2025-10-18T23:30:00Z,Alabama Crimson Tide,Tennessee Volunteers,2025-10-18T21:25:39Z,bovada,Miles Kitselman,3.5,-125.0,-105.0
2025,7634f8df416fbdbf3f700c4fcaa4b03a,2025-10-18T23:30:00Z,Alabama Crimson Tide,Tennessee Volunteers,2025-10-18T21:25:39Z,bovada,Ryan Williams,3.5,-145.0,110.0
2025,432e5ee9d4c8297a2460d82e89ec5161,2025-10-18T23:30:00Z,Notre Dame Fighting Irish,USC Trojans,2025-10-18T21:25:39Z,fanduel,Makai Lemon,7.5,108.0,-140.0
2025,432e5ee9d4c8297a2460d82e89ec5161,2025-10-18T23:30:00Z,Notre Dame Fighting Irish,USC Trojans,2025-10-18T21:25:39Z,fanduel,Will Pauling,2.5,-170.0,130.0
2025,432e5ee9d4c8297a2460d82e89ec5161,2025-10-18T23:30:00Z,Notre Dame Fighting Irish,USC Trojans,2025-10-18T21:25:39Z,fanduel,Jordan Faison,4.5,-118.0,-110.0
2025,432e5ee9d4c8297a2460d82e89ec5161,2025-10-18T23:30:00Z,Notre Dame Fighting Irish,USC Trojans,2025-10-18T21:25:39Z,fanduel,Ja'Kobi Lane,4.5,126.0,-165.0
2025,432e5ee9d4c8297a2460d82e89ec5161,2025-10-18T23:30:00Z,Notre Dame Fighting Irish,USC Trojans,2025-10-18T21:25:39Z,fanduel,Lake McRee,2.5,102.0,-132.0
2025,432e5ee9d4c8297a2460d82e89ec5161,2025-10-18T23:30:00Z,Notre Dame Fighting Irish,USC Trojans,2025-10-18T21:25:39Z,fanduel,Malachi Fields,2.5,-174.0,132.0
2025,432e5ee9d4c8297a2460d82e89ec5161,2025-10-18T23:30:00Z,Notre Dame Fighting Irish,USC Trojans,2025-10-18T21:25:39Z,fanduel,Eli Raridon,2.5,-140.0,108.0
2025,432e5ee9d4c8297a2460d82e89ec5161,2025-10-18T23:30:00Z,Notre Dame Fighting Irish,USC Trojans,2025-10-18T21:25:39Z,fanduel,Jeremiyah Love,2.5,102.0,-132.0
2025,432e5ee9d4c8297a2460d82e89ec5161,2025-10-18T23:30:00Z,Notre Dame Fighting Irish,USC Trojans,2025-10-18T21:25:39Z,bovada,Eli Raridon,2.5,-135.0,105.0
2025,432e5ee9d4c8297a2460d82e89ec5161,2025-10-18T23:30:00Z,Notre Dame Fighting Irish,USC Trojans,2025-10-18T21:25:39Z,bovada,Jordan Faison,4.5,-120.0,-110.0
2025,432e5ee9d4c8297a2460d82e89ec5161,2025-10-18T23:30:00Z,Notre Dame Fighting Irish,USC Trojans,2025-10-18T21:25:39Z,bovada,Lake McRee,2.5,100.0,-130.0
2025,432e5ee9d4c8297a2460d82e89ec5161,2025-10-18T23:30:00Z,Notre Dame Fighting Irish,USC Trojans,2025-10-18T21:25:39Z,bovada,Makai Lemon,7.5,110.0,-145.0
2025,432e5ee9d4c8297a2460d82e89ec5161,2025-10-18T23:30:00Z,Notre Dame Fighting Irish,USC Trojans,2025-10-18T21:25:39Z,bovada,Malachi Fields,3.5,130.0,-170.0
2025,432e5ee9d4c8297a2460d82e89ec5161,2025-10-18T23:30:00Z,Notre Dame Fighting Irish,USC Trojans,2025-10-18T21:25:39Z,bovada,Will Pauling,3.5,130.0,-170.0
2025,4db5e24ddb0d1e1e5aa7d9e508670e0f,2025-10-19T00:00:00Z,BYU Cougars,Utah Utes,2025-10-18T21:55:39Z,fanduel,Chase Roberts,3.5,-128.0,-102.0
2025,4db5e24ddb0d1e1e5aa7d9e508670e0f,2025-10-19T00:00:00Z,BYU Cougars,Utah Utes,2025-10-18T21:55:39Z,fanduel,Dallen Bentley,4.5,122.0,-160.0
2025,4db5e24ddb0d1e1e5aa7d9e508670e0f,2025-10-19T00:00:00Z,BYU Cougars,Utah Utes,2025-10-18T21:55:39Z,fanduel,Ryan Davis,5.5,-120.0,-108.0
2025,4db5e24ddb0d1e1e5aa7d9e508670e0f,2025-10-19T00:00:00Z,BYU Cougars,Utah Utes,2025-10-18T21:55:39Z,fanduel,Parker Kingston,4.5,144.0,-190.0
2025,4db5e24ddb0d1e1e5aa7d9e508670e0f,2025-10-19T00:00:00Z,BYU Cougars,Utah Utes,2025-10-18T21:55:39Z,bovada,Chase Roberts,3.5,-130.0,100.0
2025,4db5e24ddb0d1e1e5aa7d9e508670e0f,2025-10-19T00:00:00Z,BYU Cougars,Utah Utes,2025-10-18T21:55:39Z,bovada,Parker Kingston,3.5,-165.0,125.0
2025,cd7b0b1d0350c1e6809e2d393237ce7f,2025-10-21T23:00:00Z,Florida International Panthers,Kennesaw State Owls,2025-10-21T20:55:39Z,fanduel,Christian Moss,3.5,-140.0,108.0
2025,cd7b0b1d0350c1e6809e2d393237ce7f,2025-10-21T23:00:00Z,Florida International Panthers,Kennesaw State Owls,2025-10-21T20:55:39Z,fanduel,Gabriel Benyard,4.5,-156.0,120.0
2025,cd7b0b1d0350c1e6809e2d393237ce7f,2025-10-21T23:00:00Z,Florida International Panthers,Kennesaw State Owls,2025-10-21T20:55:39Z,fanduel,Alex Perry,3.5,106.0,-138.0
2025,d14cac73f8519bbd6ba794bbdd4e6571,2025-10-21T23:30:00Z,Louisiana Tech Bulldogs,Western Kentucky Hilltoppers,2025-10-21T21:25:39Z,fanduel,Noah Meyers,3.5,-114.0,-114.0
2025,d14cac73f8519bbd6ba794bbdd4e6571,2025-10-21T23:30:00Z,Louisiana Tech Bulldogs,Western Kentucky Hilltoppers,2025-10-21T21:25:39Z,fanduel,Devin Gandy,2.5,-114.0,-114.0
2025,d14cac73f8519bbd6ba794bbdd4e6571,2025-10-21T23:30:00Z,Louisiana Tech Bulldogs,Western Kentucky Hilltoppers,2025-10-21T21:25:39Z,fanduel,Eli Finley,3.5,142.0,-188.0
2025,d14cac73f8519bbd6ba794bbdd4e6571,2025-10-21T23:30:00Z,Louisiana Tech Bulldogs,Western Kentucky Hilltoppers,2025-10-21T21:25:39Z,fanduel,Matthew Henry,3.5,-106.0,-122.0
2025,d14cac73f8519bbd6ba794bbdd4e6571,2025-10-21T23:30:00Z,Louisiana Tech Bulldogs,Western Kentucky Hilltoppers,2025-10-21T21:25:39Z,fanduel,K.D. Hutchinson,5.5,-108.0,-120.0
2025,e7a634e96e359fdb00cb9da904f4ff0c,2025-10-22T23:30:00Z,Delaware Blue Hens,Middle Tennessee Blue Raiders,2025-10-22T21:25:39Z,fanduel,Jake Thaw,3.5,126.0,-165.0
2025,e7a634e96e359fdb00cb9da904f4ff0c,2025-10-22T23:30:00Z,Delaware Blue Hens,Middle Tennessee Blue Raiders,2025-10-22T21:25:39Z,fanduel,Kyre Duplessis,4.5,126.0,-165.0
2025,e7a634e96e359fdb00cb9da904f4ff0c,2025-10-22T23:30:00Z,Delaware Blue Hens,Middle Tennessee Blue Raiders,2025-10-22T21:25:39Z,fanduel,Nahzae Cox,4.5,100.0,-130.0
2025,e7a634e96e359fdb00cb9da904f4ff0c,2025-10-22T23:30:00Z,Delaware Blue Hens,Middle Tennessee Blue Raiders,2025-10-22T21:25:39Z,fanduel,Sean Wilson,3.5,-148.0,114.0
2025,e7a634e96e359fdb00cb9da904f4ff0c,2025-10-22T23:30:00Z,Delaware Blue Hens,Middle Tennessee Blue Raiders,2025-10-22T21:25:39Z,fanduel,Myles Butler,3.5,-102.0,-128.0
2025,e7a634e96e359fdb00cb9da904f4ff0c,2025-10-22T23:30:00Z,Delaware Blue Hens,Middle Tennessee Blue Raiders,2025-10-22T21:25:39Z,fanduel,Cam'ron Lacy,5.5,112.0,-146.0
2025,a54e8d52ec4fb8c7d3f9ebd2b8a38c64,2025-10-23T01:00:00Z,New Mexico State Aggies,Missouri State Bears,2025-10-22T22:55:40Z,fanduel,Ronnel Johnson,3.5,116.0,-152.0
2025,a54e8d52ec4fb8c7d3f9ebd2b8a38c64,2025-10-23T01:00:00Z,New Mexico State Aggies,Missouri State Bears,2025-10-22T22:55:40Z,fanduel,Gavin Harris,3.5,-114.0,-114.0
2025,a54e8d52ec4fb8c7d3f9ebd2b8a38c64,2025-10-23T01:00:00Z,New Mexico State Aggies,Missouri State Bears,2025-10-22T22:55:40Z,fanduel,Donovan Faupel,4.5,122.0,-160.0
2025,a54e8d52ec4fb8c7d3f9ebd2b8a38c64,2025-10-23T01:00:00Z,New Mexico State Aggies,Missouri State Bears,2025-10-22T22:55:40Z,fanduel,Dash Luke,3.5,-114.0,-114.0
2025,a54e8d52ec4fb8c7d3f9ebd2b8a38c64,2025-10-23T01:00:00Z,New Mexico State Aggies,Missouri State Bears,2025-10-22T22:55:40Z,fanduel,TK King,4.5,-160.0,122.0
2025,481b881b9ede3ab69cbdefbd5876c6b4,2025-10-23T23:30:00Z,Georgia State Panthers,South Alabama Jaguars,2025-10-23T21:25:39Z,fanduel,Devin Voisin,5.5,-146.0,112.0
2025,481b881b9ede3ab69cbdefbd5876c6b4,2025-10-23T23:30:00Z,Georgia State Panthers,South Alabama Jaguars,2025-10-23T21:25:39Z,fanduel,Ted Hurst,5.5,-125.0,-104.0
2025,481b881b9ede3ab69cbdefbd5876c6b4,2025-10-23T23:30:00Z,Georgia State Panthers,South Alabama Jaguars,2025-10-23T21:25:39Z,fanduel,Javon Robinson,5.5,130.0,-170.0
2025,481b881b9ede3ab69cbdefbd5876c6b4,2025-10-23T23:30:00Z,Georgia State Panthers,South Alabama Jaguars,2025-10-23T21:25:39Z,bovada,Devin Voisin,5.5,-145.0,110.0
2025,6b01b4b140795584d285e8f0195e07dd,2025-10-24T23:00:00Z,Charlotte 49ers,North Texas Mean Green,2025-10-24T20:55:39Z,fanduel,Caleb Hawkins,2.5,108.0,-140.0
2025,6b01b4b140795584d285e8f0195e07dd,2025-10-24T23:00:00Z,Charlotte 49ers,North Texas Mean Green,2025-10-24T20:55:39Z,fanduel,Cameron Dorner,4.5,-152.0,116.0
2025,6b01b4b140795584d285e8f0195e07dd,2025-10-24T23:00:00Z,Charlotte 49ers,North Texas Mean Green,2025-10-24T20:55:39Z,fanduel,Sean Brown,2.5,-146.0,112.0
2025,6b01b4b140795584d285e8f0195e07dd,2025-10-24T23:00:00Z,Charlotte 49ers,North Texas Mean Green,2025-10-24T20:55:39Z,fanduel,Javen Nicholas,4.5,-146.0,112.0
2025,6b01b4b140795584d285e8f0195e07dd,2025-10-24T23:00:00Z,Charlotte 49ers,North Texas Mean Green,2025-10-24T20:55:39Z,fanduel,Wyatt Young,5.5,-114.0,-114.0
2025,6b01b4b140795584d285e8f0195e07dd,2025-10-24T23:00:00Z,Charlotte 49ers,North Texas Mean Green,2025-10-24T20:55:39Z,bovada,Caleb Hawkins,2.5,110.0,-145.0
2025,6b01b4b140795584d285e8f0195e07dd,2025-10-24T23:00:00Z,Charlotte 49ers,North Texas Mean Green,2025-10-24T20:55:39Z,bovada,Javen Nicholas,4.5,-145.0,110.0
2025,ab8eb9a18a61f86e888d6d066728fd98,2025-10-24T23:30:00Z,Virginia Tech Hokies,California Golden Bears,2025-10-24T21:25:39Z,fanduel,Mason Mini,3.5,102.0,-132.0
2025,ab8eb9a18a61f86e888d6d066728fd98,2025-10-24T23:30:00Z,Virginia Tech Hokies,California Golden Bears,2025-10-24T21:25:39Z,fanduel,Jacob De Jesus,6.5,-114.0,-114.0
2025,ab8eb9a18a61f86e888d6d066728fd98,2025-10-24T23:30:00Z,Virginia Tech Hokies,California Golden Bears,2025-10-24T21:25:39Z,fanduel,Trond Grizzell,3.5,122.0,-160.0
2025,ab8eb9a18a61f86e888d6d066728fd98,2025-10-24T23:30:00Z,Virginia Tech Hokies,California Golden Bears,2025-10-24T21:25:39Z,fanduel,Ayden Greene,3.5,-108.0,-120.0
2025,ab8eb9a18a61f86e888d6d066728fd98,2025-10-24T23:30:00Z,Virginia Tech Hokies,California Golden Bears,2025-10-24T21:25:39Z,bovada,Ayden Greene,3.5,-105.0,-125.0
2025,ab8eb9a18a61f86e888d6d066728fd98,2025-10-24T23:30:00Z,Virginia Tech Hokies,California Golden Bears,2025-10-24T21:25:39Z,bovada,Jacob De Jesus,6.5,-115.0,-115.0
2025,ab8eb9a18a61f86e888d6d066728fd98,2025-10-24T23:30:00Z,Virginia Tech Hokies,California Golden Bears,2025-10-24T21:25:39Z,bovada,Trond Grizzell,3.5,125.0,-165.0
2025,bcd14745ebe1e1409d1a682fc3af8fb2,2025-10-25T02:00:00Z,Nevada Wolf Pack,Boise State Broncos,2025-10-24T23:55:39Z,fanduel,Chris Marshall,3.5,-114.0,-114.0
2025,bcd14745ebe1e1409d1a682fc3af8fb2,2025-10-25T02:00:00Z,Nevada Wolf Pack,Boise State Broncos,2025-10-24T23:55:39Z,fanduel,Latrell Caples,3.5,-128.0,-102.0
2025,b58f9041beb02f4a0dba118904a62c57,2025-10-25T16:00:00Z,Oklahoma Sooners,Ole Miss Rebels,2025-10-25T13:55:39Z,fanduel,Harrison Wallace III,3.5,136.0,-178.0
2025,b58f9041beb02f4a0dba118904a62c57,2025-10-25T16:00:00Z,Oklahoma Sooners,Ole Miss Rebels,2025-10-25T13:55:39Z,fanduel,Deion Burks,4.5,102.0,-132.0
2025,b58f9041beb02f4a0dba118904a62c57,2025-10-25T16:00:00Z,Oklahoma Sooners,Ole Miss Rebels,2025-10-25T13:55:39Z,fanduel,Isaiah Sategna III,4.5,-128.0,-102.0
2025,b58f9041beb02f4a0dba118904a62c57,2025-10-25T16:00:00Z,Oklahoma Sooners,Ole Miss Rebels,2025-10-25T13:55:39Z,fanduel,Cayden Lee,2.5,-114.0,-114.0
2025,b58f9041beb02f4a0dba118904a62c57,2025-10-25T16:00:00Z,Oklahoma Sooners,Ole Miss Rebels,2025-10-25T13:55:39Z,fanduel,De'Zhaun Stribling,2.5,-160.0,122.0
2025,b58f9041beb02f4a0dba118904a62c57,2025-10-25T16:00:00Z,Oklahoma Sooners,Ole Miss Rebels,2025-10-25T13:55:39Z,fanduel,Jaren Kanak,3.5,-114.0,-114.0
2025,b58f9041beb02f4a0dba118904a62c57,2025-10-25T16:00:00Z,Oklahoma Sooners,Ole Miss Rebels,2025-10-25T13:55:39Z,bovada,Cayden Lee,2.5,-120.0,-110.0
2025,b58f9041beb02f4a0dba118904a62c57,2025-10-25T16:00:00Z,Oklahoma Sooners,Ole Miss Rebels,2025-10-25T13:55:39Z,bovada,Deion Burks,4.5,100.0,-130.0
2025,b58f9041beb02f4a0dba118904a62c57,2025-10-25T16:00:00Z,Oklahoma Sooners,Ole Miss Rebels,2025-10-25T13:55:39Z,bovada,Harrison Wallace III,2.5,-180.0,135.0
2025,b58f9041beb02f4a0dba118904a62c57,2025-10-25T16:00:00Z,Oklahoma Sooners,Ole Miss Rebels,2025-10-25T13:55:39Z,bovada,Jaren Kanak,3.5,-115.0,-115.0
2025,3e97b6f70731e23aa7124b444cfc22aa,2025-10-25T19:30:00Z,South Carolina Gamecocks,Alabama Crimson Tide,2025-10-25T17:25:38Z,fanduel,Vandrevius Jacobs,3.5,144.0,-190.0
2025,3e97b6f70731e23aa7124b444cfc22aa,2025-10-25T19:30:00Z,South Carolina Gamecocks,Alabama Crimson Tide,2025-10-25T17:25:38Z,fanduel,Ryan Williams,4.5,-114.0,-114.0
2025,3e97b6f70731e23aa7124b444cfc22aa,2025-10-25T19:30:00Z,South Carolina Gamecocks,Alabama Crimson Tide,2025-10-25T17:25:38Z,fanduel,Germie Bernard,5.5,122.0,-160.0
2025,3e97b6f70731e23aa7124b444cfc22aa,2025-10-25T19:30:00Z,South Carolina Gamecocks,Alabama Crimson Tide,2025-10-25T17:25:38Z,fanduel,Nyck Harbor,2.5,112.0,-146.0
2025,3e97b6f70731e23aa7124b444cfc22aa,2025-10-25T19:30:00Z,South Carolina Gamecocks,Alabama Crimson Tide,2025-10-25T17:25:38Z,fanduel,Isaiah Horton,4.5,130.0,-170.0
2025,4fa1c6e86e5b4257bc7b9bbae3ed4e0d,2025-10-25T19:30:00Z,Iowa State Cyclones,BYU Cougars,2025-10-25T17:25:38Z,fanduel,Parker Kingston,3.5,-114.0,-114.0
2025,4fa1c6e86e5b4257bc7b9bbae3ed4e0d,2025-10-25T19:30:00Z,Iowa State Cyclones,BYU Cougars,2025-10-25T17:25:38Z,fanduel,Chase Roberts,3.5,-128.0,-102.0
2025,4fa1c6e86e5b4257bc7b9bbae3ed4e0d,2025-10-25T19:30:00Z,Iowa State Cyclones,BYU Cougars,2025-10-25T17:25:38Z,fanduel,Brett Eskildsen,3.5,112.0,-146.0
2025,cc91d8692c5fd56b32deabaf55bbfa47,2025-10-25T19:30:00Z,Vanderbilt Commodores,Missouri Tigers,2025-10-25T17:25:38Z,fanduel,Eli Stowers,4.5,102.0,-132.0
2025,cc91d8692c5fd56b32deabaf55bbfa47,2025-10-25T19:30:00Z,Vanderbilt Commodores,Missouri Tigers,2025-10-25T17:25:38Z,fanduel,Junior Sherrill,3.5,108.0,-140.0
2025,cc91d8692c5fd56b32deabaf55bbfa47,2025-10-25T19:30:00Z,Vanderbilt Commodores,Missouri Tigers,2025-10-25T17:25:38Z,fanduel,Marquis Johnson,3.5,-114.0,-114.0
2025,cc91d8692c5fd56b32deabaf55bbfa47,2025-10-25T19:30:00Z,Vanderbilt Commodores,Missouri Tigers,2025-10-25T17:25:38Z,fanduel,Tre Richardson,3.5,-102.0,-128.0
2025,cc91d8692c5fd56b32deabaf55bbfa47,2025-10-25T19:30:00Z,Vanderbilt Commodores,Missouri Tigers,2025-10-25T17:25:38Z,fanduel,Sedrick Alexander,1.5,-138.0,106.0
2025,cc91d8692c5fd56b32deabaf55bbfa47,2025-10-25T19:30:00Z,Vanderbilt Commodores,Missouri Tigers,2025-10-25T17:25:38Z,fanduel,Kevin Coleman Jr.,5.5,-118.0,-110.0
2025,cc91d8692c5fd56b32deabaf55bbfa47,2025-10-25T19:30:00Z,Vanderbilt Commodores,Missouri Tigers,2025-10-25T17:25:38Z,fanduel,Donovan Olugbode,3.5,144.0,-190.0
2025,cc91d8692c5fd56b32deabaf55bbfa47,2025-10-25T19:30:00Z,Vanderbilt Commodores,Missouri Tigers,2025-10-25T17:25:38Z,fanduel,Brett Norfleet,3.5,112.0,-146.0
2025,3768a025a13a62b8c2e3538dd92c4747,2025-10-25T23:30:00Z,Louisville Cardinals,Boston College Eagles,2025-10-25T21:25:38Z,fanduel,Reed Harris,3.5,-114.0,-114.0
2025,3768a025a13a62b8c2e3538dd92c4747,2025-10-25T23:30:00Z,Louisville Cardinals,Boston College Eagles,2025-10-25T21:25:38Z,fanduel,Lewis Bond,5.5,-146.0,112.0
2025,3768a025a13a62b8c2e3538dd92c4747,2025-10-25T23:30:00Z,Louisville Cardinals,Boston College Eagles,2025-10-25T21:25:38Z,bovada,Reed Harris,3.5,-110.0,-120.0
2025,32d34a26fb17b033fb1d33a6a8103cfb,2025-10-25T23:30:00Z,LSU Tigers,Texas A&M Aggies,2025-10-25T21:25:38Z,fanduel,Barion Brown,5.5,118.0,-154.0
2025,32d34a26fb17b033fb1d33a6a8103cfb,2025-10-25T23:30:00Z,LSU Tigers,Texas A&M Aggies,2025-10-25T21:25:38Z,fanduel,Zavion Thomas,3.5,108.0,-140.0
2025,32d34a26fb17b033fb1d33a6a8103cfb,2025-10-25T23:30:00Z,LSU Tigers,Texas A&M Aggies,2025-10-25T21:25:38Z,fanduel,Trey'Dez Green,3.5,-128.0,-102.0
2025,32d34a26fb17b033fb1d33a6a8103cfb,2025-10-25T23:30:00Z,LSU Tigers,Texas A&M Aggies,2025-10-25T21:25:38Z,fanduel,KC Concepcion,4.5,-114.0,-114.0
2025,32d34a26fb17b033fb1d33a6a8103cfb,2025-10-25T23:30:00Z,LSU Tigers,Texas A&M Aggies,2025-10-25T21:25:38Z,fanduel,Mario Craver,4.5,108.0,-140.0
2025,32d34a26fb17b033fb1d33a6a8103cfb,2025-10-25T23:30:00Z,LSU Tigers,Texas A&M Aggies,2025-10-25T21:25:38Z,bovada,KC Concepcion,4.5,-115.0,-115.0
2025,32d34a26fb17b033fb1d33a6a8103cfb,2025-10-25T23:30:00Z,LSU Tigers,Texas A&M Aggies,2025-10-25T21:25:38Z,bovada,Mario Craver,4.5,110.0,-145.0
2025,32d34a26fb17b033fb1d33a6a8103cfb,2025-10-25T23:30:00Z,LSU Tigers,Texas A&M Aggies,2025-10-25T21:25:38Z,bovada,Trey'Dez Green,3.5,-130.0,100.0
2025,07c10f14cd8f63779c9c32a0b015a62e,2025-10-25T23:30:00Z,Michigan State Spartans,Michigan Wolverines,2025-10-25T21:25:38Z,fanduel,Omari Kelly,3.5,104.0,-135.0
2025,07c10f14cd8f63779c9c32a0b015a62e,2025-10-25T23:30:00Z,Michigan State Spartans,Michigan Wolverines,2025-10-25T21:25:38Z,fanduel,Andrew Marsh,4.5,-120.0,-108.0
2025,07c10f14cd8f63779c9c32a0b015a62e,2025-10-25T23:30:00Z,Michigan State Spartans,Michigan Wolverines,2025-10-25T21:25:38Z,fanduel,Donaven McCulley,3.5,-114.0,-114.0
2025,07c10f14cd8f63779c9c32a0b015a62e,2025-10-25T23:30:00Z,Michigan State Spartans,Michigan Wolverines,2025-10-25T21:25:38Z,fanduel,Nick Marsh,4.5,-120.0,-108.0
2025,07c10f14cd8f63779c9c32a0b015a62e,2025-10-25T23:30:00Z,Michigan State Spartans,Michigan Wolverines,2025-10-25T21:25:38Z,bovada,Donaven McCulley,3.5,-115.0,-115.0
2025,07c10f14cd8f63779c9c32a0b015a62e,2025-10-25T23:30:00Z,Michigan State Spartans,Michigan Wolverines,2025-10-25T21:25:38Z,bovada,Nick Marsh,4.5,-125.0,-105.0
2025,07c10f14cd8f63779c9c32a0b015a62e,2025-10-25T23:30:00Z,Michigan State Spartans,Michigan Wolverines,2025-10-25T21:25:38Z,bovada,Omari Kelly,3.5,105.0,-135.0
2025,997d540a1f3e018bb3fc40d4d6789463,2025-10-25T23:45:00Z,Kentucky Wildcats,Tennessee Volunteers,2025-10-25T21:40:38Z,fanduel,Kendrick Law,4.5,122.0,-160.0
2025,997d540a1f3e018bb3fc40d4d6789463,2025-10-25T23:45:00Z,Kentucky Wildcats,Tennessee Volunteers,2025-10-25T21:40:38Z,fanduel,Mike Matthews,4.5,130.0,-170.0
2025,997d540a1f3e018bb3fc40d4d6789463,2025-10-25T23:45:00Z,Kentucky Wildcats,Tennessee Volunteers,2025-10-25T21:40:38Z,fanduel,Ja'Mori Maclin,1.5,-168.0,128.0
2025,997d540a1f3e018bb3fc40d4d6789463,2025-10-25T23:45:00Z,Kentucky Wildcats,Tennessee Volunteers,2025-10-25T21:40:38Z,fanduel,Willie Rodriguez,2.5,136.0,-178.0
2025,997d540a1f3e018bb3fc40d4d6789463,2025-10-25T23:45:00Z,Kentucky Wildcats,Tennessee Volunteers,2025-10-25T21:40:38Z,fanduel,Miles Kitselman,2.5,-184.0,140.0
2025,997d540a1f3e018bb3fc40d4d6789463,2025-10-25T23:45:00Z,Kentucky Wildcats,Tennessee Volunteers,2025-10-25T21:40:38Z,fanduel,Braylon Staley,4.5,-168.0,128.0
2025,997d540a1f3e018bb3fc40d4d6789463,2025-10-25T23:45:00Z,Kentucky Wildcats,Tennessee Volunteers,2025-10-25T21:40:38Z,fanduel,Chris Brazzell II,4.5,102.0,-132.0
2025,997d540a1f3e018bb3fc40d4d6789463,2025-10-25T23:45:00Z,Kentucky Wildcats,Tennessee Volunteers,2025-10-25T21:40:38Z,bovada,Braylon Staley,4.5,-170.0,130.0
2025,997d540a1f3e018bb3fc40d4d6789463,2025-10-25T23:45:00Z,Kentucky Wildcats,Tennessee Volunteers,2025-10-25T21:40:38Z,bovada,Chris Brazzell II,4.5,100.0,-130.0
2025,997d540a1f3e018bb3fc40d4d6789463,2025-10-25T23:45:00Z,Kentucky Wildcats,Tennessee Volunteers,2025-10-25T21:40:38Z,bovada,Ja'Mori Maclin,1.5,-170.0,130.0
2025,997d540a1f3e018bb3fc40d4d6789463,2025-10-25T23:45:00Z,Kentucky Wildcats,Tennessee Volunteers,2025-10-25T21:40:38Z,bovada,Mike Matthews,3.5,-150.0,115.0
2025,997d540a1f3e018bb3fc40d4d6789463,2025-10-25T23:45:00Z,Kentucky Wildcats,Tennessee Volunteers,2025-10-25T21:40:38Z,bovada,Miles Kitselman,3.5,130.0,-170.0
2025,997d540a1f3e018bb3fc40d4d6789463,2025-10-25T23:45:00Z,Kentucky Wildcats,Tennessee Volunteers,2025-10-25T21:40:38Z,bovada,Willie Rodriguez,1.5,-170.0,130.0
2025,e18c1f37c95bf989baf40bc9692ad742,2025-10-26T02:15:00Z,Utah Utes,Colorado Buffaloes,2025-10-26T00:10:38Z,fanduel,Dallen Bentley,3.5,-138.0,106.0
2025,e18c1f37c95bf989baf40bc9692ad742,2025-10-26T02:15:00Z,Utah Utes,Colorado Buffaloes,2025-10-26T00:10:38Z,fanduel,Joseph Williams,3.5,-120.0,-108.0
2025,e18c1f37c95bf989baf40bc9692ad742,2025-10-26T02:15:00Z,Utah Utes,Colorado Buffaloes,2025-10-26T00:10:38Z,fanduel,Omarion Miller,3.5,116.0,-152.0
2025,e18c1f37c95bf989baf40bc9692ad742,2025-10-26T02:15:00Z,Utah Utes,Colorado Buffaloes,2025-10-26T00:10:38Z,fanduel,Ryan Davis,5.5,102.0,-132.0
2025,e18c1f37c95bf989baf40bc9692ad742,2025-10-26T02:15:00Z,Utah Utes,Colorado Buffaloes,2025-10-26T00:10:38Z,bovada,Dallen Bentley,3.5,-135.0,105.0
2025,e18c1f37c95bf989baf40bc9692ad742,2025-10-26T02:15:00Z,Utah Utes,Colorado Buffaloes,2025-10-26T00:10:38Z,bovada,Joseph Williams,3.5,-125.0,-105.0
2025,b972aaf6a19883fa0fbf06d89f86acf7,2025-10-29T00:00:00Z,Texas State Bobcats,James Madison Dukes,2025-10-28T21:55:39Z,fanduel,Chris Dawn Jr.,3.5,-168.0,128.0
2025,b972aaf6a19883fa0fbf06d89f86acf7,2025-10-29T00:00:00Z,Texas State Bobcats,James Madison Dukes,2025-10-28T21:55:39Z,fanduel,Beau Sparks,5.5,-114.0,-114.0
2025,b972aaf6a19883fa0fbf06d89f86acf7,2025-10-29T00:00:00Z,Texas State Bobcats,James Madison Dukes,2025-10-28T21:55:39Z,fanduel,Landon Ellis,3.5,-170.0,130.0
2025,392073cad7207da5ea1097f3cac57ddd,2025-10-29T00:00:00Z,Kennesaw State Owls,UTEP Miners,2025-10-28T21:55:39Z,fanduel,Christian Moss,3.5,-128.0,-102.0
2025,392073cad7207da5ea1097f3cac57ddd,2025-10-29T00:00:00Z,Kennesaw State Owls,UTEP Miners,2025-10-28T21:55:39Z,fanduel,Wondame Davis Jr.,3.5,136.0,-178.0
2025,392073cad7207da5ea1097f3cac57ddd,2025-10-29T00:00:00Z,Kennesaw State Owls,UTEP Miners,2025-10-28T21:55:39Z,fanduel,Kenny Odom,5.5,-138.0,106.0
2025,392073cad7207da5ea1097f3cac57ddd,2025-10-29T00:00:00Z,Kennesaw State Owls,UTEP Miners,2025-10-28T21:55:39Z,fanduel,Gabriel Benyard,4.5,-176.0,134.0
2025,ef481710788d18502f9de2f9906fd74c,2025-10-29T23:30:00Z,Middle Tennessee Blue Raiders,Jacksonville State Gamecocks,2025-10-29T21:25:39Z,fanduel,Jekail Middlebrook,3.5,108.0,-140.0
2025,ef481710788d18502f9de2f9906fd74c,2025-10-29T23:30:00Z,Middle Tennessee Blue Raiders,Jacksonville State Gamecocks,2025-10-29T21:25:39Z,fanduel,Nahzae Cox,4.5,128.0,-168.0
2025,ef481710788d18502f9de2f9906fd74c,2025-10-29T23:30:00Z,Middle Tennessee Blue Raiders,Jacksonville State Gamecocks,2025-10-29T21:25:39Z,fanduel,Hunter Tipton,3.5,-156.0,120.0
2025,ef481710788d18502f9de2f9906fd74c,2025-10-29T23:30:00Z,Middle Tennessee Blue Raiders,Jacksonville State Gamecocks,2025-10-29T21:25:39Z,fanduel,Cam'ron Lacy,4.5,-115.0,-113.0
2025,9cfd27bf66c6a8328d7ac615cbee50fc,2025-10-30T00:00:00Z,Missouri State Bears,Florida International Panthers,2025-10-29T21:55:39Z,fanduel,Maguire Anderson,3.5,126.0,-165.0
2025,9cfd27bf66c6a8328d7ac615cbee50fc,2025-10-30T00:00:00Z,Missouri State Bears,Florida International Panthers,2025-10-29T21:55:39Z,fanduel,Alex Perry,3.5,-156.0,120.0
2025,9cfd27bf66c6a8328d7ac615cbee50fc,2025-10-30T00:00:00Z,Missouri State Bears,Florida International Panthers,2025-10-29T21:55:39Z,fanduel,Ronnel Johnson,4.5,-146.0,112.0
2025,1248fc45fafc31ef759edb57607c1c0a,2025-10-30T23:30:00Z,Coastal Carolina Chanticleers,Marshall Thundering Herd,2025-10-30T21:25:39Z,fanduel,Demarcus Lacey,6.5,-102.0,-128.0
2025,1248fc45fafc31ef759edb57607c1c0a,2025-10-30T23:30:00Z,Coastal Carolina Chanticleers,Marshall Thundering Herd,2025-10-30T21:25:39Z,fanduel,Toby Payne,3.5,126.0,-165.0
2025,812bace34e4d06fa48911a30e8b6acf8,2025-10-30T23:30:00Z,UTSA Roadrunners,Tulane Green Wave,2025-10-30T21:25:39Z,fanduel,Devin McCuin,4.5,-140.0,108.0
2025,812bace34e4d06fa48911a30e8b6acf8,2025-10-30T23:30:00Z,UTSA Roadrunners,Tulane Green Wave,2025-10-30T21:25:39Z,fanduel,Bryce Bohanon,3.5,-144.0,110.0
2025,812bace34e4d06fa48911a30e8b6acf8,2025-10-30T23:30:00Z,UTSA Roadrunners,Tulane Green Wave,2025-10-30T21:25:39Z,fanduel,Shazz Preston,3.5,-114.0,-114.0
2025,a39d31e5d3f010d7b4f68453167a174e,2025-10-31T23:30:00Z,Syracuse Orange,North Carolina Tar Heels,2025-10-31T21:25:39Z,fanduel,Johntay Cook,4.5,-120.0,-108.0
2025,a39d31e5d3f010d7b4f68453167a174e,2025-10-31T23:30:00Z,Syracuse Orange,North Carolina Tar Heels,2025-10-31T21:25:39Z,fanduel,Jordan Shipp,4.5,-114.0,-114.0
2025,a39d31e5d3f010d7b4f68453167a174e,2025-10-31T23:30:00Z,Syracuse Orange,North Carolina Tar Heels,2025-10-31T21:25:39Z,fanduel,Darrell Gill jr.,3.5,108.0,-140.0
2025,d3e107e5a95bc8bdbd31b4de403f0e80,2025-11-01T16:00:00Z,SMU Mustangs,Miami Hurricanes,2025-11-01T13:55:40Z,fanduel,Malachi Toney,6.5,112.0,-146.0
2025,6496fb908a00a0d0df24b47b120e87c8,2025-11-01T16:00:00Z,Ohio State Buckeyes,Penn State Nittany Lions,2025-11-01T13:55:40Z,fanduel,Jeremiah Smith,6.5,-154.0,118.0
2025,6496fb908a00a0d0df24b47b120e87c8,2025-11-01T16:00:00Z,Ohio State Buckeyes,Penn State Nittany Lions,2025-11-01T13:55:40Z,fanduel,Carnell Tate,5.5,126.0,-165.0
2025,6496fb908a00a0d0df24b47b120e87c8,2025-11-01T16:00:00Z,Ohio State Buckeyes,Penn State Nittany Lions,2025-11-01T13:55:40Z,fanduel,Max Klare,3.5,-114.0,-114.0
2025,f7e3b232e4a570cc7d5d4484f83f3a5c,2025-11-01T16:00:00Z,Texas Longhorns,Vanderbilt Commodores,2025-11-01T13:55:40Z,fanduel,Sedrick Alexander,1.5,112.0,-146.0
2025,f7e3b232e4a570cc7d5d4484f83f3a5c,2025-11-01T16:00:00Z,Texas Longhorns,Vanderbilt Commodores,2025-11-01T13:55:40Z,fanduel,Tre Richardson,2.5,-188.0,142.0
2025,f7e3b232e4a570cc7d5d4484f83f3a5c,2025-11-01T16:00:00Z,Texas Longhorns,Vanderbilt Commodores,2025-11-01T13:55:40Z,fanduel,Parker Livingstone,2.5,136.0,-178.0
2025,f7e3b232e4a570cc7d5d4484f83f3a5c,2025-11-01T16:00:00Z,Texas Longhorns,Vanderbilt Commodores,2025-11-01T13:55:40Z,fanduel,Eli Stowers,3.5,-135.0,104.0
2025,f7e3b232e4a570cc7d5d4484f83f3a5c,2025-11-01T16:00:00Z,Texas Longhorns,Vanderbilt Commodores,2025-11-01T13:55:40Z,fanduel,Ryan Wingo,3.5,-135.0,104.0
2025,f7e3b232e4a570cc7d5d4484f83f3a5c,2025-11-01T16:00:00Z,Texas Longhorns,Vanderbilt Commodores,2025-11-01T13:55:40Z,fanduel,Junior Sherrill,2.5,-140.0,108.0
2025,f7e3b232e4a570cc7d5d4484f83f3a5c,2025-11-01T16:00:00Z,Texas Longhorns,Vanderbilt Commodores,2025-11-01T13:55:40Z,fanduel,DeAndre Moore Jr.,3.5,148.0,-196.0
2025,0a13bda89bf79d35ae4e7f26d142cbd3,2025-11-01T19:30:00Z,Florida Gators,Georgia Bulldogs,2025-11-01T17:25:39Z,fanduel,Dallas Wilson,4.5,126.0,-165.0
2025,0a13bda89bf79d35ae4e7f26d142cbd3,2025-11-01T19:30:00Z,Florida Gators,Georgia Bulldogs,2025-11-01T17:25:39Z,fanduel,Hayden Hansen,3.5,-138.0,106.0
2025,0a13bda89bf79d35ae4e7f26d142cbd3,2025-11-01T19:30:00Z,Florida Gators,Georgia Bulldogs,2025-11-01T17:25:39Z,fanduel,J. Michael Sturdivant,2.5,-156.0,120.0
2025,0a13bda89bf79d35ae4e7f26d142cbd3,2025-11-01T19:30:00Z,Florida Gators,Georgia Bulldogs,2025-11-01T17:25:39Z,fanduel,Eugene Wilson III,3.5,-146.0,112.0
2025,0a13bda89bf79d35ae4e7f26d142cbd3,2025-11-01T19:30:00Z,Florida Gators,Georgia Bulldogs,2025-11-01T17:25:39Z,fanduel,Zachariah Branch,4.5,-156.0,120.0
2025,35d3e354ceb275c759e3d2381e24ba87,2025-11-01T19:30:00Z,Maryland Terrapins,Indiana Hoosiers,2025-11-01T17:25:39Z,fanduel,Jalil Farooq,3.5,-132.0,102.0
2025,35d3e354ceb275c759e3d2381e24ba87,2025-11-01T19:30:00Z,Maryland Terrapins,Indiana Hoosiers,2025-11-01T17:25:39Z,fanduel,E.J. Williams Jr.,3.5,130.0,-170.0
2025,35d3e354ceb275c759e3d2381e24ba87,2025-11-01T19:30:00Z,Maryland Terrapins,Indiana Hoosiers,2025-11-01T17:25:39Z,fanduel,Omar Cooper Jr.,5.5,128.0,-168.0
2025,35d3e354ceb275c759e3d2381e24ba87,2025-11-01T19:30:00Z,Maryland Terrapins,Indiana Hoosiers,2025-11-01T17:25:39Z,fanduel,Dorian Fleming,4.5,126.0,-165.0
2025,35d3e354ceb275c759e3d2381e24ba87,2025-11-01T19:30:00Z,Maryland Terrapins,Indiana Hoosiers,2025-11-01T17:25:39Z,fanduel,Shaleak Knotts,3.5,112.0,-146.0
2025,35d3e354ceb275c759e3d2381e24ba87,2025-11-01T19:30:00Z,Maryland Terrapins,Indiana Hoosiers,2025-11-01T17:25:39Z,fanduel,Elijah Sarratt,6.5,116.0,-152.0
2025,35d3e354ceb275c759e3d2381e24ba87,2025-11-01T19:30:00Z,Maryland Terrapins,Indiana Hoosiers,2025-11-01T17:25:39Z,fanduel,Octavian Smith Jr.,3.5,-128.0,-102.0
2025,d666a11a38728da38c8404862f2ca14e,2025-11-01T19:30:00Z,Kansas State Wildcats,Texas Tech Red Raiders,2025-11-01T17:25:39Z,fanduel,Caleb Douglas,5.5,126.0,-165.0
2025,d666a11a38728da38c8404862f2ca14e,2025-11-01T19:30:00Z,Kansas State Wildcats,Texas Tech Red Raiders,2025-11-01T17:25:39Z,fanduel,Jaron Tibbs,4.5,136.0,-178.0
2025,d666a11a38728da38c8404862f2ca14e,2025-11-01T19:30:00Z,Kansas State Wildcats,Texas Tech Red Raiders,2025-11-01T17:25:39Z,fanduel,Jayce Brown,4.5,-140.0,108.0
2025,d666a11a38728da38c8404862f2ca14e,2025-11-01T19:30:00Z,Kansas State Wildcats,Texas Tech Red Raiders,2025-11-01T17:25:39Z,fanduel,Coy Eakin,4.5,140.0,-184.0
2025,d666a11a38728da38c8404862f2ca14e,2025-11-01T19:30:00Z,Kansas State Wildcats,Texas Tech Red Raiders,2025-11-01T17:25:39Z,fanduel,J'Koby Williams,2.5,-102.0,-128.0
2025,d666a11a38728da38c8404862f2ca14e,2025-11-01T19:30:00Z,Kansas State Wildcats,Texas Tech Red Raiders,2025-11-01T17:25:39Z,fanduel,Terrance Carter Jr.,3.5,-106.0,-122.0
2025,d666a11a38728da38c8404862f2ca14e,2025-11-01T19:30:00Z,Kansas State Wildcats,Texas Tech Red Raiders,2025-11-01T17:25:39Z,fanduel,Reggie Virgil,3.5,-152.0,116.0
2025,67c2f115dc5ae1183a8f0d3812bdbaea,2025-11-01T23:00:00Z,Ole Miss Rebels,South Carolina Gamecocks,2025-11-01T20:55:38Z,fanduel,Harrison Wallace III,3.5,118.0,-154.0
2025,67c2f115dc5ae1183a8f0d3812bdbaea,2025-11-01T23:00:00Z,Ole Miss Rebels,South Carolina Gamecocks,2025-11-01T20:55:38Z,fanduel,Cayden Lee,2.5,144.0,-190.0
2025,67c2f115dc5ae1183a8f0d3812bdbaea,2025-11-01T23:00:00Z,Ole Miss Rebels,South Carolina Gamecocks,2025-11-01T20:55:38Z,fanduel,Brady Hunt,2.5,-104.0,-125.0
2025,67c2f115dc5ae1183a8f0d3812bdbaea,2025-11-01T23:00:00Z,Ole Miss Rebels,South Carolina Gamecocks,2025-11-01T20:55:38Z,fanduel,Vandrevius Jacobs,2.5,-114.0,-114.0
2025,67c2f115dc5ae1183a8f0d3812bdbaea,2025-11-01T23:00:00Z,Ole Miss Rebels,South Carolina Gamecocks,2025-11-01T20:55:38Z,fanduel,Deuce Alexander,3.5,136.0,-178.0
2025,67c2f115dc5ae1183a8f0d3812bdbaea,2025-11-01T23:00:00Z,Ole Miss Rebels,South Carolina Gamecocks,2025-11-01T20:55:38Z,fanduel,Nyck Harbor,2.5,102.0,-132.0
2025,67c2f115dc5ae1183a8f0d3812bdbaea,2025-11-01T23:00:00Z,Ole Miss Rebels,South Carolina Gamecocks,2025-11-01T20:55:38Z,fanduel,De'Zhaun Stribling,2.5,-132.0,102.0
2025,67c2f115dc5ae1183a8f0d3812bdbaea,2025-11-01T23:00:00Z,Ole Miss Rebels,South Carolina Gamecocks,2025-11-01T20:55:38Z,fanduel,Dae'Quan Wright,3.5,110.0,-144.0
2025,0c23a288344d38514845804a03b43fd3,2025-11-01T23:30:00Z,Auburn Tigers,Kentucky Wildcats,2025-11-01T21:25:39Z,fanduel,Kendrick Law,3.5,122.0,-160.0
2025,0c23a288344d38514845804a03b43fd3,2025-11-01T23:30:00Z,Auburn Tigers,Kentucky Wildcats,2025-11-01T21:25:39Z,fanduel,Cam Coleman,4.5,132.0,-174.0
2025,0c23a288344d38514845804a03b43fd3,2025-11-01T23:30:00Z,Auburn Tigers,Kentucky Wildcats,2025-11-01T21:25:39Z,fanduel,Eric Singleton Jr.,5.5,120.0,-156.0
2025,fa877e625753f69bd36947d9b697faae,2025-11-01T23:30:00Z,Nebraska Cornhuskers,USC Trojans,2025-11-01T21:25:39Z,fanduel,Dane Key,3.5,122.0,-160.0
2025,fa877e625753f69bd36947d9b697faae,2025-11-01T23:30:00Z,Nebraska Cornhuskers,USC Trojans,2025-11-01T21:25:39Z,fanduel,Jacory Barney Jr.,3.5,112.0,-146.0
2025,fa877e625753f69bd36947d9b697faae,2025-11-01T23:30:00Z,Nebraska Cornhuskers,USC Trojans,2025-11-01T21:25:39Z,fanduel,Makai Lemon,7.5,112.0,-146.0
2025,fa877e625753f69bd36947d9b697faae,2025-11-01T23:30:00Z,Nebraska Cornhuskers,USC Trojans,2025-11-01T21:25:39Z,fanduel,Ja'Kobi Lane,4.5,120.0,-156.0
2025,fa877e625753f69bd36947d9b697faae,2025-11-01T23:30:00Z,Nebraska Cornhuskers,USC Trojans,2025-11-01T21:25:39Z,fanduel,Luke Lindenmeyer,2.5,-104.0,-125.0
2025,fa877e625753f69bd36947d9b697faae,2025-11-01T23:30:00Z,Nebraska Cornhuskers,USC Trojans,2025-11-01T21:25:39Z,fanduel,Lake McRee,2.5,102.0,-132.0
2025,fa877e625753f69bd36947d9b697faae,2025-11-01T23:30:00Z,Nebraska Cornhuskers,USC Trojans,2025-11-01T21:25:39Z,fanduel,Nyziah Hunter,4.5,120.0,-156.0
2025,fa877e625753f69bd36947d9b697faae,2025-11-01T23:30:00Z,Nebraska Cornhuskers,USC Trojans,2025-11-01T21:25:39Z,fanduel,King Miller,1.5,-184.0,140.0
2025,f53cf7187de74814bd8b0651a729b94b,2025-11-01T23:30:00Z,Tennessee Volunteers,Oklahoma Sooners,2025-11-01T21:25:39Z,fanduel,Chris Brazzell II,4.5,112.0,-146.0
2025,f53cf7187de74814bd8b0651a729b94b,2025-11-01T23:30:00Z,Tennessee Volunteers,Oklahoma Sooners,2025-11-01T21:25:39Z,fanduel,Mike Matthews,3.5,-140.0,108.0
2025,f53cf7187de74814bd8b0651a729b94b,2025-11-01T23:30:00Z,Tennessee Volunteers,Oklahoma Sooners,2025-11-01T21:25:39Z,fanduel,Braylon Staley,5.5,-114.0,-114.0
2025,3a295f4683347d18fea2de7ee64aa079,2025-11-02T02:15:00Z,Utah Utes,Cincinnati Bearcats,2025-11-02T00:10:38Z,fanduel,Dallen Bentley,4.5,-106.0,-122.0
2025,3a295f4683347d18fea2de7ee64aa079,2025-11-02T02:15:00Z,Utah Utes,Cincinnati Bearcats,2025-11-02T00:10:38Z,fanduel,Ryan Davis,5.5,-144.0,110.0
2025,d00a52f83db97af88e3675f61fe97985,2025-11-02T02:30:00Z,San Jose State Spartans,Hawaii Rainbow Warriors,2025-11-02T00:25:38Z,fanduel,Danny Scudero,7.5,-164.0,125.0
2025,d28f0497fa7a5eac34da18d9ceccac3c,2025-11-05T00:00:00Z,Ohio Bobcats,Miami (OH) RedHawks,2025-11-04T21:55:38Z,fanduel,Kam Perry,2.5,-146.0,112.0
2025,d28f0497fa7a5eac34da18d9ceccac3c,2025-11-05T00:00:00Z,Ohio Bobcats,Miami (OH) RedHawks,2025-11-04T21:55:38Z,fanduel,Chase Hendricks,7.5,110.0,-144.0
2025,002b7d85d301b778efcd83e8bd8cfbd7,2025-11-06T00:00:00Z,Toledo Rockets,Northern Illinois Huskies,2025-11-05T21:55:38Z,fanduel,Junior Vandeross III,6.5,-102.0,-128.0
2025,002b7d85d301b778efcd83e8bd8cfbd7,2025-11-06T00:00:00Z,Toledo Rockets,Northern Illinois Huskies,2025-11-05T21:55:38Z,fanduel,Trayvon Rudolph,3.5,-146.0,112.0
2025,9073c528b41f8e63e3d7e072d81fbb20,2025-11-08T02:00:00Z,USC Trojans,Northwestern Wildcats,2025-11-07T23:55:37Z,fanduel,Ja'Kobi Lane,3.5,-128.0,-102.0
2025,9073c528b41f8e63e3d7e072d81fbb20,2025-11-08T02:00:00Z,USC Trojans,Northwestern Wildcats,2025-11-07T23:55:37Z,fanduel,Griffin Wilde,4.5,-108.0,-120.0
2025,9073c528b41f8e63e3d7e072d81fbb20,2025-11-08T02:00:00Z,USC Trojans,Northwestern Wildcats,2025-11-07T23:55:37Z,fanduel,Lake McRee,2.5,102.0,-132.0
2025,9073c528b41f8e63e3d7e072d81fbb20,2025-11-08T02:00:00Z,USC Trojans,Northwestern Wildcats,2025-11-07T23:55:37Z,fanduel,Makai Lemon,6.5,-128.0,-102.0
2025,7492442a7d4ea720e20334407be28836,2025-11-08T17:00:00Z,Texas Tech Red Raiders,BYU Cougars,2025-11-08T14:55:37Z,fanduel,Reggie Virgil,3.5,-152.0,116.0
2025,7492442a7d4ea720e20334407be28836,2025-11-08T17:00:00Z,Texas Tech Red Raiders,BYU Cougars,2025-11-08T14:55:37Z,fanduel,Caleb Douglas,5.5,122.0,-160.0
2025,7492442a7d4ea720e20334407be28836,2025-11-08T17:00:00Z,Texas Tech Red Raiders,BYU Cougars,2025-11-08T14:55:37Z,fanduel,Parker Kingston,4.5,120.0,-156.0
2025,7492442a7d4ea720e20334407be28836,2025-11-08T17:00:00Z,Texas Tech Red Raiders,BYU Cougars,2025-11-08T14:55:37Z,fanduel,Carsen Ryan,2.5,-120.0,-108.0
2025,7492442a7d4ea720e20334407be28836,2025-11-08T17:00:00Z,Texas Tech Red Raiders,BYU Cougars,2025-11-08T14:55:37Z,fanduel,Coy Eakin,3.5,-154.0,118.0
2025,7492442a7d4ea720e20334407be28836,2025-11-08T17:00:00Z,Texas Tech Red Raiders,BYU Cougars,2025-11-08T14:55:37Z,fanduel,Chase Roberts,3.5,-160.0,122.0
2025,7492442a7d4ea720e20334407be28836,2025-11-08T17:00:00Z,Texas Tech Red Raiders,BYU Cougars,2025-11-08T14:55:37Z,fanduel,J'Koby Williams,2.5,122.0,-160.0
2025,7492442a7d4ea720e20334407be28836,2025-11-08T17:00:00Z,Texas Tech Red Raiders,BYU Cougars,2025-11-08T14:55:37Z,fanduel,Terrance Carter Jr.,3.5,-118.0,-110.0
2025,eba18280b341d7cbd8e9ed1dcd18bf05,2025-11-08T17:00:00Z,West Virginia Mountaineers,Colorado Buffaloes,2025-11-08T14:55:37Z,fanduel,Omarion Miller,4.5,-114.0,-114.0
2025,eba18280b341d7cbd8e9ed1dcd18bf05,2025-11-08T17:00:00Z,West Virginia Mountaineers,Colorado Buffaloes,2025-11-08T14:55:37Z,fanduel,Cam Vaughn,3.5,-128.0,-102.0
2025,b41044c11856a02c999522fe8f4977e4,2025-11-08T17:00:00Z,Mississippi State Bulldogs,Georgia Bulldogs,2025-11-08T14:55:37Z,fanduel,Anthony Evans III,5.5,-114.0,-114.0
2025,b41044c11856a02c999522fe8f4977e4,2025-11-08T17:00:00Z,Mississippi State Bulldogs,Georgia Bulldogs,2025-11-08T14:55:37Z,fanduel,Brenen Thompson,4.5,118.0,-154.0
2025,b41044c11856a02c999522fe8f4977e4,2025-11-08T17:00:00Z,Mississippi State Bulldogs,Georgia Bulldogs,2025-11-08T14:55:37Z,fanduel,Zachariah Branch,6.5,112.0,-146.0
2025,2307b8527e5d6be27f3190e5243b8c7f,2025-11-08T18:00:00Z,Purdue Boilermakers,Ohio State Buckeyes,2025-11-08T15:55:37Z,fanduel,Carnell Tate,4.5,-140.0,108.0
2025,2307b8527e5d6be27f3190e5243b8c7f,2025-11-08T18:00:00Z,Purdue Boilermakers,Ohio State Buckeyes,2025-11-08T15:55:37Z,fanduel,Brandon Inniss,2.5,-114.0,-114.0
2025,2307b8527e5d6be27f3190e5243b8c7f,2025-11-08T18:00:00Z,Purdue Boilermakers,Ohio State Buckeyes,2025-11-08T15:55:37Z,fanduel,Max Klare,2.5,-114.0,-114.0
2025,2307b8527e5d6be27f3190e5243b8c7f,2025-11-08T18:00:00Z,Purdue Boilermakers,Ohio State Buckeyes,2025-11-08T15:55:37Z,fanduel,Jeremiah Smith,6.5,125.0,-164.0
2025,60f69546f72b1cb5dc22aa0096258e19,2025-11-08T20:30:00Z,Arizona Wildcats,Kansas Jayhawks,2025-11-08T18:25:37Z,fanduel,Javin Whatley,3.5,-114.0,-114.0
2025,60f69546f72b1cb5dc22aa0096258e19,2025-11-08T20:30:00Z,Arizona Wildcats,Kansas Jayhawks,2025-11-08T18:25:37Z,fanduel,Kris Hutson,4.5,-120.0,-108.0
2025,398c47249f361616ea373b30dc8acbf1,2025-11-08T20:30:00Z,Iowa Hawkeyes,Oregon Ducks,2025-11-08T18:25:37Z,fanduel,Gary Bryant Jr.,3.5,132.0,-174.0
2025,398c47249f361616ea373b30dc8acbf1,2025-11-08T20:30:00Z,Iowa Hawkeyes,Oregon Ducks,2025-11-08T18:25:37Z,fanduel,Kenyon Sadiq,3.5,122.0,-160.0
2025,4bf0ba6b4a8a5231ae6fd7ea67a97bc8,2025-11-08T20:30:00Z,Missouri Tigers,Texas A&M Aggies,2025-11-08T18:25:37Z,fanduel,Joshua Manning,2.5,-168.0,128.0
2025,4bf0ba6b4a8a5231ae6fd7ea67a97bc8,2025-11-08T20:30:00Z,Missouri Tigers,Texas A&M Aggies,2025-11-08T18:25:37Z,fanduel,Marquis Johnson,3.5,136.0,-178.0
2025,4bf0ba6b4a8a5231ae6fd7ea67a97bc8,2025-11-08T20:30:00Z,Missouri Tigers,Texas A&M Aggies,2025-11-08T18:25:37Z,fanduel,Kevin Coleman Jr.,5.5,100.0,-130.0
2025,4bf0ba6b4a8a5231ae6fd7ea67a97bc8,2025-11-08T20:30:00Z,Missouri Tigers,Texas A&M Aggies,2025-11-08T18:25:37Z,fanduel,KC Concepcion,4.5,108.0,-140.0
2025,4bf0ba6b4a8a5231ae6fd7ea67a97bc8,2025-11-08T20:30:00Z,Missouri Tigers,Texas A&M Aggies,2025-11-08T18:25:37Z,fanduel,Mario Craver,4.5,130.0,-170.0
2025,a4fd5ab6f224d271ca76719ac8277176,2025-11-09T00:30:00Z,Alabama Crimson Tide,LSU Tigers,2025-11-08T22:25:37Z,fanduel,Trey'Dez Green,3.5,-128.0,-102.0
2025,a4fd5ab6f224d271ca76719ac8277176,2025-11-09T00:30:00Z,Alabama Crimson Tide,LSU Tigers,2025-11-08T22:25:37Z,fanduel,Aaron Anderson,3.5,106.0,-138.0
2025,a4fd5ab6f224d271ca76719ac8277176,2025-11-09T00:30:00Z,Alabama Crimson Tide,LSU Tigers,2025-11-08T22:25:37Z,fanduel,Isaiah Horton,3.5,112.0,-146.0
2025,a4fd5ab6f224d271ca76719ac8277176,2025-11-09T00:30:00Z,Alabama Crimson Tide,LSU Tigers,2025-11-08T22:25:37Z,fanduel,Barion Brown,4.5,100.0,-130.0
2025,a4fd5ab6f224d271ca76719ac8277176,2025-11-09T00:30:00Z,Alabama Crimson Tide,LSU Tigers,2025-11-08T22:25:37Z,fanduel,Lotzeir Brooks,2.5,100.0,-130.0
2025,a4fd5ab6f224d271ca76719ac8277176,2025-11-09T00:30:00Z,Alabama Crimson Tide,LSU Tigers,2025-11-08T22:25:37Z,fanduel,Germie Bernard,5.5,126.0,-165.0
2025,a4fd5ab6f224d271ca76719ac8277176,2025-11-09T00:30:00Z,Alabama Crimson Tide,LSU Tigers,2025-11-08T22:25:37Z,fanduel,Ryan Williams,3.5,-128.0,-102.0
2025,3c44dd1ba67c8192815306b5bb894fcd,2025-11-09T00:30:00Z,Kentucky Wildcats,Florida Gators,2025-11-08T22:25:37Z,fanduel,Hayden Hansen,2.5,-128.0,-102.0
2025,3c44dd1ba67c8192815306b5bb894fcd,2025-11-09T00:30:00Z,Kentucky Wildcats,Florida Gators,2025-11-08T22:25:37Z,fanduel,Vernell Brown III,3.5,-168.0,128.0
2025,3c44dd1ba67c8192815306b5bb894fcd,2025-11-09T00:30:00Z,Kentucky Wildcats,Florida Gators,2025-11-08T22:25:37Z,fanduel,Aidan Mizell,2.5,-110.0,-118.0
2025,b0065a8740c11ddd389e3c3b2e169bca,2025-11-09T00:30:00Z,Notre Dame Fighting Irish,Navy Midshipmen,2025-11-08T22:25:37Z,fanduel,Malachi Fields,2.5,126.0,-165.0
2025,b0065a8740c11ddd389e3c3b2e169bca,2025-11-09T00:30:00Z,Notre Dame Fighting Irish,Navy Midshipmen,2025-11-08T22:25:37Z,fanduel,Jordan Faison,4.5,-114.0,-114.0
2025,b0065a8740c11ddd389e3c3b2e169bca,2025-11-09T00:30:00Z,Notre Dame Fighting Irish,Navy Midshipmen,2025-11-08T22:25:37Z,fanduel,Eli Raridon,2.5,106.0,-138.0
2025,b0065a8740c11ddd389e3c3b2e169bca,2025-11-09T00:30:00Z,Notre Dame Fighting Irish,Navy Midshipmen,2025-11-08T22:25:37Z,fanduel,Jeremiyah Love,2.5,-114.0,-114.0
2025,b0065a8740c11ddd389e3c3b2e169bca,2025-11-09T00:30:00Z,Notre Dame Fighting Irish,Navy Midshipmen,2025-11-08T22:25:37Z,fanduel,Will Pauling,2.5,-156.0,120.0
2025,9c020bd7d3fb34116f63a1e56ef90b74,2025-11-09T02:00:00Z,UCLA Bruins,Nebraska Cornhuskers,2025-11-08T23:55:37Z,fanduel,Rico Flores Jr.,2.5,-102.0,-128.0
2025,9c020bd7d3fb34116f63a1e56ef90b74,2025-11-09T02:00:00Z,UCLA Bruins,Nebraska Cornhuskers,2025-11-08T23:55:37Z,fanduel,Titus Mokiao-Atimalala,2.5,116.0,-152.0
2025,9c020bd7d3fb34116f63a1e56ef90b74,2025-11-09T02:00:00Z,UCLA Bruins,Nebraska Cornhuskers,2025-11-08T23:55:37Z,fanduel,Dane Key,2.5,-120.0,-108.0
2025,9c020bd7d3fb34116f63a1e56ef90b74,2025-11-09T02:00:00Z,UCLA Bruins,Nebraska Cornhuskers,2025-11-08T23:55:37Z,fanduel,Nyziah Hunter,3.5,-156.0,120.0
2025,9c020bd7d3fb34116f63a1e56ef90b74,2025-11-09T02:00:00Z,UCLA Bruins,Nebraska Cornhuskers,2025-11-08T23:55:37Z,fanduel,Kwazi Gilmer,3.5,-120.0,-108.0
2025,a262301eedaacdcf2d2f66b6e774d284,2025-11-12T00:30:00Z,Akron Zips,Kent State Golden Flashes,2025-11-11T22:25:37Z,fanduel,Dashawn Martin,3.5,104.0,-135.0
2025,a262301eedaacdcf2d2f66b6e774d284,2025-11-12T00:30:00Z,Akron Zips,Kent State Golden Flashes,2025-11-11T22:25:37Z,fanduel,Wayne Harris,3.5,-110.0,-118.0
2025,a262301eedaacdcf2d2f66b6e774d284,2025-11-12T00:30:00Z,Akron Zips,Kent State Golden Flashes,2025-11-11T22:25:37Z,fanduel,Kyan Mason,3.5,-102.0,-128.0
2025,a262301eedaacdcf2d2f66b6e774d284,2025-11-12T00:30:00Z,Akron Zips,Kent State Golden Flashes,2025-11-11T22:25:37Z,fanduel,Israel Polk,3.5,112.0,-146.0
2025,a262301eedaacdcf2d2f66b6e774d284,2025-11-12T00:30:00Z,Akron Zips,Kent State Golden Flashes,2025-11-11T22:25:37Z,fanduel,Marcel Williams,3.5,-146.0,112.0
2025,3e0b12f621379f7492aabe9f44a74477,2025-11-12T01:00:00Z,Western Michigan Broncos,Ohio Bobcats,2025-11-11T22:55:37Z,fanduel,Talique Williams,4.5,-102.0,-128.0
2025,3e0b12f621379f7492aabe9f44a74477,2025-11-12T01:00:00Z,Western Michigan Broncos,Ohio Bobcats,2025-11-11T22:55:37Z,fanduel,Rodney Harris II,3.5,148.0,-196.0
2025,3e0b12f621379f7492aabe9f44a74477,2025-11-12T01:00:00Z,Western Michigan Broncos,Ohio Bobcats,2025-11-11T22:55:37Z,fanduel,Chase Hendricks,6.5,106.0,-138.0
2025,9ab397bd666c0c0bfe6f8ad0305a0120,2025-11-13T00:00:00Z,Central Michigan Chippewas,Buffalo Bulls,2025-11-12T21:55:37Z,fanduel,Langston Lewis,2.5,-148.0,114.0
2025,9ab397bd666c0c0bfe6f8ad0305a0120,2025-11-13T00:00:00Z,Central Michigan Chippewas,Buffalo Bulls,2025-11-12T21:55:37Z,fanduel,Nik McMillan,5.5,-128.0,-102.0
2025,9ab397bd666c0c0bfe6f8ad0305a0120,2025-11-13T00:00:00Z,Central Michigan Chippewas,Buffalo Bulls,2025-11-12T21:55:37Z,fanduel,Victor Snow,4.5,-102.0,-128.0
2025,9ab397bd666c0c0bfe6f8ad0305a0120,2025-11-13T00:00:00Z,Central Michigan Chippewas,Buffalo Bulls,2025-11-12T21:55:37Z,fanduel,Jasaiah Gathings,2.5,-168.0,128.0
2025,abb21e9ff3fecf0e831ca3109c84bb92,2025-11-13T00:00:00Z,Miami (OH) RedHawks,Toledo Rockets,2025-11-12T21:55:37Z,fanduel,Kam Perry,2.5,106.0,-138.0
2025,abb21e9ff3fecf0e831ca3109c84bb92,2025-11-13T00:00:00Z,Miami (OH) RedHawks,Toledo Rockets,2025-11-12T21:55:37Z,fanduel,Trayvon Rudolph,4.5,122.0,-160.0
2025,abb21e9ff3fecf0e831ca3109c84bb92,2025-11-13T00:00:00Z,Miami (OH) RedHawks,Toledo Rockets,2025-11-12T21:55:37Z,fanduel,Cole Weaver,3.5,-160.0,122.0
2025,abb21e9ff3fecf0e831ca3109c84bb92,2025-11-13T00:00:00Z,Miami (OH) RedHawks,Toledo Rockets,2025-11-12T21:55:37Z,fanduel,Junior Vandeross III,6.5,-128.0,-102.0
2025,5222230f425c1618238b84e01d1f63f0,2025-11-14T00:30:00Z,Old Dominion Monarchs,Troy Trojans,2025-11-13T22:25:37Z,fanduel,Tre' Brown III,3.5,116.0,-152.0
2025,5222230f425c1618238b84e01d1f63f0,2025-11-14T00:30:00Z,Old Dominion Monarchs,Troy Trojans,2025-11-13T22:25:37Z,fanduel,Jacoby Thomas,3.5,-102.0,-128.0
2025,5222230f425c1618238b84e01d1f63f0,2025-11-14T00:30:00Z,Old Dominion Monarchs,Troy Trojans,2025-11-13T22:25:37Z,fanduel,RaRa Thomas,2.5,-110.0,-118.0
2025,4097313a7b920350f695d5ebf4441e25,2025-11-15T17:00:00Z,Cincinnati Bearcats,Arizona Wildcats,2025-11-15T14:55:37Z,fanduel,Cyrus Allen,3.5,108.0,-140.0
2025,4097313a7b920350f695d5ebf4441e25,2025-11-15T17:00:00Z,Cincinnati Bearcats,Arizona Wildcats,2025-11-15T14:55:37Z,fanduel,Kris Hutson,4.5,-114.0,-114.0
2025,3e96265c0539c2de97577de90c2b992a,2025-11-15T17:00:00Z,Navy Midshipmen,South Florida Bulls,2025-11-15T14:55:37Z,fanduel,Jeremiah Koger,3.5,102.0,-132.0
2025,3e96265c0539c2de97577de90c2b992a,2025-11-15T17:00:00Z,Navy Midshipmen,South Florida Bulls,2025-11-15T14:55:37Z,fanduel,Keshaun Singleton,4.5,144.0,-190.0
2025,8f72253f75cd68254f847d6d33c464d8,2025-11-15T17:00:00Z,Pittsburgh Panthers,Notre Dame Fighting Irish,2025-11-15T14:55:37Z,fanduel,Jeremiyah Love,2.5,-148.0,114.0
2025,8f72253f75cd68254f847d6d33c464d8,2025-11-15T17:00:00Z,Pittsburgh Panthers,Notre Dame Fighting Irish,2025-11-15T14:55:37Z,fanduel,Malachi Fields,2.5,-138.0,106.0
2025,8f72253f75cd68254f847d6d33c464d8,2025-11-15T17:00:00Z,Pittsburgh Panthers,Notre Dame Fighting Irish,2025-11-15T14:55:37Z,fanduel,Eli Raridon,2.5,-106.0,-122.0
2025,8f72253f75cd68254f847d6d33c464d8,2025-11-15T17:00:00Z,Pittsburgh Panthers,Notre Dame Fighting Irish,2025-11-15T14:55:37Z,fanduel,Cataurus Hicks,2.5,116.0,-152.0
2025,8f72253f75cd68254f847d6d33c464d8,2025-11-15T17:00:00Z,Pittsburgh Panthers,Notre Dame Fighting Irish,2025-11-15T14:55:37Z,fanduel,Jordan Faison,4.5,-128.0,-102.0
2025,8f72253f75cd68254f847d6d33c464d8,2025-11-15T17:00:00Z,Pittsburgh Panthers,Notre Dame Fighting Irish,2025-11-15T14:55:37Z,fanduel,Desmond Reid,3.5,102.0,-132.0
2025,8f72253f75cd68254f847d6d33c464d8,2025-11-15T17:00:00Z,Pittsburgh Panthers,Notre Dame Fighting Irish,2025-11-15T14:55:37Z,fanduel,Kenny Johnson,3.5,-156.0,120.0
2025,8f72253f75cd68254f847d6d33c464d8,2025-11-15T17:00:00Z,Pittsburgh Panthers,Notre Dame Fighting Irish,2025-11-15T14:55:37Z,fanduel,Raphael Williams Jr.,3.5,-140.0,108.0
2025,8f72253f75cd68254f847d6d33c464d8,2025-11-15T17:00:00Z,Pittsburgh Panthers,Notre Dame Fighting Irish,2025-11-15T14:55:37Z,fanduel,Will Pauling,2.5,-210.0,158.0
2025,8f72253f75cd68254f847d6d33c464d8,2025-11-15T17:00:00Z,Pittsburgh Panthers,Notre Dame Fighting Irish,2025-11-15T14:55:37Z,bovada,Jeremiyah Love,2.5,-150.0,115.0
2025,8f72253f75cd68254f847d6d33c464d8,2025-11-15T17:00:00Z,Pittsburgh Panthers,Notre Dame Fighting Irish,2025-11-15T14:55:37Z,bovada,Jordan Faison,4.5,-130.0,100.0
2025,8f72253f75cd68254f847d6d33c464d8,2025-11-15T17:00:00Z,Pittsburgh Panthers,Notre Dame Fighting Irish,2025-11-15T14:55:37Z,bovada,Kenny Johnson,3.5,-150.0,115.0
2025,8f72253f75cd68254f847d6d33c464d8,2025-11-15T17:00:00Z,Pittsburgh Panthers,Notre Dame Fighting Irish,2025-11-15T14:55:37Z,bovada,Raphael Williams Jr.,3.5,-135.0,105.0
2025,8f72253f75cd68254f847d6d33c464d8,2025-11-15T17:00:00Z,Pittsburgh Panthers,Notre Dame Fighting Irish,2025-11-15T14:55:37Z,bovada,Will Pauling,3.5,100.0,-130.0
2025,a374973b9d0e1c2134328868cc80aabf,2025-11-15T17:45:00Z,LSU Tigers,Arkansas Razorbacks,2025-11-15T15:40:37Z,fanduel,Barion Brown,4.5,-132.0,102.0
2025,a374973b9d0e1c2134328868cc80aabf,2025-11-15T17:45:00Z,LSU Tigers,Arkansas Razorbacks,2025-11-15T15:40:37Z,fanduel,Zavion Thomas,2.5,-130.0,100.0
2025,a374973b9d0e1c2134328868cc80aabf,2025-11-15T17:45:00Z,LSU Tigers,Arkansas Razorbacks,2025-11-15T15:40:37Z,fanduel,Aaron Anderson,3.5,118.0,-154.0
2025,a374973b9d0e1c2134328868cc80aabf,2025-11-15T17:45:00Z,LSU Tigers,Arkansas Razorbacks,2025-11-15T15:40:37Z,fanduel,Raylen Sharpe,4.5,112.0,-146.0
2025,a374973b9d0e1c2134328868cc80aabf,2025-11-15T17:45:00Z,LSU Tigers,Arkansas Razorbacks,2025-11-15T15:40:37Z,fanduel,Trey'Dez Green,3.5,112.0,-146.0
2025,a374973b9d0e1c2134328868cc80aabf,2025-11-15T17:45:00Z,LSU Tigers,Arkansas Razorbacks,2025-11-15T15:40:37Z,fanduel,O'Mega Blake,4.5,-152.0,116.0
2025,a374973b9d0e1c2134328868cc80aabf,2025-11-15T17:45:00Z,LSU Tigers,Arkansas Razorbacks,2025-11-15T15:40:37Z,bovada,Barion Brown,4.5,-130.0,100.0
2025,a374973b9d0e1c2134328868cc80aabf,2025-11-15T17:45:00Z,LSU Tigers,Arkansas Razorbacks,2025-11-15T15:40:37Z,bovada,Raylen Sharpe,4.5,115.0,-150.0
2025,a374973b9d0e1c2134328868cc80aabf,2025-11-15T17:45:00Z,LSU Tigers,Arkansas Razorbacks,2025-11-15T15:40:37Z,bovada,Trey'Dez Green,3.5,115.0,-150.0
2025,a374973b9d0e1c2134328868cc80aabf,2025-11-15T17:45:00Z,LSU Tigers,Arkansas Razorbacks,2025-11-15T15:40:37Z,bovada,Zavion Thomas,2.5,-130.0,100.0
2025,e434a92689a2c3329dbac8efa816cc89,2025-11-15T20:30:00Z,Alabama Crimson Tide,Oklahoma Sooners,2025-11-15T18:25:37Z,fanduel,Josh Cuevas,2.5,-128.0,-102.0
2025,e434a92689a2c3329dbac8efa816cc89,2025-11-15T20:30:00Z,Alabama Crimson Tide,Oklahoma Sooners,2025-11-15T18:25:37Z,fanduel,Lotzeir Brooks,3.5,120.0,-156.0
2025,e434a92689a2c3329dbac8efa816cc89,2025-11-15T20:30:00Z,Alabama Crimson Tide,Oklahoma Sooners,2025-11-15T18:25:37Z,fanduel,Isaiah Sategna III,5.5,-106.0,-122.0
2025,e434a92689a2c3329dbac8efa816cc89,2025-11-15T20:30:00Z,Alabama Crimson Tide,Oklahoma Sooners,2025-11-15T18:25:37Z,fanduel,Ryan Williams,4.5,154.0,-205.0
2025,e434a92689a2c3329dbac8efa816cc89,2025-11-15T20:30:00Z,Alabama Crimson Tide,Oklahoma Sooners,2025-11-15T18:25:37Z,fanduel,Germie Bernard,4.5,-130.0,100.0
2025,e434a92689a2c3329dbac8efa816cc89,2025-11-15T20:30:00Z,Alabama Crimson Tide,Oklahoma Sooners,2025-11-15T18:25:37Z,fanduel,Deion Burks,4.5,-110.0,-118.0
2025,e434a92689a2c3329dbac8efa816cc89,2025-11-15T20:30:00Z,Alabama Crimson Tide,Oklahoma Sooners,2025-11-15T18:25:37Z,fanduel,Isaiah Horton,2.5,112.0,-146.0
2025,e434a92689a2c3329dbac8efa816cc89,2025-11-15T20:30:00Z,Alabama Crimson Tide,Oklahoma Sooners,2025-11-15T18:25:37Z,bovada,Deion Burks,4.5,-110.0,-120.0
2025,e434a92689a2c3329dbac8efa816cc89,2025-11-15T20:30:00Z,Alabama Crimson Tide,Oklahoma Sooners,2025-11-15T18:25:37Z,bovada,Germie Bernard,4.5,-130.0,100.0
2025,e434a92689a2c3329dbac8efa816cc89,2025-11-15T20:30:00Z,Alabama Crimson Tide,Oklahoma Sooners,2025-11-15T18:25:37Z,bovada,Isaiah Horton,2.5,115.0,-150.0
2025,e434a92689a2c3329dbac8efa816cc89,2025-11-15T20:30:00Z,Alabama Crimson Tide,Oklahoma Sooners,2025-11-15T18:25:37Z,bovada,Josh Cuevas,2.5,-130.0,100.0
2025,e434a92689a2c3329dbac8efa816cc89,2025-11-15T20:30:00Z,Alabama Crimson Tide,Oklahoma Sooners,2025-11-15T18:25:37Z,bovada,Ryan Williams,3.5,-145.0,110.0
2025,b5fabc4bda15869a027bae77baf8f936,2025-11-15T20:30:00Z,Duke Blue Devils,Virginia Cavaliers,2025-11-15T18:25:37Z,fanduel,Que'Sean Brown,4.5,112.0,-146.0
2025,b5fabc4bda15869a027bae77baf8f936,2025-11-15T20:30:00Z,Duke Blue Devils,Virginia Cavaliers,2025-11-15T18:25:37Z,fanduel,Trell Harris,4.5,116.0,-152.0
2025,b5fabc4bda15869a027bae77baf8f936,2025-11-15T20:30:00Z,Duke Blue Devils,Virginia Cavaliers,2025-11-15T18:25:37Z,fanduel,Cam Ross,4.5,126.0,-165.0
2025,b5fabc4bda15869a027bae77baf8f936,2025-11-15T20:30:00Z,Duke Blue Devils,Virginia Cavaliers,2025-11-15T18:25:37Z,fanduel,Cooper Barkate,5.5,130.0,-170.0
2025,b5fabc4bda15869a027bae77baf8f936,2025-11-15T20:30:00Z,Duke Blue Devils,Virginia Cavaliers,2025-11-15T18:25:37Z,fanduel,Jahmal Edrine,3.5,112.0,-146.0
2025,b5fabc4bda15869a027bae77baf8f936,2025-11-15T20:30:00Z,Duke Blue Devils,Virginia Cavaliers,2025-11-15T18:25:37Z,bovada,Jahmal Edrine,4.5,130.0,-170.0
2025,cea967651cf4258888de42948d1e99fa,2025-11-15T20:30:00Z,USC Trojans,Iowa Hawkeyes,2025-11-15T18:25:37Z,fanduel,Makai Lemon,6.5,-146.0,112.0
2025,cea967651cf4258888de42948d1e99fa,2025-11-15T20:30:00Z,USC Trojans,Iowa Hawkeyes,2025-11-15T18:25:37Z,fanduel,Ja'Kobi Lane,3.5,-114.0,-114.0
2025,cea967651cf4258888de42948d1e99fa,2025-11-15T20:30:00Z,USC Trojans,Iowa Hawkeyes,2025-11-15T18:25:37Z,bovada,Makai Lemon,6.5,-145.0,110.0
2025,a3bc2f29faa5c8d6f92b0d3909f1bae3,2025-11-15T20:30:00Z,Miami Hurricanes,NC State Wolfpack,2025-11-15T18:25:37Z,fanduel,Malachi Toney,5.5,100.0,-130.0
2025,a3bc2f29faa5c8d6f92b0d3909f1bae3,2025-11-15T20:30:00Z,Miami Hurricanes,NC State Wolfpack,2025-11-15T18:25:37Z,bovada,Malachi Toney,5.5,100.0,-130.0
2025,542f9c5f191a245fb9a0d0b73b7838b7,2025-11-16T00:00:00Z,Ole Miss Rebels,Florida Gators,2025-11-15T21:55:38Z,fanduel,Harrison Wallace III,3.5,108.0,-140.0
2025,542f9c5f191a245fb9a0d0b73b7838b7,2025-11-16T00:00:00Z,Ole Miss Rebels,Florida Gators,2025-11-15T21:55:38Z,fanduel,Dae'Quan Wright,2.5,-156.0,120.0
2025,542f9c5f191a245fb9a0d0b73b7838b7,2025-11-16T00:00:00Z,Ole Miss Rebels,Florida Gators,2025-11-15T21:55:38Z,fanduel,Cayden Lee,2.5,122.0,-160.0
2025,542f9c5f191a245fb9a0d0b73b7838b7,2025-11-16T00:00:00Z,Ole Miss Rebels,Florida Gators,2025-11-15T21:55:38Z,fanduel,Deuce Alexander,3.5,136.0,-178.0
2025,542f9c5f191a245fb9a0d0b73b7838b7,2025-11-16T00:00:00Z,Ole Miss Rebels,Florida Gators,2025-11-15T21:55:38Z,fanduel,Vernell Brown III,4.5,108.0,-140.0
2025,542f9c5f191a245fb9a0d0b73b7838b7,2025-11-16T00:00:00Z,Ole Miss Rebels,Florida Gators,2025-11-15T21:55:38Z,fanduel,J. Michael Sturdivant,2.5,-184.0,140.0
2025,542f9c5f191a245fb9a0d0b73b7838b7,2025-11-16T00:00:00Z,Ole Miss Rebels,Florida Gators,2025-11-15T21:55:38Z,bovada,Harrison Wallace III,3.5,110.0,-145.0
2025,98cb354e78a2e035f0e5c36736d65f7e,2025-11-16T00:30:00Z,Georgia Bulldogs,Texas Longhorns,2025-11-15T22:25:37Z,fanduel,Zachariah Branch,5.5,-154.0,118.0
2025,98cb354e78a2e035f0e5c36736d65f7e,2025-11-16T00:30:00Z,Georgia Bulldogs,Texas Longhorns,2025-11-15T22:25:37Z,fanduel,Ryan Wingo,3.5,-135.0,104.0
2025,98cb354e78a2e035f0e5c36736d65f7e,2025-11-16T00:30:00Z,Georgia Bulldogs,Texas Longhorns,2025-11-15T22:25:37Z,bovada,Ryan Wingo,3.5,-135.0,105.0
2025,d4c6b7b779184709320894b0023e17e5,2025-11-16T00:30:00Z,Ohio State Buckeyes,UCLA Bruins,2025-11-15T22:25:37Z,fanduel,Jeremiah Smith,7.5,-108.0,-120.0
2025,d4c6b7b779184709320894b0023e17e5,2025-11-16T00:30:00Z,Ohio State Buckeyes,UCLA Bruins,2025-11-15T22:25:37Z,bovada,Carnell Tate,4.5,-135.0,105.0
2025,d4c6b7b779184709320894b0023e17e5,2025-11-16T00:30:00Z,Ohio State Buckeyes,UCLA Bruins,2025-11-15T22:25:37Z,bovada,Jeremiah Smith,7.5,-105.0,-125.0
2025,84461d5f585c397b4fd2214191faa0df,2025-11-19T00:00:00Z,Northern Illinois Huskies,Western Michigan Broncos,2025-11-18T21:55:37Z,fanduel,DeAree Rogers,3.5,126.0,-165.0
2025,84461d5f585c397b4fd2214191faa0df,2025-11-19T00:00:00Z,Northern Illinois Huskies,Western Michigan Broncos,2025-11-18T21:55:37Z,fanduel,Talique Williams,4.5,122.0,-160.0
2025,84461d5f585c397b4fd2214191faa0df,2025-11-19T00:00:00Z,Northern Illinois Huskies,Western Michigan Broncos,2025-11-18T21:55:37Z,fanduel,Rickey Taylor Jr.,2.5,116.0,-152.0
2025,f9b664cce99aad69a23c81635e4fac0f,2025-11-19T00:00:00Z,Ohio Bobcats,UMass Minutemen,2025-11-18T21:55:37Z,fanduel,Chase Hendricks,5.5,-102.0,-128.0
2025,f9b664cce99aad69a23c81635e4fac0f,2025-11-19T00:00:00Z,Ohio Bobcats,UMass Minutemen,2025-11-18T21:55:37Z,fanduel,Jacquon Gibson,5.5,125.0,-164.0
2025,425bbfaa3561f07998f8e4c4ae3159be,2025-11-21T00:30:00Z,Arkansas State Red Wolves,Louisiana Ragin Cajuns,2025-11-20T22:25:38Z,fanduel,Shelton Sampson Jr.,3.5,-110.0,-118.0
2025,425bbfaa3561f07998f8e4c4ae3159be,2025-11-21T00:30:00Z,Arkansas State Red Wolves,Louisiana Ragin Cajuns,2025-11-20T22:25:38Z,fanduel,Chauncy Cobb,6.5,-102.0,-128.0
2025,425bbfaa3561f07998f8e4c4ae3159be,2025-11-21T00:30:00Z,Arkansas State Red Wolves,Louisiana Ragin Cajuns,2025-11-20T22:25:38Z,fanduel,Hunter Summers,3.5,125.0,-164.0
2025,425bbfaa3561f07998f8e4c4ae3159be,2025-11-21T00:30:00Z,Arkansas State Red Wolves,Louisiana Ragin Cajuns,2025-11-20T22:25:38Z,fanduel,Corey Rucker,5.5,-128.0,-102.0
2025,da5a19b5f8e8746e71279c368fddfec8,2025-11-22T01:00:00Z,NC State Wolfpack,Florida State Seminoles,2025-11-21T22:55:38Z,fanduel,Terrell Anderson,2.5,-125.0,-104.0
2025,da5a19b5f8e8746e71279c368fddfec8,2025-11-22T01:00:00Z,NC State Wolfpack,Florida State Seminoles,2025-11-21T22:55:38Z,fanduel,Duce Robinson,5.5,-102.0,-128.0
2025,da5a19b5f8e8746e71279c368fddfec8,2025-11-22T01:00:00Z,NC State Wolfpack,Florida State Seminoles,2025-11-21T22:55:38Z,fanduel,Noah Rogers,2.5,-130.0,100.0
2025,da5a19b5f8e8746e71279c368fddfec8,2025-11-22T01:00:00Z,NC State Wolfpack,Florida State Seminoles,2025-11-21T22:55:38Z,fanduel,Justin Joly,3.5,-108.0,-120.0
2025,da5a19b5f8e8746e71279c368fddfec8,2025-11-22T01:00:00Z,NC State Wolfpack,Florida State Seminoles,2025-11-21T22:55:38Z,fanduel,Micahi Danzy,2.5,136.0,-178.0
2025,da5a19b5f8e8746e71279c368fddfec8,2025-11-22T01:00:00Z,NC State Wolfpack,Florida State Seminoles,2025-11-21T22:55:38Z,fanduel,Randy Pittman Jr.,2.5,-114.0,-114.0
2025,da5a19b5f8e8746e71279c368fddfec8,2025-11-22T01:00:00Z,NC State Wolfpack,Florida State Seminoles,2025-11-21T22:55:38Z,bovada,Duce Robinson,5.5,100.0,-130.0
2025,da5a19b5f8e8746e71279c368fddfec8,2025-11-22T01:00:00Z,NC State Wolfpack,Florida State Seminoles,2025-11-21T22:55:38Z,bovada,Justin Joly,3.5,-105.0,-125.0
2025,da5a19b5f8e8746e71279c368fddfec8,2025-11-22T01:00:00Z,NC State Wolfpack,Florida State Seminoles,2025-11-21T22:55:38Z,bovada,Noah Rogers,2.5,-130.0,100.0
2025,da5a19b5f8e8746e71279c368fddfec8,2025-11-22T01:00:00Z,NC State Wolfpack,Florida State Seminoles,2025-11-21T22:55:38Z,bovada,Randy Pittman Jr.,2.5,-115.0,-115.0
2025,da5a19b5f8e8746e71279c368fddfec8,2025-11-22T01:00:00Z,NC State Wolfpack,Florida State Seminoles,2025-11-21T22:55:38Z,bovada,Terrell Anderson,2.5,-125.0,-105.0
2025,231cf66816550b9ed37afec3760f8ef5,2025-11-22T17:00:00Z,Iowa State Cyclones,Kansas Jayhawks,2025-11-22T14:55:37Z,fanduel,Emmanuel Henderson Jr.,3.5,-156.0,120.0
2025,231cf66816550b9ed37afec3760f8ef5,2025-11-22T17:00:00Z,Iowa State Cyclones,Kansas Jayhawks,2025-11-22T14:55:37Z,fanduel,Cam Pickett,2.5,-128.0,-102.0
2025,231cf66816550b9ed37afec3760f8ef5,2025-11-22T17:00:00Z,Iowa State Cyclones,Kansas Jayhawks,2025-11-22T14:55:37Z,fanduel,Chase Sowell,3.5,112.0,-146.0
2025,231cf66816550b9ed37afec3760f8ef5,2025-11-22T17:00:00Z,Iowa State Cyclones,Kansas Jayhawks,2025-11-22T14:55:37Z,fanduel,Brett Eskildsen,2.5,-106.0,-122.0
2025,3ff98544de6910e3e7332504955f64df,2025-11-22T17:00:00Z,Oklahoma Sooners,Missouri Tigers,2025-11-22T14:55:37Z,fanduel,Isaiah Sategna III,5.5,108.0,-140.0
2025,3ff98544de6910e3e7332504955f64df,2025-11-22T17:00:00Z,Oklahoma Sooners,Missouri Tigers,2025-11-22T14:55:37Z,fanduel,Deion Burks,3.5,-108.0,-120.0
2025,3ff98544de6910e3e7332504955f64df,2025-11-22T17:00:00Z,Oklahoma Sooners,Missouri Tigers,2025-11-22T14:55:37Z,fanduel,Kevin Coleman Jr.,3.5,102.0,-132.0
2025,3ff98544de6910e3e7332504955f64df,2025-11-22T17:00:00Z,Oklahoma Sooners,Missouri Tigers,2025-11-22T14:55:37Z,fanduel,Jaren Kanak,3.5,130.0,-170.0
2025,3ff98544de6910e3e7332504955f64df,2025-11-22T17:00:00Z,Oklahoma Sooners,Missouri Tigers,2025-11-22T14:55:37Z,fanduel,Donovan Olugbode,2.5,-130.0,100.0
2025,3ff98544de6910e3e7332504955f64df,2025-11-22T17:00:00Z,Oklahoma Sooners,Missouri Tigers,2025-11-22T14:55:37Z,bovada,Deion Burks,3.5,-115.0,-115.0
2025,3ff98544de6910e3e7332504955f64df,2025-11-22T17:00:00Z,Oklahoma Sooners,Missouri Tigers,2025-11-22T14:55:37Z,bovada,Jaren Kanak,3.5,135.0,-180.0
2025,946ab16f8cfe9004a0d3fc67ac8411d7,2025-11-22T20:30:00Z,Texas Longhorns,Arkansas Razorbacks,2025-11-22T18:25:37Z,fanduel,Ryan Wingo,4.5,-118.0,-110.0
2025,946ab16f8cfe9004a0d3fc67ac8411d7,2025-11-22T20:30:00Z,Texas Longhorns,Arkansas Razorbacks,2025-11-22T18:25:37Z,fanduel,Emmett Mosley V,2.5,-198.0,150.0
2025,946ab16f8cfe9004a0d3fc67ac8411d7,2025-11-22T20:30:00Z,Texas Longhorns,Arkansas Razorbacks,2025-11-22T18:25:37Z,fanduel,DeAndre Moore Jr.,3.5,108.0,-140.0
2025,946ab16f8cfe9004a0d3fc67ac8411d7,2025-11-22T20:30:00Z,Texas Longhorns,Arkansas Razorbacks,2025-11-22T18:25:37Z,fanduel,Parker Livingstone,2.5,154.0,-205.0
2025,946ab16f8cfe9004a0d3fc67ac8411d7,2025-11-22T20:30:00Z,Texas Longhorns,Arkansas Razorbacks,2025-11-22T18:25:37Z,fanduel,Raylen Sharpe,4.5,-108.0,-120.0
2025,946ab16f8cfe9004a0d3fc67ac8411d7,2025-11-22T20:30:00Z,Texas Longhorns,Arkansas Razorbacks,2025-11-22T18:25:37Z,fanduel,O'Mega Blake,4.5,-108.0,-120.0
2025,946ab16f8cfe9004a0d3fc67ac8411d7,2025-11-22T20:30:00Z,Texas Longhorns,Arkansas Razorbacks,2025-11-22T18:25:37Z,bovada,DeAndre Moore Jr.,3.5,110.0,-145.0
2025,946ab16f8cfe9004a0d3fc67ac8411d7,2025-11-22T20:30:00Z,Texas Longhorns,Arkansas Razorbacks,2025-11-22T18:25:37Z,bovada,Emmett Mosley V,3.5,110.0,-145.0
2025,946ab16f8cfe9004a0d3fc67ac8411d7,2025-11-22T20:30:00Z,Texas Longhorns,Arkansas Razorbacks,2025-11-22T18:25:37Z,bovada,Raylen Sharpe,4.5,-105.0,-125.0
2025,946ab16f8cfe9004a0d3fc67ac8411d7,2025-11-22T20:30:00Z,Texas Longhorns,Arkansas Razorbacks,2025-11-22T18:25:37Z,bovada,Ryan Wingo,4.5,-120.0,-110.0
2025,c2ca3efd4fc3f87659b7366cde3a2e94,2025-11-22T20:30:00Z,North Carolina Tar Heels,Duke Blue Devils,2025-11-22T18:25:37Z,fanduel,Cooper Barkate,5.5,118.0,-154.0
2025,c2ca3efd4fc3f87659b7366cde3a2e94,2025-11-22T20:30:00Z,North Carolina Tar Heels,Duke Blue Devils,2025-11-22T18:25:37Z,fanduel,Kobe Paysour,3.5,-148.0,114.0
2025,c2ca3efd4fc3f87659b7366cde3a2e94,2025-11-22T20:30:00Z,North Carolina Tar Heels,Duke Blue Devils,2025-11-22T18:25:37Z,fanduel,Que'Sean Brown,4.5,142.0,-188.0
2025,370e6b93a4490c8e6c3b6c1d9e123128,2025-11-22T20:30:00Z,Vanderbilt Commodores,Kentucky Wildcats,2025-11-22T18:25:37Z,fanduel,Junior Sherrill,3.5,108.0,-140.0
2025,370e6b93a4490c8e6c3b6c1d9e123128,2025-11-22T20:30:00Z,Vanderbilt Commodores,Kentucky Wildcats,2025-11-22T18:25:37Z,fanduel,DJ Miller,2.5,-114.0,-114.0
2025,370e6b93a4490c8e6c3b6c1d9e123128,2025-11-22T20:30:00Z,Vanderbilt Commodores,Kentucky Wildcats,2025-11-22T18:25:37Z,fanduel,Eli Stowers,4.5,-146.0,112.0
2025,370e6b93a4490c8e6c3b6c1d9e123128,2025-11-22T20:30:00Z,Vanderbilt Commodores,Kentucky Wildcats,2025-11-22T18:25:37Z,fanduel,Seth McGowan,1.5,116.0,-152.0
2025,370e6b93a4490c8e6c3b6c1d9e123128,2025-11-22T20:30:00Z,Vanderbilt Commodores,Kentucky Wildcats,2025-11-22T18:25:37Z,fanduel,Kendrick Law,5.5,108.0,-140.0
2025,370e6b93a4490c8e6c3b6c1d9e123128,2025-11-22T20:30:00Z,Vanderbilt Commodores,Kentucky Wildcats,2025-11-22T18:25:37Z,fanduel,Tre Richardson,2.5,-114.0,-114.0
2025,125e9c0f6043227f58577c41cbd0e85b,2025-11-22T20:30:00Z,Oregon Ducks,USC Trojans,2025-11-22T18:25:37Z,fanduel,Lake McRee,2.5,-114.0,-114.0
2025,125e9c0f6043227f58577c41cbd0e85b,2025-11-22T20:30:00Z,Oregon Ducks,USC Trojans,2025-11-22T18:25:37Z,fanduel,Jeremiah McClellan,2.5,-132.0,102.0
2025,125e9c0f6043227f58577c41cbd0e85b,2025-11-22T20:30:00Z,Oregon Ducks,USC Trojans,2025-11-22T18:25:37Z,fanduel,Makai Lemon,6.5,-168.0,128.0
2025,125e9c0f6043227f58577c41cbd0e85b,2025-11-22T20:30:00Z,Oregon Ducks,USC Trojans,2025-11-22T18:25:37Z,fanduel,Kenyon Sadiq,3.5,-168.0,128.0
2025,125e9c0f6043227f58577c41cbd0e85b,2025-11-22T20:30:00Z,Oregon Ducks,USC Trojans,2025-11-22T18:25:37Z,fanduel,Ja'Kobi Lane,4.5,-120.0,-108.0
2025,125e9c0f6043227f58577c41cbd0e85b,2025-11-22T20:30:00Z,Oregon Ducks,USC Trojans,2025-11-22T18:25:37Z,bovada,Jeremiah McClellan,2.5,-130.0,100.0
2025,125e9c0f6043227f58577c41cbd0e85b,2025-11-22T20:30:00Z,Oregon Ducks,USC Trojans,2025-11-22T18:25:37Z,bovada,Kenyon Sadiq,4.5,115.0,-150.0
2025,125e9c0f6043227f58577c41cbd0e85b,2025-11-22T20:30:00Z,Oregon Ducks,USC Trojans,2025-11-22T18:25:37Z,bovada,Lake McRee,2.5,-115.0,-115.0
2025,125e9c0f6043227f58577c41cbd0e85b,2025-11-22T20:30:00Z,Oregon Ducks,USC Trojans,2025-11-22T18:25:37Z,bovada,Makai Lemon,7.5,100.0,-130.0
2025,125e9c0f6043227f58577c41cbd0e85b,2025-11-22T20:30:00Z,Oregon Ducks,USC Trojans,2025-11-22T18:25:37Z,bovada,Malik Benson,3.5,-125.0,-105.0
2025,8bec841379ab4efeec22c0a571a95b0e,2025-11-23T00:00:00Z,Georgia Tech Yellow Jackets,Pittsburgh Panthers,2025-11-22T21:55:38Z,fanduel,Kenny Johnson,4.5,-113.0,-115.0
2025,8bec841379ab4efeec22c0a571a95b0e,2025-11-23T00:00:00Z,Georgia Tech Yellow Jackets,Pittsburgh Panthers,2025-11-22T21:55:38Z,fanduel,Cataurus Hicks,2.5,126.0,-165.0
2025,8bec841379ab4efeec22c0a571a95b0e,2025-11-23T00:00:00Z,Georgia Tech Yellow Jackets,Pittsburgh Panthers,2025-11-22T21:55:38Z,fanduel,Isiah Canion,2.5,-110.0,-118.0
2025,8bec841379ab4efeec22c0a571a95b0e,2025-11-23T00:00:00Z,Georgia Tech Yellow Jackets,Pittsburgh Panthers,2025-11-22T21:55:38Z,fanduel,Eric Rivers,4.5,136.0,-178.0
2025,8bec841379ab4efeec22c0a571a95b0e,2025-11-23T00:00:00Z,Georgia Tech Yellow Jackets,Pittsburgh Panthers,2025-11-22T21:55:38Z,fanduel,Raphael Williams Jr.,3.5,-114.0,-114.0
2025,8bec841379ab4efeec22c0a571a95b0e,2025-11-23T00:00:00Z,Georgia Tech Yellow Jackets,Pittsburgh Panthers,2025-11-22T21:55:38Z,fanduel,Malik Rutherford,3.5,-114.0,-114.0
2025,8bec841379ab4efeec22c0a571a95b0e,2025-11-23T00:00:00Z,Georgia Tech Yellow Jackets,Pittsburgh Panthers,2025-11-22T21:55:38Z,bovada,Eric Rivers,3.5,-150.0,115.0
2025,8bec841379ab4efeec22c0a571a95b0e,2025-11-23T00:00:00Z,Georgia Tech Yellow Jackets,Pittsburgh Panthers,2025-11-22T21:55:38Z,bovada,Isiah Canion,2.5,-110.0,-120.0
2025,be7c95542aaf1d15193678f771745992,2025-11-23T00:30:00Z,Stanford Cardinal,California Golden Bears,2025-11-22T22:25:37Z,fanduel,Trond Grizzell,3.5,108.0,-140.0
2025,be7c95542aaf1d15193678f771745992,2025-11-23T00:30:00Z,Stanford Cardinal,California Golden Bears,2025-11-22T22:25:37Z,fanduel,C.J. Williams,5.5,-114.0,-114.0
2025,be7c95542aaf1d15193678f771745992,2025-11-23T00:30:00Z,Stanford Cardinal,California Golden Bears,2025-11-22T22:25:37Z,fanduel,Bryce Farrell,2.5,-140.0,108.0
2025,be7c95542aaf1d15193678f771745992,2025-11-23T00:30:00Z,Stanford Cardinal,California Golden Bears,2025-11-22T22:25:37Z,fanduel,Sam Roush,5.5,-114.0,-114.0
2025,be7c95542aaf1d15193678f771745992,2025-11-23T00:30:00Z,Stanford Cardinal,California Golden Bears,2025-11-22T22:25:37Z,fanduel,Caden High,3.5,-146.0,112.0
2025,be7c95542aaf1d15193678f771745992,2025-11-23T00:30:00Z,Stanford Cardinal,California Golden Bears,2025-11-22T22:25:37Z,fanduel,Jacob De Jesus,7.5,-114.0,-114.0
2025,be7c95542aaf1d15193678f771745992,2025-11-23T00:30:00Z,Stanford Cardinal,California Golden Bears,2025-11-22T22:25:37Z,bovada,Bryce Farrell,2.5,-135.0,105.0
2025,be7c95542aaf1d15193678f771745992,2025-11-23T00:30:00Z,Stanford Cardinal,California Golden Bears,2025-11-22T22:25:37Z,bovada,Caden High,3.5,-145.0,110.0
2025,be7c95542aaf1d15193678f771745992,2025-11-23T00:30:00Z,Stanford Cardinal,California Golden Bears,2025-11-22T22:25:37Z,bovada,C.J. Williams,5.5,-115.0,-115.0
2025,be7c95542aaf1d15193678f771745992,2025-11-23T00:30:00Z,Stanford Cardinal,California Golden Bears,2025-11-22T22:25:37Z,bovada,Jacob De Jesus,7.5,-115.0,-115.0
2025,be7c95542aaf1d15193678f771745992,2025-11-23T00:30:00Z,Stanford Cardinal,California Golden Bears,2025-11-22T22:25:37Z,bovada,Sam Roush,5.5,-115.0,-115.0
2025,be7c95542aaf1d15193678f771745992,2025-11-23T00:30:00Z,Stanford Cardinal,California Golden Bears,2025-11-22T22:25:37Z,bovada,Trond Grizzell,3.5,110.0,-145.0
2025,887fdd527230bece5974b0cface30528,2025-11-23T00:30:00Z,Florida Gators,Tennessee Volunteers,2025-11-22T22:25:37Z,fanduel,Braylon Staley,5.5,-128.0,-102.0
2025,887fdd527230bece5974b0cface30528,2025-11-23T00:30:00Z,Florida Gators,Tennessee Volunteers,2025-11-22T22:25:37Z,fanduel,Mike Matthews,3.5,-114.0,-114.0
2025,887fdd527230bece5974b0cface30528,2025-11-23T00:30:00Z,Florida Gators,Tennessee Volunteers,2025-11-22T22:25:37Z,fanduel,Chris Brazzell II,4.5,-125.0,-104.0
2025,887fdd527230bece5974b0cface30528,2025-11-23T00:30:00Z,Florida Gators,Tennessee Volunteers,2025-11-22T22:25:37Z,bovada,Braylon Staley,5.5,-130.0,100.0
2025,887fdd527230bece5974b0cface30528,2025-11-23T00:30:00Z,Florida Gators,Tennessee Volunteers,2025-11-22T22:25:37Z,bovada,Chris Brazzell II,4.5,-125.0,-105.0
2025,887fdd527230bece5974b0cface30528,2025-11-23T00:30:00Z,Florida Gators,Tennessee Volunteers,2025-11-22T22:25:37Z,bovada,Mike Matthews,3.5,-130.0,100.0
2025,d2fd5b19d4a2ff572beaa0b3c67e8861,2025-11-23T00:30:00Z,Wisconsin Badgers,Illinois Fighting Illini,2025-11-22T22:25:37Z,fanduel,Hudson Clement,2.5,-140.0,108.0
2025,d2fd5b19d4a2ff572beaa0b3c67e8861,2025-11-23T00:30:00Z,Wisconsin Badgers,Illinois Fighting Illini,2025-11-22T22:25:37Z,fanduel,Collin Dixon,2.5,-146.0,112.0
2025,d2fd5b19d4a2ff572beaa0b3c67e8861,2025-11-23T00:30:00Z,Wisconsin Badgers,Illinois Fighting Illini,2025-11-22T22:25:37Z,fanduel,Hank Beatty,4.5,-198.0,150.0
2025,d2fd5b19d4a2ff572beaa0b3c67e8861,2025-11-23T00:30:00Z,Wisconsin Badgers,Illinois Fighting Illini,2025-11-22T22:25:37Z,bovada,Collin Dixon,2.5,-145.0,110.0
2025,d2fd5b19d4a2ff572beaa0b3c67e8861,2025-11-23T00:30:00Z,Wisconsin Badgers,Illinois Fighting Illini,2025-11-22T22:25:37Z,bovada,Hank Beatty,5.5,-110.0,-120.0
2025,d2fd5b19d4a2ff572beaa0b3c67e8861,2025-11-23T00:30:00Z,Wisconsin Badgers,Illinois Fighting Illini,2025-11-22T22:25:37Z,bovada,Hudson Clement,2.5,-135.0,105.0
2025,968d201306e35699b83b5bb24289914c,2025-11-23T01:00:00Z,Colorado Buffaloes,Arizona State Sun Devils,2025-11-22T22:55:37Z,fanduel,Omarion Miller,4.5,-115.0,-113.0
2025,8c8fb93b29e1f780db6a427d7274ed91,2025-11-23T01:00:00Z,Cincinnati Bearcats,BYU Cougars,2025-11-22T22:55:37Z,fanduel,Cyrus Allen,3.5,-146.0,112.0
2025,8c8fb93b29e1f780db6a427d7274ed91,2025-11-23T01:00:00Z,Cincinnati Bearcats,BYU Cougars,2025-11-22T22:55:37Z,fanduel,Carsen Ryan,3.5,148.0,-196.0
2025,8c8fb93b29e1f780db6a427d7274ed91,2025-11-23T01:00:00Z,Cincinnati Bearcats,BYU Cougars,2025-11-22T22:55:37Z,fanduel,Chase Roberts,4.5,-146.0,112.0
2025,8c8fb93b29e1f780db6a427d7274ed91,2025-11-23T01:00:00Z,Cincinnati Bearcats,BYU Cougars,2025-11-22T22:55:37Z,fanduel,Parker Kingston,5.5,130.0,-170.0
2025,8c8fb93b29e1f780db6a427d7274ed91,2025-11-23T01:00:00Z,Cincinnati Bearcats,BYU Cougars,2025-11-22T22:55:37Z,bovada,Carsen Ryan,2.5,-150.0,115.0
2025,8c8fb93b29e1f780db6a427d7274ed91,2025-11-23T01:00:00Z,Cincinnati Bearcats,BYU Cougars,2025-11-22T22:55:37Z,bovada,Chase Roberts,4.5,-145.0,110.0
2025,8c8fb93b29e1f780db6a427d7274ed91,2025-11-23T01:00:00Z,Cincinnati Bearcats,BYU Cougars,2025-11-22T22:55:37Z,bovada,Cyrus Allen,3.5,-145.0,110.0
2025,8c8fb93b29e1f780db6a427d7274ed91,2025-11-23T01:00:00Z,Cincinnati Bearcats,BYU Cougars,2025-11-22T22:55:37Z,bovada,Parker Kingston,4.5,-150.0,115.0
2025,435c548cea0f26f2df00d9c9df0a7924,2025-11-23T03:30:00Z,San Diego State Aztecs,San Jose State Spartans,2025-11-23T01:25:37Z,fanduel,Danny Scudero,5.5,-128.0,-102.0
2025,435c548cea0f26f2df00d9c9df0a7924,2025-11-23T03:30:00Z,San Diego State Aztecs,San Jose State Spartans,2025-11-23T01:25:37Z,fanduel,Kyri Shoels,5.5,104.0,-135.0
2025,435c548cea0f26f2df00d9c9df0a7924,2025-11-23T03:30:00Z,San Diego State Aztecs,San Jose State Spartans,2025-11-23T01:25:37Z,fanduel,Leland Smith,3.5,104.0,-135.0
2025,435c548cea0f26f2df00d9c9df0a7924,2025-11-23T03:30:00Z,San Diego State Aztecs,San Jose State Spartans,2025-11-23T01:25:37Z,bovada,Leland Smith,3.5,105.0,-135.0
2025,36f13df92e5c272f20ed7d541c8cf2d4,2025-11-26T00:30:00Z,Eastern Michigan Eagles,Western Michigan Broncos,2025-11-25T22:25:38Z,fanduel,Nick Devereaux,3.5,-113.0,-115.0
2025,36f13df92e5c272f20ed7d541c8cf2d4,2025-11-26T00:30:00Z,Eastern Michigan Eagles,Western Michigan Broncos,2025-11-25T22:25:38Z,fanduel,Talique Williams,3.5,-114.0,-114.0
2025,36f13df92e5c272f20ed7d541c8cf2d4,2025-11-26T00:30:00Z,Eastern Michigan Eagles,Western Michigan Broncos,2025-11-25T22:25:38Z,bovada,Nick Devereaux,3.5,-115.0,-115.0
2025,36f13df92e5c272f20ed7d541c8cf2d4,2025-11-26T00:30:00Z,Eastern Michigan Eagles,Western Michigan Broncos,2025-11-25T22:25:38Z,bovada,Talique Williams,3.5,-115.0,-115.0
2025,643198f60ea064a8030db080f2540513,2025-11-28T00:30:00Z,Memphis Tigers,Navy Midshipmen,2025-11-27T22:25:37Z,fanduel,Cortez Braham Jr.,5.5,-120.0,-108.0
2025,643198f60ea064a8030db080f2540513,2025-11-28T00:30:00Z,Memphis Tigers,Navy Midshipmen,2025-11-27T22:25:37Z,fanduel,Jamari Hawkins,2.5,-146.0,112.0
2025,643198f60ea064a8030db080f2540513,2025-11-28T00:30:00Z,Memphis Tigers,Navy Midshipmen,2025-11-27T22:25:37Z,fanduel,Greg Desrosiers Jr.,2.5,-184.0,140.0
2025,76916d758d1a2bc57d840d9d1c63aaa3,2025-11-28T17:00:00Z,Nebraska Cornhuskers,Iowa Hawkeyes,2025-11-28T14:55:38Z,fanduel,Jacory Barney Jr.,2.5,-198.0,150.0
2025,76916d758d1a2bc57d840d9d1c63aaa3,2025-11-28T17:00:00Z,Nebraska Cornhuskers,Iowa Hawkeyes,2025-11-28T14:55:38Z,fanduel,Nyziah Hunter,2.5,-184.0,140.0
2025,76916d758d1a2bc57d840d9d1c63aaa3,2025-11-28T17:00:00Z,Nebraska Cornhuskers,Iowa Hawkeyes,2025-11-28T14:55:38Z,fanduel,Dane Key,2.5,-114.0,-114.0
2025,76916d758d1a2bc57d840d9d1c63aaa3,2025-11-28T17:00:00Z,Nebraska Cornhuskers,Iowa Hawkeyes,2025-11-28T14:55:38Z,fanduel,DJ Vonnahme,2.5,-102.0,-128.0
2025,76916d758d1a2bc57d840d9d1c63aaa3,2025-11-28T17:00:00Z,Nebraska Cornhuskers,Iowa Hawkeyes,2025-11-28T14:55:38Z,fanduel,Emmett Johnson,3.5,-128.0,-102.0
2025,76916d758d1a2bc57d840d9d1c63aaa3,2025-11-28T17:00:00Z,Nebraska Cornhuskers,Iowa Hawkeyes,2025-11-28T14:55:38Z,fanduel,Jacob Gill,2.5,108.0,-140.0
2025,0f1ce102c69b3c21a363d3997879f16a,2025-11-28T17:00:00Z,Kansas Jayhawks,Utah Utes,2025-11-28T14:55:38Z,fanduel,JJ Buchanan,3.5,108.0,-140.0
2025,0f1ce102c69b3c21a363d3997879f16a,2025-11-28T17:00:00Z,Kansas Jayhawks,Utah Utes,2025-11-28T14:55:38Z,fanduel,Dallen Bentley,3.5,-146.0,112.0
2025,0f1ce102c69b3c21a363d3997879f16a,2025-11-28T17:00:00Z,Kansas Jayhawks,Utah Utes,2025-11-28T14:55:38Z,fanduel,Emmanuel Henderson Jr.,3.5,112.0,-146.0
2025,0f1ce102c69b3c21a363d3997879f16a,2025-11-28T17:00:00Z,Kansas Jayhawks,Utah Utes,2025-11-28T14:55:38Z,fanduel,Boden Groen,3.5,108.0,-140.0
2025,0f1ce102c69b3c21a363d3997879f16a,2025-11-28T17:00:00Z,Kansas Jayhawks,Utah Utes,2025-11-28T14:55:38Z,fanduel,Cam Pickett,3.5,-128.0,-102.0
2025,5b4e38825c71d19c51ebcd39665d9694,2025-11-28T17:00:00Z,Northern Illinois Huskies,Kent State Golden Flashes,2025-11-28T14:55:38Z,fanduel,Rickey Taylor Jr.,2.5,-114.0,-114.0
2025,5b4e38825c71d19c51ebcd39665d9694,2025-11-28T17:00:00Z,Northern Illinois Huskies,Kent State Golden Flashes,2025-11-28T14:55:38Z,fanduel,DeAree Rogers,2.5,-128.0,-102.0
2025,5b4e38825c71d19c51ebcd39665d9694,2025-11-28T17:00:00Z,Northern Illinois Huskies,Kent State Golden Flashes,2025-11-28T14:55:38Z,fanduel,Dashawn Martin,3.5,120.0,-156.0
2025,5b4e38825c71d19c51ebcd39665d9694,2025-11-28T17:00:00Z,Northern Illinois Huskies,Kent State Golden Flashes,2025-11-28T14:55:38Z,fanduel,Wayne Harris,3.5,110.0,-144.0
2025,f959699d770536ccda4fc4df72a954ea,2025-11-28T17:00:00Z,Mississippi State Bulldogs,Ole Miss Rebels,2025-11-28T14:55:38Z,fanduel,Deuce Alexander,2.5,106.0,-138.0
2025,f959699d770536ccda4fc4df72a954ea,2025-11-28T17:00:00Z,Mississippi State Bulldogs,Ole Miss Rebels,2025-11-28T14:55:38Z,fanduel,De'Zhaun Stribling,3.5,122.0,-160.0
2025,f959699d770536ccda4fc4df72a954ea,2025-11-28T17:00:00Z,Mississippi State Bulldogs,Ole Miss Rebels,2025-11-28T14:55:38Z,fanduel,Anthony Evans III,5.5,108.0,-140.0
2025,f959699d770536ccda4fc4df72a954ea,2025-11-28T17:00:00Z,Mississippi State Bulldogs,Ole Miss Rebels,2025-11-28T14:55:38Z,fanduel,Brenen Thompson,3.5,-114.0,-114.0
2025,f959699d770536ccda4fc4df72a954ea,2025-11-28T17:00:00Z,Mississippi State Bulldogs,Ole Miss Rebels,2025-11-28T14:55:38Z,fanduel,Dae'Quan Wright,2.5,-138.0,106.0
2025,f959699d770536ccda4fc4df72a954ea,2025-11-28T17:00:00Z,Mississippi State Bulldogs,Ole Miss Rebels,2025-11-28T14:55:38Z,fanduel,Seydou Traore,2.5,-146.0,112.0
2025,f959699d770536ccda4fc4df72a954ea,2025-11-28T17:00:00Z,Mississippi State Bulldogs,Ole Miss Rebels,2025-11-28T14:55:38Z,fanduel,Harrison Wallace III,4.5,126.0,-165.0
2025,f959699d770536ccda4fc4df72a954ea,2025-11-28T17:00:00Z,Mississippi State Bulldogs,Ole Miss Rebels,2025-11-28T14:55:38Z,fanduel,Cayden Lee,2.5,-118.0,-110.0
2025,f959699d770536ccda4fc4df72a954ea,2025-11-28T17:00:00Z,Mississippi State Bulldogs,Ole Miss Rebels,2025-11-28T14:55:38Z,bovada,Cayden Lee,2.5,-120.0,-110.0
2025,f959699d770536ccda4fc4df72a954ea,2025-11-28T17:00:00Z,Mississippi State Bulldogs,Ole Miss Rebels,2025-11-28T14:55:38Z,bovada,Deuce Alexander,2.5,105.0,-135.0
2025,f959699d770536ccda4fc4df72a954ea,2025-11-28T17:00:00Z,Mississippi State Bulldogs,Ole Miss Rebels,2025-11-28T14:55:38Z,bovada,Seydou Traore,2.5,-145.0,110.0
2025,ee12d0d5e2a05a709506af59bd525728,2025-11-28T20:30:00Z,Georgia Tech Yellow Jackets,Georgia Bulldogs,2025-11-28T18:25:37Z,fanduel,Noah Thomas,3.5,142.0,-188.0
2025,ee12d0d5e2a05a709506af59bd525728,2025-11-28T20:30:00Z,Georgia Tech Yellow Jackets,Georgia Bulldogs,2025-11-28T18:25:37Z,fanduel,Zachariah Branch,6.5,-114.0,-114.0
2025,ee12d0d5e2a05a709506af59bd525728,2025-11-28T20:30:00Z,Georgia Tech Yellow Jackets,Georgia Bulldogs,2025-11-28T18:25:37Z,fanduel,Isiah Canion,2.5,-113.0,-115.0
2025,ee12d0d5e2a05a709506af59bd525728,2025-11-28T20:30:00Z,Georgia Tech Yellow Jackets,Georgia Bulldogs,2025-11-28T18:25:37Z,fanduel,Malik Rutherford,3.5,-130.0,100.0
2025,ee12d0d5e2a05a709506af59bd525728,2025-11-28T20:30:00Z,Georgia Tech Yellow Jackets,Georgia Bulldogs,2025-11-28T18:25:37Z,fanduel,Eric Rivers,3.5,-108.0,-120.0
2025,ee12d0d5e2a05a709506af59bd525728,2025-11-28T20:30:00Z,Georgia Tech Yellow Jackets,Georgia Bulldogs,2025-11-28T18:25:37Z,fanduel,Oscar Delp,2.5,130.0,-170.0
2025,ee12d0d5e2a05a709506af59bd525728,2025-11-28T20:30:00Z,Georgia Tech Yellow Jackets,Georgia Bulldogs,2025-11-28T18:25:37Z,bovada,Isiah Canion,2.5,-110.0,-120.0
2025,ee12d0d5e2a05a709506af59bd525728,2025-11-28T20:30:00Z,Georgia Tech Yellow Jackets,Georgia Bulldogs,2025-11-28T18:25:37Z,bovada,Malik Rutherford,3.5,-145.0,110.0
2025,baf849e79f0978d22d19b6c5e9df6622,2025-11-28T21:00:00Z,Utah State Aggies,Boise State Broncos,2025-11-28T18:55:38Z,fanduel,Brady Boyd,3.5,-164.0,125.0
2025,baf849e79f0978d22d19b6c5e9df6622,2025-11-28T21:00:00Z,Utah State Aggies,Boise State Broncos,2025-11-28T18:55:38Z,fanduel,Latrell Caples,4.5,-114.0,-114.0
2025,baf849e79f0978d22d19b6c5e9df6622,2025-11-28T21:00:00Z,Utah State Aggies,Boise State Broncos,2025-11-28T18:55:38Z,fanduel,Cameron Bates,1.5,-188.0,142.0
2025,baf849e79f0978d22d19b6c5e9df6622,2025-11-28T21:00:00Z,Utah State Aggies,Boise State Broncos,2025-11-28T18:55:38Z,fanduel,Matt Lauter,2.5,-114.0,-114.0
2025,baf849e79f0978d22d19b6c5e9df6622,2025-11-28T21:00:00Z,Utah State Aggies,Boise State Broncos,2025-11-28T18:55:38Z,fanduel,Chris Marshall,3.5,108.0,-140.0
2025,baf849e79f0978d22d19b6c5e9df6622,2025-11-28T21:00:00Z,Utah State Aggies,Boise State Broncos,2025-11-28T18:55:38Z,bovada,Brady Boyd,4.5,115.0,-150.0
2025,baf849e79f0978d22d19b6c5e9df6622,2025-11-28T21:00:00Z,Utah State Aggies,Boise State Broncos,2025-11-28T18:55:38Z,bovada,Latrell Caples,4.5,-115.0,-115.0
2025,0f077fbc1706837ce351b4841cf850c9,2025-11-29T00:30:00Z,Purdue Boilermakers,Indiana Hoosiers,2025-11-28T22:25:37Z,fanduel,E.J. Williams Jr.,3.5,116.0,-152.0
2025,0f077fbc1706837ce351b4841cf850c9,2025-11-29T00:30:00Z,Purdue Boilermakers,Indiana Hoosiers,2025-11-28T22:25:37Z,fanduel,Elijah Sarratt,4.5,-138.0,106.0
2025,0f077fbc1706837ce351b4841cf850c9,2025-11-29T00:30:00Z,Purdue Boilermakers,Indiana Hoosiers,2025-11-28T22:25:37Z,fanduel,Omar Cooper Jr.,5.5,116.0,-152.0
2025,0f077fbc1706837ce351b4841cf850c9,2025-11-29T00:30:00Z,Purdue Boilermakers,Indiana Hoosiers,2025-11-28T22:25:37Z,fanduel,Nitro Tuggle,3.5,122.0,-160.0
2025,0f077fbc1706837ce351b4841cf850c9,2025-11-29T00:30:00Z,Purdue Boilermakers,Indiana Hoosiers,2025-11-28T22:25:37Z,fanduel,Michael Jackson III,4.5,-128.0,-102.0
2025,0f077fbc1706837ce351b4841cf850c9,2025-11-29T00:30:00Z,Purdue Boilermakers,Indiana Hoosiers,2025-11-28T22:25:37Z,bovada,E.J. Williams Jr.,3.5,115.0,-150.0
2025,0f077fbc1706837ce351b4841cf850c9,2025-11-29T00:30:00Z,Purdue Boilermakers,Indiana Hoosiers,2025-11-28T22:25:37Z,bovada,Elijah Sarratt,4.5,-115.0,-115.0
2025,0f077fbc1706837ce351b4841cf850c9,2025-11-29T00:30:00Z,Purdue Boilermakers,Indiana Hoosiers,2025-11-28T22:25:37Z,bovada,Michael Jackson III,4.5,-120.0,-110.0
2025,0f077fbc1706837ce351b4841cf850c9,2025-11-29T00:30:00Z,Purdue Boilermakers,Indiana Hoosiers,2025-11-28T22:25:37Z,bovada,Nitro Tuggle,3.5,125.0,-165.0
2025,0f077fbc1706837ce351b4841cf850c9,2025-11-29T00:30:00Z,Purdue Boilermakers,Indiana Hoosiers,2025-11-28T22:25:37Z,bovada,Omar Cooper Jr.,5.5,115.0,-150.0
2025,031eaf298fe62f9cc1ee593ebf867ad2,2025-11-29T00:30:00Z,Texas Longhorns,Texas A&M Aggies,2025-11-28T22:25:37Z,fanduel,Jack Endries,2.5,-110.0,-120.0
2025,031eaf298fe62f9cc1ee593ebf867ad2,2025-11-29T00:30:00Z,Texas Longhorns,Texas A&M Aggies,2025-11-28T22:25:37Z,fanduel,Mario Craver,3.5,-148.0,114.0
2025,031eaf298fe62f9cc1ee593ebf867ad2,2025-11-29T00:30:00Z,Texas Longhorns,Texas A&M Aggies,2025-11-28T22:25:37Z,fanduel,KC Concepcion,4.5,-110.0,-118.0
2025,031eaf298fe62f9cc1ee593ebf867ad2,2025-11-29T00:30:00Z,Texas Longhorns,Texas A&M Aggies,2025-11-28T22:25:37Z,fanduel,DeAndre Moore Jr.,3.5,100.0,-130.0
2025,031eaf298fe62f9cc1ee593ebf867ad2,2025-11-29T00:30:00Z,Texas Longhorns,Texas A&M Aggies,2025-11-28T22:25:37Z,fanduel,Emmett Mosley V,3.5,-130.0,100.0
2025,031eaf298fe62f9cc1ee593ebf867ad2,2025-11-29T00:30:00Z,Texas Longhorns,Texas A&M Aggies,2025-11-28T22:25:37Z,fanduel,Ryan Wingo,4.5,-102.0,-128.0
2025,031eaf298fe62f9cc1ee593ebf867ad2,2025-11-29T00:30:00Z,Texas Longhorns,Texas A&M Aggies,2025-11-28T22:25:37Z,bovada,DeAndre Moore Jr.,3.5,100.0,-130.0
2025,031eaf298fe62f9cc1ee593ebf867ad2,2025-11-29T00:30:00Z,Texas Longhorns,Texas A&M Aggies,2025-11-28T22:25:37Z,bovada,Emmett Mosley V,3.5,-130.0,100.0
2025,031eaf298fe62f9cc1ee593ebf867ad2,2025-11-29T00:30:00Z,Texas Longhorns,Texas A&M Aggies,2025-11-28T22:25:37Z,bovada,Ryan Wingo,4.5,100.0,-130.0
2025,8f08d4462c8cbc09b866893ca21ae406,2025-11-29T17:00:00Z,Pittsburgh Panthers,Miami Hurricanes,2025-11-29T14:55:37Z,fanduel,Kenny Johnson,3.5,-146.0,112.0
2025,8f08d4462c8cbc09b866893ca21ae406,2025-11-29T17:00:00Z,Pittsburgh Panthers,Miami Hurricanes,2025-11-29T14:55:37Z,fanduel,Malachi Toney,6.5,-114.0,-114.0
2025,8f08d4462c8cbc09b866893ca21ae406,2025-11-29T17:00:00Z,Pittsburgh Panthers,Miami Hurricanes,2025-11-29T14:55:37Z,fanduel,Raphael Williams Jr.,3.5,136.0,-178.0
2025,8f08d4462c8cbc09b866893ca21ae406,2025-11-29T17:00:00Z,Pittsburgh Panthers,Miami Hurricanes,2025-11-29T14:55:37Z,bovada,Malachi Toney,6.5,-115.0,-115.0
2025,a17c0bb6637ad2192754d6d1059f7e92,2025-11-29T17:00:00Z,Michigan Wolverines,Ohio State Buckeyes,2025-11-29T14:55:37Z,fanduel,Carnell Tate,4.5,112.0,-146.0
2025,a17c0bb6637ad2192754d6d1059f7e92,2025-11-29T17:00:00Z,Michigan Wolverines,Ohio State Buckeyes,2025-11-29T14:55:37Z,fanduel,Max Klare,3.5,-114.0,-114.0
2025,a17c0bb6637ad2192754d6d1059f7e92,2025-11-29T17:00:00Z,Michigan Wolverines,Ohio State Buckeyes,2025-11-29T14:55:37Z,fanduel,Jeremiah Smith,6.5,114.0,-148.0
2025,a17c0bb6637ad2192754d6d1059f7e92,2025-11-29T17:00:00Z,Michigan Wolverines,Ohio State Buckeyes,2025-11-29T14:55:37Z,fanduel,Andrew Marsh,4.5,-152.0,116.0
2025,a17c0bb6637ad2192754d6d1059f7e92,2025-11-29T17:00:00Z,Michigan Wolverines,Ohio State Buckeyes,2025-11-29T14:55:37Z,fanduel,Donaven McCulley,2.5,-114.0,-114.0
2025,a17c0bb6637ad2192754d6d1059f7e92,2025-11-29T17:00:00Z,Michigan Wolverines,Ohio State Buckeyes,2025-11-29T14:55:37Z,bovada,Carnell Tate,3.5,-185.0,140.0
2025,a17c0bb6637ad2192754d6d1059f7e92,2025-11-29T17:00:00Z,Michigan Wolverines,Ohio State Buckeyes,2025-11-29T14:55:37Z,bovada,Jeremiah Smith,6.5,115.0,-150.0
2025,c90e85208735f83419bdd9fafea09515,2025-11-29T20:30:00Z,Arkansas Razorbacks,Missouri Tigers,2025-11-29T18:25:37Z,fanduel,O'Mega Blake,4.5,112.0,-146.0
2025,c90e85208735f83419bdd9fafea09515,2025-11-29T20:30:00Z,Arkansas Razorbacks,Missouri Tigers,2025-11-29T18:25:37Z,fanduel,Kevin Coleman Jr.,4.5,-138.0,106.0
2025,fca43c84b575e6d2a974da994e1ca32f,2025-11-29T20:30:00Z,Oklahoma Sooners,LSU Tigers,2025-11-29T18:25:37Z,fanduel,Isaiah Sategna III,4.5,102.0,-132.0
2025,fca43c84b575e6d2a974da994e1ca32f,2025-11-29T20:30:00Z,Oklahoma Sooners,LSU Tigers,2025-11-29T18:25:37Z,fanduel,Jaren Kanak,2.5,122.0,-160.0
2025,fca43c84b575e6d2a974da994e1ca32f,2025-11-29T20:30:00Z,Oklahoma Sooners,LSU Tigers,2025-11-29T18:25:37Z,fanduel,Deion Burks,3.5,136.0,-178.0
2025,fca43c84b575e6d2a974da994e1ca32f,2025-11-29T20:30:00Z,Oklahoma Sooners,LSU Tigers,2025-11-29T18:25:37Z,fanduel,Barion Brown,4.5,130.0,-170.0
2025,fca43c84b575e6d2a974da994e1ca32f,2025-11-29T20:30:00Z,Oklahoma Sooners,LSU Tigers,2025-11-29T18:25:37Z,fanduel,Trey'Dez Green,3.5,132.0,-174.0
2025,fca43c84b575e6d2a974da994e1ca32f,2025-11-29T20:30:00Z,Oklahoma Sooners,LSU Tigers,2025-11-29T18:25:37Z,bovada,Barion Brown,3.5,-165.0,125.0
2025,fca43c84b575e6d2a974da994e1ca32f,2025-11-29T20:30:00Z,Oklahoma Sooners,LSU Tigers,2025-11-29T18:25:37Z,bovada,Deion Burks,3.5,135.0,-180.0
2025,fca43c84b575e6d2a974da994e1ca32f,2025-11-29T20:30:00Z,Oklahoma Sooners,LSU Tigers,2025-11-29T18:25:37Z,bovada,Jaren Kanak,2.5,125.0,-165.0
2025,fca43c84b575e6d2a974da994e1ca32f,2025-11-29T20:30:00Z,Oklahoma Sooners,LSU Tigers,2025-11-29T18:25:37Z,bovada,Trey'Dez Green,3.5,135.0,-180.0
2025,0deeb2c4386d575a59e7437fe01d1f6f,2025-11-29T20:30:00Z,Washington Huskies,Oregon Ducks,2025-11-29T18:25:37Z,fanduel,Malik Benson,2.5,-122.0,-106.0
2025,0deeb2c4386d575a59e7437fe01d1f6f,2025-11-29T20:30:00Z,Washington Huskies,Oregon Ducks,2025-11-29T18:25:37Z,fanduel,Dezmen Roebuck,3.5,106.0,-138.0
2025,0deeb2c4386d575a59e7437fe01d1f6f,2025-11-29T20:30:00Z,Washington Huskies,Oregon Ducks,2025-11-29T18:25:37Z,fanduel,Kenyon Sadiq,4.5,-114.0,-114.0
2025,0deeb2c4386d575a59e7437fe01d1f6f,2025-11-29T20:30:00Z,Washington Huskies,Oregon Ducks,2025-11-29T18:25:37Z,fanduel,Jeremiah McClellan,2.5,-148.0,114.0
2025,0deeb2c4386d575a59e7437fe01d1f6f,2025-11-29T20:30:00Z,Washington Huskies,Oregon Ducks,2025-11-29T18:25:37Z,fanduel,Denzel Boston,4.5,-130.0,100.0
2025,8ff0041fc39ed3aaabd78295aaa44ccc,2025-11-29T20:30:00Z,Tennessee Volunteers,Vanderbilt Commodores,2025-11-29T18:25:37Z,fanduel,Braylon Staley,5.5,100.0,-130.0
2025,8ff0041fc39ed3aaabd78295aaa44ccc,2025-11-29T20:30:00Z,Tennessee Volunteers,Vanderbilt Commodores,2025-11-29T18:25:37Z,fanduel,Chris Brazzell II,4.5,-168.0,128.0
2025,8ff0041fc39ed3aaabd78295aaa44ccc,2025-11-29T20:30:00Z,Tennessee Volunteers,Vanderbilt Commodores,2025-11-29T18:25:37Z,fanduel,Mike Matthews,3.5,-114.0,-114.0
2025,8ff0041fc39ed3aaabd78295aaa44ccc,2025-11-29T20:30:00Z,Tennessee Volunteers,Vanderbilt Commodores,2025-11-29T18:25:37Z,fanduel,Sedrick Alexander,1.5,-168.0,128.0
2025,8ff0041fc39ed3aaabd78295aaa44ccc,2025-11-29T20:30:00Z,Tennessee Volunteers,Vanderbilt Commodores,2025-11-29T18:25:37Z,fanduel,Junior Sherrill,3.5,-114.0,-114.0
2025,8ff0041fc39ed3aaabd78295aaa44ccc,2025-11-29T20:30:00Z,Tennessee Volunteers,Vanderbilt Commodores,2025-11-29T18:25:37Z,fanduel,Eli Stowers,4.5,-184.0,140.0
2025,62c8f91b581d1bcca5fb6496ec65aae7,2025-11-30T00:01:00Z,Virginia Cavaliers,Virginia Tech Hokies,2025-11-29T22:00:37Z,fanduel,Trell Harris,4.5,102.0,-132.0
2025,62c8f91b581d1bcca5fb6496ec65aae7,2025-11-30T00:01:00Z,Virginia Cavaliers,Virginia Tech Hokies,2025-11-29T22:00:37Z,fanduel,Ayden Greene,3.5,126.0,-165.0
2025,62c8f91b581d1bcca5fb6496ec65aae7,2025-11-30T00:01:00Z,Virginia Cavaliers,Virginia Tech Hokies,2025-11-29T22:00:37Z,fanduel,Jahmal Edrine,3.5,108.0,-140.0
2025,62c8f91b581d1bcca5fb6496ec65aae7,2025-11-30T00:01:00Z,Virginia Cavaliers,Virginia Tech Hokies,2025-11-29T22:00:37Z,fanduel,Takye Heath,2.5,102.0,-132.0
2025,62c8f91b581d1bcca5fb6496ec65aae7,2025-11-30T00:01:00Z,Virginia Cavaliers,Virginia Tech Hokies,2025-11-29T22:00:37Z,fanduel,Cam Ross,3.5,-130.0,100.0
2025,62c8f91b581d1bcca5fb6496ec65aae7,2025-11-30T00:01:00Z,Virginia Cavaliers,Virginia Tech Hokies,2025-11-29T22:00:37Z,fanduel,Cameron Seldon,1.5,-115.0,-113.0
2025,62c8f91b581d1bcca5fb6496ec65aae7,2025-11-30T00:01:00Z,Virginia Cavaliers,Virginia Tech Hokies,2025-11-29T22:00:37Z,bovada,Ayden Greene,3.5,130.0,-170.0
2025,62c8f91b581d1bcca5fb6496ec65aae7,2025-11-30T00:01:00Z,Virginia Cavaliers,Virginia Tech Hokies,2025-11-29T22:00:37Z,bovada,Cameron Seldon,1.5,-115.0,-115.0
2025,62c8f91b581d1bcca5fb6496ec65aae7,2025-11-30T00:01:00Z,Virginia Cavaliers,Virginia Tech Hokies,2025-11-29T22:00:37Z,bovada,Jahmal Edrine,4.5,230.0,-320.0
2025,62c8f91b581d1bcca5fb6496ec65aae7,2025-11-30T00:01:00Z,Virginia Cavaliers,Virginia Tech Hokies,2025-11-29T22:00:37Z,bovada,Takye Heath,2.5,100.0,-130.0
2025,181afdc9ce2683ff7c1debad66022351,2025-11-30T00:30:00Z,Auburn Tigers,Alabama Crimson Tide,2025-11-29T22:25:37Z,fanduel,Eric Singleton Jr.,4.5,154.0,-205.0
2025,181afdc9ce2683ff7c1debad66022351,2025-11-30T00:30:00Z,Auburn Tigers,Alabama Crimson Tide,2025-11-29T22:25:37Z,fanduel,Cam Coleman,4.5,110.0,-144.0
2025,181afdc9ce2683ff7c1debad66022351,2025-11-30T00:30:00Z,Auburn Tigers,Alabama Crimson Tide,2025-11-29T22:25:37Z,fanduel,Ryan Williams,4.5,154.0,-205.0
2025,181afdc9ce2683ff7c1debad66022351,2025-11-30T00:30:00Z,Auburn Tigers,Alabama Crimson Tide,2025-11-29T22:25:37Z,fanduel,Germie Bernard,5.5,122.0,-160.0
2025,48a0d56354caf6da69d210132615c809,2025-11-30T00:30:00Z,NC State Wolfpack,North Carolina Tar Heels,2025-11-29T22:25:37Z,fanduel,Wesley Grimes,3.5,162.0,-215.0
2025,48a0d56354caf6da69d210132615c809,2025-11-30T00:30:00Z,NC State Wolfpack,North Carolina Tar Heels,2025-11-29T22:25:37Z,fanduel,Kobe Paysour,3.5,-106.0,-122.0
2025,48a0d56354caf6da69d210132615c809,2025-11-30T00:30:00Z,NC State Wolfpack,North Carolina Tar Heels,2025-11-29T22:25:37Z,fanduel,Justin Joly,3.5,-148.0,114.0
2025,48a0d56354caf6da69d210132615c809,2025-11-30T00:30:00Z,NC State Wolfpack,North Carolina Tar Heels,2025-11-29T22:25:37Z,fanduel,Terrell Anderson,3.5,108.0,-140.0
2025,48a0d56354caf6da69d210132615c809,2025-11-30T00:30:00Z,NC State Wolfpack,North Carolina Tar Heels,2025-11-29T22:25:37Z,fanduel,Jordan Shipp,5.5,-114.0,-114.0
2025,48a0d56354caf6da69d210132615c809,2025-11-30T00:30:00Z,NC State Wolfpack,North Carolina Tar Heels,2025-11-29T22:25:37Z,fanduel,Noah Rogers,2.5,-108.0,-120.0
2025,48a0d56354caf6da69d210132615c809,2025-11-30T00:30:00Z,NC State Wolfpack,North Carolina Tar Heels,2025-11-29T22:25:37Z,bovada,Kobe Paysour,3.5,-105.0,-125.0
2025,48a0d56354caf6da69d210132615c809,2025-11-30T00:30:00Z,NC State Wolfpack,North Carolina Tar Heels,2025-11-29T22:25:37Z,bovada,Noah Rogers,2.5,105.0,-135.0
2025,48a0d56354caf6da69d210132615c809,2025-11-30T00:30:00Z,NC State Wolfpack,North Carolina Tar Heels,2025-11-29T22:25:37Z,bovada,Terrell Anderson,3.5,110.0,-145.0
2025,7f71f4ba886e8f1f4855dad0152ca08e,2025-11-30T00:30:00Z,USC Trojans,UCLA Bruins,2025-11-29T22:25:37Z,fanduel,Makai Lemon,7.5,-113.0,-115.0
2025,7f71f4ba886e8f1f4855dad0152ca08e,2025-11-30T00:30:00Z,USC Trojans,UCLA Bruins,2025-11-29T22:25:37Z,fanduel,Ja'Kobi Lane,4.5,-132.0,102.0
2025,7f71f4ba886e8f1f4855dad0152ca08e,2025-11-30T00:30:00Z,USC Trojans,UCLA Bruins,2025-11-29T22:25:37Z,bovada,Makai Lemon,7.5,-110.0,-120.0
2025,855b4b7959efc4b7309d16b8b17dd708,2025-12-06T00:00:00Z,Jacksonville State Gamecocks,Kennesaw State Owls,2025-12-05T21:55:38Z,fanduel,Clayton Coppock,3.5,-108.0,-120.0
2025,855b4b7959efc4b7309d16b8b17dd708,2025-12-06T00:00:00Z,Jacksonville State Gamecocks,Kennesaw State Owls,2025-12-05T21:55:38Z,fanduel,Christian Moss,3.5,142.0,-188.0
2025,855b4b7959efc4b7309d16b8b17dd708,2025-12-06T00:00:00Z,Jacksonville State Gamecocks,Kennesaw State Owls,2025-12-05T21:55:38Z,fanduel,Gabriel Benyard,4.5,112.0,-146.0
2025,34fe27e86b995ea9e3cdc015d1ff5a46,2025-12-06T00:00:00Z,James Madison Dukes,Troy Trojans,2025-12-05T21:55:38Z,fanduel,Wayne Knight,2.5,-128.0,-102.0
2025,34fe27e86b995ea9e3cdc015d1ff5a46,2025-12-06T00:00:00Z,James Madison Dukes,Troy Trojans,2025-12-05T21:55:38Z,fanduel,RaRa Thomas,2.5,104.0,-135.0
2025,34fe27e86b995ea9e3cdc015d1ff5a46,2025-12-06T00:00:00Z,James Madison Dukes,Troy Trojans,2025-12-05T21:55:38Z,fanduel,DJ Epps,3.5,-148.0,114.0
2025,34fe27e86b995ea9e3cdc015d1ff5a46,2025-12-06T00:00:00Z,James Madison Dukes,Troy Trojans,2025-12-05T21:55:38Z,fanduel,Jaylan Sanchez,2.5,134.0,-176.0
2025,34fe27e86b995ea9e3cdc015d1ff5a46,2025-12-06T00:00:00Z,James Madison Dukes,Troy Trojans,2025-12-05T21:55:38Z,fanduel,Tray Taylor,2.5,178.0,-240.0
2025,34fe27e86b995ea9e3cdc015d1ff5a46,2025-12-06T00:00:00Z,James Madison Dukes,Troy Trojans,2025-12-05T21:55:38Z,fanduel,Ethan Conner,2.5,136.0,-178.0
2025,34fe27e86b995ea9e3cdc015d1ff5a46,2025-12-06T00:00:00Z,James Madison Dukes,Troy Trojans,2025-12-05T21:55:38Z,fanduel,Landon Ellis,2.5,-165.0,126.0
2025,34fe27e86b995ea9e3cdc015d1ff5a46,2025-12-06T00:00:00Z,James Madison Dukes,Troy Trojans,2025-12-05T21:55:38Z,fanduel,Nick DeGennaro,2.5,140.0,-184.0
2025,bcda84050f6f1fe4756756124d40f116,2025-12-06T01:00:00Z,Tulane Green Wave,North Texas Mean Green,2025-12-05T22:55:38Z,fanduel,Omari Hayes,2.5,136.0,-178.0
2025,bcda84050f6f1fe4756756124d40f116,2025-12-06T01:00:00Z,Tulane Green Wave,North Texas Mean Green,2025-12-05T22:55:38Z,fanduel,Cameron Dorner,4.5,142.0,-188.0
2025,bcda84050f6f1fe4756756124d40f116,2025-12-06T01:00:00Z,Tulane Green Wave,North Texas Mean Green,2025-12-05T22:55:38Z,fanduel,Caleb Hawkins,2.5,-118.0,-110.0
2025,bcda84050f6f1fe4756756124d40f116,2025-12-06T01:00:00Z,Tulane Green Wave,North Texas Mean Green,2025-12-05T22:55:38Z,fanduel,Anthony Brown-Stephens,3.5,106.0,-138.0
2025,bcda84050f6f1fe4756756124d40f116,2025-12-06T01:00:00Z,Tulane Green Wave,North Texas Mean Green,2025-12-05T22:55:38Z,fanduel,Shazz Preston,3.5,120.0,-156.0
2025,bcda84050f6f1fe4756756124d40f116,2025-12-06T01:00:00Z,Tulane Green Wave,North Texas Mean Green,2025-12-05T22:55:38Z,fanduel,Wyatt Young,6.5,100.0,-130.0
2025,bcda84050f6f1fe4756756124d40f116,2025-12-06T01:00:00Z,Tulane Green Wave,North Texas Mean Green,2025-12-05T22:55:38Z,fanduel,Miles Coleman,2.5,-118.0,-110.0
2025,05574125db5d3bc8c0a9f0ce97971957,2025-12-06T01:01:00Z,Boise State Broncos,UNLV Rebels,2025-12-05T23:00:38Z,fanduel,Daejon Reynolds,2.5,-102.0,-128.0
2025,05574125db5d3bc8c0a9f0ce97971957,2025-12-06T01:01:00Z,Boise State Broncos,UNLV Rebels,2025-12-05T23:00:38Z,fanduel,Matt Lauter,2.5,122.0,-160.0
2025,05574125db5d3bc8c0a9f0ce97971957,2025-12-06T01:01:00Z,Boise State Broncos,UNLV Rebels,2025-12-05T23:00:38Z,fanduel,Latrell Caples,4.5,130.0,-170.0
2025,87fe86f5fa1edd149d6cc5f8bcb82be2,2025-12-06T17:00:00Z,Texas Tech Red Raiders,BYU Cougars,2025-12-06T14:55:37Z,fanduel,Chase Roberts,4.5,100.0,-130.0
2025,87fe86f5fa1edd149d6cc5f8bcb82be2,2025-12-06T17:00:00Z,Texas Tech Red Raiders,BYU Cougars,2025-12-06T14:55:37Z,fanduel,Caleb Douglas,4.5,116.0,-152.0
2025,87fe86f5fa1edd149d6cc5f8bcb82be2,2025-12-06T17:00:00Z,Texas Tech Red Raiders,BYU Cougars,2025-12-06T14:55:37Z,fanduel,Reggie Virgil,3.5,100.0,-130.0
2025,87fe86f5fa1edd149d6cc5f8bcb82be2,2025-12-06T17:00:00Z,Texas Tech Red Raiders,BYU Cougars,2025-12-06T14:55:37Z,fanduel,Coy Eakin,2.5,-148.0,114.0
2025,87fe86f5fa1edd149d6cc5f8bcb82be2,2025-12-06T17:00:00Z,Texas Tech Red Raiders,BYU Cougars,2025-12-06T14:55:37Z,fanduel,Terrance Carter Jr.,3.5,-168.0,128.0
2025,87fe86f5fa1edd149d6cc5f8bcb82be2,2025-12-06T17:00:00Z,Texas Tech Red Raiders,BYU Cougars,2025-12-06T14:55:37Z,fanduel,LJ Martin,2.5,-170.0,130.0
2025,87fe86f5fa1edd149d6cc5f8bcb82be2,2025-12-06T17:00:00Z,Texas Tech Red Raiders,BYU Cougars,2025-12-06T14:55:37Z,fanduel,Parker Kingston,5.5,136.0,-178.0
2025,87fe86f5fa1edd149d6cc5f8bcb82be2,2025-12-06T17:00:00Z,Texas Tech Red Raiders,BYU Cougars,2025-12-06T14:55:37Z,fanduel,J'Koby Williams,2.5,116.0,-152.0
2025,87fe86f5fa1edd149d6cc5f8bcb82be2,2025-12-06T17:00:00Z,Texas Tech Red Raiders,BYU Cougars,2025-12-06T14:55:37Z,fanduel,Carsen Ryan,3.5,138.0,-182.0
2025,825ab37366030db2e15565370bfc0104,2025-12-06T17:00:00Z,Western Michigan Broncos,Miami (OH) RedHawks,2025-12-06T14:55:37Z,fanduel,Kam Perry,3.5,-118.0,-110.0
2025,825ab37366030db2e15565370bfc0104,2025-12-06T17:00:00Z,Western Michigan Broncos,Miami (OH) RedHawks,2025-12-06T14:55:37Z,fanduel,Cole Weaver,4.5,126.0,-165.0
2025,825ab37366030db2e15565370bfc0104,2025-12-06T17:00:00Z,Western Michigan Broncos,Miami (OH) RedHawks,2025-12-06T14:55:37Z,fanduel,Talique Williams,3.5,136.0,-178.0
2025,825ab37366030db2e15565370bfc0104,2025-12-06T17:00:00Z,Western Michigan Broncos,Miami (OH) RedHawks,2025-12-06T14:55:37Z,fanduel,Baylin Brooks,2.5,154.0,-205.0
2025,825ab37366030db2e15565370bfc0104,2025-12-06T17:00:00Z,Western Michigan Broncos,Miami (OH) RedHawks,2025-12-06T14:55:37Z,fanduel,Aveion Chenault,1.5,-154.0,118.0
2025,aa6121f597f3dd0a363e477797cd13f0,2025-12-06T21:00:00Z,Alabama Crimson Tide,Georgia Bulldogs,2025-12-06T18:55:38Z,fanduel,Isaiah Horton,3.5,122.0,-160.0
2025,aa6121f597f3dd0a363e477797cd13f0,2025-12-06T21:00:00Z,Alabama Crimson Tide,Georgia Bulldogs,2025-12-06T18:55:38Z,fanduel,Ryan Williams,3.5,116.0,-152.0
2025,aa6121f597f3dd0a363e477797cd13f0,2025-12-06T21:00:00Z,Alabama Crimson Tide,Georgia Bulldogs,2025-12-06T18:55:38Z,fanduel,Zachariah Branch,6.5,108.0,-140.0
2025,aa6121f597f3dd0a363e477797cd13f0,2025-12-06T21:00:00Z,Alabama Crimson Tide,Georgia Bulldogs,2025-12-06T18:55:38Z,fanduel,Daniel Hill,2.5,-168.0,128.0
2025,aa6121f597f3dd0a363e477797cd13f0,2025-12-06T21:00:00Z,Alabama Crimson Tide,Georgia Bulldogs,2025-12-06T18:55:38Z,fanduel,Lotzeir Brooks,2.5,-106.0,-122.0
2025,aa6121f597f3dd0a363e477797cd13f0,2025-12-06T21:00:00Z,Alabama Crimson Tide,Georgia Bulldogs,2025-12-06T18:55:38Z,fanduel,Germie Bernard,4.5,-176.0,134.0
2025,cb3db4cd7e1781ff0fa5e3caaf2d74e4,2025-12-07T01:00:00Z,Virginia Cavaliers,Duke Blue Devils,2025-12-06T22:55:37Z,fanduel,Trell Harris,4.5,-164.0,125.0
2025,cb3db4cd7e1781ff0fa5e3caaf2d74e4,2025-12-07T01:00:00Z,Virginia Cavaliers,Duke Blue Devils,2025-12-06T22:55:37Z,fanduel,Que'Sean Brown,3.5,-128.0,-102.0
2025,cb3db4cd7e1781ff0fa5e3caaf2d74e4,2025-12-07T01:00:00Z,Virginia Cavaliers,Duke Blue Devils,2025-12-06T22:55:37Z,fanduel,J'Mari Taylor,2.5,-184.0,140.0
2025,cb3db4cd7e1781ff0fa5e3caaf2d74e4,2025-12-07T01:00:00Z,Virginia Cavaliers,Duke Blue Devils,2025-12-06T22:55:37Z,fanduel,Cooper Barkate,4.5,-128.0,-102.0
2025,cb3db4cd7e1781ff0fa5e3caaf2d74e4,2025-12-07T01:00:00Z,Virginia Cavaliers,Duke Blue Devils,2025-12-06T22:55:37Z,fanduel,Jeremiah Hasley,3.5,136.0,-178.0
2025,cb3db4cd7e1781ff0fa5e3caaf2d74e4,2025-12-07T01:00:00Z,Virginia Cavaliers,Duke Blue Devils,2025-12-06T22:55:37Z,fanduel,Jahmal Edrine,2.5,-138.0,106.0
2025,ed821485171f0486828ac8bfae9537a3,2025-12-07T01:00:00Z,Ohio State Buckeyes,Indiana Hoosiers,2025-12-06T22:55:37Z,fanduel,Jeremiah Smith,5.5,-138.0,106.0
2025,ed821485171f0486828ac8bfae9537a3,2025-12-07T01:00:00Z,Ohio State Buckeyes,Indiana Hoosiers,2025-12-06T22:55:37Z,fanduel,Max Klare,3.5,126.0,-165.0
2025,ed821485171f0486828ac8bfae9537a3,2025-12-07T01:00:00Z,Ohio State Buckeyes,Indiana Hoosiers,2025-12-06T22:55:37Z,fanduel,Elijah Sarratt,4.5,116.0,-152.0
2025,ed821485171f0486828ac8bfae9537a3,2025-12-07T01:00:00Z,Ohio State Buckeyes,Indiana Hoosiers,2025-12-06T22:55:37Z,fanduel,Carnell Tate,4.5,-130.0,100.0
2025,ed821485171f0486828ac8bfae9537a3,2025-12-07T01:00:00Z,Ohio State Buckeyes,Indiana Hoosiers,2025-12-06T22:55:37Z,fanduel,Omar Cooper Jr.,4.5,104.0,-135.0
2025,86b2f11373631509f973bd3e72f5732d,2025-12-13T20:00:00Z,Navy Midshipmen,Army Black Knights,2025-12-13T17:55:37Z,fanduel,Eli Heidenreich,3.5,108.0,-140.0
2025,a12597fe519a345d8bfdb3f8bd37fc2d,2025-12-14T01:00:00Z,Washington Huskies,Boise State Broncos,2025-12-13T22:55:37Z,fanduel,Omari Evans,2.5,130.0,-170.0
2025,a12597fe519a345d8bfdb3f8bd37fc2d,2025-12-14T01:00:00Z,Washington Huskies,Boise State Broncos,2025-12-13T22:55:37Z,fanduel,Denzel Boston,4.5,-148.0,114.0
2025,a12597fe519a345d8bfdb3f8bd37fc2d,2025-12-14T01:00:00Z,Washington Huskies,Boise State Broncos,2025-12-13T22:55:37Z,fanduel,Dezmen Roebuck,3.5,112.0,-146.0
2025,a12597fe519a345d8bfdb3f8bd37fc2d,2025-12-14T01:00:00Z,Washington Huskies,Boise State Broncos,2025-12-13T22:55:37Z,fanduel,Decker DeGraaf,2.5,108.0,-140.0
