season,event_id,commence_time,home_team,away_team,snapshot,book,player,line,over,under
2024,329ee4daba3514dce8018d5768e5043f,2024-08-24T16:00:00Z,Georgia Tech Yellow Jackets,Florida State Seminoles,2024-08-24T13:55:39Z,bovada,Eric Singleton Jr,4.5,115.0,-150.0
2024,329ee4daba3514dce8018d5768e5043f,2024-08-24T16:00:00Z,Georgia Tech Yellow Jackets,Florida State Seminoles,2024-08-24T13:55:39Z,bovada,Jalen Brown,2.5,-145.0,110.0
2024,329ee4daba3514dce8018d5768e5043f,2024-08-24T16:00:00Z,Georgia Tech Yellow Jackets,Florida State Seminoles,2024-08-24T13:55:39Z,bovada,Malik Benson,4.5,110.0,-145.0
2024,329ee4daba3514dce8018d5768e5043f,2024-08-24T16:00:00Z,Georgia Tech Yellow Jackets,Florida State Seminoles,2024-08-24T13:55:39Z,bovada,Malik Rutherford,3.5,100.0,-130.0
2024,329ee4daba3514dce8018d5768e5043f,2024-08-24T16:00:00Z,Georgia Tech Yellow Jackets,Florida State Seminoles,2024-08-24T13:55:39Z,betrivers,Malik Rutherford,3.5,123.0,-159.0
2024,329ee4daba3514dce8018d5768e5043f,2024-08-24T16:00:00Z,Georgia Tech Yellow Jackets,Florida State Seminoles,2024-08-24T13:55:39Z,betrivers,Malik Benson,4.5,160.0,-210.0
2024,329ee4daba3514dce8018d5768e5043f,2024-08-24T16:00:00Z,Georgia Tech Yellow Jackets,Florida State Seminoles,2024-08-24T13:55:39Z,betrivers,Eric Singleton Jr,5.5,290.0,-420.0
2024,329ee4daba3514dce8018d5768e5043f,2024-08-24T16:00:00Z,Georgia Tech Yellow Jackets,Florida State Seminoles,2024-08-24T13:55:39Z,betrivers,Malik Benson,3.5,-143.0,110.0
2024,329ee4daba3514dce8018d5768e5043f,2024-08-24T16:00:00Z,Georgia Tech Yellow Jackets,Florida State Seminoles,2024-08-24T13:55:39Z,betrivers,Eric Singleton Jr,4.5,135.0,-177.0
2024,329ee4daba3514dce8018d5768e5043f,2024-08-24T16:00:00Z,Georgia Tech Yellow Jackets,Florida State Seminoles,2024-08-24T13:55:39Z,betrivers,Eric Singleton Jr,3.5,-175.0,132.0
2024,329ee4daba3514dce8018d5768e5043f,2024-08-24T16:00:00Z,Georgia Tech Yellow Jackets,Florida State Seminoles,2024-08-24T13:55:39Z,betrivers,Malik Rutherford,4.5,285.0,-420.0
2024,329ee4daba3514dce8018d5768e5043f,2024-08-24T16:00:00Z,Georgia Tech Yellow Jackets,Florida State Seminoles,2024-08-24T13:55:39Z,betrivers,Malik Benson,2.5,-385.0,275.0
2024,329ee4daba3514dce8018d5768e5043f,2024-08-24T16:00:00Z,Georgia Tech Yellow Jackets,Florida State Seminoles,2024-08-24T13:55:39Z,betrivers,Malik Rutherford,2.5,-215.0,160.0
2024,feeae1f09a033ab65edd9b354d36b432,2024-08-25T00:00:00Z,Nevada Wolf Pack,SMU Mustangs,2024-08-24T21:55:38Z,bovada,Jake Bailey,3.5,135.0,-180.0
2024,feeae1f09a033ab65edd9b354d36b432,2024-08-25T00:00:00Z,Nevada Wolf Pack,SMU Mustangs,2024-08-24T21:55:38Z,bovada,Jordan Hudson,3.5,125.0,-165.0
2024,feeae1f09a033ab65edd9b354d36b432,2024-08-25T00:00:00Z,Nevada Wolf Pack,SMU Mustangs,2024-08-24T21:55:38Z,bovada,RJ Maryland,3.5,100.0,-130.0
2024,167159b67739742d3f7b6dc15dc1aabc,2024-08-30T23:00:00Z,Michigan State Spartans,Florida Atlantic Owls,2024-08-30T20:55:38Z,bovada,Jaron Glover,2.5,-165.0,125.0
2024,167159b67739742d3f7b6dc15dc1aabc,2024-08-30T23:00:00Z,Michigan State Spartans,Florida Atlantic Owls,2024-08-30T20:55:38Z,bovada,Montorie Foster Jr.,3.5,-110.0,-120.0
2024,97a5d3c62467dfd828d4cbab92ac46e2,2024-08-31T01:00:00Z,Wisconsin Badgers,Western Michigan Broncos,2024-08-30T22:55:38Z,bovada,Bryson Green,3.5,-125.0,-105.0
2024,97a5d3c62467dfd828d4cbab92ac46e2,2024-08-31T01:00:00Z,Wisconsin Badgers,Western Michigan Broncos,2024-08-30T22:55:38Z,bovada,Riley Nowakowski,1.5,-115.0,-115.0
2024,97a5d3c62467dfd828d4cbab92ac46e2,2024-08-31T01:00:00Z,Wisconsin Badgers,Western Michigan Broncos,2024-08-30T22:55:38Z,bovada,Tyrell Henry,1.5,-180.0,135.0
2024,97a5d3c62467dfd828d4cbab92ac46e2,2024-08-31T01:00:00Z,Wisconsin Badgers,Western Michigan Broncos,2024-08-30T22:55:38Z,bovada,Vinny Anthony II,1.5,-160.0,120.0
2024,97a5d3c62467dfd828d4cbab92ac46e2,2024-08-31T01:00:00Z,Wisconsin Badgers,Western Michigan Broncos,2024-08-30T22:55:38Z,bovada,Will Pauling,5.5,-130.0,100.0
2024,9798363c8b3934bbc4b67c5328e24453,2024-08-31T02:30:00Z,Stanford Cardinal,TCU Horned Frogs,2024-08-31T00:25:39Z,bovada,Elic Ayomanor,5.5,-115.0,-115.0
2024,9798363c8b3934bbc4b67c5328e24453,2024-08-31T02:30:00Z,Stanford Cardinal,TCU Horned Frogs,2024-08-31T00:25:39Z,bovada,Sam Roush,3.5,-125.0,-105.0
2024,9798363c8b3934bbc4b67c5328e24453,2024-08-31T02:30:00Z,Stanford Cardinal,TCU Horned Frogs,2024-08-31T00:25:39Z,bovada,Savion Williams,5.5,120.0,-160.0
2024,9798363c8b3934bbc4b67c5328e24453,2024-08-31T02:30:00Z,Stanford Cardinal,TCU Horned Frogs,2024-08-31T00:25:39Z,bovada,Tiger Bachmeier,2.5,-180.0,135.0
2024,b7cf707bbb8579f69e1eb332ff5d5ce8,2024-08-31T16:00:00Z,Georgia Bulldogs,Clemson Tigers,2024-08-31T13:55:38Z,fanduel,Jake Briningstool,3.5,142.0,-188.0
2024,b7cf707bbb8579f69e1eb332ff5d5ce8,2024-08-31T16:00:00Z,Georgia Bulldogs,Clemson Tigers,2024-08-31T13:55:38Z,fanduel,Antonio Williams,3.5,-120.0,-108.0
2024,b7cf707bbb8579f69e1eb332ff5d5ce8,2024-08-31T16:00:00Z,Georgia Bulldogs,Clemson Tigers,2024-08-31T13:55:38Z,fanduel,Dominic Lovett,3.5,-160.0,122.0
2024,b7cf707bbb8579f69e1eb332ff5d5ce8,2024-08-31T16:00:00Z,Georgia Bulldogs,Clemson Tigers,2024-08-31T13:55:38Z,fanduel,Dillon Bell,2.5,-156.0,120.0
2024,b7cf707bbb8579f69e1eb332ff5d5ce8,2024-08-31T16:00:00Z,Georgia Bulldogs,Clemson Tigers,2024-08-31T13:55:38Z,fanduel,Tyler Brown,3.5,-146.0,112.0
2024,b7cf707bbb8579f69e1eb332ff5d5ce8,2024-08-31T16:00:00Z,Georgia Bulldogs,Clemson Tigers,2024-08-31T13:55:38Z,bovada,Arian Smith,2.5,-110.0,-120.0
2024,b7cf707bbb8579f69e1eb332ff5d5ce8,2024-08-31T16:00:00Z,Georgia Bulldogs,Clemson Tigers,2024-08-31T13:55:38Z,bovada,Dillon Bell,2.5,-165.0,125.0
2024,b7cf707bbb8579f69e1eb332ff5d5ce8,2024-08-31T16:00:00Z,Georgia Bulldogs,Clemson Tigers,2024-08-31T13:55:38Z,bovada,Dominic Lovett,4.5,-170.0,130.0
2024,b7cf707bbb8579f69e1eb332ff5d5ce8,2024-08-31T16:00:00Z,Georgia Bulldogs,Clemson Tigers,2024-08-31T13:55:38Z,bovada,Oscar Delp,2.5,140.0,-185.0
2024,b7cf707bbb8579f69e1eb332ff5d5ce8,2024-08-31T16:00:00Z,Georgia Bulldogs,Clemson Tigers,2024-08-31T13:55:38Z,bovada,Phil Mafah,1.5,-160.0,120.0
2024,b7cf707bbb8579f69e1eb332ff5d5ce8,2024-08-31T16:00:00Z,Georgia Bulldogs,Clemson Tigers,2024-08-31T13:55:38Z,bovada,Tyler Brown,3.5,-160.0,120.0
2024,3193c0fe08c0c2c113885fe4dfab3713,2024-08-31T16:00:00Z,Pittsburgh Panthers,Kent State Golden Flashes,2024-08-31T13:55:38Z,bovada,Daejon Reynolds,2.5,-165.0,125.0
2024,3193c0fe08c0c2c113885fe4dfab3713,2024-08-31T16:00:00Z,Pittsburgh Panthers,Kent State Golden Flashes,2024-08-31T13:55:38Z,bovada,Gavin Bartholomew,2.5,-120.0,-110.0
2024,2197689ad02f46a4200fc6151f4cee92,2024-08-31T16:00:00Z,Maryland Terrapins,UConn Huskies,2024-08-31T13:55:38Z,bovada,Tai Felton,4.5,-105.0,-125.0
2024,96d6e41b508026a32e912290df5ac8e2,2024-08-31T16:00:00Z,West Virginia Mountaineers,Penn State Nittany Lions,2024-08-31T13:55:38Z,fanduel,Liam Clifford,2.5,126.0,-165.0
2024,96d6e41b508026a32e912290df5ac8e2,2024-08-31T16:00:00Z,West Virginia Mountaineers,Penn State Nittany Lions,2024-08-31T13:55:38Z,fanduel,Tyler Warren,3.5,-128.0,-102.0
2024,96d6e41b508026a32e912290df5ac8e2,2024-08-31T16:00:00Z,West Virginia Mountaineers,Penn State Nittany Lions,2024-08-31T13:55:38Z,fanduel,Harrison Wallace III,3.5,136.0,-178.0
2024,96d6e41b508026a32e912290df5ac8e2,2024-08-31T16:00:00Z,West Virginia Mountaineers,Penn State Nittany Lions,2024-08-31T13:55:38Z,bovada,Harrison Wallace III,2.5,-160.0,120.0
2024,96d6e41b508026a32e912290df5ac8e2,2024-08-31T16:00:00Z,West Virginia Mountaineers,Penn State Nittany Lions,2024-08-31T13:55:38Z,bovada,Julian Fleming,2.5,-170.0,130.0
2024,96d6e41b508026a32e912290df5ac8e2,2024-08-31T16:00:00Z,West Virginia Mountaineers,Penn State Nittany Lions,2024-08-31T13:55:38Z,bovada,Liam Clifford,2.5,-115.0,-115.0
2024,96d6e41b508026a32e912290df5ac8e2,2024-08-31T16:00:00Z,West Virginia Mountaineers,Penn State Nittany Lions,2024-08-31T13:55:38Z,bovada,Nicholas Singleton,1.5,-165.0,125.0
2024,96d6e41b508026a32e912290df5ac8e2,2024-08-31T16:00:00Z,West Virginia Mountaineers,Penn State Nittany Lions,2024-08-31T13:55:38Z,bovada,Tyler Warren,3.5,-115.0,-115.0
2024,2660d8902ca1543928e52596083b3345,2024-08-31T16:00:00Z,Vanderbilt Commodores,Virginia Tech Hokies,2024-08-31T13:55:38Z,bovada,Junior Sherrill,2.5,-130.0,100.0
2024,2660d8902ca1543928e52596083b3345,2024-08-31T16:00:00Z,Vanderbilt Commodores,Virginia Tech Hokies,2024-08-31T13:55:38Z,bovada,Quincy Skinner Jr.,2.5,-120.0,-110.0
2024,ed7c9ef7b3fc7793bc1082b50e0ae333,2024-08-31T19:30:00Z,Texas Longhorns,Colorado State Rams,2024-08-31T17:25:38Z,bovada,Amari Niblack,2.5,105.0,-135.0
2024,09e20a1709bbb242daf2a4ec09a82c4a,2024-08-31T19:30:00Z,Florida Gators,Miami Hurricanes,2024-08-31T17:25:38Z,bovada,Arlis Boardingham,2.5,150.0,-200.0
2024,09e20a1709bbb242daf2a4ec09a82c4a,2024-08-31T19:30:00Z,Florida Gators,Miami Hurricanes,2024-08-31T17:25:38Z,bovada,Elijhah Badger,3.5,120.0,-160.0
2024,09e20a1709bbb242daf2a4ec09a82c4a,2024-08-31T19:30:00Z,Florida Gators,Miami Hurricanes,2024-08-31T17:25:38Z,bovada,Eugene Wilson III,5.5,115.0,-150.0
2024,09e20a1709bbb242daf2a4ec09a82c4a,2024-08-31T19:30:00Z,Florida Gators,Miami Hurricanes,2024-08-31T17:25:38Z,bovada,Xavier Restrepo,6.5,-115.0,-115.0
2024,00d889ceb70c2cf3d372d12d64a789bd,2024-08-31T19:30:00Z,Northwestern Wildcats,Miami (OH) RedHawks,2024-08-31T17:25:38Z,bovada,A.J. Henning,3.5,-135.0,105.0
2024,00d889ceb70c2cf3d372d12d64a789bd,2024-08-31T19:30:00Z,Northwestern Wildcats,Miami (OH) RedHawks,2024-08-31T17:25:38Z,bovada,Bryce Kirtz,3.5,130.0,-170.0
2024,00d889ceb70c2cf3d372d12d64a789bd,2024-08-31T19:30:00Z,Northwestern Wildcats,Miami (OH) RedHawks,2024-08-31T17:25:38Z,bovada,Cam Porter,1.5,-115.0,-115.0
2024,00d889ceb70c2cf3d372d12d64a789bd,2024-08-31T19:30:00Z,Northwestern Wildcats,Miami (OH) RedHawks,2024-08-31T17:25:38Z,bovada,Marshall Lang,1.5,155.0,-210.0
2024,f4939787f295b6d7c82de1c9fdc5df4d,2024-08-31T19:30:00Z,Nebraska Cornhuskers,UTEP Miners,2024-08-31T17:25:38Z,bovada,Isaiah Neyor,2.5,-135.0,105.0
2024,f4939787f295b6d7c82de1c9fdc5df4d,2024-08-31T19:30:00Z,Nebraska Cornhuskers,UTEP Miners,2024-08-31T17:25:38Z,bovada,Jahmal Banks,3.5,-160.0,120.0
2024,f4939787f295b6d7c82de1c9fdc5df4d,2024-08-31T19:30:00Z,Nebraska Cornhuskers,UTEP Miners,2024-08-31T17:25:38Z,bovada,Thomas Fidone II,2.5,105.0,-135.0
2024,a10095d49a03565fbb827f644c498795,2024-08-31T19:30:00Z,Syracuse Orange,Ohio Bobcats,2024-08-31T17:25:38Z,bovada,Trebor Pena,2.5,-110.0,-120.0
2024,a0b7798430eff6ed03c1057a499e9371,2024-08-31T20:15:00Z,South Carolina Gamecocks,Old Dominion Monarchs,2024-08-31T18:10:38Z,bovada,Isiah Paige,4.5,115.0,-150.0
2024,a0b7798430eff6ed03c1057a499e9371,2024-08-31T20:15:00Z,South Carolina Gamecocks,Old Dominion Monarchs,2024-08-31T18:10:38Z,bovada,Jared Brown,4.5,130.0,-170.0
2024,faa057f157528dc6f2d968dabafb238f,2024-08-31T23:00:00Z,Alabama Crimson Tide,Western Kentucky Hilltoppers,2024-08-31T20:55:37Z,bovada,CJ Dippre,2.5,155.0,-210.0
2024,faa057f157528dc6f2d968dabafb238f,2024-08-31T23:00:00Z,Alabama Crimson Tide,Western Kentucky Hilltoppers,2024-08-31T20:55:37Z,bovada,Kobe Prentice,3.5,-110.0,-120.0
2024,3613de1c4f73f6eb1deefd5f82c57bfe,2024-08-31T23:00:00Z,Houston Cougars,UNLV Rebels,2024-08-31T20:55:37Z,bovada,Jacob De Jesus,3.5,-115.0,-115.0
2024,3613de1c4f73f6eb1deefd5f82c57bfe,2024-08-31T23:00:00Z,Houston Cougars,UNLV Rebels,2024-08-31T20:55:37Z,bovada,Joseph Manjack IV,4.5,105.0,-135.0
2024,3613de1c4f73f6eb1deefd5f82c57bfe,2024-08-31T23:00:00Z,Houston Cougars,UNLV Rebels,2024-08-31T20:55:37Z,bovada,Kaleo Ballungay,2.5,135.0,-180.0
2024,3613de1c4f73f6eb1deefd5f82c57bfe,2024-08-31T23:00:00Z,Houston Cougars,UNLV Rebels,2024-08-31T20:55:37Z,bovada,Parker Jenkins,1.5,-165.0,125.0
2024,3613de1c4f73f6eb1deefd5f82c57bfe,2024-08-31T23:00:00Z,Houston Cougars,UNLV Rebels,2024-08-31T20:55:37Z,bovada,Ricky White III,5.5,-125.0,-105.0
2024,3613de1c4f73f6eb1deefd5f82c57bfe,2024-08-31T23:00:00Z,Houston Cougars,UNLV Rebels,2024-08-31T20:55:37Z,bovada,Stephon Johnson,3.5,-160.0,120.0
2024,5d050582601b53b82f047e04138d30b7,2024-08-31T23:30:00Z,Hawaii Rainbow Warriors,UCLA Bruins,2024-08-31T21:25:38Z,bovada,J.Michael Sturdivant,2.5,-185.0,140.0
2024,5d050582601b53b82f047e04138d30b7,2024-08-31T23:30:00Z,Hawaii Rainbow Warriors,UCLA Bruins,2024-08-31T21:25:38Z,bovada,Rico Flores Jr.,3.5,145.0,-190.0
2024,5d050582601b53b82f047e04138d30b7,2024-08-31T23:30:00Z,Hawaii Rainbow Warriors,UCLA Bruins,2024-08-31T21:25:38Z,bovada,Titus Mokiao-Atimalala,3.5,105.0,-135.0
2024,0154080042357cf8dd2cf7f55c132885,2024-08-31T23:30:00Z,Texas A&M Aggies,Notre Dame Fighting Irish,2024-08-31T21:25:38Z,fanduel,Jaden Greathouse,2.5,-176.0,134.0
2024,0154080042357cf8dd2cf7f55c132885,2024-08-31T23:30:00Z,Texas A&M Aggies,Notre Dame Fighting Irish,2024-08-31T21:25:38Z,fanduel,Noah Thomas,3.5,122.0,-160.0
2024,0154080042357cf8dd2cf7f55c132885,2024-08-31T23:30:00Z,Texas A&M Aggies,Notre Dame Fighting Irish,2024-08-31T21:25:38Z,fanduel,Cyrus Allen,3.5,130.0,-170.0
2024,0154080042357cf8dd2cf7f55c132885,2024-08-31T23:30:00Z,Texas A&M Aggies,Notre Dame Fighting Irish,2024-08-31T21:25:38Z,fanduel,Mitchell Evans,2.5,-148.0,114.0
2024,0154080042357cf8dd2cf7f55c132885,2024-08-31T23:30:00Z,Texas A&M Aggies,Notre Dame Fighting Irish,2024-08-31T21:25:38Z,fanduel,Jahdae Walker,3.5,-140.0,108.0
2024,0154080042357cf8dd2cf7f55c132885,2024-08-31T23:30:00Z,Texas A&M Aggies,Notre Dame Fighting Irish,2024-08-31T21:25:38Z,bovada,Cyrus Allen,3.5,130.0,-170.0
2024,0154080042357cf8dd2cf7f55c132885,2024-08-31T23:30:00Z,Texas A&M Aggies,Notre Dame Fighting Irish,2024-08-31T21:25:38Z,bovada,Jahdae Walker,3.5,-130.0,100.0
2024,0154080042357cf8dd2cf7f55c132885,2024-08-31T23:30:00Z,Texas A&M Aggies,Notre Dame Fighting Irish,2024-08-31T21:25:38Z,bovada,Jordan Faison,2.5,-115.0,-115.0
2024,0154080042357cf8dd2cf7f55c132885,2024-08-31T23:30:00Z,Texas A&M Aggies,Notre Dame Fighting Irish,2024-08-31T21:25:38Z,bovada,Kris Mitchell,2.5,-110.0,-120.0
2024,0154080042357cf8dd2cf7f55c132885,2024-08-31T23:30:00Z,Texas A&M Aggies,Notre Dame Fighting Irish,2024-08-31T21:25:38Z,bovada,Mitchell Evans,2.5,-115.0,-115.0
2024,0154080042357cf8dd2cf7f55c132885,2024-08-31T23:30:00Z,Texas A&M Aggies,Notre Dame Fighting Irish,2024-08-31T21:25:38Z,bovada,Noah Thomas,3.5,120.0,-160.0
2024,1e02295cf6d5254bb6ab3b750f53fbfe,2024-09-01T02:30:00Z,Arizona State Sun Devils,Wyoming Cowboys,2024-09-01T00:25:38Z,bovada,Cam Skattebo,1.5,-170.0,130.0
2024,1e02295cf6d5254bb6ab3b750f53fbfe,2024-09-01T02:30:00Z,Arizona State Sun Devils,Wyoming Cowboys,2024-09-01T00:25:38Z,bovada,Jordyn Tyson,3.5,-120.0,-110.0
2024,4809ae007cbc093b93a9ccf0a3585e54,2024-09-01T02:30:00Z,Arizona Wildcats,New Mexico Lobos,2024-09-01T00:25:38Z,bovada,Tetairoa McMillan,7.5,-145.0,110.0
2024,ed94b4cac3505c1011053cc8b9a3fdb5,2024-09-01T23:30:00Z,USC Trojans,LSU Tigers,2024-09-01T21:25:37Z,bovada,CJ Daniels,4.5,110.0,-145.0
2024,ed94b4cac3505c1011053cc8b9a3fdb5,2024-09-01T23:30:00Z,USC Trojans,LSU Tigers,2024-09-01T21:25:37Z,bovada,Kyle Ford,2.5,-115.0,-115.0
2024,ed94b4cac3505c1011053cc8b9a3fdb5,2024-09-01T23:30:00Z,USC Trojans,LSU Tigers,2024-09-01T21:25:37Z,bovada,Kyren Lacy,5.5,-110.0,-120.0
2024,ed94b4cac3505c1011053cc8b9a3fdb5,2024-09-01T23:30:00Z,USC Trojans,LSU Tigers,2024-09-01T21:25:37Z,bovada,Mason Taylor,3.5,-120.0,-110.0
2024,ed94b4cac3505c1011053cc8b9a3fdb5,2024-09-01T23:30:00Z,USC Trojans,LSU Tigers,2024-09-01T21:25:37Z,bovada,Zachariah Branch,4.5,-135.0,105.0
2024,a344144cb2e1ffaf163c7b905f07af53,2024-09-02T23:30:00Z,Florida State Seminoles,Boston College Eagles,2024-09-02T21:25:39Z,fanduel,Lewis Bond,3.5,-138.0,106.0
2024,a344144cb2e1ffaf163c7b905f07af53,2024-09-02T23:30:00Z,Florida State Seminoles,Boston College Eagles,2024-09-02T21:25:39Z,fanduel,Lawrance Toafili,1.5,-156.0,120.0
2024,a344144cb2e1ffaf163c7b905f07af53,2024-09-02T23:30:00Z,Florida State Seminoles,Boston College Eagles,2024-09-02T21:25:39Z,fanduel,Roydell Williams,1.5,112.0,-146.0
2024,a344144cb2e1ffaf163c7b905f07af53,2024-09-02T23:30:00Z,Florida State Seminoles,Boston College Eagles,2024-09-02T21:25:39Z,fanduel,Kyle Morlock,2.5,162.0,-215.0
2024,a344144cb2e1ffaf163c7b905f07af53,2024-09-02T23:30:00Z,Florida State Seminoles,Boston College Eagles,2024-09-02T21:25:39Z,fanduel,Kye Robichaux,1.5,136.0,-178.0
2024,a344144cb2e1ffaf163c7b905f07af53,2024-09-02T23:30:00Z,Florida State Seminoles,Boston College Eagles,2024-09-02T21:25:39Z,fanduel,Ja'Khi Douglas,3.5,154.0,-205.0
2024,a344144cb2e1ffaf163c7b905f07af53,2024-09-02T23:30:00Z,Florida State Seminoles,Boston College Eagles,2024-09-02T21:25:39Z,fanduel,Malik Benson,4.5,136.0,-178.0
2024,a344144cb2e1ffaf163c7b905f07af53,2024-09-02T23:30:00Z,Florida State Seminoles,Boston College Eagles,2024-09-02T21:25:39Z,betrivers,Lewis Bond,4.5,170.0,-225.0
2024,a344144cb2e1ffaf163c7b905f07af53,2024-09-02T23:30:00Z,Florida State Seminoles,Boston College Eagles,2024-09-02T21:25:39Z,betrivers,Lewis Bond,3.5,-132.0,102.0
2024,a344144cb2e1ffaf163c7b905f07af53,2024-09-02T23:30:00Z,Florida State Seminoles,Boston College Eagles,2024-09-02T21:25:39Z,betrivers,Lewis Bond,2.5,-345.0,250.0
2024,a344144cb2e1ffaf163c7b905f07af53,2024-09-02T23:30:00Z,Florida State Seminoles,Boston College Eagles,2024-09-02T21:25:39Z,betrivers,Ja'Khi Douglas,2.5,-162.0,123.0
2024,a344144cb2e1ffaf163c7b905f07af53,2024-09-02T23:30:00Z,Florida State Seminoles,Boston College Eagles,2024-09-02T21:25:39Z,betrivers,Ja'Khi Douglas,3.5,160.0,-215.0
2024,a344144cb2e1ffaf163c7b905f07af53,2024-09-02T23:30:00Z,Florida State Seminoles,Boston College Eagles,2024-09-02T21:25:39Z,betrivers,Malik Benson,4.5,135.0,-180.0
2024,a344144cb2e1ffaf163c7b905f07af53,2024-09-02T23:30:00Z,Florida State Seminoles,Boston College Eagles,2024-09-02T21:25:39Z,betrivers,Malik Benson,5.5,285.0,-400.0
2024,a344144cb2e1ffaf163c7b905f07af53,2024-09-02T23:30:00Z,Florida State Seminoles,Boston College Eagles,2024-09-02T21:25:39Z,betrivers,Malik Benson,3.5,-167.0,128.0
2024,400a49032b18768874421ec72ac3be3a,2024-09-06T23:00:00Z,SMU Mustangs,BYU Cougars,2024-09-06T20:55:38Z,bovada,Chase Roberts,3.5,-125.0,-105.0
2024,400a49032b18768874421ec72ac3be3a,2024-09-06T23:00:00Z,SMU Mustangs,BYU Cougars,2024-09-06T20:55:38Z,bovada,Darius Lassiter,3.5,125.0,-165.0
2024,400a49032b18768874421ec72ac3be3a,2024-09-06T23:00:00Z,SMU Mustangs,BYU Cougars,2024-09-06T20:55:38Z,bovada,Jake Bailey,3.5,120.0,-160.0
2024,400a49032b18768874421ec72ac3be3a,2024-09-06T23:00:00Z,SMU Mustangs,BYU Cougars,2024-09-06T20:55:38Z,bovada,Kody Epps,3.5,135.0,-180.0
2024,400a49032b18768874421ec72ac3be3a,2024-09-06T23:00:00Z,SMU Mustangs,BYU Cougars,2024-09-06T20:55:38Z,bovada,RJ Maryland,3.5,-145.0,110.0
2024,400a49032b18768874421ec72ac3be3a,2024-09-06T23:00:00Z,SMU Mustangs,BYU Cougars,2024-09-06T20:55:38Z,bovada,Romello Brinson,2.5,110.0,-145.0
2024,0c96888505ac1aad514c566f45e316ce,2024-09-07T01:00:00Z,Northwestern Wildcats,Duke Blue Devils,2024-09-06T22:55:38Z,bovada,A.J. Henning,4.5,110.0,-145.0
2024,0c96888505ac1aad514c566f45e316ce,2024-09-07T01:00:00Z,Northwestern Wildcats,Duke Blue Devils,2024-09-06T22:55:38Z,bovada,Bryce Kirtz,3.5,-115.0,-115.0
2024,0c96888505ac1aad514c566f45e316ce,2024-09-07T01:00:00Z,Northwestern Wildcats,Duke Blue Devils,2024-09-06T22:55:38Z,bovada,Cam Porter,1.5,-110.0,-120.0
2024,fa1859a14a67bde250d18569371d0a19,2024-09-07T16:00:00Z,Oklahoma State Cowboys,Arkansas Razorbacks,2024-09-07T13:55:38Z,bovada,Brennan Presley,6.5,-145.0,110.0
2024,fa1859a14a67bde250d18569371d0a19,2024-09-07T16:00:00Z,Oklahoma State Cowboys,Arkansas Razorbacks,2024-09-07T13:55:38Z,bovada,De'Zhaun Stribling,4.5,-115.0,-115.0
2024,fa1859a14a67bde250d18569371d0a19,2024-09-07T16:00:00Z,Oklahoma State Cowboys,Arkansas Razorbacks,2024-09-07T13:55:38Z,bovada,Ja'Quinden Jackson,1.5,-115.0,-115.0
2024,fa1859a14a67bde250d18569371d0a19,2024-09-07T16:00:00Z,Oklahoma State Cowboys,Arkansas Razorbacks,2024-09-07T13:55:38Z,bovada,Ollie Gordon II,2.5,-160.0,120.0
2024,fa1859a14a67bde250d18569371d0a19,2024-09-07T16:00:00Z,Oklahoma State Cowboys,Arkansas Razorbacks,2024-09-07T13:55:38Z,bovada,Rashod Owens,4.5,-115.0,-115.0
2024,fa1859a14a67bde250d18569371d0a19,2024-09-07T16:00:00Z,Oklahoma State Cowboys,Arkansas Razorbacks,2024-09-07T13:55:38Z,bovada,Tyrone Broden,2.5,130.0,-170.0
2024,71ef08093c5ff042341cc3f774315d33,2024-09-07T16:00:00Z,Cincinnati Bearcats,Pittsburgh Panthers,2024-09-07T13:55:38Z,bovada,Xzavier Henderson,5.5,125.0,-165.0
2024,881fce0b9a79055748756d237e12485b,2024-09-07T16:00:00Z,Syracuse Orange,Georgia Tech Yellow Jackets,2024-09-07T13:55:38Z,bovada,Eric Singleton Jr,3.5,-110.0,-120.0
2024,881fce0b9a79055748756d237e12485b,2024-09-07T16:00:00Z,Syracuse Orange,Georgia Tech Yellow Jackets,2024-09-07T13:55:38Z,bovada,LeQuint Allen,2.5,-110.0,-120.0
2024,881fce0b9a79055748756d237e12485b,2024-09-07T16:00:00Z,Syracuse Orange,Georgia Tech Yellow Jackets,2024-09-07T13:55:38Z,bovada,Malik Rutherford,4.5,105.0,-135.0
2024,881fce0b9a79055748756d237e12485b,2024-09-07T16:00:00Z,Syracuse Orange,Georgia Tech Yellow Jackets,2024-09-07T13:55:38Z,bovada,Oronde Gadsden II,6.5,-105.0,-125.0
2024,881fce0b9a79055748756d237e12485b,2024-09-07T16:00:00Z,Syracuse Orange,Georgia Tech Yellow Jackets,2024-09-07T13:55:38Z,bovada,Trebor Pena,3.5,-115.0,-115.0
2024,881fce0b9a79055748756d237e12485b,2024-09-07T16:00:00Z,Syracuse Orange,Georgia Tech Yellow Jackets,2024-09-07T13:55:38Z,bovada,Zeed Haynes,2.5,-185.0,140.0
2024,0540b3e034dd80286051cf9d535554ec,2024-09-07T16:00:00Z,Tulane Green Wave,Kansas State Wildcats,2024-09-07T13:55:38Z,bovada,Alex Bauman,2.5,115.0,-150.0
2024,0540b3e034dd80286051cf9d535554ec,2024-09-07T16:00:00Z,Tulane Green Wave,Kansas State Wildcats,2024-09-07T13:55:38Z,bovada,DJ Giddens,2.5,125.0,-165.0
2024,0540b3e034dd80286051cf9d535554ec,2024-09-07T16:00:00Z,Tulane Green Wave,Kansas State Wildcats,2024-09-07T13:55:38Z,bovada,Garrett Oakley,1.5,-115.0,-115.0
2024,0540b3e034dd80286051cf9d535554ec,2024-09-07T16:00:00Z,Tulane Green Wave,Kansas State Wildcats,2024-09-07T13:55:38Z,bovada,Jayce Brown,3.5,-160.0,120.0
2024,0540b3e034dd80286051cf9d535554ec,2024-09-07T16:00:00Z,Tulane Green Wave,Kansas State Wildcats,2024-09-07T13:55:38Z,bovada,Keagan Johnson,1.5,-200.0,150.0
2024,8e3045f419101edb642054549768ac67,2024-09-07T16:00:00Z,Michigan Wolverines,Texas Longhorns,2024-09-07T13:55:38Z,fanduel,Donovan Edwards,2.5,112.0,-146.0
2024,8e3045f419101edb642054549768ac67,2024-09-07T16:00:00Z,Michigan Wolverines,Texas Longhorns,2024-09-07T13:55:38Z,fanduel,Colston Loveland,4.5,122.0,-160.0
2024,8e3045f419101edb642054549768ac67,2024-09-07T16:00:00Z,Michigan Wolverines,Texas Longhorns,2024-09-07T13:55:38Z,fanduel,Tyler Morris,2.5,126.0,-165.0
2024,8e3045f419101edb642054549768ac67,2024-09-07T16:00:00Z,Michigan Wolverines,Texas Longhorns,2024-09-07T13:55:38Z,bovada,Colston Loveland,3.5,-120.0,-110.0
2024,8e3045f419101edb642054549768ac67,2024-09-07T16:00:00Z,Michigan Wolverines,Texas Longhorns,2024-09-07T13:55:38Z,bovada,Gunnar Helm,1.5,-160.0,120.0
2024,8e3045f419101edb642054549768ac67,2024-09-07T16:00:00Z,Michigan Wolverines,Texas Longhorns,2024-09-07T13:55:38Z,bovada,Isaiah Bond,4.5,100.0,-130.0
2024,8e3045f419101edb642054549768ac67,2024-09-07T16:00:00Z,Michigan Wolverines,Texas Longhorns,2024-09-07T13:55:38Z,bovada,Jaydon Blue,2.5,-130.0,100.0
2024,8e3045f419101edb642054549768ac67,2024-09-07T16:00:00Z,Michigan Wolverines,Texas Longhorns,2024-09-07T13:55:38Z,bovada,Matthew Golden,2.5,-125.0,-105.0
2024,8e3045f419101edb642054549768ac67,2024-09-07T16:00:00Z,Michigan Wolverines,Texas Longhorns,2024-09-07T13:55:38Z,bovada,Semaj Morgan,2.5,-115.0,-115.0
2024,8e3045f419101edb642054549768ac67,2024-09-07T16:00:00Z,Michigan Wolverines,Texas Longhorns,2024-09-07T13:55:38Z,bovada,Silas Bolden,1.5,-170.0,130.0
2024,8e3045f419101edb642054549768ac67,2024-09-07T16:00:00Z,Michigan Wolverines,Texas Longhorns,2024-09-07T13:55:38Z,bovada,Tyler Morris,2.5,155.0,-210.0
2024,39645286b873cd6d92106d2766b91b82,2024-09-07T19:30:00Z,Auburn Tigers,California Golden Bears,2024-09-07T17:25:38Z,bovada,Cam Coleman,2.5,-150.0,115.0
2024,39645286b873cd6d92106d2766b91b82,2024-09-07T19:30:00Z,Auburn Tigers,California Golden Bears,2024-09-07T17:25:38Z,bovada,Jarquez Hunter,1.5,100.0,-130.0
2024,39645286b873cd6d92106d2766b91b82,2024-09-07T19:30:00Z,Auburn Tigers,California Golden Bears,2024-09-07T17:25:38Z,bovada,KeAndre Lambert-Smith,2.5,-105.0,-125.0
2024,39645286b873cd6d92106d2766b91b82,2024-09-07T19:30:00Z,Auburn Tigers,California Golden Bears,2024-09-07T17:25:38Z,bovada,Rivaldo Fairweather,2.5,-130.0,100.0
2024,ac40d4dd3d6f472769ce1a6136cbacc9,2024-09-07T19:30:00Z,North Carolina Tar Heels,Charlotte 49ers,2024-09-07T17:25:38Z,bovada,Bryson Nesbit,1.5,-160.0,120.0
2024,ac40d4dd3d6f472769ce1a6136cbacc9,2024-09-07T19:30:00Z,North Carolina Tar Heels,Charlotte 49ers,2024-09-07T17:25:38Z,bovada,J.J. Jones,3.5,135.0,-180.0
2024,ac40d4dd3d6f472769ce1a6136cbacc9,2024-09-07T19:30:00Z,North Carolina Tar Heels,Charlotte 49ers,2024-09-07T17:25:38Z,bovada,Nate McCollum,2.5,-115.0,-115.0
2024,2f856f64f32add975208b5cc7ca48245,2024-09-07T19:30:00Z,Iowa Hawkeyes,Iowa State Cyclones,2024-09-07T17:25:38Z,bovada,Jayden Higgins,3.5,-160.0,120.0
2024,2f856f64f32add975208b5cc7ca48245,2024-09-07T19:30:00Z,Iowa Hawkeyes,Iowa State Cyclones,2024-09-07T17:25:38Z,bovada,Jaylin Noel,4.5,120.0,-160.0
2024,2f856f64f32add975208b5cc7ca48245,2024-09-07T19:30:00Z,Iowa Hawkeyes,Iowa State Cyclones,2024-09-07T17:25:38Z,bovada,Kaleb Brown,2.5,-115.0,-115.0
2024,2f856f64f32add975208b5cc7ca48245,2024-09-07T19:30:00Z,Iowa Hawkeyes,Iowa State Cyclones,2024-09-07T17:25:38Z,bovada,Luke Lachey,4.5,110.0,-145.0
2024,2f856f64f32add975208b5cc7ca48245,2024-09-07T19:30:00Z,Iowa Hawkeyes,Iowa State Cyclones,2024-09-07T17:25:38Z,bovada,Reece Vander Zee,2.5,-115.0,-115.0
2024,369c11a55cbc49648c46f710c16e1a77,2024-09-07T19:30:00Z,Kentucky Wildcats,South Carolina Gamecocks,2024-09-07T17:25:38Z,bovada,Barion Brown,3.5,125.0,-165.0
2024,369c11a55cbc49648c46f710c16e1a77,2024-09-07T19:30:00Z,Kentucky Wildcats,South Carolina Gamecocks,2024-09-07T17:25:38Z,bovada,Dane Key,3.5,-115.0,-115.0
2024,369c11a55cbc49648c46f710c16e1a77,2024-09-07T19:30:00Z,Kentucky Wildcats,South Carolina Gamecocks,2024-09-07T17:25:38Z,bovada,Ja'Mori Maclin,3.5,-120.0,-110.0
2024,369c11a55cbc49648c46f710c16e1a77,2024-09-07T19:30:00Z,Kentucky Wildcats,South Carolina Gamecocks,2024-09-07T17:25:38Z,bovada,Joshua Simon,2.5,145.0,-190.0
2024,2083e67b9c0b904e875308cb332c3e57,2024-09-07T19:30:00Z,Notre Dame Fighting Irish,Northern Illinois Huskies,2024-09-07T17:25:38Z,bovada,Beaux Collins,3.5,-130.0,100.0
2024,2083e67b9c0b904e875308cb332c3e57,2024-09-07T19:30:00Z,Notre Dame Fighting Irish,Northern Illinois Huskies,2024-09-07T17:25:38Z,bovada,Jaden Greathouse,2.5,-120.0,-110.0
2024,6a196c92442d8900e2e7272dad3f4bf3,2024-09-07T20:15:00Z,Ole Miss Rebels,Middle Tennessee Blue Raiders,2024-09-07T18:10:38Z,bovada,Caden Prieskorn,3.5,-120.0,-110.0
2024,713a99fcffbeec38d13d871ca6ef79d6,2024-09-07T23:00:00Z,Illinois Fighting Illini,Kansas Jayhawks,2024-09-07T20:55:38Z,bovada,Devin Neal,1.5,140.0,-185.0
2024,713a99fcffbeec38d13d871ca6ef79d6,2024-09-07T23:00:00Z,Illinois Fighting Illini,Kansas Jayhawks,2024-09-07T20:55:38Z,bovada,Kaden Feagin,1.5,-165.0,125.0
2024,713a99fcffbeec38d13d871ca6ef79d6,2024-09-07T23:00:00Z,Illinois Fighting Illini,Kansas Jayhawks,2024-09-07T20:55:38Z,bovada,Pat Bryant,4.5,-115.0,-115.0
2024,713a99fcffbeec38d13d871ca6ef79d6,2024-09-07T23:00:00Z,Illinois Fighting Illini,Kansas Jayhawks,2024-09-07T20:55:38Z,bovada,Zakhari Franklin,3.5,-110.0,-120.0
2024,e13832e246d44f980ab00fa4ddfcff50,2024-09-07T23:00:00Z,Wake Forest Demon Deacons,Virginia Cavaliers,2024-09-07T20:55:38Z,bovada,Malachi Fields,4.5,-160.0,120.0
2024,e13832e246d44f980ab00fa4ddfcff50,2024-09-07T23:00:00Z,Wake Forest Demon Deacons,Virginia Cavaliers,2024-09-07T20:55:38Z,bovada,Taylor Morin,5.5,-145.0,110.0
2024,e811a42e7ec501ef88f3727e4055fe76,2024-09-07T23:30:00Z,Nebraska Cornhuskers,Colorado Buffaloes,2024-09-07T21:25:38Z,fanduel,Will Sheppard,3.5,-120.0,-108.0
2024,e811a42e7ec501ef88f3727e4055fe76,2024-09-07T23:30:00Z,Nebraska Cornhuskers,Colorado Buffaloes,2024-09-07T21:25:38Z,fanduel,Travis Hunter,6.5,102.0,-132.0
2024,e811a42e7ec501ef88f3727e4055fe76,2024-09-07T23:30:00Z,Nebraska Cornhuskers,Colorado Buffaloes,2024-09-07T21:25:38Z,fanduel,Jimmy Horn Jr.,6.5,116.0,-152.0
2024,e811a42e7ec501ef88f3727e4055fe76,2024-09-07T23:30:00Z,Nebraska Cornhuskers,Colorado Buffaloes,2024-09-07T21:25:38Z,fanduel,LaJohntay Wester,5.5,-114.0,-114.0
2024,e811a42e7ec501ef88f3727e4055fe76,2024-09-07T23:30:00Z,Nebraska Cornhuskers,Colorado Buffaloes,2024-09-07T21:25:38Z,bovada,Isaiah Neyor,3.5,-130.0,100.0
2024,e811a42e7ec501ef88f3727e4055fe76,2024-09-07T23:30:00Z,Nebraska Cornhuskers,Colorado Buffaloes,2024-09-07T21:25:38Z,bovada,Jahmal Banks,3.5,-125.0,-105.0
2024,e811a42e7ec501ef88f3727e4055fe76,2024-09-07T23:30:00Z,Nebraska Cornhuskers,Colorado Buffaloes,2024-09-07T21:25:38Z,bovada,Janiran Bonner,1.5,-165.0,125.0
2024,e811a42e7ec501ef88f3727e4055fe76,2024-09-07T23:30:00Z,Nebraska Cornhuskers,Colorado Buffaloes,2024-09-07T21:25:38Z,bovada,Jimmy Horn Jr.,5.5,-115.0,-115.0
2024,e811a42e7ec501ef88f3727e4055fe76,2024-09-07T23:30:00Z,Nebraska Cornhuskers,Colorado Buffaloes,2024-09-07T21:25:38Z,bovada,LaJohntay Wester,5.5,-120.0,-110.0
2024,5fb50081beafd71ef63db91284c85276,2024-09-07T23:30:00Z,NC State Wolfpack,Tennessee Volunteers,2024-09-07T21:25:38Z,fanduel,Kevin Concepcion,6.5,108.0,-140.0
2024,5fb50081beafd71ef63db91284c85276,2024-09-07T23:30:00Z,NC State Wolfpack,Tennessee Volunteers,2024-09-07T21:25:38Z,fanduel,Bru McCoy,3.5,-108.0,-120.0
2024,5fb50081beafd71ef63db91284c85276,2024-09-07T23:30:00Z,NC State Wolfpack,Tennessee Volunteers,2024-09-07T21:25:38Z,fanduel,Squirrel White,4.5,102.0,-132.0
2024,5fb50081beafd71ef63db91284c85276,2024-09-07T23:30:00Z,NC State Wolfpack,Tennessee Volunteers,2024-09-07T21:25:38Z,bovada,Bru McCoy,2.5,-180.0,135.0
2024,5fb50081beafd71ef63db91284c85276,2024-09-07T23:30:00Z,NC State Wolfpack,Tennessee Volunteers,2024-09-07T21:25:38Z,bovada,Chris Brazzell II,3.5,-115.0,-115.0
2024,5fb50081beafd71ef63db91284c85276,2024-09-07T23:30:00Z,NC State Wolfpack,Tennessee Volunteers,2024-09-07T21:25:38Z,bovada,Kevin Concepcion,5.5,-125.0,-105.0
2024,5fb50081beafd71ef63db91284c85276,2024-09-07T23:30:00Z,NC State Wolfpack,Tennessee Volunteers,2024-09-07T21:25:38Z,bovada,Squirrel White,4.5,125.0,-165.0
2024,d4f892127cab87ffa4af340c32891c7e,2024-09-07T23:30:00Z,Ohio State Buckeyes,Western Michigan Broncos,2024-09-07T21:25:38Z,bovada,Emeka Egbuka,4.5,-125.0,-105.0
2024,d4f892127cab87ffa4af340c32891c7e,2024-09-07T23:30:00Z,Ohio State Buckeyes,Western Michigan Broncos,2024-09-07T21:25:38Z,bovada,Jeremiah Smith,4.5,-115.0,-115.0
2024,1b2f1c377451283a06df57d552353a77,2024-09-07T23:45:00Z,Oklahoma Sooners,Houston Cougars,2024-09-07T21:40:38Z,bovada,Brenen Thompson,3.5,135.0,-180.0
2024,1b2f1c377451283a06df57d552353a77,2024-09-07T23:45:00Z,Oklahoma Sooners,Houston Cougars,2024-09-07T21:40:38Z,bovada,Deion Burks,4.5,-115.0,-115.0
2024,1b2f1c377451283a06df57d552353a77,2024-09-07T23:45:00Z,Oklahoma Sooners,Houston Cougars,2024-09-07T21:40:38Z,bovada,Gavin Sawchuk,1.5,105.0,-135.0
2024,fe9e41d4df9e3508b350a256ae4343d1,2024-09-08T00:00:00Z,Clemson Tigers,Appalachian State Mountaineers,2024-09-07T21:55:38Z,bovada,Antonio Williams,4.5,-125.0,-105.0
2024,fe9e41d4df9e3508b350a256ae4343d1,2024-09-08T00:00:00Z,Clemson Tigers,Appalachian State Mountaineers,2024-09-07T21:55:38Z,bovada,Jake Briningstool,3.5,115.0,-150.0
2024,fe9e41d4df9e3508b350a256ae4343d1,2024-09-08T00:00:00Z,Clemson Tigers,Appalachian State Mountaineers,2024-09-07T21:55:38Z,bovada,Tyler Brown,3.5,-115.0,-115.0
2024,2ab94419fda80293dac710f50c42ca36,2024-09-08T02:00:00Z,Oregon Ducks,Boise State Broncos,2024-09-07T23:55:38Z,bovada,Evan Stewart,3.5,-115.0,-115.0
2024,2ab94419fda80293dac710f50c42ca36,2024-09-08T02:00:00Z,Oregon Ducks,Boise State Broncos,2024-09-07T23:55:38Z,bovada,Terrance Ferguson,2.5,-170.0,130.0
2024,2ab94419fda80293dac710f50c42ca36,2024-09-08T02:00:00Z,Oregon Ducks,Boise State Broncos,2024-09-07T23:55:38Z,bovada,Tez Johnson,6.5,-150.0,115.0
2024,6171220b7c80602d65dec2fef0c0d0d5,2024-09-08T02:00:00Z,Washington State Cougars,Texas Tech Red Raiders,2024-09-07T23:55:38Z,bovada,Kris Hutson,5.5,110.0,-145.0
2024,6171220b7c80602d65dec2fef0c0d0d5,2024-09-08T02:00:00Z,Washington State Cougars,Texas Tech Red Raiders,2024-09-07T23:55:38Z,bovada,Kyle Williams,6.5,105.0,-135.0
2024,5f6a373e322caf11066cfcc8fddea5b2,2024-09-08T02:30:00Z,Arizona State Sun Devils,Mississippi State Bulldogs,2024-09-08T00:25:38Z,bovada,Jordan Mosley,3.5,100.0,-130.0
2024,5f6a373e322caf11066cfcc8fddea5b2,2024-09-08T02:30:00Z,Arizona State Sun Devils,Mississippi State Bulldogs,2024-09-08T00:25:38Z,bovada,Jordyn Tyson,3.5,110.0,-145.0
2024,5f6a373e322caf11066cfcc8fddea5b2,2024-09-08T02:30:00Z,Arizona State Sun Devils,Mississippi State Bulldogs,2024-09-08T00:25:38Z,bovada,Kevin Coleman,3.5,-130.0,100.0
2024,5f6a373e322caf11066cfcc8fddea5b2,2024-09-08T02:30:00Z,Arizona State Sun Devils,Mississippi State Bulldogs,2024-09-08T00:25:38Z,bovada,Seydou Traore,2.5,-145.0,110.0
2024,ca06dff474b58a9341bba1aff7fa3f8f,2024-09-12T23:30:00Z,Texas State Bobcats,Arizona State Sun Devils,2024-09-12T21:25:39Z,bovada,Cam Skattebo,2.5,110.0,-145.0
2024,ca06dff474b58a9341bba1aff7fa3f8f,2024-09-12T23:30:00Z,Texas State Bobcats,Arizona State Sun Devils,2024-09-12T21:25:39Z,bovada,Jordyn Tyson,3.5,-115.0,-115.0
2024,737ede87453abc6c47fa9e8847994ee5,2024-09-13T23:00:00Z,Kansas Jayhawks,UNLV Rebels,2024-09-13T20:55:39Z,fanduel,Luke Grimm,4.5,-156.0,120.0
2024,737ede87453abc6c47fa9e8847994ee5,2024-09-13T23:00:00Z,Kansas Jayhawks,UNLV Rebels,2024-09-13T20:55:39Z,fanduel,Ricky White III,5.5,116.0,-152.0
2024,737ede87453abc6c47fa9e8847994ee5,2024-09-13T23:00:00Z,Kansas Jayhawks,UNLV Rebels,2024-09-13T20:55:39Z,fanduel,Lawrence Arnold,3.5,116.0,-152.0
2024,737ede87453abc6c47fa9e8847994ee5,2024-09-13T23:00:00Z,Kansas Jayhawks,UNLV Rebels,2024-09-13T20:55:39Z,fanduel,Quentin Skinner,2.5,-176.0,134.0
2024,737ede87453abc6c47fa9e8847994ee5,2024-09-13T23:00:00Z,Kansas Jayhawks,UNLV Rebels,2024-09-13T20:55:39Z,bovada,Lawrence Arnold,3.5,-115.0,-115.0
2024,737ede87453abc6c47fa9e8847994ee5,2024-09-13T23:00:00Z,Kansas Jayhawks,UNLV Rebels,2024-09-13T20:55:39Z,bovada,Luke Grimm,5.5,120.0,-160.0
2024,737ede87453abc6c47fa9e8847994ee5,2024-09-13T23:00:00Z,Kansas Jayhawks,UNLV Rebels,2024-09-13T20:55:39Z,bovada,Quentin Skinner,3.5,110.0,-145.0
2024,737ede87453abc6c47fa9e8847994ee5,2024-09-13T23:00:00Z,Kansas Jayhawks,UNLV Rebels,2024-09-13T20:55:39Z,bovada,Ricky White III,4.5,-160.0,120.0
2024,4e3ef83970208d9b5a2d8dd1113ce5fe,2024-09-14T00:00:00Z,Kansas State Wildcats,Arizona Wildcats,2024-09-13T21:55:39Z,fanduel,DJ Giddens,2.5,-128.0,-102.0
2024,4e3ef83970208d9b5a2d8dd1113ce5fe,2024-09-14T00:00:00Z,Kansas State Wildcats,Arizona Wildcats,2024-09-13T21:55:39Z,fanduel,Jayce Brown,3.5,-128.0,-102.0
2024,4e3ef83970208d9b5a2d8dd1113ce5fe,2024-09-14T00:00:00Z,Kansas State Wildcats,Arizona Wildcats,2024-09-13T21:55:39Z,fanduel,Quali Conley,2.5,-160.0,122.0
2024,4e3ef83970208d9b5a2d8dd1113ce5fe,2024-09-14T00:00:00Z,Kansas State Wildcats,Arizona Wildcats,2024-09-13T21:55:39Z,fanduel,Tetairoa McMillan,6.5,108.0,-140.0
2024,4e3ef83970208d9b5a2d8dd1113ce5fe,2024-09-14T00:00:00Z,Kansas State Wildcats,Arizona Wildcats,2024-09-13T21:55:39Z,bovada,DJ Giddens,2.5,-120.0,-110.0
2024,4e3ef83970208d9b5a2d8dd1113ce5fe,2024-09-14T00:00:00Z,Kansas State Wildcats,Arizona Wildcats,2024-09-13T21:55:39Z,bovada,Jayce Brown,3.5,-150.0,115.0
2024,4e3ef83970208d9b5a2d8dd1113ce5fe,2024-09-14T00:00:00Z,Kansas State Wildcats,Arizona Wildcats,2024-09-13T21:55:39Z,bovada,Quali Conley,2.5,-180.0,135.0
2024,4e3ef83970208d9b5a2d8dd1113ce5fe,2024-09-14T00:00:00Z,Kansas State Wildcats,Arizona Wildcats,2024-09-13T21:55:39Z,bovada,Tetairoa McMillan,6.5,100.0,-130.0
2024,4e3ef83970208d9b5a2d8dd1113ce5fe,2024-09-14T00:00:00Z,Kansas State Wildcats,Arizona Wildcats,2024-09-13T21:55:39Z,betrivers,DJ Giddens,3.5,205.0,-335.0
2024,4e3ef83970208d9b5a2d8dd1113ce5fe,2024-09-14T00:00:00Z,Kansas State Wildcats,Arizona Wildcats,2024-09-13T21:55:39Z,betrivers,DJ Giddens,2.5,-130.0,-115.0
2024,4e3ef83970208d9b5a2d8dd1113ce5fe,2024-09-14T00:00:00Z,Kansas State Wildcats,Arizona Wildcats,2024-09-13T21:55:39Z,betrivers,DJ Giddens,1.5,-480.0,265.0
2024,c5989c3e62b33845bd7e6120a1480575,2024-09-14T15:59:00Z,Wisconsin Badgers,Alabama Crimson Tide,2024-09-14T13:55:39Z,fanduel,Germie Bernard,3.5,-114.0,-114.0
2024,c5989c3e62b33845bd7e6120a1480575,2024-09-14T15:59:00Z,Wisconsin Badgers,Alabama Crimson Tide,2024-09-14T13:55:39Z,fanduel,Will Pauling,4.5,-128.0,-102.0
2024,c5989c3e62b33845bd7e6120a1480575,2024-09-14T15:59:00Z,Wisconsin Badgers,Alabama Crimson Tide,2024-09-14T13:55:39Z,fanduel,Bryson Green,2.5,-128.0,-102.0
2024,c5989c3e62b33845bd7e6120a1480575,2024-09-14T15:59:00Z,Wisconsin Badgers,Alabama Crimson Tide,2024-09-14T13:55:39Z,fanduel,Kobe Prentice,2.5,108.0,-140.0
2024,c5989c3e62b33845bd7e6120a1480575,2024-09-14T15:59:00Z,Wisconsin Badgers,Alabama Crimson Tide,2024-09-14T13:55:39Z,bovada,Germie Bernard,3.5,-120.0,-110.0
2024,c5989c3e62b33845bd7e6120a1480575,2024-09-14T15:59:00Z,Wisconsin Badgers,Alabama Crimson Tide,2024-09-14T13:55:39Z,bovada,Kobe Prentice,2.5,125.0,-165.0
2024,c5989c3e62b33845bd7e6120a1480575,2024-09-14T15:59:00Z,Wisconsin Badgers,Alabama Crimson Tide,2024-09-14T13:55:39Z,bovada,Ryan Williams,3.5,-170.0,130.0
2024,c5989c3e62b33845bd7e6120a1480575,2024-09-14T15:59:00Z,Wisconsin Badgers,Alabama Crimson Tide,2024-09-14T13:55:39Z,bovada,Will Pauling,3.5,-150.0,115.0
2024,c5989c3e62b33845bd7e6120a1480575,2024-09-14T15:59:00Z,Wisconsin Badgers,Alabama Crimson Tide,2024-09-14T13:55:39Z,betrivers,Bryson Green,2.5,-159.0,106.0
2024,c5989c3e62b33845bd7e6120a1480575,2024-09-14T15:59:00Z,Wisconsin Badgers,Alabama Crimson Tide,2024-09-14T13:55:39Z,betrivers,Bryson Green,3.5,170.0,-275.0
2024,4219f417bdd7f4b3f82bd3ab47c211a3,2024-09-14T16:00:00Z,Michigan Wolverines,Arkansas State Red Wolves,2024-09-14T13:55:39Z,bovada,Colston Loveland,3.5,-170.0,130.0
2024,4219f417bdd7f4b3f82bd3ab47c211a3,2024-09-14T16:00:00Z,Michigan Wolverines,Arkansas State Red Wolves,2024-09-14T13:55:39Z,bovada,Semaj Morgan,2.5,-180.0,135.0
2024,4219f417bdd7f4b3f82bd3ab47c211a3,2024-09-14T16:00:00Z,Michigan Wolverines,Arkansas State Red Wolves,2024-09-14T13:55:39Z,bovada,Tyler Morris,2.5,-115.0,-115.0
2024,0e308fd9693543b22bd36077d8aa75d8,2024-09-14T16:00:00Z,Illinois Fighting Illini,Central Michigan Chippewas,2024-09-14T13:55:39Z,bovada,Kaden Feagin,1.5,150.0,-200.0
2024,0e308fd9693543b22bd36077d8aa75d8,2024-09-14T16:00:00Z,Illinois Fighting Illini,Central Michigan Chippewas,2024-09-14T13:55:39Z,bovada,Pat Bryant,4.5,105.0,-135.0
2024,0e308fd9693543b22bd36077d8aa75d8,2024-09-14T16:00:00Z,Illinois Fighting Illini,Central Michigan Chippewas,2024-09-14T13:55:39Z,bovada,Zakhari Franklin,3.5,-115.0,-115.0
2024,8576a104af8ad640a3e8f0c0724c8ffa,2024-09-14T16:00:00Z,Miami (OH) RedHawks,Cincinnati Bearcats,2024-09-14T13:55:39Z,bovada,Cade McDonald,4.5,110.0,-145.0
2024,8576a104af8ad640a3e8f0c0724c8ffa,2024-09-14T16:00:00Z,Miami (OH) RedHawks,Cincinnati Bearcats,2024-09-14T13:55:39Z,bovada,Xzavier Henderson,4.5,-150.0,115.0
2024,13fbcedec841ad34d14e111f7bc0b70d,2024-09-14T16:00:00Z,Florida State Seminoles,Memphis Tigers,2024-09-14T13:55:39Z,bovada,Demeer Blankumsee,3.5,-145.0,110.0
2024,13fbcedec841ad34d14e111f7bc0b70d,2024-09-14T16:00:00Z,Florida State Seminoles,Memphis Tigers,2024-09-14T13:55:39Z,bovada,Ja'Khi Douglas,3.5,-120.0,-110.0
2024,13fbcedec841ad34d14e111f7bc0b70d,2024-09-14T16:00:00Z,Florida State Seminoles,Memphis Tigers,2024-09-14T13:55:39Z,bovada,Malik Benson,3.5,105.0,-135.0
2024,13fbcedec841ad34d14e111f7bc0b70d,2024-09-14T16:00:00Z,Florida State Seminoles,Memphis Tigers,2024-09-14T13:55:39Z,bovada,Roc Taylor,4.5,-135.0,105.0
2024,72cc593efe27fd744150916ff4d25540,2024-09-14T16:00:00Z,South Carolina Gamecocks,LSU Tigers,2024-09-14T13:55:39Z,bovada,Jared Brown,3.5,-115.0,-115.0
2024,72cc593efe27fd744150916ff4d25540,2024-09-14T16:00:00Z,South Carolina Gamecocks,LSU Tigers,2024-09-14T13:55:39Z,bovada,Kyren Lacy,5.5,120.0,-160.0
2024,4515a35e01480c91ec20a899578df8c1,2024-09-14T16:00:00Z,NC State Wolfpack,Louisiana Tech Bulldogs,2024-09-14T13:55:39Z,bovada,Kevin Concepcion,5.5,-125.0,-105.0
2024,6f83307e1b98d8d73a1f0be00ffb333d,2024-09-14T16:00:00Z,Tulsa Golden Hurricane,Oklahoma State Cowboys,2024-09-14T13:55:39Z,bovada,Brennan Presley,7.5,-115.0,-115.0
2024,6f83307e1b98d8d73a1f0be00ffb333d,2024-09-14T16:00:00Z,Tulsa Golden Hurricane,Oklahoma State Cowboys,2024-09-14T13:55:39Z,bovada,Ollie Gordon II,2.5,150.0,-200.0
2024,07ab58f371ba387610afbb3dc669ef52,2024-09-14T16:45:00Z,Missouri Tigers,Boston College Eagles,2024-09-14T14:40:38Z,bovada,Luther Burden III,4.5,-130.0,100.0
2024,07ab58f371ba387610afbb3dc669ef52,2024-09-14T16:45:00Z,Missouri Tigers,Boston College Eagles,2024-09-14T14:40:38Z,bovada,Mookie Cooper,2.5,-150.0,115.0
2024,07ab58f371ba387610afbb3dc669ef52,2024-09-14T16:45:00Z,Missouri Tigers,Boston College Eagles,2024-09-14T14:40:38Z,bovada,Theo Wease Jr.,4.5,110.0,-145.0
2024,25eb04220b6b5a15ed02509bf651a335,2024-09-14T19:30:00Z,Florida Gators,Texas A&M Aggies,2024-09-14T17:25:38Z,bovada,Jahdae Walker,3.5,135.0,-180.0
2024,25eb04220b6b5a15ed02509bf651a335,2024-09-14T19:30:00Z,Florida Gators,Texas A&M Aggies,2024-09-14T17:25:38Z,bovada,Le'Veon Moss,1.5,-115.0,-115.0
2024,25eb04220b6b5a15ed02509bf651a335,2024-09-14T19:30:00Z,Florida Gators,Texas A&M Aggies,2024-09-14T17:25:38Z,bovada,Noah Thomas,3.5,125.0,-165.0
2024,c8113c30e8dca65ee259dd52a430f23b,2024-09-14T19:30:00Z,Minnesota Golden Gophers,Nevada Wolf Pack,2024-09-14T17:25:38Z,bovada,Daniel Jackson,4.5,120.0,-160.0
2024,c8113c30e8dca65ee259dd52a430f23b,2024-09-14T19:30:00Z,Minnesota Golden Gophers,Nevada Wolf Pack,2024-09-14T17:25:38Z,bovada,Darius Taylor,1.5,-210.0,155.0
2024,c8113c30e8dca65ee259dd52a430f23b,2024-09-14T19:30:00Z,Minnesota Golden Gophers,Nevada Wolf Pack,2024-09-14T17:25:38Z,bovada,Elijah Spencer,2.5,140.0,-185.0
2024,c8113c30e8dca65ee259dd52a430f23b,2024-09-14T19:30:00Z,Minnesota Golden Gophers,Nevada Wolf Pack,2024-09-14T17:25:38Z,bovada,Jameson Geers,1.5,-110.0,-120.0
2024,fde106a67b7071dd8e20074b59e23759,2024-09-14T19:30:00Z,Purdue Boilermakers,Notre Dame Fighting Irish,2024-09-14T17:25:38Z,bovada,Beaux Collins,3.5,-125.0,-105.0
2024,fde106a67b7071dd8e20074b59e23759,2024-09-14T19:30:00Z,Purdue Boilermakers,Notre Dame Fighting Irish,2024-09-14T17:25:38Z,bovada,Devin Mockobee,1.5,115.0,-150.0
2024,fde106a67b7071dd8e20074b59e23759,2024-09-14T19:30:00Z,Purdue Boilermakers,Notre Dame Fighting Irish,2024-09-14T17:25:38Z,bovada,Jaden Greathouse,2.5,-115.0,-115.0
2024,fde106a67b7071dd8e20074b59e23759,2024-09-14T19:30:00Z,Purdue Boilermakers,Notre Dame Fighting Irish,2024-09-14T17:25:38Z,bovada,Jahmal Edrine,3.5,125.0,-165.0
2024,fde106a67b7071dd8e20074b59e23759,2024-09-14T19:30:00Z,Purdue Boilermakers,Notre Dame Fighting Irish,2024-09-14T17:25:38Z,bovada,Max Klare,2.5,-125.0,-105.0
2024,fde106a67b7071dd8e20074b59e23759,2024-09-14T19:30:00Z,Purdue Boilermakers,Notre Dame Fighting Irish,2024-09-14T17:25:38Z,bovada,Shamar Rigby,1.5,-200.0,150.0
2024,695b786df9d340454dd222a46d7c383d,2024-09-14T19:30:00Z,Oregon State Beavers,Oregon Ducks,2024-09-14T17:25:38Z,betrivers,Evan Stewart,4.5,125.0,-195.0
2024,695b786df9d340454dd222a46d7c383d,2024-09-14T19:30:00Z,Oregon State Beavers,Oregon Ducks,2024-09-14T17:25:38Z,betrivers,Evan Stewart,3.5,-195.0,128.0
2024,695b786df9d340454dd222a46d7c383d,2024-09-14T19:30:00Z,Oregon State Beavers,Oregon Ducks,2024-09-14T17:25:38Z,betrivers,Evan Stewart,5.5,275.0,-500.0
2024,695b786df9d340454dd222a46d7c383d,2024-09-14T19:30:00Z,Oregon State Beavers,Oregon Ducks,2024-09-14T17:25:38Z,betrivers,Taz Reddicks,2.5,-245.0,155.0
2024,695b786df9d340454dd222a46d7c383d,2024-09-14T19:30:00Z,Oregon State Beavers,Oregon Ducks,2024-09-14T17:25:38Z,betrivers,Tez Johnson,5.5,-225.0,143.0
2024,695b786df9d340454dd222a46d7c383d,2024-09-14T19:30:00Z,Oregon State Beavers,Oregon Ducks,2024-09-14T17:25:38Z,betrivers,Tez Johnson,7.5,170.0,-275.0
2024,695b786df9d340454dd222a46d7c383d,2024-09-14T19:30:00Z,Oregon State Beavers,Oregon Ducks,2024-09-14T17:25:38Z,betrivers,Tez Johnson,6.5,-109.0,-137.0
2024,695b786df9d340454dd222a46d7c383d,2024-09-14T19:30:00Z,Oregon State Beavers,Oregon Ducks,2024-09-14T17:25:38Z,betrivers,Terrance Ferguson,3.5,155.0,-245.0
2024,695b786df9d340454dd222a46d7c383d,2024-09-14T19:30:00Z,Oregon State Beavers,Oregon Ducks,2024-09-14T17:25:38Z,betrivers,Terrance Ferguson,2.5,-180.0,118.0
2024,695b786df9d340454dd222a46d7c383d,2024-09-14T19:30:00Z,Oregon State Beavers,Oregon Ducks,2024-09-14T17:25:38Z,betrivers,Taz Reddicks,3.5,115.0,-175.0
2024,695b786df9d340454dd222a46d7c383d,2024-09-14T19:30:00Z,Oregon State Beavers,Oregon Ducks,2024-09-14T17:25:38Z,betrivers,Taz Reddicks,4.5,280.0,-500.0
2024,695b786df9d340454dd222a46d7c383d,2024-09-14T19:30:00Z,Oregon State Beavers,Oregon Ducks,2024-09-14T17:25:38Z,betrivers,Trent Walker,6.5,295.0,-560.0
2024,695b786df9d340454dd222a46d7c383d,2024-09-14T19:30:00Z,Oregon State Beavers,Oregon Ducks,2024-09-14T17:25:38Z,bovada,Evan Stewart,4.5,130.0,-170.0
2024,695b786df9d340454dd222a46d7c383d,2024-09-14T19:30:00Z,Oregon State Beavers,Oregon Ducks,2024-09-14T17:25:38Z,bovada,Jordan James,2.5,140.0,-185.0
2024,695b786df9d340454dd222a46d7c383d,2024-09-14T19:30:00Z,Oregon State Beavers,Oregon Ducks,2024-09-14T17:25:38Z,bovada,Taz Reddicks,2.5,-170.0,130.0
2024,695b786df9d340454dd222a46d7c383d,2024-09-14T19:30:00Z,Oregon State Beavers,Oregon Ducks,2024-09-14T17:25:38Z,bovada,Terrance Ferguson,2.5,-180.0,135.0
2024,695b786df9d340454dd222a46d7c383d,2024-09-14T19:30:00Z,Oregon State Beavers,Oregon Ducks,2024-09-14T17:25:38Z,bovada,Tez Johnson,6.5,-120.0,-110.0
2024,695b786df9d340454dd222a46d7c383d,2024-09-14T19:30:00Z,Oregon State Beavers,Oregon Ducks,2024-09-14T17:25:38Z,bovada,Trent Walker,4.5,125.0,-165.0
2024,ab3cd0fe1ed805fc1deddc9a0f461950,2024-09-14T19:30:00Z,Pittsburgh Panthers,West Virginia Mountaineers,2024-09-14T17:25:38Z,betrivers,Kole Taylor,3.5,195.0,-315.0
2024,ab3cd0fe1ed805fc1deddc9a0f461950,2024-09-14T19:30:00Z,Pittsburgh Panthers,West Virginia Mountaineers,2024-09-14T17:25:38Z,betrivers,Kole Taylor,2.5,-141.0,-107.0
2024,ab3cd0fe1ed805fc1deddc9a0f461950,2024-09-14T19:30:00Z,Pittsburgh Panthers,West Virginia Mountaineers,2024-09-14T17:25:38Z,betrivers,Kole Taylor,1.5,-530.0,290.0
2024,ab3cd0fe1ed805fc1deddc9a0f461950,2024-09-14T19:30:00Z,Pittsburgh Panthers,West Virginia Mountaineers,2024-09-14T17:25:38Z,betrivers,Traylon Ray,3.5,245.0,-420.0
2024,ab3cd0fe1ed805fc1deddc9a0f461950,2024-09-14T19:30:00Z,Pittsburgh Panthers,West Virginia Mountaineers,2024-09-14T17:25:38Z,betrivers,Traylon Ray,2.5,-114.0,-132.0
2024,ab3cd0fe1ed805fc1deddc9a0f461950,2024-09-14T19:30:00Z,Pittsburgh Panthers,West Virginia Mountaineers,2024-09-14T17:25:38Z,betrivers,Traylon Ray,1.5,-420.0,240.0
2024,ab3cd0fe1ed805fc1deddc9a0f461950,2024-09-14T19:30:00Z,Pittsburgh Panthers,West Virginia Mountaineers,2024-09-14T17:25:38Z,bovada,Gavin Bartholomew,3.5,120.0,-160.0
2024,ab3cd0fe1ed805fc1deddc9a0f461950,2024-09-14T19:30:00Z,Pittsburgh Panthers,West Virginia Mountaineers,2024-09-14T17:25:38Z,bovada,Hudson Clement,2.5,125.0,-165.0
2024,ab3cd0fe1ed805fc1deddc9a0f461950,2024-09-14T19:30:00Z,Pittsburgh Panthers,West Virginia Mountaineers,2024-09-14T17:25:38Z,bovada,Kole Taylor,2.5,-110.0,-120.0
2024,ab3cd0fe1ed805fc1deddc9a0f461950,2024-09-14T19:30:00Z,Pittsburgh Panthers,West Virginia Mountaineers,2024-09-14T17:25:38Z,bovada,Konata Mumpfield,4.5,-145.0,110.0
2024,ab3cd0fe1ed805fc1deddc9a0f461950,2024-09-14T19:30:00Z,Pittsburgh Panthers,West Virginia Mountaineers,2024-09-14T17:25:38Z,bovada,Raphael Williams Jr.,2.5,-170.0,130.0
2024,ab3cd0fe1ed805fc1deddc9a0f461950,2024-09-14T19:30:00Z,Pittsburgh Panthers,West Virginia Mountaineers,2024-09-14T17:25:38Z,bovada,Traylon Ray,2.5,100.0,-130.0
2024,31747b0f2781fdac95044af5cef25f61,2024-09-14T19:30:00Z,Washington Huskies,Washington State Cougars,2024-09-14T17:25:38Z,bovada,Denzel Boston,3.5,105.0,-135.0
2024,31747b0f2781fdac95044af5cef25f61,2024-09-14T19:30:00Z,Washington Huskies,Washington State Cougars,2024-09-14T17:25:38Z,bovada,Giles Jackson,5.5,-115.0,-115.0
2024,31747b0f2781fdac95044af5cef25f61,2024-09-14T19:30:00Z,Washington Huskies,Washington State Cougars,2024-09-14T17:25:38Z,bovada,Jeremiah Hunter,4.5,115.0,-150.0
2024,31747b0f2781fdac95044af5cef25f61,2024-09-14T19:30:00Z,Washington Huskies,Washington State Cougars,2024-09-14T17:25:38Z,bovada,Jonah Coleman,2.5,100.0,-130.0
2024,66ab070a5a418a17617baf5e397528cd,2024-09-14T20:00:00Z,Iowa Hawkeyes,Troy Trojans,2024-09-14T17:55:38Z,bovada,Addison Ostrenga,2.5,145.0,-190.0
2024,66ab070a5a418a17617baf5e397528cd,2024-09-14T20:00:00Z,Iowa Hawkeyes,Troy Trojans,2024-09-14T17:55:38Z,bovada,Jacob Gill,2.5,-170.0,130.0
2024,66ab070a5a418a17617baf5e397528cd,2024-09-14T20:00:00Z,Iowa Hawkeyes,Troy Trojans,2024-09-14T17:55:38Z,bovada,Luke Lachey,3.5,-130.0,100.0
2024,66ab070a5a418a17617baf5e397528cd,2024-09-14T20:00:00Z,Iowa Hawkeyes,Troy Trojans,2024-09-14T17:55:38Z,bovada,Reece Vander Zee,2.5,-160.0,120.0
2024,6f09efae74a95c390041ff487dda3082,2024-09-14T22:00:00Z,Duke Blue Devils,UConn Huskies,2024-09-14T19:55:38Z,bovada,Jordan Moore,5.5,-150.0,115.0
2024,c031abd1b35fc611261ffc2b95bdf970,2024-09-14T22:30:00Z,Wake Forest Demon Deacons,Ole Miss Rebels,2024-09-14T20:25:39Z,bovada,Antwane Wells Jr.,4.5,120.0,-160.0
2024,c031abd1b35fc611261ffc2b95bdf970,2024-09-14T22:30:00Z,Wake Forest Demon Deacons,Ole Miss Rebels,2024-09-14T20:25:39Z,bovada,Caden Prieskorn,3.5,-165.0,125.0
2024,c031abd1b35fc611261ffc2b95bdf970,2024-09-14T22:30:00Z,Wake Forest Demon Deacons,Ole Miss Rebels,2024-09-14T20:25:39Z,bovada,Donavon Greene,4.5,-160.0,120.0
2024,c031abd1b35fc611261ffc2b95bdf970,2024-09-14T22:30:00Z,Wake Forest Demon Deacons,Ole Miss Rebels,2024-09-14T20:25:39Z,bovada,Taylor Morin,5.5,-110.0,-120.0
2024,c031abd1b35fc611261ffc2b95bdf970,2024-09-14T22:30:00Z,Wake Forest Demon Deacons,Ole Miss Rebels,2024-09-14T20:25:39Z,bovada,Tre Harris,6.5,110.0,-145.0
2024,a074e2f7ec90e7224aef81d438cf9eaa,2024-09-14T23:30:00Z,Auburn Tigers,New Mexico Lobos,2024-09-14T21:25:38Z,bovada,KeAndre Lambert-Smith,3.5,-110.0,-120.0
2024,a074e2f7ec90e7224aef81d438cf9eaa,2024-09-14T23:30:00Z,Auburn Tigers,New Mexico Lobos,2024-09-14T21:25:38Z,bovada,Rivaldo Fairweather,2.5,-170.0,130.0
2024,a074e2f7ec90e7224aef81d438cf9eaa,2024-09-14T23:30:00Z,Auburn Tigers,New Mexico Lobos,2024-09-14T21:25:38Z,bovada,Robert Lewis,3.5,100.0,-130.0
2024,d6c2c911e21414b4aff9ee40f4ce6bc7,2024-09-14T23:30:00Z,Colorado State Rams,Colorado Buffaloes,2024-09-14T21:25:38Z,bovada,Travis Hunter,6.5,-125.0,-105.0
2024,d6c2c911e21414b4aff9ee40f4ce6bc7,2024-09-14T23:30:00Z,Colorado State Rams,Colorado Buffaloes,2024-09-14T21:25:38Z,fanduel,Travis Hunter,7.5,122.0,-160.0
2024,3e51b684784efbc72b6cc1d1754f86af,2024-09-14T23:30:00Z,Kentucky Wildcats,Georgia Bulldogs,2024-09-14T21:25:38Z,fanduel,Arian Smith,2.5,-114.0,-114.0
2024,3e51b684784efbc72b6cc1d1754f86af,2024-09-14T23:30:00Z,Kentucky Wildcats,Georgia Bulldogs,2024-09-14T21:25:38Z,fanduel,Dominic Lovett,3.5,-128.0,-102.0
2024,3e51b684784efbc72b6cc1d1754f86af,2024-09-14T23:30:00Z,Kentucky Wildcats,Georgia Bulldogs,2024-09-14T21:25:38Z,fanduel,Dillon Bell,3.5,108.0,-140.0
2024,3e51b684784efbc72b6cc1d1754f86af,2024-09-14T23:30:00Z,Kentucky Wildcats,Georgia Bulldogs,2024-09-14T21:25:38Z,bovada,Arian Smith,2.5,-150.0,115.0
2024,3e51b684784efbc72b6cc1d1754f86af,2024-09-14T23:30:00Z,Kentucky Wildcats,Georgia Bulldogs,2024-09-14T21:25:38Z,bovada,Barion Brown,2.5,120.0,-160.0
2024,3e51b684784efbc72b6cc1d1754f86af,2024-09-14T23:30:00Z,Kentucky Wildcats,Georgia Bulldogs,2024-09-14T21:25:38Z,bovada,Dane Key,2.5,-110.0,-120.0
2024,3e51b684784efbc72b6cc1d1754f86af,2024-09-14T23:30:00Z,Kentucky Wildcats,Georgia Bulldogs,2024-09-14T21:25:38Z,bovada,Dillon Bell,2.5,-185.0,140.0
2024,3e51b684784efbc72b6cc1d1754f86af,2024-09-14T23:30:00Z,Kentucky Wildcats,Georgia Bulldogs,2024-09-14T21:25:38Z,bovada,Dominic Lovett,3.5,-115.0,-115.0
2024,3e51b684784efbc72b6cc1d1754f86af,2024-09-14T23:30:00Z,Kentucky Wildcats,Georgia Bulldogs,2024-09-14T21:25:38Z,bovada,Ja'Mori Maclin,2.5,105.0,-135.0
2024,3e51b684784efbc72b6cc1d1754f86af,2024-09-14T23:30:00Z,Kentucky Wildcats,Georgia Bulldogs,2024-09-14T21:25:38Z,bovada,Oscar Delp,1.5,-115.0,-115.0
2024,2f3fe2f65dd1824f1ef45fce533cb13d,2024-09-14T23:30:00Z,UCLA Bruins,Indiana Hoosiers,2024-09-14T21:25:38Z,bovada,J.Michael Sturdivant,3.5,135.0,-180.0
2024,2f3fe2f65dd1824f1ef45fce533cb13d,2024-09-14T23:30:00Z,UCLA Bruins,Indiana Hoosiers,2024-09-14T21:25:38Z,bovada,Rico Flores Jr.,3.5,-115.0,-115.0
2024,d7b5ab17ae9bd3db22da990a87bba946,2024-09-14T23:30:00Z,Mississippi State Bulldogs,Toledo Rockets,2024-09-14T21:25:38Z,bovada,Jordan Mosley,3.5,-160.0,120.0
2024,d7b5ab17ae9bd3db22da990a87bba946,2024-09-14T23:30:00Z,Mississippi State Bulldogs,Toledo Rockets,2024-09-14T21:25:38Z,bovada,Kevin Coleman,4.5,-125.0,-105.0
2024,d7b5ab17ae9bd3db22da990a87bba946,2024-09-14T23:30:00Z,Mississippi State Bulldogs,Toledo Rockets,2024-09-14T21:25:38Z,bovada,Seydou Traore,3.5,120.0,-160.0
2024,82c4d074022f6973e44d368054da7d47,2024-09-15T00:00:00Z,Houston Cougars,Rice Owls,2024-09-14T21:55:38Z,bovada,Joseph Manjack IV,3.5,120.0,-160.0
2024,82c4d074022f6973e44d368054da7d47,2024-09-15T00:00:00Z,Houston Cougars,Rice Owls,2024-09-14T21:55:38Z,bovada,Stephon Johnson,2.5,-185.0,140.0
2024,65d922b50c50605432e7aa3222a1b53a,2024-09-15T00:00:00Z,Virginia Cavaliers,Maryland Terrapins,2024-09-14T21:55:38Z,bovada,Kaden Prather,3.5,-135.0,105.0
2024,65d922b50c50605432e7aa3222a1b53a,2024-09-15T00:00:00Z,Virginia Cavaliers,Maryland Terrapins,2024-09-14T21:55:38Z,bovada,Malachi Fields,5.5,-110.0,-120.0
2024,65d922b50c50605432e7aa3222a1b53a,2024-09-15T00:00:00Z,Virginia Cavaliers,Maryland Terrapins,2024-09-14T21:55:38Z,bovada,Tai Felton,5.5,-150.0,115.0
2024,65d922b50c50605432e7aa3222a1b53a,2024-09-15T00:00:00Z,Virginia Cavaliers,Maryland Terrapins,2024-09-14T21:55:38Z,bovada,Trell Harris,3.5,-120.0,-110.0
2024,f931441f789084af1514d17ecb21cf41,2024-09-19T23:30:00Z,Appalachian State Mountaineers,South Alabama Jaguars,2024-09-19T21:25:39Z,bovada,Christan Horn,3.5,-130.0,100.0
2024,f931441f789084af1514d17ecb21cf41,2024-09-19T23:30:00Z,Appalachian State Mountaineers,South Alabama Jaguars,2024-09-19T21:25:39Z,bovada,Kaedin Robinson,6.5,110.0,-145.0
2024,4d4ab6dbdbebf0c0416c553683170be7,2024-09-20T23:30:00Z,Syracuse Orange,Stanford Cardinal,2024-09-20T21:25:39Z,fanduel,Oronde Gadsden II,6.5,-102.0,-128.0
2024,4d4ab6dbdbebf0c0416c553683170be7,2024-09-20T23:30:00Z,Syracuse Orange,Stanford Cardinal,2024-09-20T21:25:39Z,fanduel,Elic Ayomanor,4.5,-128.0,-102.0
2024,4d4ab6dbdbebf0c0416c553683170be7,2024-09-20T23:30:00Z,Syracuse Orange,Stanford Cardinal,2024-09-20T21:25:39Z,fanduel,Umari Hatcher,2.5,-114.0,-114.0
2024,4d4ab6dbdbebf0c0416c553683170be7,2024-09-20T23:30:00Z,Syracuse Orange,Stanford Cardinal,2024-09-20T21:25:39Z,fanduel,Trebor Pena,4.5,-114.0,-114.0
2024,4d4ab6dbdbebf0c0416c553683170be7,2024-09-20T23:30:00Z,Syracuse Orange,Stanford Cardinal,2024-09-20T21:25:39Z,fanduel,Zeed Haynes,3.5,-108.0,-120.0
2024,4d4ab6dbdbebf0c0416c553683170be7,2024-09-20T23:30:00Z,Syracuse Orange,Stanford Cardinal,2024-09-20T21:25:39Z,fanduel,Sam Roush,2.5,-128.0,-102.0
2024,4d4ab6dbdbebf0c0416c553683170be7,2024-09-20T23:30:00Z,Syracuse Orange,Stanford Cardinal,2024-09-20T21:25:39Z,fanduel,Ismael Cisse,3.5,-114.0,-114.0
2024,4d4ab6dbdbebf0c0416c553683170be7,2024-09-20T23:30:00Z,Syracuse Orange,Stanford Cardinal,2024-09-20T21:25:39Z,bovada,Oronde Gadsden II,6.5,100.0,-130.0
2024,4d4ab6dbdbebf0c0416c553683170be7,2024-09-20T23:30:00Z,Syracuse Orange,Stanford Cardinal,2024-09-20T21:25:39Z,bovada,Sam Roush,2.5,-120.0,-110.0
2024,4d4ab6dbdbebf0c0416c553683170be7,2024-09-20T23:30:00Z,Syracuse Orange,Stanford Cardinal,2024-09-20T21:25:39Z,bovada,Trebor Pena,4.5,-105.0,-125.0
2024,4d4ab6dbdbebf0c0416c553683170be7,2024-09-20T23:30:00Z,Syracuse Orange,Stanford Cardinal,2024-09-20T21:25:39Z,bovada,Umari Hatcher,2.5,-120.0,-110.0
2024,4d4ab6dbdbebf0c0416c553683170be7,2024-09-20T23:30:00Z,Syracuse Orange,Stanford Cardinal,2024-09-20T21:25:39Z,bovada,Zeed Haynes,3.5,110.0,-145.0
2024,eecfee6902563394d3354b045fe4beff,2024-09-21T00:00:00Z,Nebraska Cornhuskers,Illinois Fighting Illini,2024-09-20T21:55:39Z,fanduel,Zakhari Franklin,4.5,102.0,-132.0
2024,eecfee6902563394d3354b045fe4beff,2024-09-21T00:00:00Z,Nebraska Cornhuskers,Illinois Fighting Illini,2024-09-20T21:55:39Z,fanduel,Jahmal Banks,3.5,-102.0,-128.0
2024,eecfee6902563394d3354b045fe4beff,2024-09-21T00:00:00Z,Nebraska Cornhuskers,Illinois Fighting Illini,2024-09-20T21:55:39Z,fanduel,Isaiah Neyor,3.5,112.0,-146.0
2024,eecfee6902563394d3354b045fe4beff,2024-09-21T00:00:00Z,Nebraska Cornhuskers,Illinois Fighting Illini,2024-09-20T21:55:39Z,fanduel,Pat Bryant,4.5,102.0,-132.0
2024,eecfee6902563394d3354b045fe4beff,2024-09-21T00:00:00Z,Nebraska Cornhuskers,Illinois Fighting Illini,2024-09-20T21:55:39Z,bovada,Collin Dixon,1.5,-150.0,115.0
2024,eecfee6902563394d3354b045fe4beff,2024-09-21T00:00:00Z,Nebraska Cornhuskers,Illinois Fighting Illini,2024-09-20T21:55:39Z,bovada,Isaiah Neyor,2.5,-165.0,125.0
2024,eecfee6902563394d3354b045fe4beff,2024-09-21T00:00:00Z,Nebraska Cornhuskers,Illinois Fighting Illini,2024-09-20T21:55:39Z,bovada,Jahmal Banks,3.5,110.0,-145.0
2024,eecfee6902563394d3354b045fe4beff,2024-09-21T00:00:00Z,Nebraska Cornhuskers,Illinois Fighting Illini,2024-09-20T21:55:39Z,bovada,Janiran Bonner,1.5,120.0,-160.0
2024,eecfee6902563394d3354b045fe4beff,2024-09-21T00:00:00Z,Nebraska Cornhuskers,Illinois Fighting Illini,2024-09-20T21:55:39Z,bovada,Kaden Feagin,1.5,125.0,-165.0
2024,eecfee6902563394d3354b045fe4beff,2024-09-21T00:00:00Z,Nebraska Cornhuskers,Illinois Fighting Illini,2024-09-20T21:55:39Z,bovada,Pat Bryant,4.5,-110.0,-120.0
2024,eecfee6902563394d3354b045fe4beff,2024-09-21T00:00:00Z,Nebraska Cornhuskers,Illinois Fighting Illini,2024-09-20T21:55:39Z,bovada,Rahmir Johnson,2.5,110.0,-145.0
2024,eecfee6902563394d3354b045fe4beff,2024-09-21T00:00:00Z,Nebraska Cornhuskers,Illinois Fighting Illini,2024-09-20T21:55:39Z,bovada,Thomas Fidone II,2.5,120.0,-160.0
2024,eecfee6902563394d3354b045fe4beff,2024-09-21T00:00:00Z,Nebraska Cornhuskers,Illinois Fighting Illini,2024-09-20T21:55:39Z,bovada,Zakhari Franklin,4.5,100.0,-130.0
2024,aa0567e19b2363bb6f01091b0ce91566,2024-09-21T02:00:00Z,Washington State Cougars,San Jose State Spartans,2024-09-20T23:55:39Z,fanduel,Nick Nash,8.5,112.0,-146.0
2024,aa0567e19b2363bb6f01091b0ce91566,2024-09-21T02:00:00Z,Washington State Cougars,San Jose State Spartans,2024-09-20T23:55:39Z,fanduel,Josh Meredith,3.5,-146.0,112.0
2024,aa0567e19b2363bb6f01091b0ce91566,2024-09-21T02:00:00Z,Washington State Cougars,San Jose State Spartans,2024-09-20T23:55:39Z,fanduel,Kris Hutson,4.5,-130.0,100.0
2024,aa0567e19b2363bb6f01091b0ce91566,2024-09-21T02:00:00Z,Washington State Cougars,San Jose State Spartans,2024-09-20T23:55:39Z,fanduel,Kyle Williams,4.5,-130.0,100.0
2024,aa0567e19b2363bb6f01091b0ce91566,2024-09-21T02:00:00Z,Washington State Cougars,San Jose State Spartans,2024-09-20T23:55:39Z,bovada,Josh Meredith,3.5,-160.0,120.0
2024,aa0567e19b2363bb6f01091b0ce91566,2024-09-21T02:00:00Z,Washington State Cougars,San Jose State Spartans,2024-09-20T23:55:39Z,bovada,Kris Hutson,4.5,-130.0,100.0
2024,aa0567e19b2363bb6f01091b0ce91566,2024-09-21T02:00:00Z,Washington State Cougars,San Jose State Spartans,2024-09-20T23:55:39Z,bovada,Kyle Williams,4.5,-130.0,100.0
2024,aa0567e19b2363bb6f01091b0ce91566,2024-09-21T02:00:00Z,Washington State Cougars,San Jose State Spartans,2024-09-20T23:55:39Z,bovada,Nick Nash,8.5,120.0,-160.0
2024,316c1a764d19f0e6dfbf1ee4cc598db7,2024-09-21T16:00:00Z,Cincinnati Bearcats,Houston Cougars,2024-09-21T13:55:39Z,bovada,Joe Royer,2.5,-165.0,125.0
2024,316c1a764d19f0e6dfbf1ee4cc598db7,2024-09-21T16:00:00Z,Cincinnati Bearcats,Houston Cougars,2024-09-21T13:55:39Z,bovada,Joseph Manjack IV,2.5,-180.0,135.0
2024,316c1a764d19f0e6dfbf1ee4cc598db7,2024-09-21T16:00:00Z,Cincinnati Bearcats,Houston Cougars,2024-09-21T13:55:39Z,bovada,Maliq Carr,2.5,-115.0,-115.0
2024,316c1a764d19f0e6dfbf1ee4cc598db7,2024-09-21T16:00:00Z,Cincinnati Bearcats,Houston Cougars,2024-09-21T13:55:39Z,bovada,Stephon Johnson,2.5,-170.0,130.0
2024,316c1a764d19f0e6dfbf1ee4cc598db7,2024-09-21T16:00:00Z,Cincinnati Bearcats,Houston Cougars,2024-09-21T13:55:39Z,bovada,Xzavier Henderson,5.5,-115.0,-115.0
2024,b6a0c7231206813162f41600e123632d,2024-09-21T16:00:00Z,Clemson Tigers,NC State Wolfpack,2024-09-21T13:55:39Z,bovada,Antonio Williams,4.5,100.0,-130.0
2024,b6a0c7231206813162f41600e123632d,2024-09-21T16:00:00Z,Clemson Tigers,NC State Wolfpack,2024-09-21T13:55:39Z,bovada,Jake Briningstool,4.5,100.0,-130.0
2024,b6a0c7231206813162f41600e123632d,2024-09-21T16:00:00Z,Clemson Tigers,NC State Wolfpack,2024-09-21T13:55:39Z,bovada,Kevin Concepcion,4.5,125.0,-165.0
2024,d5d0bb417b3cab8bea5de1725ae8a6ce,2024-09-21T16:00:00Z,Mississippi State Bulldogs,Florida Gators,2024-09-21T13:55:39Z,bovada,Chimere Dike,3.5,-115.0,-115.0
2024,d5d0bb417b3cab8bea5de1725ae8a6ce,2024-09-21T16:00:00Z,Mississippi State Bulldogs,Florida Gators,2024-09-21T13:55:39Z,bovada,Elijhah Badger,4.5,-105.0,-125.0
2024,d5d0bb417b3cab8bea5de1725ae8a6ce,2024-09-21T16:00:00Z,Mississippi State Bulldogs,Florida Gators,2024-09-21T13:55:39Z,bovada,Jordan Mosley,2.5,-130.0,100.0
2024,d5d0bb417b3cab8bea5de1725ae8a6ce,2024-09-21T16:00:00Z,Mississippi State Bulldogs,Florida Gators,2024-09-21T13:55:39Z,bovada,Kevin Coleman,5.5,120.0,-160.0
2024,d5d0bb417b3cab8bea5de1725ae8a6ce,2024-09-21T16:00:00Z,Mississippi State Bulldogs,Florida Gators,2024-09-21T13:55:39Z,bovada,Seydou Traore,3.5,-115.0,-115.0
2024,0d80b318bb12dc860df0ac1ded662f7a,2024-09-21T16:00:00Z,North Carolina Tar Heels,James Madison Dukes,2024-09-21T13:55:39Z,bovada,J.J. Jones,2.5,-120.0,-110.0
2024,03ef895ff27c79f447e3d2065d2754e7,2024-09-21T16:00:00Z,West Virginia Mountaineers,Kansas Jayhawks,2024-09-21T13:55:39Z,bovada,Hudson Clement,2.5,-130.0,100.0
2024,e4594ef89e677e971bd1fe29db01a8b2,2024-09-21T16:00:00Z,Ohio State Buckeyes,Marshall Thundering Herd,2024-09-21T13:55:39Z,fanduel,Carnell Tate,3.5,102.0,-132.0
2024,e4594ef89e677e971bd1fe29db01a8b2,2024-09-21T16:00:00Z,Ohio State Buckeyes,Marshall Thundering Herd,2024-09-21T13:55:39Z,fanduel,Emeka Egbuka,4.5,-130.0,100.0
2024,e4594ef89e677e971bd1fe29db01a8b2,2024-09-21T16:00:00Z,Ohio State Buckeyes,Marshall Thundering Herd,2024-09-21T13:55:39Z,fanduel,Jeremiah Smith,5.5,-106.0,-122.0
2024,e4594ef89e677e971bd1fe29db01a8b2,2024-09-21T16:00:00Z,Ohio State Buckeyes,Marshall Thundering Herd,2024-09-21T13:55:39Z,bovada,Carnell Tate,3.5,120.0,-160.0
2024,e4594ef89e677e971bd1fe29db01a8b2,2024-09-21T16:00:00Z,Ohio State Buckeyes,Marshall Thundering Herd,2024-09-21T13:55:39Z,bovada,Emeka Egbuka,4.5,-110.0,-120.0
2024,e4594ef89e677e971bd1fe29db01a8b2,2024-09-21T16:00:00Z,Ohio State Buckeyes,Marshall Thundering Herd,2024-09-21T13:55:39Z,bovada,Jeremiah Smith,5.5,-125.0,-105.0
2024,c0c89be32fe519f25fbb19ccd632378b,2024-09-21T16:45:00Z,Kentucky Wildcats,Ohio Bobcats,2024-09-21T14:40:38Z,bovada,Barion Brown,3.5,-110.0,-120.0
2024,c0c89be32fe519f25fbb19ccd632378b,2024-09-21T16:45:00Z,Kentucky Wildcats,Ohio Bobcats,2024-09-21T14:40:38Z,bovada,Dane Key,3.5,-125.0,-105.0
2024,c0c89be32fe519f25fbb19ccd632378b,2024-09-21T16:45:00Z,Kentucky Wildcats,Ohio Bobcats,2024-09-21T14:40:38Z,bovada,Ja'Mori Maclin,2.5,-165.0,125.0
2024,e95b8a9707d7ab7e53c63ec3edea2d3b,2024-09-21T18:00:00Z,Coastal Carolina Chanticleers,Virginia Cavaliers,2024-09-21T15:55:38Z,bovada,Jameson Tucker,2.5,-130.0,100.0
2024,e95b8a9707d7ab7e53c63ec3edea2d3b,2024-09-21T18:00:00Z,Coastal Carolina Chanticleers,Virginia Cavaliers,2024-09-21T15:55:38Z,bovada,Malachi Fields,5.5,-120.0,-110.0
2024,e95b8a9707d7ab7e53c63ec3edea2d3b,2024-09-21T18:00:00Z,Coastal Carolina Chanticleers,Virginia Cavaliers,2024-09-21T15:55:38Z,bovada,Trell Harris,4.5,115.0,-150.0
2024,dd6af5156dc9a9db8e0ed14925017d1a,2024-09-21T18:02:00Z,Iowa State Cyclones,Arkansas State Red Wolves,2024-09-21T16:00:38Z,bovada,Jayden Higgins,4.5,-120.0,-110.0
2024,dd6af5156dc9a9db8e0ed14925017d1a,2024-09-21T18:02:00Z,Iowa State Cyclones,Arkansas State Red Wolves,2024-09-21T16:00:38Z,bovada,Jaylin Noel,5.5,115.0,-150.0
2024,da1382195833f2088c49b4c8199ec71f,2024-09-21T19:30:00Z,Texas Tech Red Raiders,Arizona State Sun Devils,2024-09-21T17:25:38Z,bovada,Caleb Douglas,2.5,-145.0,110.0
2024,da1382195833f2088c49b4c8199ec71f,2024-09-21T19:30:00Z,Texas Tech Red Raiders,Arizona State Sun Devils,2024-09-21T17:25:38Z,bovada,Cam Skattebo,2.5,-165.0,125.0
2024,da1382195833f2088c49b4c8199ec71f,2024-09-21T19:30:00Z,Texas Tech Red Raiders,Arizona State Sun Devils,2024-09-21T17:25:38Z,bovada,Chamon Metayer,2.5,-180.0,135.0
2024,da1382195833f2088c49b4c8199ec71f,2024-09-21T19:30:00Z,Texas Tech Red Raiders,Arizona State Sun Devils,2024-09-21T17:25:38Z,bovada,Coy Eakin,3.5,-120.0,-110.0
2024,da1382195833f2088c49b4c8199ec71f,2024-09-21T19:30:00Z,Texas Tech Red Raiders,Arizona State Sun Devils,2024-09-21T17:25:38Z,bovada,Jalin Conyers,2.5,120.0,-160.0
2024,da1382195833f2088c49b4c8199ec71f,2024-09-21T19:30:00Z,Texas Tech Red Raiders,Arizona State Sun Devils,2024-09-21T17:25:38Z,bovada,Josh Kelly,4.5,-160.0,120.0
2024,da1382195833f2088c49b4c8199ec71f,2024-09-21T19:30:00Z,Texas Tech Red Raiders,Arizona State Sun Devils,2024-09-21T17:25:38Z,bovada,Tahj Brooks,2.5,125.0,-165.0
2024,f9e54c3735e3aaa5bb757f12dc6e3251,2024-09-21T19:30:00Z,Auburn Tigers,Arkansas Razorbacks,2024-09-21T17:25:38Z,bovada,Andrew Armstrong,4.5,-145.0,110.0
2024,f9e54c3735e3aaa5bb757f12dc6e3251,2024-09-21T19:30:00Z,Auburn Tigers,Arkansas Razorbacks,2024-09-21T17:25:38Z,bovada,Jarquez Hunter,1.5,130.0,-170.0
2024,f9e54c3735e3aaa5bb757f12dc6e3251,2024-09-21T19:30:00Z,Auburn Tigers,Arkansas Razorbacks,2024-09-21T17:25:38Z,bovada,KeAndre Lambert-Smith,2.5,100.0,-130.0
2024,f9e54c3735e3aaa5bb757f12dc6e3251,2024-09-21T19:30:00Z,Auburn Tigers,Arkansas Razorbacks,2024-09-21T17:25:38Z,bovada,Rivaldo Fairweather,2.5,-115.0,-115.0
2024,f9e54c3735e3aaa5bb757f12dc6e3251,2024-09-21T19:30:00Z,Auburn Tigers,Arkansas Razorbacks,2024-09-21T17:25:38Z,bovada,Tyrone Broden,2.5,125.0,-165.0
2024,b0ee26d4ebfe0164e4443e2eb444efaf,2024-09-21T19:30:00Z,Louisville Cardinals,Georgia Tech Yellow Jackets,2024-09-21T17:25:38Z,bovada,Eric Singleton Jr,3.5,105.0,-135.0
2024,b0ee26d4ebfe0164e4443e2eb444efaf,2024-09-21T19:30:00Z,Louisville Cardinals,Georgia Tech Yellow Jackets,2024-09-21T17:25:38Z,bovada,Ja'Corey Brooks,4.5,-160.0,120.0
2024,b0ee26d4ebfe0164e4443e2eb444efaf,2024-09-21T19:30:00Z,Louisville Cardinals,Georgia Tech Yellow Jackets,2024-09-21T17:25:38Z,bovada,Malik Rutherford,4.5,130.0,-170.0
2024,739caa58847ee0a0802c2199592d0379,2024-09-21T19:30:00Z,LSU Tigers,UCLA Bruins,2024-09-21T17:25:38Z,bovada,Aaron Anderson,4.5,100.0,-130.0
2024,739caa58847ee0a0802c2199592d0379,2024-09-21T19:30:00Z,LSU Tigers,UCLA Bruins,2024-09-21T17:25:38Z,bovada,CJ Daniels,3.5,-120.0,-110.0
2024,739caa58847ee0a0802c2199592d0379,2024-09-21T19:30:00Z,LSU Tigers,UCLA Bruins,2024-09-21T17:25:38Z,bovada,J.Michael Sturdivant,2.5,-130.0,100.0
2024,739caa58847ee0a0802c2199592d0379,2024-09-21T19:30:00Z,LSU Tigers,UCLA Bruins,2024-09-21T17:25:38Z,bovada,Kyren Lacy,5.5,100.0,-130.0
2024,739caa58847ee0a0802c2199592d0379,2024-09-21T19:30:00Z,LSU Tigers,UCLA Bruins,2024-09-21T17:25:38Z,bovada,Mason Taylor,4.5,-120.0,-110.0
2024,739caa58847ee0a0802c2199592d0379,2024-09-21T19:30:00Z,LSU Tigers,UCLA Bruins,2024-09-21T17:25:38Z,bovada,Moliki Matavao,2.5,-135.0,105.0
2024,739caa58847ee0a0802c2199592d0379,2024-09-21T19:30:00Z,LSU Tigers,UCLA Bruins,2024-09-21T17:25:38Z,bovada,Rico Flores Jr.,3.5,-115.0,-115.0
2024,b6c5a7c5f37ba1eccd6d0062a7f58846,2024-09-21T19:30:00Z,Notre Dame Fighting Irish,Miami (OH) RedHawks,2024-09-21T17:25:38Z,bovada,Beaux Collins,2.5,-115.0,-115.0
2024,3888fcdff94338bf73827deca21aae02,2024-09-21T19:30:00Z,Michigan Wolverines,USC Trojans,2024-09-21T17:25:38Z,fanduel,Zachariah Branch,3.5,-106.0,-122.0
2024,3888fcdff94338bf73827deca21aae02,2024-09-21T19:30:00Z,Michigan Wolverines,USC Trojans,2024-09-21T17:25:38Z,bovada,Ja'Kobi Lane,2.5,150.0,-200.0
2024,3888fcdff94338bf73827deca21aae02,2024-09-21T19:30:00Z,Michigan Wolverines,USC Trojans,2024-09-21T17:25:38Z,bovada,Woody Marks,2.5,-130.0,100.0
2024,3888fcdff94338bf73827deca21aae02,2024-09-21T19:30:00Z,Michigan Wolverines,USC Trojans,2024-09-21T17:25:38Z,bovada,Kyron Hudson,2.5,-165.0,125.0
2024,3888fcdff94338bf73827deca21aae02,2024-09-21T19:30:00Z,Michigan Wolverines,USC Trojans,2024-09-21T17:25:38Z,bovada,Lake McRee,3.5,100.0,-130.0
2024,3888fcdff94338bf73827deca21aae02,2024-09-21T19:30:00Z,Michigan Wolverines,USC Trojans,2024-09-21T17:25:38Z,bovada,Semaj Morgan,2.5,110.0,-145.0
2024,3888fcdff94338bf73827deca21aae02,2024-09-21T19:30:00Z,Michigan Wolverines,USC Trojans,2024-09-21T17:25:38Z,bovada,Zachariah Branch,3.5,-135.0,105.0
2024,4558674aa49f1fa83358042356f343a2,2024-09-21T19:30:00Z,Missouri Tigers,Vanderbilt Commodores,2024-09-21T17:25:38Z,bovada,Junior Sherrill,2.5,-125.0,-105.0
2024,4558674aa49f1fa83358042356f343a2,2024-09-21T19:30:00Z,Missouri Tigers,Vanderbilt Commodores,2024-09-21T17:25:38Z,bovada,Luther Burden III,4.5,-150.0,115.0
2024,4558674aa49f1fa83358042356f343a2,2024-09-21T19:30:00Z,Missouri Tigers,Vanderbilt Commodores,2024-09-21T17:25:38Z,bovada,Mookie Cooper,2.5,-125.0,-105.0
2024,4558674aa49f1fa83358042356f343a2,2024-09-21T19:30:00Z,Missouri Tigers,Vanderbilt Commodores,2024-09-21T17:25:38Z,bovada,Quincy Skinner Jr.,2.5,-145.0,110.0
2024,4558674aa49f1fa83358042356f343a2,2024-09-21T19:30:00Z,Missouri Tigers,Vanderbilt Commodores,2024-09-21T17:25:38Z,bovada,Theo Wease Jr.,4.5,110.0,-145.0
2024,e92c605c2391a75c68073d9fbbd097c3,2024-09-21T19:30:00Z,Virginia Tech Hokies,Rutgers Scarlet Knights,2024-09-21T17:25:38Z,bovada,Chris Long,2.5,100.0,-130.0
2024,e92c605c2391a75c68073d9fbbd097c3,2024-09-21T19:30:00Z,Virginia Tech Hokies,Rutgers Scarlet Knights,2024-09-21T17:25:38Z,bovada,Dymere Miller,3.5,120.0,-160.0
2024,e92c605c2391a75c68073d9fbbd097c3,2024-09-21T19:30:00Z,Virginia Tech Hokies,Rutgers Scarlet Knights,2024-09-21T17:25:38Z,bovada,Ian Strong,1.5,-165.0,125.0
2024,e92c605c2391a75c68073d9fbbd097c3,2024-09-21T19:30:00Z,Virginia Tech Hokies,Rutgers Scarlet Knights,2024-09-21T17:25:38Z,bovada,Kenny Fletcher,1.5,-115.0,-115.0
2024,aeed42249b8d51c6fa0215934e1212c8,2024-09-21T20:00:00Z,Middle Tennessee Blue Raiders,Duke Blue Devils,2024-09-21T17:55:38Z,bovada,Jordan Moore,5.5,-145.0,110.0
2024,b4d54c7adc67dbb3232b35a8f0a19ece,2024-09-21T20:00:00Z,Oklahoma State Cowboys,Utah Utes,2024-09-21T17:55:38Z,bovada,Brennan Presley,5.5,-130.0,100.0
2024,b4d54c7adc67dbb3232b35a8f0a19ece,2024-09-21T20:00:00Z,Oklahoma State Cowboys,Utah Utes,2024-09-21T17:55:38Z,bovada,De'Zhaun Stribling,4.5,-110.0,-120.0
2024,b4d54c7adc67dbb3232b35a8f0a19ece,2024-09-21T20:00:00Z,Oklahoma State Cowboys,Utah Utes,2024-09-21T17:55:38Z,bovada,Micah Bernard,1.5,-115.0,-115.0
2024,b4d54c7adc67dbb3232b35a8f0a19ece,2024-09-21T20:00:00Z,Oklahoma State Cowboys,Utah Utes,2024-09-21T17:55:38Z,bovada,Ollie Gordon II,2.5,-130.0,100.0
2024,b4d54c7adc67dbb3232b35a8f0a19ece,2024-09-21T20:00:00Z,Oklahoma State Cowboys,Utah Utes,2024-09-21T17:55:38Z,bovada,Rashod Owens,3.5,105.0,-135.0
2024,657334d10414c158d02e818901d6b94e,2024-09-21T21:00:00Z,SMU Mustangs,TCU Horned Frogs,2024-09-21T18:55:38Z,bovada,Jack Bech,4.5,-135.0,105.0
2024,657334d10414c158d02e818901d6b94e,2024-09-21T21:00:00Z,SMU Mustangs,TCU Horned Frogs,2024-09-21T18:55:38Z,bovada,Jake Bailey,2.5,-180.0,135.0
2024,657334d10414c158d02e818901d6b94e,2024-09-21T21:00:00Z,SMU Mustangs,TCU Horned Frogs,2024-09-21T18:55:38Z,bovada,JP Richardson,4.5,-105.0,-125.0
2024,657334d10414c158d02e818901d6b94e,2024-09-21T21:00:00Z,SMU Mustangs,TCU Horned Frogs,2024-09-21T18:55:38Z,bovada,Key'Shawn Smith,2.5,-135.0,105.0
2024,5c108471e5bc4703aee906210b98022c,2024-09-21T23:00:00Z,Florida State Seminoles,California Golden Bears,2024-09-21T20:55:38Z,bovada,Malik Benson,3.5,-130.0,100.0
2024,5c108471e5bc4703aee906210b98022c,2024-09-21T23:00:00Z,Florida State Seminoles,California Golden Bears,2024-09-21T20:55:38Z,bovada,Nyziah Hunter,3.5,110.0,-145.0
2024,adb02203b80cbea2096cad939e7a7094,2024-09-21T23:00:00Z,South Florida Bulls,Miami Hurricanes,2024-09-21T20:55:38Z,bovada,Abdur-Rahmaan Yaseen,2.5,-110.0,-120.0
2024,adb02203b80cbea2096cad939e7a7094,2024-09-21T23:00:00Z,South Florida Bulls,Miami Hurricanes,2024-09-21T20:55:38Z,bovada,Elijah Arroyo,3.5,125.0,-165.0
2024,adb02203b80cbea2096cad939e7a7094,2024-09-21T23:00:00Z,South Florida Bulls,Miami Hurricanes,2024-09-21T20:55:38Z,bovada,Jacolby George,4.5,120.0,-160.0
2024,adb02203b80cbea2096cad939e7a7094,2024-09-21T23:00:00Z,South Florida Bulls,Miami Hurricanes,2024-09-21T20:55:38Z,bovada,Sean Atkins,4.5,100.0,-130.0
2024,adb02203b80cbea2096cad939e7a7094,2024-09-21T23:00:00Z,South Florida Bulls,Miami Hurricanes,2024-09-21T20:55:38Z,bovada,Xavier Restrepo,5.5,-120.0,-110.0
2024,874e92594c46cb8021d5b91dabbf27c3,2024-09-21T23:00:00Z,Washington Huskies,Northwestern Wildcats,2024-09-21T20:55:38Z,bovada,A.J. Henning,4.5,110.0,-145.0
2024,874e92594c46cb8021d5b91dabbf27c3,2024-09-21T23:00:00Z,Washington Huskies,Northwestern Wildcats,2024-09-21T20:55:38Z,bovada,Bryce Kirtz,3.5,115.0,-150.0
2024,874e92594c46cb8021d5b91dabbf27c3,2024-09-21T23:00:00Z,Washington Huskies,Northwestern Wildcats,2024-09-21T20:55:38Z,bovada,Cam Porter,1.5,115.0,-150.0
2024,874e92594c46cb8021d5b91dabbf27c3,2024-09-21T23:00:00Z,Washington Huskies,Northwestern Wildcats,2024-09-21T20:55:38Z,bovada,Denzel Boston,4.5,105.0,-135.0
2024,874e92594c46cb8021d5b91dabbf27c3,2024-09-21T23:00:00Z,Washington Huskies,Northwestern Wildcats,2024-09-21T20:55:38Z,bovada,Giles Jackson,6.5,-145.0,110.0
2024,874e92594c46cb8021d5b91dabbf27c3,2024-09-21T23:00:00Z,Washington Huskies,Northwestern Wildcats,2024-09-21T20:55:38Z,bovada,Jeremiah Hunter,2.5,-165.0,125.0
2024,874e92594c46cb8021d5b91dabbf27c3,2024-09-21T23:00:00Z,Washington Huskies,Northwestern Wildcats,2024-09-21T20:55:38Z,bovada,Jonah Coleman,2.5,-105.0,-125.0
2024,874e92594c46cb8021d5b91dabbf27c3,2024-09-21T23:00:00Z,Washington Huskies,Northwestern Wildcats,2024-09-21T20:55:38Z,bovada,Marshall Lang,1.5,130.0,-170.0
2024,874e92594c46cb8021d5b91dabbf27c3,2024-09-21T23:00:00Z,Washington Huskies,Northwestern Wildcats,2024-09-21T20:55:38Z,bovada,Thomas Gordon,1.5,145.0,-190.0
2024,1319cf706a2f4c7e697a279277655a8d,2024-09-21T23:30:00Z,Minnesota Golden Gophers,Iowa Hawkeyes,2024-09-21T21:25:38Z,bovada,Daniel Jackson,3.5,-165.0,125.0
2024,1319cf706a2f4c7e697a279277655a8d,2024-09-21T23:30:00Z,Minnesota Golden Gophers,Iowa Hawkeyes,2024-09-21T21:25:38Z,bovada,Darius Taylor,2.5,-120.0,-110.0
2024,1319cf706a2f4c7e697a279277655a8d,2024-09-21T23:30:00Z,Minnesota Golden Gophers,Iowa Hawkeyes,2024-09-21T21:25:38Z,bovada,Elijah Spencer,2.5,115.0,-150.0
2024,1319cf706a2f4c7e697a279277655a8d,2024-09-21T23:30:00Z,Minnesota Golden Gophers,Iowa Hawkeyes,2024-09-21T21:25:38Z,bovada,Jacob Gill,2.5,-115.0,-115.0
2024,1319cf706a2f4c7e697a279277655a8d,2024-09-21T23:30:00Z,Minnesota Golden Gophers,Iowa Hawkeyes,2024-09-21T21:25:38Z,bovada,Jameson Geers,1.5,110.0,-145.0
2024,1319cf706a2f4c7e697a279277655a8d,2024-09-21T23:30:00Z,Minnesota Golden Gophers,Iowa Hawkeyes,2024-09-21T21:25:38Z,bovada,Kaleb Johnson,1.5,130.0,-170.0
2024,1319cf706a2f4c7e697a279277655a8d,2024-09-21T23:30:00Z,Minnesota Golden Gophers,Iowa Hawkeyes,2024-09-21T21:25:38Z,bovada,Luke Lachey,2.5,-135.0,105.0
2024,1319cf706a2f4c7e697a279277655a8d,2024-09-21T23:30:00Z,Minnesota Golden Gophers,Iowa Hawkeyes,2024-09-21T21:25:38Z,bovada,Reece Vander Zee,2.5,130.0,-170.0
2024,2603ecc743ccc0d388aad523d4b59bf0,2024-09-21T23:30:00Z,Oklahoma Sooners,Tennessee Volunteers,2024-09-21T21:25:38Z,bovada,Bauer Sharp,2.5,-130.0,100.0
2024,2603ecc743ccc0d388aad523d4b59bf0,2024-09-21T23:30:00Z,Oklahoma Sooners,Tennessee Volunteers,2024-09-21T21:25:38Z,bovada,Bru McCoy,2.5,-180.0,135.0
2024,2603ecc743ccc0d388aad523d4b59bf0,2024-09-21T23:30:00Z,Oklahoma Sooners,Tennessee Volunteers,2024-09-21T21:25:38Z,bovada,Chris Brazzell II,3.5,-105.0,-125.0
2024,2603ecc743ccc0d388aad523d4b59bf0,2024-09-21T23:30:00Z,Oklahoma Sooners,Tennessee Volunteers,2024-09-21T21:25:38Z,bovada,Deion Burks,5.5,-135.0,105.0
2024,2603ecc743ccc0d388aad523d4b59bf0,2024-09-21T23:30:00Z,Oklahoma Sooners,Tennessee Volunteers,2024-09-21T21:25:38Z,bovada,Dylan Sampson,1.5,-190.0,145.0
2024,2603ecc743ccc0d388aad523d4b59bf0,2024-09-21T23:30:00Z,Oklahoma Sooners,Tennessee Volunteers,2024-09-21T21:25:38Z,bovada,Nic Anderson,4.5,125.0,-165.0
2024,2603ecc743ccc0d388aad523d4b59bf0,2024-09-21T23:30:00Z,Oklahoma Sooners,Tennessee Volunteers,2024-09-21T21:25:38Z,bovada,Squirrel White,3.5,-105.0,-125.0
2024,2603ecc743ccc0d388aad523d4b59bf0,2024-09-21T23:30:00Z,Oklahoma Sooners,Tennessee Volunteers,2024-09-21T21:25:38Z,fanduel,Deion Burks,5.5,-128.0,-102.0
2024,2603ecc743ccc0d388aad523d4b59bf0,2024-09-21T23:30:00Z,Oklahoma Sooners,Tennessee Volunteers,2024-09-21T21:25:38Z,fanduel,Chris Brazzell II,3.5,102.0,-132.0
2024,2603ecc743ccc0d388aad523d4b59bf0,2024-09-21T23:30:00Z,Oklahoma Sooners,Tennessee Volunteers,2024-09-21T21:25:38Z,fanduel,Bru McCoy,3.5,126.0,-165.0
2024,2603ecc743ccc0d388aad523d4b59bf0,2024-09-21T23:30:00Z,Oklahoma Sooners,Tennessee Volunteers,2024-09-21T21:25:38Z,fanduel,Nic Anderson,4.5,130.0,-170.0
2024,2603ecc743ccc0d388aad523d4b59bf0,2024-09-21T23:30:00Z,Oklahoma Sooners,Tennessee Volunteers,2024-09-21T21:25:38Z,fanduel,Squirrel White,3.5,-114.0,-114.0
2024,72afd4ee223ca68955d8d621130261ea,2024-09-22T00:00:00Z,Colorado Buffaloes,Baylor Bears,2024-09-21T21:55:38Z,bovada,Jimmy Horn Jr.,4.5,-115.0,-115.0
2024,72afd4ee223ca68955d8d621130261ea,2024-09-22T00:00:00Z,Colorado Buffaloes,Baylor Bears,2024-09-21T21:55:38Z,bovada,Travis Hunter,7.5,-105.0,-125.0
2024,72afd4ee223ca68955d8d621130261ea,2024-09-22T00:00:00Z,Colorado Buffaloes,Baylor Bears,2024-09-21T21:55:38Z,bovada,Will Sheppard,3.5,105.0,-135.0
2024,9701db391e6189374476ac205fa0674a,2024-09-22T00:00:00Z,Boston College Eagles,Michigan State Spartans,2024-09-21T21:55:38Z,bovada,Jack Velling,2.5,100.0,-130.0
2024,9701db391e6189374476ac205fa0674a,2024-09-22T00:00:00Z,Boston College Eagles,Michigan State Spartans,2024-09-21T21:55:38Z,bovada,Jaedn Skeete,2.5,-110.0,-120.0
2024,9701db391e6189374476ac205fa0674a,2024-09-22T00:00:00Z,Boston College Eagles,Michigan State Spartans,2024-09-21T21:55:38Z,bovada,Lewis Bond,4.5,135.0,-180.0
2024,9701db391e6189374476ac205fa0674a,2024-09-22T00:00:00Z,Boston College Eagles,Michigan State Spartans,2024-09-21T21:55:38Z,bovada,Montorie Foster Jr.,4.5,120.0,-160.0
2024,9e487e3f3a8493e4385bcdba59e9e28c,2024-09-22T00:30:00Z,Oregon State Beavers,Purdue Boilermakers,2024-09-21T22:25:38Z,bovada,Jahmal Edrine,3.5,135.0,-180.0
2024,9e487e3f3a8493e4385bcdba59e9e28c,2024-09-22T00:30:00Z,Oregon State Beavers,Purdue Boilermakers,2024-09-21T22:25:38Z,bovada,Jaron Tibbs,2.5,125.0,-165.0
2024,9e487e3f3a8493e4385bcdba59e9e28c,2024-09-22T00:30:00Z,Oregon State Beavers,Purdue Boilermakers,2024-09-21T22:25:38Z,bovada,Max Klare,2.5,-185.0,140.0
2024,9e487e3f3a8493e4385bcdba59e9e28c,2024-09-22T00:30:00Z,Oregon State Beavers,Purdue Boilermakers,2024-09-21T22:25:38Z,bovada,Taz Reddicks,2.5,-165.0,125.0
2024,9e487e3f3a8493e4385bcdba59e9e28c,2024-09-22T00:30:00Z,Oregon State Beavers,Purdue Boilermakers,2024-09-21T22:25:38Z,bovada,Trent Walker,6.5,110.0,-145.0
2024,55cf76bfadb791ce7b75e04571993f7c,2024-09-22T02:30:00Z,BYU Cougars,Kansas State Wildcats,2024-09-22T00:25:38Z,bovada,Chase Roberts,3.5,-150.0,115.0
2024,55cf76bfadb791ce7b75e04571993f7c,2024-09-22T02:30:00Z,BYU Cougars,Kansas State Wildcats,2024-09-22T00:25:38Z,bovada,Darius Lassiter,2.5,-150.0,115.0
2024,55cf76bfadb791ce7b75e04571993f7c,2024-09-22T02:30:00Z,BYU Cougars,Kansas State Wildcats,2024-09-22T00:25:38Z,bovada,DJ Giddens,1.5,-165.0,125.0
2024,55cf76bfadb791ce7b75e04571993f7c,2024-09-22T02:30:00Z,BYU Cougars,Kansas State Wildcats,2024-09-22T00:25:38Z,bovada,Jayce Brown,4.5,135.0,-180.0
2024,680b41c2022e66bdfb559acad2ccb7cb,2024-09-27T23:30:00Z,Miami Hurricanes,Virginia Tech Hokies,2024-09-27T21:25:39Z,bovada,Da'Quan Felton,2.5,105.0,-135.0
2024,680b41c2022e66bdfb559acad2ccb7cb,2024-09-27T23:30:00Z,Miami Hurricanes,Virginia Tech Hokies,2024-09-27T21:25:39Z,bovada,Isaiah Horton,3.5,-105.0,-125.0
2024,680b41c2022e66bdfb559acad2ccb7cb,2024-09-27T23:30:00Z,Miami Hurricanes,Virginia Tech Hokies,2024-09-27T21:25:39Z,bovada,Jacolby George,3.5,100.0,-130.0
2024,680b41c2022e66bdfb559acad2ccb7cb,2024-09-27T23:30:00Z,Miami Hurricanes,Virginia Tech Hokies,2024-09-27T21:25:39Z,bovada,Jaylin Lane,3.5,-110.0,-120.0
2024,680b41c2022e66bdfb559acad2ccb7cb,2024-09-27T23:30:00Z,Miami Hurricanes,Virginia Tech Hokies,2024-09-27T21:25:39Z,bovada,Samuel Brown,3.5,-105.0,-125.0
2024,680b41c2022e66bdfb559acad2ccb7cb,2024-09-27T23:30:00Z,Miami Hurricanes,Virginia Tech Hokies,2024-09-27T21:25:39Z,bovada,Xavier Restrepo,5.5,-115.0,-115.0
2024,680b41c2022e66bdfb559acad2ccb7cb,2024-09-27T23:30:00Z,Miami Hurricanes,Virginia Tech Hokies,2024-09-27T21:25:39Z,fanduel,Xavier Restrepo,6.5,136.0,-178.0
2024,680b41c2022e66bdfb559acad2ccb7cb,2024-09-27T23:30:00Z,Miami Hurricanes,Virginia Tech Hokies,2024-09-27T21:25:39Z,fanduel,Jaylin Lane,3.5,-114.0,-114.0
2024,680b41c2022e66bdfb559acad2ccb7cb,2024-09-27T23:30:00Z,Miami Hurricanes,Virginia Tech Hokies,2024-09-27T21:25:39Z,fanduel,Samuel Brown,3.5,108.0,-140.0
2024,680b41c2022e66bdfb559acad2ccb7cb,2024-09-27T23:30:00Z,Miami Hurricanes,Virginia Tech Hokies,2024-09-27T21:25:39Z,fanduel,Jacolby George,3.5,122.0,-160.0
2024,680b41c2022e66bdfb559acad2ccb7cb,2024-09-27T23:30:00Z,Miami Hurricanes,Virginia Tech Hokies,2024-09-27T21:25:39Z,fanduel,Isaiah Horton,3.5,-108.0,-120.0
2024,1b30b07ed8b4fa5ad9002f5dd9597bb4,2024-09-28T00:00:00Z,Rutgers Scarlet Knights,Washington Huskies,2024-09-27T21:55:39Z,bovada,Denzel Boston,5.5,125.0,-165.0
2024,1b30b07ed8b4fa5ad9002f5dd9597bb4,2024-09-28T00:00:00Z,Rutgers Scarlet Knights,Washington Huskies,2024-09-27T21:55:39Z,bovada,Giles Jackson,5.5,110.0,-145.0
2024,1b30b07ed8b4fa5ad9002f5dd9597bb4,2024-09-28T00:00:00Z,Rutgers Scarlet Knights,Washington Huskies,2024-09-27T21:55:39Z,bovada,Jeremiah Hunter,3.5,115.0,-150.0
2024,1b30b07ed8b4fa5ad9002f5dd9597bb4,2024-09-28T00:00:00Z,Rutgers Scarlet Knights,Washington Huskies,2024-09-27T21:55:39Z,bovada,Jonah Coleman,2.5,-130.0,100.0
2024,1b30b07ed8b4fa5ad9002f5dd9597bb4,2024-09-28T00:00:00Z,Rutgers Scarlet Knights,Washington Huskies,2024-09-27T21:55:39Z,bovada,Keleki Latu,2.5,-130.0,100.0
2024,361f4da79d038dd85314ff1af5a53738,2024-09-28T16:00:00Z,Indiana Hoosiers,Maryland Terrapins,2024-09-28T13:55:38Z,bovada,Elijah Sarratt,3.5,-160.0,120.0
2024,361f4da79d038dd85314ff1af5a53738,2024-09-28T16:00:00Z,Indiana Hoosiers,Maryland Terrapins,2024-09-28T13:55:38Z,bovada,Kaden Prather,3.5,100.0,-130.0
2024,361f4da79d038dd85314ff1af5a53738,2024-09-28T16:00:00Z,Indiana Hoosiers,Maryland Terrapins,2024-09-28T13:55:38Z,bovada,Miles Cross,2.5,-135.0,105.0
2024,361f4da79d038dd85314ff1af5a53738,2024-09-28T16:00:00Z,Indiana Hoosiers,Maryland Terrapins,2024-09-28T13:55:38Z,bovada,Myles Price,2.5,120.0,-160.0
2024,361f4da79d038dd85314ff1af5a53738,2024-09-28T16:00:00Z,Indiana Hoosiers,Maryland Terrapins,2024-09-28T13:55:38Z,bovada,Roman Hemby,1.5,-105.0,-125.0
2024,361f4da79d038dd85314ff1af5a53738,2024-09-28T16:00:00Z,Indiana Hoosiers,Maryland Terrapins,2024-09-28T13:55:38Z,bovada,Tai Felton,6.5,-110.0,-120.0
2024,411cf47f5fabdd934b0f317a24e75b62,2024-09-28T16:00:00Z,Kansas State Wildcats,Oklahoma State Cowboys,2024-09-28T13:55:38Z,bovada,Brennan Presley,6.5,-115.0,-115.0
2024,411cf47f5fabdd934b0f317a24e75b62,2024-09-28T16:00:00Z,Kansas State Wildcats,Oklahoma State Cowboys,2024-09-28T13:55:38Z,bovada,De'Zhaun Stribling,4.5,110.0,-145.0
2024,411cf47f5fabdd934b0f317a24e75b62,2024-09-28T16:00:00Z,Kansas State Wildcats,Oklahoma State Cowboys,2024-09-28T13:55:38Z,bovada,DJ Giddens,1.5,-135.0,105.0
2024,411cf47f5fabdd934b0f317a24e75b62,2024-09-28T16:00:00Z,Kansas State Wildcats,Oklahoma State Cowboys,2024-09-28T13:55:38Z,bovada,Jayce Brown,3.5,-115.0,-115.0
2024,411cf47f5fabdd934b0f317a24e75b62,2024-09-28T16:00:00Z,Kansas State Wildcats,Oklahoma State Cowboys,2024-09-28T13:55:38Z,bovada,Keagan Johnson,2.5,-115.0,-115.0
2024,411cf47f5fabdd934b0f317a24e75b62,2024-09-28T16:00:00Z,Kansas State Wildcats,Oklahoma State Cowboys,2024-09-28T13:55:38Z,bovada,Ollie Gordon II,2.5,-125.0,-105.0
2024,411cf47f5fabdd934b0f317a24e75b62,2024-09-28T16:00:00Z,Kansas State Wildcats,Oklahoma State Cowboys,2024-09-28T13:55:38Z,bovada,Rashod Owens,4.5,115.0,-150.0
2024,52e83c9a384a2cb325b83b4a666ab541,2024-09-28T16:00:00Z,Ole Miss Rebels,Kentucky Wildcats,2024-09-28T13:55:38Z,bovada,Antwane Wells Jr.,3.5,105.0,-135.0
2024,52e83c9a384a2cb325b83b4a666ab541,2024-09-28T16:00:00Z,Ole Miss Rebels,Kentucky Wildcats,2024-09-28T13:55:38Z,bovada,Barion Brown,2.5,-160.0,120.0
2024,52e83c9a384a2cb325b83b4a666ab541,2024-09-28T16:00:00Z,Ole Miss Rebels,Kentucky Wildcats,2024-09-28T13:55:38Z,bovada,Caden Prieskorn,2.5,-120.0,-110.0
2024,52e83c9a384a2cb325b83b4a666ab541,2024-09-28T16:00:00Z,Ole Miss Rebels,Kentucky Wildcats,2024-09-28T13:55:38Z,bovada,Cayden Lee,2.5,-115.0,-115.0
2024,52e83c9a384a2cb325b83b4a666ab541,2024-09-28T16:00:00Z,Ole Miss Rebels,Kentucky Wildcats,2024-09-28T13:55:38Z,bovada,Dane Key,3.5,105.0,-135.0
2024,52e83c9a384a2cb325b83b4a666ab541,2024-09-28T16:00:00Z,Ole Miss Rebels,Kentucky Wildcats,2024-09-28T13:55:38Z,bovada,Tre Harris,6.5,-125.0,-105.0
2024,f0d3d3bbe269e4db0ea36b532bdce193,2024-09-28T16:00:00Z,Michigan Wolverines,Minnesota Golden Gophers,2024-09-28T13:55:38Z,fanduel,Daniel Jackson,4.5,-114.0,-114.0
2024,f0d3d3bbe269e4db0ea36b532bdce193,2024-09-28T16:00:00Z,Michigan Wolverines,Minnesota Golden Gophers,2024-09-28T13:55:38Z,bovada,Daniel Jackson,4.5,-120.0,-110.0
2024,f0d3d3bbe269e4db0ea36b532bdce193,2024-09-28T16:00:00Z,Michigan Wolverines,Minnesota Golden Gophers,2024-09-28T13:55:38Z,bovada,Darius Taylor,2.5,150.0,-200.0
2024,f0d3d3bbe269e4db0ea36b532bdce193,2024-09-28T16:00:00Z,Michigan Wolverines,Minnesota Golden Gophers,2024-09-28T13:55:38Z,bovada,Le'Meke Brockington,1.5,-125.0,-105.0
2024,f57e89c320b97a1e1906c6a5673a016e,2024-09-28T16:00:00Z,Purdue Boilermakers,Nebraska Cornhuskers,2024-09-28T13:55:38Z,bovada,Dante Dowdell,1.5,155.0,-210.0
2024,f57e89c320b97a1e1906c6a5673a016e,2024-09-28T16:00:00Z,Purdue Boilermakers,Nebraska Cornhuskers,2024-09-28T13:55:38Z,bovada,Devin Mockobee,1.5,150.0,-200.0
2024,f57e89c320b97a1e1906c6a5673a016e,2024-09-28T16:00:00Z,Purdue Boilermakers,Nebraska Cornhuskers,2024-09-28T13:55:38Z,bovada,Isaiah Neyor,3.5,135.0,-180.0
2024,f57e89c320b97a1e1906c6a5673a016e,2024-09-28T16:00:00Z,Purdue Boilermakers,Nebraska Cornhuskers,2024-09-28T13:55:38Z,bovada,Jahmal Banks,3.5,-130.0,100.0
2024,f57e89c320b97a1e1906c6a5673a016e,2024-09-28T16:00:00Z,Purdue Boilermakers,Nebraska Cornhuskers,2024-09-28T13:55:38Z,bovada,Jaron Tibbs,2.5,150.0,-200.0
2024,f57e89c320b97a1e1906c6a5673a016e,2024-09-28T16:00:00Z,Purdue Boilermakers,Nebraska Cornhuskers,2024-09-28T13:55:38Z,bovada,Max Klare,3.5,120.0,-160.0
2024,f57e89c320b97a1e1906c6a5673a016e,2024-09-28T16:00:00Z,Purdue Boilermakers,Nebraska Cornhuskers,2024-09-28T13:55:38Z,bovada,Thomas Fidone II,1.5,-190.0,145.0
2024,95277bf5c9398a29acf35f1f0fecd95f,2024-09-28T16:00:00Z,Tulane Green Wave,South Florida Bulls,2024-09-28T13:55:38Z,bovada,Sean Atkins,5.5,-105.0,-125.0
2024,7c8da12dccf36e1e539f4ec0e9408a09,2024-09-28T19:30:00Z,Texas A&M Aggies,Arkansas Razorbacks,2024-09-28T17:25:38Z,bovada,Andrew Armstrong,4.5,-125.0,-105.0
2024,7c8da12dccf36e1e539f4ec0e9408a09,2024-09-28T19:30:00Z,Texas A&M Aggies,Arkansas Razorbacks,2024-09-28T17:25:38Z,bovada,Cyrus Allen,2.5,-125.0,-105.0
2024,7c8da12dccf36e1e539f4ec0e9408a09,2024-09-28T19:30:00Z,Texas A&M Aggies,Arkansas Razorbacks,2024-09-28T17:25:38Z,bovada,Luke Hasz,1.5,-180.0,135.0
2024,7c8da12dccf36e1e539f4ec0e9408a09,2024-09-28T19:30:00Z,Texas A&M Aggies,Arkansas Razorbacks,2024-09-28T17:25:38Z,bovada,Noah Thomas,2.5,-165.0,125.0
2024,036114d7a9ad265cb7eeb269e274a8ea,2024-09-28T19:30:00Z,Auburn Tigers,Oklahoma Sooners,2024-09-28T17:25:38Z,bovada,Cam Coleman,2.5,120.0,-160.0
2024,036114d7a9ad265cb7eeb269e274a8ea,2024-09-28T19:30:00Z,Auburn Tigers,Oklahoma Sooners,2024-09-28T17:25:38Z,bovada,Jaquaize Pettaway,2.5,-145.0,110.0
2024,036114d7a9ad265cb7eeb269e274a8ea,2024-09-28T19:30:00Z,Auburn Tigers,Oklahoma Sooners,2024-09-28T17:25:38Z,bovada,KeAndre Lambert-Smith,2.5,-150.0,115.0
2024,036114d7a9ad265cb7eeb269e274a8ea,2024-09-28T19:30:00Z,Auburn Tigers,Oklahoma Sooners,2024-09-28T17:25:38Z,bovada,Rivaldo Fairweather,2.5,-120.0,-110.0
2024,9363deed7f7b482bfd66be094b8e0d7e,2024-09-28T19:30:00Z,UCF Knights,Colorado Buffaloes,2024-09-28T17:25:38Z,fanduel,Kobe Hudson,4.5,-102.0,-128.0
2024,9363deed7f7b482bfd66be094b8e0d7e,2024-09-28T19:30:00Z,UCF Knights,Colorado Buffaloes,2024-09-28T17:25:38Z,fanduel,LaJohntay Wester,5.5,126.0,-165.0
2024,9363deed7f7b482bfd66be094b8e0d7e,2024-09-28T19:30:00Z,UCF Knights,Colorado Buffaloes,2024-09-28T17:25:38Z,fanduel,Travis Hunter,7.5,-120.0,-108.0
2024,9363deed7f7b482bfd66be094b8e0d7e,2024-09-28T19:30:00Z,UCF Knights,Colorado Buffaloes,2024-09-28T17:25:38Z,fanduel,Jimmy Horn Jr.,4.5,-108.0,-120.0
2024,9363deed7f7b482bfd66be094b8e0d7e,2024-09-28T19:30:00Z,UCF Knights,Colorado Buffaloes,2024-09-28T17:25:38Z,bovada,Jimmy Horn Jr.,4.5,-115.0,-115.0
2024,9363deed7f7b482bfd66be094b8e0d7e,2024-09-28T19:30:00Z,UCF Knights,Colorado Buffaloes,2024-09-28T17:25:38Z,bovada,Kobe Hudson,4.5,120.0,-160.0
2024,9363deed7f7b482bfd66be094b8e0d7e,2024-09-28T19:30:00Z,UCF Knights,Colorado Buffaloes,2024-09-28T17:25:38Z,bovada,LaJohntay Wester,5.5,120.0,-160.0
2024,9363deed7f7b482bfd66be094b8e0d7e,2024-09-28T19:30:00Z,UCF Knights,Colorado Buffaloes,2024-09-28T17:25:38Z,bovada,Travis Hunter,7.5,-110.0,-120.0
2024,9363deed7f7b482bfd66be094b8e0d7e,2024-09-28T19:30:00Z,UCF Knights,Colorado Buffaloes,2024-09-28T17:25:38Z,bovada,Will Sheppard,3.5,100.0,-130.0
2024,5d016550a91725ca7a6da5ff11139302,2024-09-28T19:30:00Z,Kansas Jayhawks,TCU Horned Frogs,2024-09-28T17:25:38Z,bovada,Lawrence Arnold,3.5,100.0,-130.0
2024,5d016550a91725ca7a6da5ff11139302,2024-09-28T19:30:00Z,Kansas Jayhawks,TCU Horned Frogs,2024-09-28T17:25:38Z,bovada,Luke Grimm,4.5,-120.0,-110.0
2024,4dfb453270e92971df96bf61232cfa09,2024-09-28T19:30:00Z,Wake Forest Demon Deacons,Louisiana Ragin Cajuns,2024-09-28T17:25:38Z,bovada,Horatio Fields,2.5,-130.0,100.0
2024,4dfb453270e92971df96bf61232cfa09,2024-09-28T19:30:00Z,Wake Forest Demon Deacons,Louisiana Ragin Cajuns,2024-09-28T17:25:38Z,bovada,Jacob Bernard,3.5,-130.0,100.0
2024,4dfb453270e92971df96bf61232cfa09,2024-09-28T19:30:00Z,Wake Forest Demon Deacons,Louisiana Ragin Cajuns,2024-09-28T17:25:38Z,bovada,Taylor Morin,5.5,-150.0,115.0
2024,66d439ee905633bda3e1b6d9f2f9a2ed,2024-09-28T19:30:00Z,Notre Dame Fighting Irish,Louisville Cardinals,2024-09-28T17:25:38Z,fanduel,Ja'Corey Brooks,5.5,-114.0,-114.0
2024,66d439ee905633bda3e1b6d9f2f9a2ed,2024-09-28T19:30:00Z,Notre Dame Fighting Irish,Louisville Cardinals,2024-09-28T17:25:38Z,fanduel,Chris Bell,2.5,-140.0,108.0
2024,66d439ee905633bda3e1b6d9f2f9a2ed,2024-09-28T19:30:00Z,Notre Dame Fighting Irish,Louisville Cardinals,2024-09-28T17:25:38Z,fanduel,Beaux Collins,3.5,-108.0,-120.0
2024,66d439ee905633bda3e1b6d9f2f9a2ed,2024-09-28T19:30:00Z,Notre Dame Fighting Irish,Louisville Cardinals,2024-09-28T17:25:38Z,bovada,Beaux Collins,3.5,-110.0,-120.0
2024,66d439ee905633bda3e1b6d9f2f9a2ed,2024-09-28T19:30:00Z,Notre Dame Fighting Irish,Louisville Cardinals,2024-09-28T17:25:38Z,bovada,Ja'Corey Brooks,5.5,-115.0,-115.0
2024,66d439ee905633bda3e1b6d9f2f9a2ed,2024-09-28T19:30:00Z,Notre Dame Fighting Irish,Louisville Cardinals,2024-09-28T17:25:38Z,bovada,Jeremiyah Love,1.5,-120.0,-110.0
2024,66d439ee905633bda3e1b6d9f2f9a2ed,2024-09-28T19:30:00Z,Notre Dame Fighting Irish,Louisville Cardinals,2024-09-28T17:25:38Z,bovada,Kris Mitchell,2.5,120.0,-160.0
2024,1b881f215165d0f01a4d1187525d70aa,2024-09-28T19:30:00Z,USC Trojans,Wisconsin Badgers,2024-09-28T17:25:38Z,fanduel,Will Pauling,4.5,-184.0,140.0
2024,1b881f215165d0f01a4d1187525d70aa,2024-09-28T19:30:00Z,USC Trojans,Wisconsin Badgers,2024-09-28T17:25:38Z,fanduel,Zachariah Branch,4.5,-146.0,112.0
2024,1b881f215165d0f01a4d1187525d70aa,2024-09-28T19:30:00Z,USC Trojans,Wisconsin Badgers,2024-09-28T17:25:38Z,bovada,Bryson Green,2.5,-115.0,-115.0
2024,1b881f215165d0f01a4d1187525d70aa,2024-09-28T19:30:00Z,USC Trojans,Wisconsin Badgers,2024-09-28T17:25:38Z,bovada,Ja'Kobi Lane,3.5,135.0,-180.0
2024,1b881f215165d0f01a4d1187525d70aa,2024-09-28T19:30:00Z,USC Trojans,Wisconsin Badgers,2024-09-28T17:25:38Z,bovada,Woody Marks,3.5,-115.0,-115.0
2024,1b881f215165d0f01a4d1187525d70aa,2024-09-28T19:30:00Z,USC Trojans,Wisconsin Badgers,2024-09-28T17:25:38Z,bovada,Kyron Hudson,2.5,-180.0,135.0
2024,1b881f215165d0f01a4d1187525d70aa,2024-09-28T19:30:00Z,USC Trojans,Wisconsin Badgers,2024-09-28T17:25:38Z,bovada,Vinny Anthony II,1.5,-185.0,140.0
2024,1b881f215165d0f01a4d1187525d70aa,2024-09-28T19:30:00Z,USC Trojans,Wisconsin Badgers,2024-09-28T17:25:38Z,bovada,Will Pauling,4.5,-185.0,140.0
2024,1b881f215165d0f01a4d1187525d70aa,2024-09-28T19:30:00Z,USC Trojans,Wisconsin Badgers,2024-09-28T17:25:38Z,bovada,Zachariah Branch,4.5,-145.0,110.0
2024,5742c3a8aa35e8d6dbbc2522570f3d7c,2024-09-28T20:00:00Z,Duke Blue Devils,North Carolina Tar Heels,2024-09-28T17:55:38Z,fanduel,Jordan Moore,5.5,116.0,-152.0
2024,5742c3a8aa35e8d6dbbc2522570f3d7c,2024-09-28T20:00:00Z,Duke Blue Devils,North Carolina Tar Heels,2024-09-28T17:55:38Z,bovada,Eli Pancol,2.5,-160.0,120.0
2024,5742c3a8aa35e8d6dbbc2522570f3d7c,2024-09-28T20:00:00Z,Duke Blue Devils,North Carolina Tar Heels,2024-09-28T17:55:38Z,bovada,J.J. Jones,3.5,-105.0,-125.0
2024,5742c3a8aa35e8d6dbbc2522570f3d7c,2024-09-28T20:00:00Z,Duke Blue Devils,North Carolina Tar Heels,2024-09-28T17:55:38Z,bovada,Sahmir Hagans,2.5,-115.0,-115.0
2024,f0ab6844d122b388e9b8eac92bc1b154,2024-09-28T20:15:00Z,Texas Longhorns,Mississippi State Bulldogs,2024-09-28T18:10:38Z,bovada,Kevin Coleman,3.5,-115.0,-115.0
2024,ccab62d689b7fa48fe8923801105f436,2024-09-28T23:30:00Z,Alabama Crimson Tide,Georgia Bulldogs,2024-09-28T21:25:40Z,fanduel,Dillon Bell,3.5,116.0,-152.0
2024,ccab62d689b7fa48fe8923801105f436,2024-09-28T23:30:00Z,Alabama Crimson Tide,Georgia Bulldogs,2024-09-28T21:25:40Z,fanduel,Trevor Etienne,2.5,102.0,-132.0
2024,ccab62d689b7fa48fe8923801105f436,2024-09-28T23:30:00Z,Alabama Crimson Tide,Georgia Bulldogs,2024-09-28T21:25:40Z,fanduel,Arian Smith,2.5,-146.0,112.0
2024,ccab62d689b7fa48fe8923801105f436,2024-09-28T23:30:00Z,Alabama Crimson Tide,Georgia Bulldogs,2024-09-28T21:25:40Z,fanduel,Germie Bernard,3.5,102.0,-132.0
2024,ccab62d689b7fa48fe8923801105f436,2024-09-28T23:30:00Z,Alabama Crimson Tide,Georgia Bulldogs,2024-09-28T21:25:40Z,fanduel,Kobe Prentice,1.5,-128.0,-102.0
2024,ccab62d689b7fa48fe8923801105f436,2024-09-28T23:30:00Z,Alabama Crimson Tide,Georgia Bulldogs,2024-09-28T21:25:40Z,fanduel,Oscar Delp,2.5,148.0,-196.0
2024,ccab62d689b7fa48fe8923801105f436,2024-09-28T23:30:00Z,Alabama Crimson Tide,Georgia Bulldogs,2024-09-28T21:25:40Z,fanduel,Dominic Lovett,4.5,122.0,-160.0
2024,ccab62d689b7fa48fe8923801105f436,2024-09-28T23:30:00Z,Alabama Crimson Tide,Georgia Bulldogs,2024-09-28T21:25:40Z,bovada,Arian Smith,3.5,105.0,-135.0
2024,ccab62d689b7fa48fe8923801105f436,2024-09-28T23:30:00Z,Alabama Crimson Tide,Georgia Bulldogs,2024-09-28T21:25:40Z,bovada,Dillon Bell,2.5,-165.0,125.0
2024,ccab62d689b7fa48fe8923801105f436,2024-09-28T23:30:00Z,Alabama Crimson Tide,Georgia Bulldogs,2024-09-28T21:25:40Z,bovada,Dominic Lovett,4.5,120.0,-160.0
2024,ccab62d689b7fa48fe8923801105f436,2024-09-28T23:30:00Z,Alabama Crimson Tide,Georgia Bulldogs,2024-09-28T21:25:40Z,bovada,Germie Bernard,3.5,100.0,-130.0
2024,ccab62d689b7fa48fe8923801105f436,2024-09-28T23:30:00Z,Alabama Crimson Tide,Georgia Bulldogs,2024-09-28T21:25:40Z,bovada,Kobe Prentice,1.5,-135.0,105.0
2024,ccab62d689b7fa48fe8923801105f436,2024-09-28T23:30:00Z,Alabama Crimson Tide,Georgia Bulldogs,2024-09-28T21:25:40Z,bovada,Oscar Delp,2.5,125.0,-165.0
2024,ccab62d689b7fa48fe8923801105f436,2024-09-28T23:30:00Z,Alabama Crimson Tide,Georgia Bulldogs,2024-09-28T21:25:40Z,bovada,Ryan Williams,3.5,-105.0,-125.0
2024,ccab62d689b7fa48fe8923801105f436,2024-09-28T23:30:00Z,Alabama Crimson Tide,Georgia Bulldogs,2024-09-28T21:25:40Z,bovada,Trevor Etienne,2.5,-115.0,-115.0
2024,089cfaec600efc7438564013e440ae07,2024-09-28T23:30:00Z,Penn State Nittany Lions,Illinois Fighting Illini,2024-09-28T21:25:40Z,fanduel,Pat Bryant,3.5,-146.0,112.0
2024,089cfaec600efc7438564013e440ae07,2024-09-28T23:30:00Z,Penn State Nittany Lions,Illinois Fighting Illini,2024-09-28T21:25:40Z,fanduel,Harrison Wallace III,2.5,-168.0,128.0
2024,089cfaec600efc7438564013e440ae07,2024-09-28T23:30:00Z,Penn State Nittany Lions,Illinois Fighting Illini,2024-09-28T21:25:40Z,fanduel,Zakhari Franklin,3.5,-120.0,-108.0
2024,089cfaec600efc7438564013e440ae07,2024-09-28T23:30:00Z,Penn State Nittany Lions,Illinois Fighting Illini,2024-09-28T21:25:40Z,fanduel,Tyler Warren,4.5,136.0,-178.0
2024,089cfaec600efc7438564013e440ae07,2024-09-28T23:30:00Z,Penn State Nittany Lions,Illinois Fighting Illini,2024-09-28T21:25:40Z,bovada,Collin Dixon,2.5,125.0,-165.0
2024,089cfaec600efc7438564013e440ae07,2024-09-28T23:30:00Z,Penn State Nittany Lions,Illinois Fighting Illini,2024-09-28T21:25:40Z,bovada,Harrison Wallace III,2.5,-160.0,120.0
2024,089cfaec600efc7438564013e440ae07,2024-09-28T23:30:00Z,Penn State Nittany Lions,Illinois Fighting Illini,2024-09-28T21:25:40Z,bovada,Nicholas Singleton,1.5,130.0,-170.0
2024,089cfaec600efc7438564013e440ae07,2024-09-28T23:30:00Z,Penn State Nittany Lions,Illinois Fighting Illini,2024-09-28T21:25:40Z,bovada,Omari Evans,2.5,-180.0,135.0
2024,089cfaec600efc7438564013e440ae07,2024-09-28T23:30:00Z,Penn State Nittany Lions,Illinois Fighting Illini,2024-09-28T21:25:40Z,bovada,Pat Bryant,3.5,-130.0,100.0
2024,089cfaec600efc7438564013e440ae07,2024-09-28T23:30:00Z,Penn State Nittany Lions,Illinois Fighting Illini,2024-09-28T21:25:40Z,bovada,Tyler Warren,3.5,-160.0,120.0
2024,089cfaec600efc7438564013e440ae07,2024-09-28T23:30:00Z,Penn State Nittany Lions,Illinois Fighting Illini,2024-09-28T21:25:40Z,bovada,Zakhari Franklin,3.5,-115.0,-115.0
2024,891df4bc12c5d981572121a81312997e,2024-09-28T23:30:00Z,Michigan State Spartans,Ohio State Buckeyes,2024-09-28T21:25:40Z,fanduel,Carnell Tate,3.5,136.0,-178.0
2024,891df4bc12c5d981572121a81312997e,2024-09-28T23:30:00Z,Michigan State Spartans,Ohio State Buckeyes,2024-09-28T21:25:40Z,fanduel,Jeremiah Smith,4.5,-128.0,-102.0
2024,891df4bc12c5d981572121a81312997e,2024-09-28T23:30:00Z,Michigan State Spartans,Ohio State Buckeyes,2024-09-28T21:25:40Z,fanduel,Emeka Egbuka,4.5,-128.0,-102.0
2024,891df4bc12c5d981572121a81312997e,2024-09-28T23:30:00Z,Michigan State Spartans,Ohio State Buckeyes,2024-09-28T21:25:40Z,bovada,Jeremiah Smith,4.5,-115.0,-115.0
2024,c670644c604d4a500367d8f3fd0dc528,2024-09-28T23:45:00Z,LSU Tigers,South Alabama Jaguars,2024-09-28T21:40:38Z,bovada,CJ Daniels,4.5,-105.0,-125.0
2024,c670644c604d4a500367d8f3fd0dc528,2024-09-28T23:45:00Z,LSU Tigers,South Alabama Jaguars,2024-09-28T21:40:38Z,bovada,Kyren Lacy,5.5,-115.0,-115.0
2024,c670644c604d4a500367d8f3fd0dc528,2024-09-28T23:45:00Z,LSU Tigers,South Alabama Jaguars,2024-09-28T21:40:38Z,bovada,Mason Taylor,4.5,-160.0,120.0
2024,b7f0adbc3ff86d4e7e70b682a511b30e,2024-09-29T00:00:00Z,SMU Mustangs,Florida State Seminoles,2024-09-28T21:55:38Z,bovada,Ja'Khi Douglas,3.5,105.0,-135.0
2024,b7f0adbc3ff86d4e7e70b682a511b30e,2024-09-29T00:00:00Z,SMU Mustangs,Florida State Seminoles,2024-09-28T21:55:38Z,bovada,Jake Bailey,2.5,-105.0,-125.0
2024,558ffafbe6501ef2ffce7e651f7c360d,2024-09-29T02:00:00Z,Boise State Broncos,Washington State Cougars,2024-09-28T23:55:38Z,fanduel,Kyle Williams,4.5,-130.0,100.0
2024,558ffafbe6501ef2ffce7e651f7c360d,2024-09-29T02:00:00Z,Boise State Broncos,Washington State Cougars,2024-09-28T23:55:38Z,fanduel,Cameron Camper,3.5,-168.0,128.0
2024,558ffafbe6501ef2ffce7e651f7c360d,2024-09-29T02:00:00Z,Boise State Broncos,Washington State Cougars,2024-09-28T23:55:38Z,fanduel,Kris Hutson,4.5,-152.0,116.0
2024,558ffafbe6501ef2ffce7e651f7c360d,2024-09-29T02:00:00Z,Boise State Broncos,Washington State Cougars,2024-09-28T23:55:38Z,bovada,Cameron Camper,3.5,-160.0,120.0
2024,558ffafbe6501ef2ffce7e651f7c360d,2024-09-29T02:00:00Z,Boise State Broncos,Washington State Cougars,2024-09-28T23:55:38Z,bovada,Josh Meredith,4.5,115.0,-150.0
2024,558ffafbe6501ef2ffce7e651f7c360d,2024-09-29T02:00:00Z,Boise State Broncos,Washington State Cougars,2024-09-28T23:55:38Z,bovada,Kris Hutson,4.5,-150.0,115.0
2024,558ffafbe6501ef2ffce7e651f7c360d,2024-09-29T02:00:00Z,Boise State Broncos,Washington State Cougars,2024-09-28T23:55:38Z,bovada,Kyle Williams,4.5,-130.0,100.0
2024,558ffafbe6501ef2ffce7e651f7c360d,2024-09-29T02:00:00Z,Boise State Broncos,Washington State Cougars,2024-09-28T23:55:38Z,bovada,Latrell Caples,3.5,110.0,-145.0
2024,3263eec38157d23d2bcf01dfaedf08ab,2024-09-29T02:15:00Z,Utah Utes,Arizona Wildcats,2024-09-29T00:10:38Z,bovada,Brant Kuithe,3.5,-115.0,-115.0
2024,3263eec38157d23d2bcf01dfaedf08ab,2024-09-29T02:15:00Z,Utah Utes,Arizona Wildcats,2024-09-29T00:10:38Z,bovada,Micah Bernard,1.5,100.0,-130.0
2024,3263eec38157d23d2bcf01dfaedf08ab,2024-09-29T02:15:00Z,Utah Utes,Arizona Wildcats,2024-09-29T00:10:38Z,bovada,Quali Conley,2.5,100.0,-130.0
2024,3263eec38157d23d2bcf01dfaedf08ab,2024-09-29T02:15:00Z,Utah Utes,Arizona Wildcats,2024-09-29T00:10:38Z,bovada,Tetairoa McMillan,6.5,-105.0,-125.0
2024,3263eec38157d23d2bcf01dfaedf08ab,2024-09-29T02:15:00Z,Utah Utes,Arizona Wildcats,2024-09-29T00:10:38Z,fanduel,Brant Kuithe,3.5,-114.0,-114.0
2024,3263eec38157d23d2bcf01dfaedf08ab,2024-09-29T02:15:00Z,Utah Utes,Arizona Wildcats,2024-09-29T00:10:38Z,fanduel,Tetairoa McMillan,6.5,108.0,-140.0
2024,3eb17941aef9319cb810e2a373d83d67,2024-09-29T03:00:00Z,UCLA Bruins,Oregon Ducks,2024-09-29T00:55:39Z,bovada,Evan Stewart,3.5,-115.0,-115.0
2024,3eb17941aef9319cb810e2a373d83d67,2024-09-29T03:00:00Z,UCLA Bruins,Oregon Ducks,2024-09-29T00:55:39Z,bovada,J.Michael Sturdivant,2.5,-115.0,-115.0
2024,3eb17941aef9319cb810e2a373d83d67,2024-09-29T03:00:00Z,UCLA Bruins,Oregon Ducks,2024-09-29T00:55:39Z,bovada,Jordan James,1.5,-120.0,-110.0
2024,3eb17941aef9319cb810e2a373d83d67,2024-09-29T03:00:00Z,UCLA Bruins,Oregon Ducks,2024-09-29T00:55:39Z,bovada,Moliki Matavao,2.5,105.0,-135.0
2024,3eb17941aef9319cb810e2a373d83d67,2024-09-29T03:00:00Z,UCLA Bruins,Oregon Ducks,2024-09-29T00:55:39Z,bovada,Rico Flores Jr.,2.5,-160.0,120.0
2024,3eb17941aef9319cb810e2a373d83d67,2024-09-29T03:00:00Z,UCLA Bruins,Oregon Ducks,2024-09-29T00:55:39Z,bovada,Terrance Ferguson,2.5,-135.0,105.0
2024,3eb17941aef9319cb810e2a373d83d67,2024-09-29T03:00:00Z,UCLA Bruins,Oregon Ducks,2024-09-29T00:55:39Z,bovada,Tez Johnson,5.5,-160.0,120.0
2024,3eb17941aef9319cb810e2a373d83d67,2024-09-29T03:00:00Z,UCLA Bruins,Oregon Ducks,2024-09-29T00:55:39Z,bovada,Traeshon Holden,3.5,-110.0,-120.0
2024,66c180153e4c6d591688c51581bc692f,2024-10-03T23:00:00Z,Troy Trojans,Texas State Bobcats,2024-10-03T20:55:39Z,fanduel,Jaden Williams,4.5,-164.0,125.0
2024,66c180153e4c6d591688c51581bc692f,2024-10-03T23:00:00Z,Troy Trojans,Texas State Bobcats,2024-10-03T20:55:39Z,fanduel,Joey Hobert,6.5,112.0,-146.0
2024,66c180153e4c6d591688c51581bc692f,2024-10-03T23:00:00Z,Troy Trojans,Texas State Bobcats,2024-10-03T20:55:39Z,bovada,Jaden Williams,4.5,-160.0,120.0
2024,66c180153e4c6d591688c51581bc692f,2024-10-03T23:00:00Z,Troy Trojans,Texas State Bobcats,2024-10-03T20:55:39Z,bovada,Joey Hobert,6.5,110.0,-145.0
2024,5419674ef3f4bae949329fa983d7760c,2024-10-04T23:30:00Z,TCU Horned Frogs,Houston Cougars,2024-10-04T21:25:39Z,fanduel,Eric McAlister,2.5,-168.0,128.0
2024,5419674ef3f4bae949329fa983d7760c,2024-10-04T23:30:00Z,TCU Horned Frogs,Houston Cougars,2024-10-04T21:25:39Z,fanduel,Jack Bech,5.5,-128.0,-102.0
2024,5419674ef3f4bae949329fa983d7760c,2024-10-04T23:30:00Z,TCU Horned Frogs,Houston Cougars,2024-10-04T21:25:39Z,fanduel,Savion Williams,3.5,-128.0,-102.0
2024,5419674ef3f4bae949329fa983d7760c,2024-10-04T23:30:00Z,TCU Horned Frogs,Houston Cougars,2024-10-04T21:25:39Z,fanduel,JP Richardson,3.5,-102.0,-128.0
2024,5419674ef3f4bae949329fa983d7760c,2024-10-04T23:30:00Z,TCU Horned Frogs,Houston Cougars,2024-10-04T21:25:39Z,bovada,Jack Bech,6.5,-115.0,-115.0
2024,5419674ef3f4bae949329fa983d7760c,2024-10-04T23:30:00Z,TCU Horned Frogs,Houston Cougars,2024-10-04T21:25:39Z,bovada,JP Richardson,3.5,-145.0,110.0
2024,5419674ef3f4bae949329fa983d7760c,2024-10-04T23:30:00Z,TCU Horned Frogs,Houston Cougars,2024-10-04T21:25:39Z,bovada,Savion Williams,3.5,-150.0,115.0
2024,5419674ef3f4bae949329fa983d7760c,2024-10-04T23:30:00Z,TCU Horned Frogs,Houston Cougars,2024-10-04T21:25:39Z,bovada,Stephon Johnson,3.5,105.0,-135.0
2024,f6976b59bd840fa975fd9af3c2c19fd2,2024-10-05T01:00:00Z,Oregon Ducks,Michigan State Spartans,2024-10-04T22:55:38Z,fanduel,Evan Stewart,3.5,-140.0,108.0
2024,f6976b59bd840fa975fd9af3c2c19fd2,2024-10-05T01:00:00Z,Oregon Ducks,Michigan State Spartans,2024-10-04T22:55:38Z,fanduel,Tez Johnson,7.5,-113.0,-115.0
2024,f6976b59bd840fa975fd9af3c2c19fd2,2024-10-05T01:00:00Z,Oregon Ducks,Michigan State Spartans,2024-10-04T22:55:38Z,fanduel,Montorie Foster Jr.,3.5,-108.0,-120.0
2024,f6976b59bd840fa975fd9af3c2c19fd2,2024-10-05T01:00:00Z,Oregon Ducks,Michigan State Spartans,2024-10-04T22:55:38Z,fanduel,Traeshon Holden,3.5,-146.0,112.0
2024,f6976b59bd840fa975fd9af3c2c19fd2,2024-10-05T01:00:00Z,Oregon Ducks,Michigan State Spartans,2024-10-04T22:55:38Z,bovada,Evan Stewart,3.5,-135.0,105.0
2024,f6976b59bd840fa975fd9af3c2c19fd2,2024-10-05T01:00:00Z,Oregon Ducks,Michigan State Spartans,2024-10-04T22:55:38Z,bovada,Jack Velling,2.5,-160.0,120.0
2024,f6976b59bd840fa975fd9af3c2c19fd2,2024-10-05T01:00:00Z,Oregon Ducks,Michigan State Spartans,2024-10-04T22:55:38Z,bovada,Jordan James,1.5,-130.0,100.0
2024,f6976b59bd840fa975fd9af3c2c19fd2,2024-10-05T01:00:00Z,Oregon Ducks,Michigan State Spartans,2024-10-04T22:55:38Z,bovada,Montorie Foster Jr.,3.5,-110.0,-120.0
2024,f6976b59bd840fa975fd9af3c2c19fd2,2024-10-05T01:00:00Z,Oregon Ducks,Michigan State Spartans,2024-10-04T22:55:38Z,bovada,Terrance Ferguson,2.5,-135.0,105.0
2024,f6976b59bd840fa975fd9af3c2c19fd2,2024-10-05T01:00:00Z,Oregon Ducks,Michigan State Spartans,2024-10-04T22:55:38Z,bovada,Tez Johnson,7.5,-125.0,-105.0
2024,f6976b59bd840fa975fd9af3c2c19fd2,2024-10-05T01:00:00Z,Oregon Ducks,Michigan State Spartans,2024-10-04T22:55:38Z,bovada,Traeshon Holden,3.5,-150.0,115.0
2024,c4c825dab388e0ef12316078205dc366,2024-10-05T01:00:00Z,UNLV Rebels,Syracuse Orange,2024-10-04T22:55:38Z,fanduel,Trebor Pena,4.5,-146.0,112.0
2024,c4c825dab388e0ef12316078205dc366,2024-10-05T01:00:00Z,UNLV Rebels,Syracuse Orange,2024-10-04T22:55:38Z,fanduel,Oronde Gadsden II,4.5,108.0,-140.0
2024,c4c825dab388e0ef12316078205dc366,2024-10-05T01:00:00Z,UNLV Rebels,Syracuse Orange,2024-10-04T22:55:38Z,fanduel,Jackson Meeks,3.5,-102.0,-128.0
2024,c4c825dab388e0ef12316078205dc366,2024-10-05T01:00:00Z,UNLV Rebels,Syracuse Orange,2024-10-04T22:55:38Z,fanduel,Umari Hatcher,3.5,102.0,-132.0
2024,c4c825dab388e0ef12316078205dc366,2024-10-05T01:00:00Z,UNLV Rebels,Syracuse Orange,2024-10-04T22:55:38Z,fanduel,Ricky White III,6.5,100.0,-130.0
2024,c4c825dab388e0ef12316078205dc366,2024-10-05T01:00:00Z,UNLV Rebels,Syracuse Orange,2024-10-04T22:55:38Z,bovada,Jackson Meeks,3.5,-110.0,-120.0
2024,c4c825dab388e0ef12316078205dc366,2024-10-05T01:00:00Z,UNLV Rebels,Syracuse Orange,2024-10-04T22:55:38Z,bovada,Oronde Gadsden II,4.5,100.0,-130.0
2024,c4c825dab388e0ef12316078205dc366,2024-10-05T01:00:00Z,UNLV Rebels,Syracuse Orange,2024-10-04T22:55:38Z,bovada,Ricky White III,6.5,-110.0,-120.0
2024,c4c825dab388e0ef12316078205dc366,2024-10-05T01:00:00Z,UNLV Rebels,Syracuse Orange,2024-10-04T22:55:38Z,bovada,Trebor Pena,4.5,-145.0,110.0
2024,c4c825dab388e0ef12316078205dc366,2024-10-05T01:00:00Z,UNLV Rebels,Syracuse Orange,2024-10-04T22:55:38Z,bovada,Umari Hatcher,3.5,-105.0,-125.0
2024,e75d27f24b331e66fd5b3fbc96c18682,2024-10-05T16:00:00Z,Virginia Cavaliers,Boston College Eagles,2024-10-05T13:55:38Z,bovada,Jaedn Skeete,2.5,-115.0,-115.0
2024,e75d27f24b331e66fd5b3fbc96c18682,2024-10-05T16:00:00Z,Virginia Cavaliers,Boston College Eagles,2024-10-05T13:55:38Z,bovada,Lewis Bond,4.5,-115.0,-115.0
2024,e75d27f24b331e66fd5b3fbc96c18682,2024-10-05T16:00:00Z,Virginia Cavaliers,Boston College Eagles,2024-10-05T13:55:38Z,bovada,Malachi Fields,5.5,-110.0,-120.0
2024,85c9b6470c260bc449e3a23e8106d6aa,2024-10-05T16:00:00Z,Louisville Cardinals,SMU Mustangs,2024-10-05T13:55:38Z,bovada,Chris Bell,3.5,115.0,-150.0
2024,85c9b6470c260bc449e3a23e8106d6aa,2024-10-05T16:00:00Z,Louisville Cardinals,SMU Mustangs,2024-10-05T13:55:38Z,bovada,Ja'Corey Brooks,4.5,-160.0,120.0
2024,85c9b6470c260bc449e3a23e8106d6aa,2024-10-05T16:00:00Z,Louisville Cardinals,SMU Mustangs,2024-10-05T13:55:38Z,bovada,Jake Bailey,2.5,-130.0,100.0
2024,42264009b99d6ca876978fe8b4b61992,2024-10-05T16:00:00Z,Texas A&M Aggies,Missouri Tigers,2024-10-05T13:55:38Z,bovada,Cyrus Allen,2.5,145.0,-190.0
2024,42264009b99d6ca876978fe8b4b61992,2024-10-05T16:00:00Z,Texas A&M Aggies,Missouri Tigers,2024-10-05T13:55:38Z,bovada,Luther Burden III,5.5,-160.0,120.0
2024,42264009b99d6ca876978fe8b4b61992,2024-10-05T16:00:00Z,Texas A&M Aggies,Missouri Tigers,2024-10-05T13:55:38Z,bovada,Noah Thomas,3.5,-105.0,-125.0
2024,42264009b99d6ca876978fe8b4b61992,2024-10-05T16:00:00Z,Texas A&M Aggies,Missouri Tigers,2024-10-05T13:55:38Z,bovada,Theo Wease Jr.,4.5,100.0,-130.0
2024,42264009b99d6ca876978fe8b4b61992,2024-10-05T16:00:00Z,Texas A&M Aggies,Missouri Tigers,2024-10-05T13:55:38Z,fanduel,Luther Burden III,5.5,-156.0,120.0
2024,5c429c89da3e026f5dad123052cb4194,2024-10-05T16:00:00Z,NC State Wolfpack,Wake Forest Demon Deacons,2024-10-05T13:55:38Z,bovada,Horatio Fields,2.5,-160.0,120.0
2024,5c429c89da3e026f5dad123052cb4194,2024-10-05T16:00:00Z,NC State Wolfpack,Wake Forest Demon Deacons,2024-10-05T13:55:38Z,bovada,Justin Joly,3.5,-115.0,-115.0
2024,5c429c89da3e026f5dad123052cb4194,2024-10-05T16:00:00Z,NC State Wolfpack,Wake Forest Demon Deacons,2024-10-05T13:55:38Z,bovada,Kevin Concepcion,5.5,-110.0,-120.0
2024,5c429c89da3e026f5dad123052cb4194,2024-10-05T16:00:00Z,NC State Wolfpack,Wake Forest Demon Deacons,2024-10-05T13:55:38Z,bovada,Taylor Morin,5.5,110.0,-145.0
2024,6b58f9b6a854fe9d6fc4d2d83cea9ac3,2024-10-05T16:00:00Z,North Carolina Tar Heels,Pittsburgh Panthers,2024-10-05T13:55:38Z,bovada,Bryson Nesbit,3.5,-135.0,105.0
2024,6b58f9b6a854fe9d6fc4d2d83cea9ac3,2024-10-05T16:00:00Z,North Carolina Tar Heels,Pittsburgh Panthers,2024-10-05T13:55:38Z,bovada,Gavin Bartholomew,2.5,-135.0,105.0
2024,6b58f9b6a854fe9d6fc4d2d83cea9ac3,2024-10-05T16:00:00Z,North Carolina Tar Heels,Pittsburgh Panthers,2024-10-05T13:55:38Z,bovada,J.J. Jones,4.5,-105.0,-125.0
2024,6b58f9b6a854fe9d6fc4d2d83cea9ac3,2024-10-05T16:00:00Z,North Carolina Tar Heels,Pittsburgh Panthers,2024-10-05T13:55:38Z,bovada,Konata Mumpfield,4.5,-135.0,105.0
2024,6b58f9b6a854fe9d6fc4d2d83cea9ac3,2024-10-05T16:00:00Z,North Carolina Tar Heels,Pittsburgh Panthers,2024-10-05T13:55:38Z,bovada,Raphael Williams Jr.,3.5,-105.0,-125.0
2024,dcbb136e7701ce747d059706c608ecdb,2024-10-05T16:00:00Z,Penn State Nittany Lions,UCLA Bruins,2024-10-05T13:55:38Z,bovada,Harrison Wallace III,2.5,-160.0,120.0
2024,dcbb136e7701ce747d059706c608ecdb,2024-10-05T16:00:00Z,Penn State Nittany Lions,UCLA Bruins,2024-10-05T13:55:38Z,bovada,Tyler Warren,3.5,-110.0,-120.0
2024,7f6db1890c120f15e6e68ec28cd5499d,2024-10-05T16:00:00Z,Wisconsin Badgers,Purdue Boilermakers,2024-10-05T13:55:38Z,bovada,Bryson Green,2.5,-135.0,105.0
2024,7f6db1890c120f15e6e68ec28cd5499d,2024-10-05T16:00:00Z,Wisconsin Badgers,Purdue Boilermakers,2024-10-05T13:55:38Z,bovada,Devin Mockobee,1.5,155.0,-210.0
2024,7f6db1890c120f15e6e68ec28cd5499d,2024-10-05T16:00:00Z,Wisconsin Badgers,Purdue Boilermakers,2024-10-05T13:55:38Z,bovada,Jaron Tibbs,2.5,-130.0,100.0
2024,7f6db1890c120f15e6e68ec28cd5499d,2024-10-05T16:00:00Z,Wisconsin Badgers,Purdue Boilermakers,2024-10-05T13:55:38Z,bovada,Max Klare,2.5,-180.0,135.0
2024,7f6db1890c120f15e6e68ec28cd5499d,2024-10-05T16:00:00Z,Wisconsin Badgers,Purdue Boilermakers,2024-10-05T13:55:38Z,bovada,Vinny Anthony II,2.5,-115.0,-115.0
2024,7f6db1890c120f15e6e68ec28cd5499d,2024-10-05T16:00:00Z,Wisconsin Badgers,Purdue Boilermakers,2024-10-05T13:55:38Z,bovada,Will Pauling,4.5,120.0,-160.0
2024,ed933ce5742a7a39fe660f44301f54d3,2024-10-05T19:30:00Z,Georgia Bulldogs,Auburn Tigers,2024-10-05T17:25:38Z,bovada,Arian Smith,3.5,-160.0,120.0
2024,ed933ce5742a7a39fe660f44301f54d3,2024-10-05T19:30:00Z,Georgia Bulldogs,Auburn Tigers,2024-10-05T17:25:38Z,bovada,Cam Coleman,2.5,-135.0,105.0
2024,ed933ce5742a7a39fe660f44301f54d3,2024-10-05T19:30:00Z,Georgia Bulldogs,Auburn Tigers,2024-10-05T17:25:38Z,bovada,Colbie Young,2.5,110.0,-145.0
2024,ed933ce5742a7a39fe660f44301f54d3,2024-10-05T19:30:00Z,Georgia Bulldogs,Auburn Tigers,2024-10-05T17:25:38Z,bovada,Dillon Bell,3.5,100.0,-130.0
2024,ed933ce5742a7a39fe660f44301f54d3,2024-10-05T19:30:00Z,Georgia Bulldogs,Auburn Tigers,2024-10-05T17:25:38Z,bovada,Dominic Lovett,4.5,-105.0,-125.0
2024,ed933ce5742a7a39fe660f44301f54d3,2024-10-05T19:30:00Z,Georgia Bulldogs,Auburn Tigers,2024-10-05T17:25:38Z,bovada,Jarquez Hunter,1.5,105.0,-135.0
2024,ed933ce5742a7a39fe660f44301f54d3,2024-10-05T19:30:00Z,Georgia Bulldogs,Auburn Tigers,2024-10-05T17:25:38Z,bovada,KeAndre Lambert-Smith,3.5,-110.0,-120.0
2024,ed933ce5742a7a39fe660f44301f54d3,2024-10-05T19:30:00Z,Georgia Bulldogs,Auburn Tigers,2024-10-05T17:25:38Z,bovada,Rivaldo Fairweather,2.5,-125.0,-105.0
2024,ed933ce5742a7a39fe660f44301f54d3,2024-10-05T19:30:00Z,Georgia Bulldogs,Auburn Tigers,2024-10-05T17:25:38Z,bovada,Trevor Etienne,1.5,-180.0,135.0
2024,b001ff30e8f373a70697f9e4b2d39bda,2024-10-05T19:30:00Z,Northwestern Wildcats,Indiana Hoosiers,2024-10-05T17:25:38Z,bovada,Elijah Sarratt,4.5,120.0,-160.0
2024,b001ff30e8f373a70697f9e4b2d39bda,2024-10-05T19:30:00Z,Northwestern Wildcats,Indiana Hoosiers,2024-10-05T17:25:38Z,bovada,Myles Price,2.5,-135.0,105.0
2024,b001ff30e8f373a70697f9e4b2d39bda,2024-10-05T19:30:00Z,Northwestern Wildcats,Indiana Hoosiers,2024-10-05T17:25:38Z,bovada,Omar Cooper Jr.,3.5,130.0,-170.0
2024,9cee431bd1c95e2e4b62a8f5912eae3b,2024-10-05T19:30:00Z,Ohio State Buckeyes,Iowa Hawkeyes,2024-10-05T17:25:38Z,bovada,Carnell Tate,3.5,120.0,-160.0
2024,9cee431bd1c95e2e4b62a8f5912eae3b,2024-10-05T19:30:00Z,Ohio State Buckeyes,Iowa Hawkeyes,2024-10-05T17:25:38Z,bovada,Emeka Egbuka,5.5,120.0,-160.0
2024,9cee431bd1c95e2e4b62a8f5912eae3b,2024-10-05T19:30:00Z,Ohio State Buckeyes,Iowa Hawkeyes,2024-10-05T17:25:38Z,bovada,Jacob Gill,1.5,-185.0,140.0
2024,9cee431bd1c95e2e4b62a8f5912eae3b,2024-10-05T19:30:00Z,Ohio State Buckeyes,Iowa Hawkeyes,2024-10-05T17:25:38Z,bovada,Jeremiah Smith,4.5,-115.0,-115.0
2024,9cee431bd1c95e2e4b62a8f5912eae3b,2024-10-05T19:30:00Z,Ohio State Buckeyes,Iowa Hawkeyes,2024-10-05T17:25:38Z,bovada,Kaleb Johnson,1.5,100.0,-130.0
2024,9cee431bd1c95e2e4b62a8f5912eae3b,2024-10-05T19:30:00Z,Ohio State Buckeyes,Iowa Hawkeyes,2024-10-05T17:25:38Z,bovada,Luke Lachey,2.5,120.0,-160.0
2024,9cee431bd1c95e2e4b62a8f5912eae3b,2024-10-05T19:30:00Z,Ohio State Buckeyes,Iowa Hawkeyes,2024-10-05T17:25:38Z,fanduel,Emeka Egbuka,5.5,136.0,-178.0
2024,9cee431bd1c95e2e4b62a8f5912eae3b,2024-10-05T19:30:00Z,Ohio State Buckeyes,Iowa Hawkeyes,2024-10-05T17:25:38Z,fanduel,Jeremiah Smith,4.5,-114.0,-114.0
2024,9cee431bd1c95e2e4b62a8f5912eae3b,2024-10-05T19:30:00Z,Ohio State Buckeyes,Iowa Hawkeyes,2024-10-05T17:25:38Z,fanduel,Carnell Tate,2.5,-128.0,-102.0
2024,0250b69b546214d4165601e64626828a,2024-10-05T20:00:00Z,Nebraska Cornhuskers,Rutgers Scarlet Knights,2024-10-05T17:55:38Z,bovada,Dymere Miller,3.5,130.0,-170.0
2024,0250b69b546214d4165601e64626828a,2024-10-05T20:00:00Z,Nebraska Cornhuskers,Rutgers Scarlet Knights,2024-10-05T17:55:38Z,bovada,Ian Strong,2.5,100.0,-130.0
2024,0250b69b546214d4165601e64626828a,2024-10-05T20:00:00Z,Nebraska Cornhuskers,Rutgers Scarlet Knights,2024-10-05T17:55:38Z,bovada,Isaiah Neyor,3.5,135.0,-180.0
2024,0250b69b546214d4165601e64626828a,2024-10-05T20:00:00Z,Nebraska Cornhuskers,Rutgers Scarlet Knights,2024-10-05T17:55:38Z,bovada,Jahmal Banks,2.5,-170.0,130.0
2024,0250b69b546214d4165601e64626828a,2024-10-05T20:00:00Z,Nebraska Cornhuskers,Rutgers Scarlet Knights,2024-10-05T17:55:38Z,bovada,Kenny Fletcher,2.5,100.0,-130.0
2024,0250b69b546214d4165601e64626828a,2024-10-05T20:00:00Z,Nebraska Cornhuskers,Rutgers Scarlet Knights,2024-10-05T17:55:38Z,bovada,Thomas Fidone II,1.5,-190.0,145.0
2024,ad2232b25e454da6240156485729b386,2024-10-05T20:00:00Z,Oklahoma State Cowboys,West Virginia Mountaineers,2024-10-05T17:55:38Z,bovada,Brennan Presley,6.5,-135.0,105.0
2024,ad2232b25e454da6240156485729b386,2024-10-05T20:00:00Z,Oklahoma State Cowboys,West Virginia Mountaineers,2024-10-05T17:55:38Z,bovada,De'Zhaun Stribling,4.5,-165.0,125.0
2024,ad2232b25e454da6240156485729b386,2024-10-05T20:00:00Z,Oklahoma State Cowboys,West Virginia Mountaineers,2024-10-05T17:55:38Z,bovada,Hudson Clement,3.5,-110.0,-120.0
2024,ad2232b25e454da6240156485729b386,2024-10-05T20:00:00Z,Oklahoma State Cowboys,West Virginia Mountaineers,2024-10-05T17:55:38Z,bovada,Kole Taylor,2.5,-185.0,140.0
2024,ad2232b25e454da6240156485729b386,2024-10-05T20:00:00Z,Oklahoma State Cowboys,West Virginia Mountaineers,2024-10-05T17:55:38Z,bovada,Ollie Gordon II,2.5,-130.0,100.0
2024,ad2232b25e454da6240156485729b386,2024-10-05T20:00:00Z,Oklahoma State Cowboys,West Virginia Mountaineers,2024-10-05T17:55:38Z,bovada,Rashod Owens,4.5,120.0,-160.0
2024,2e864b3f43fd089b568142ac6ebfd7c7,2024-10-05T20:15:00Z,Vanderbilt Commodores,Alabama Crimson Tide,2024-10-05T18:10:38Z,bovada,CJ Dippre,1.5,-180.0,135.0
2024,2e864b3f43fd089b568142ac6ebfd7c7,2024-10-05T20:15:00Z,Vanderbilt Commodores,Alabama Crimson Tide,2024-10-05T18:10:38Z,bovada,Eli Stowers,3.5,-145.0,110.0
2024,2e864b3f43fd089b568142ac6ebfd7c7,2024-10-05T20:15:00Z,Vanderbilt Commodores,Alabama Crimson Tide,2024-10-05T18:10:38Z,bovada,Germie Bernard,3.5,-160.0,120.0
2024,2e864b3f43fd089b568142ac6ebfd7c7,2024-10-05T20:15:00Z,Vanderbilt Commodores,Alabama Crimson Tide,2024-10-05T18:10:38Z,bovada,Junior Sherrill,2.5,145.0,-190.0
2024,2e864b3f43fd089b568142ac6ebfd7c7,2024-10-05T20:15:00Z,Vanderbilt Commodores,Alabama Crimson Tide,2024-10-05T18:10:38Z,bovada,Quincy Skinner Jr.,2.5,-150.0,115.0
2024,2e864b3f43fd089b568142ac6ebfd7c7,2024-10-05T20:15:00Z,Vanderbilt Commodores,Alabama Crimson Tide,2024-10-05T18:10:38Z,bovada,Ryan Williams,4.5,-120.0,-110.0
2024,eb474dffe17f94e7348f2c929fb38531,2024-10-05T22:30:00Z,Oregon State Beavers,Colorado State Rams,2024-10-05T20:25:38Z,bovada,Trent Walker,4.5,-115.0,-115.0
2024,f2dde4349858c89afe3cccea78f6950a,2024-10-05T23:00:00Z,Florida State Seminoles,Clemson Tigers,2024-10-05T20:55:38Z,bovada,Antonio Williams,3.5,-115.0,-115.0
2024,f2dde4349858c89afe3cccea78f6950a,2024-10-05T23:00:00Z,Florida State Seminoles,Clemson Tigers,2024-10-05T20:55:38Z,bovada,Ja'Khi Douglas,2.5,-115.0,-115.0
2024,f2dde4349858c89afe3cccea78f6950a,2024-10-05T23:00:00Z,Florida State Seminoles,Clemson Tigers,2024-10-05T20:55:38Z,bovada,Jake Briningstool,3.5,100.0,-130.0
2024,f2dde4349858c89afe3cccea78f6950a,2024-10-05T23:00:00Z,Florida State Seminoles,Clemson Tigers,2024-10-05T20:55:38Z,bovada,Malik Benson,2.5,100.0,-130.0
2024,4078833b7492708387929ba7d0bad2cb,2024-10-05T23:30:00Z,Arkansas Razorbacks,Tennessee Volunteers,2024-10-05T21:25:38Z,bovada,Andrew Armstrong,5.5,125.0,-165.0
2024,4078833b7492708387929ba7d0bad2cb,2024-10-05T23:30:00Z,Arkansas Razorbacks,Tennessee Volunteers,2024-10-05T21:25:38Z,bovada,Bru McCoy,3.5,125.0,-165.0
2024,4078833b7492708387929ba7d0bad2cb,2024-10-05T23:30:00Z,Arkansas Razorbacks,Tennessee Volunteers,2024-10-05T21:25:38Z,bovada,Chris Brazzell II,3.5,120.0,-160.0
2024,4078833b7492708387929ba7d0bad2cb,2024-10-05T23:30:00Z,Arkansas Razorbacks,Tennessee Volunteers,2024-10-05T21:25:38Z,bovada,Squirrel White,2.5,-160.0,120.0
2024,4078833b7492708387929ba7d0bad2cb,2024-10-05T23:30:00Z,Arkansas Razorbacks,Tennessee Volunteers,2024-10-05T21:25:38Z,bovada,Tyrone Broden,2.5,105.0,-135.0
2024,7ba6a0096b4e4cad36c53a8113cf69a8,2024-10-05T23:30:00Z,Iowa State Cyclones,Baylor Bears,2024-10-05T21:25:38Z,bovada,Hal Presley,3.5,125.0,-165.0
2024,7ba6a0096b4e4cad36c53a8113cf69a8,2024-10-05T23:30:00Z,Iowa State Cyclones,Baylor Bears,2024-10-05T21:25:38Z,bovada,Jayden Higgins,4.5,-150.0,115.0
2024,7ba6a0096b4e4cad36c53a8113cf69a8,2024-10-05T23:30:00Z,Iowa State Cyclones,Baylor Bears,2024-10-05T21:25:38Z,bovada,Jaylin Noel,3.5,-165.0,125.0
2024,7ba6a0096b4e4cad36c53a8113cf69a8,2024-10-05T23:30:00Z,Iowa State Cyclones,Baylor Bears,2024-10-05T21:25:38Z,bovada,Josh Cameron,3.5,110.0,-145.0
2024,e34e1ba3c038f2fb8739318355793866,2024-10-05T23:30:00Z,Washington Huskies,Michigan Wolverines,2024-10-05T21:25:38Z,bovada,Denzel Boston,5.5,125.0,-165.0
2024,e34e1ba3c038f2fb8739318355793866,2024-10-05T23:30:00Z,Washington Huskies,Michigan Wolverines,2024-10-05T21:25:38Z,bovada,Giles Jackson,4.5,-110.0,-120.0
2024,e34e1ba3c038f2fb8739318355793866,2024-10-05T23:30:00Z,Washington Huskies,Michigan Wolverines,2024-10-05T21:25:38Z,bovada,Jeremiah Hunter,2.5,-125.0,-105.0
2024,e34e1ba3c038f2fb8739318355793866,2024-10-05T23:30:00Z,Washington Huskies,Michigan Wolverines,2024-10-05T21:25:38Z,bovada,Jonah Coleman,2.5,-115.0,-115.0
2024,e34e1ba3c038f2fb8739318355793866,2024-10-05T23:30:00Z,Washington Huskies,Michigan Wolverines,2024-10-05T21:25:38Z,bovada,Keleki Latu,2.5,115.0,-150.0
2024,594f3ba810896ba537d2d825212606a3,2024-10-05T23:30:00Z,Minnesota Golden Gophers,USC Trojans,2024-10-05T21:25:38Z,bovada,Daniel Jackson,5.5,125.0,-165.0
2024,594f3ba810896ba537d2d825212606a3,2024-10-05T23:30:00Z,Minnesota Golden Gophers,USC Trojans,2024-10-05T21:25:38Z,bovada,Darius Taylor,4.5,120.0,-160.0
2024,594f3ba810896ba537d2d825212606a3,2024-10-05T23:30:00Z,Minnesota Golden Gophers,USC Trojans,2024-10-05T21:25:38Z,bovada,Elijah Spencer,3.5,135.0,-180.0
2024,594f3ba810896ba537d2d825212606a3,2024-10-05T23:30:00Z,Minnesota Golden Gophers,USC Trojans,2024-10-05T21:25:38Z,bovada,Ja'Kobi Lane,4.5,125.0,-165.0
2024,594f3ba810896ba537d2d825212606a3,2024-10-05T23:30:00Z,Minnesota Golden Gophers,USC Trojans,2024-10-05T21:25:38Z,bovada,Woody Marks,3.5,-135.0,105.0
2024,594f3ba810896ba537d2d825212606a3,2024-10-05T23:30:00Z,Minnesota Golden Gophers,USC Trojans,2024-10-05T21:25:38Z,bovada,Kyron Hudson,3.5,-130.0,100.0
2024,594f3ba810896ba537d2d825212606a3,2024-10-05T23:30:00Z,Minnesota Golden Gophers,USC Trojans,2024-10-05T21:25:38Z,bovada,Le'Meke Brockington,1.5,-190.0,145.0
2024,594f3ba810896ba537d2d825212606a3,2024-10-05T23:30:00Z,Minnesota Golden Gophers,USC Trojans,2024-10-05T21:25:38Z,bovada,Zachariah Branch,4.5,-115.0,-115.0
2024,705401f67271a5dac4e0606a289fa0bd,2024-10-05T23:45:00Z,Florida Gators,UCF Knights,2024-10-05T21:40:38Z,bovada,Chimere Dike,3.5,120.0,-160.0
2024,705401f67271a5dac4e0606a289fa0bd,2024-10-05T23:45:00Z,Florida Gators,UCF Knights,2024-10-05T21:40:38Z,bovada,Elijhah Badger,3.5,-115.0,-115.0
2024,705401f67271a5dac4e0606a289fa0bd,2024-10-05T23:45:00Z,Florida Gators,UCF Knights,2024-10-05T21:40:38Z,bovada,Randy Pittman Jr.,2.5,-120.0,-110.0
2024,705401f67271a5dac4e0606a289fa0bd,2024-10-05T23:45:00Z,Florida Gators,UCF Knights,2024-10-05T21:40:38Z,bovada,RJ Harvey,1.5,-125.0,-105.0
2024,e16bc69571f5c6a9c762abdd774fc23a,2024-10-06T00:00:00Z,Arizona State Sun Devils,Kansas Jayhawks,2024-10-05T21:55:38Z,bovada,Cam Skattebo,3.5,115.0,-150.0
2024,e16bc69571f5c6a9c762abdd774fc23a,2024-10-06T00:00:00Z,Arizona State Sun Devils,Kansas Jayhawks,2024-10-05T21:55:38Z,bovada,Chamon Metayer,2.5,-105.0,-125.0
2024,e16bc69571f5c6a9c762abdd774fc23a,2024-10-06T00:00:00Z,Arizona State Sun Devils,Kansas Jayhawks,2024-10-05T21:55:38Z,bovada,Jared Casey,1.5,-150.0,115.0
2024,e16bc69571f5c6a9c762abdd774fc23a,2024-10-06T00:00:00Z,Arizona State Sun Devils,Kansas Jayhawks,2024-10-05T21:55:38Z,bovada,Jordyn Tyson,3.5,-160.0,120.0
2024,e16bc69571f5c6a9c762abdd774fc23a,2024-10-06T00:00:00Z,Arizona State Sun Devils,Kansas Jayhawks,2024-10-05T21:55:38Z,bovada,Lawrence Arnold,3.5,130.0,-170.0
2024,e16bc69571f5c6a9c762abdd774fc23a,2024-10-06T00:00:00Z,Arizona State Sun Devils,Kansas Jayhawks,2024-10-05T21:55:38Z,bovada,Luke Grimm,4.5,135.0,-180.0
2024,e16bc69571f5c6a9c762abdd774fc23a,2024-10-06T00:00:00Z,Arizona State Sun Devils,Kansas Jayhawks,2024-10-05T21:55:38Z,bovada,Quentin Skinner,2.5,-160.0,120.0
2024,e16bc69571f5c6a9c762abdd774fc23a,2024-10-06T00:00:00Z,Arizona State Sun Devils,Kansas Jayhawks,2024-10-05T21:55:38Z,bovada,Xavier Guillory,2.5,-125.0,-105.0
2024,bef187e97bb37eae9df31e939cd79dbd,2024-10-06T00:00:00Z,Georgia Tech Yellow Jackets,Duke Blue Devils,2024-10-05T21:55:38Z,bovada,Eli Pancol,2.5,-120.0,-110.0
2024,bef187e97bb37eae9df31e939cd79dbd,2024-10-06T00:00:00Z,Georgia Tech Yellow Jackets,Duke Blue Devils,2024-10-05T21:55:38Z,bovada,Eric Singleton Jr,4.5,-160.0,120.0
2024,bef187e97bb37eae9df31e939cd79dbd,2024-10-06T00:00:00Z,Georgia Tech Yellow Jackets,Duke Blue Devils,2024-10-05T21:55:38Z,bovada,Jordan Moore,4.5,-165.0,125.0
2024,bef187e97bb37eae9df31e939cd79dbd,2024-10-06T00:00:00Z,Georgia Tech Yellow Jackets,Duke Blue Devils,2024-10-05T21:55:38Z,bovada,Malik Rutherford,5.5,-145.0,110.0
2024,e5dab5da9af89a576fbbbce9fb6d2d2e,2024-10-06T02:30:00Z,California Golden Bears,Miami Hurricanes,2024-10-06T00:25:38Z,fanduel,Xavier Restrepo,4.5,-138.0,106.0
2024,e5dab5da9af89a576fbbbce9fb6d2d2e,2024-10-06T02:30:00Z,California Golden Bears,Miami Hurricanes,2024-10-06T00:25:38Z,fanduel,Isaiah Horton,3.5,122.0,-160.0
2024,e5dab5da9af89a576fbbbce9fb6d2d2e,2024-10-06T02:30:00Z,California Golden Bears,Miami Hurricanes,2024-10-06T00:25:38Z,fanduel,Jacolby George,3.5,-108.0,-120.0
2024,e5dab5da9af89a576fbbbce9fb6d2d2e,2024-10-06T02:30:00Z,California Golden Bears,Miami Hurricanes,2024-10-06T00:25:38Z,fanduel,Samuel Brown,2.5,-152.0,116.0
2024,e5dab5da9af89a576fbbbce9fb6d2d2e,2024-10-06T02:30:00Z,California Golden Bears,Miami Hurricanes,2024-10-06T00:25:38Z,bovada,Jacolby George,3.5,-125.0,-105.0
2024,e5dab5da9af89a576fbbbce9fb6d2d2e,2024-10-06T02:30:00Z,California Golden Bears,Miami Hurricanes,2024-10-06T00:25:38Z,bovada,Nyziah Hunter,2.5,-185.0,140.0
2024,e5dab5da9af89a576fbbbce9fb6d2d2e,2024-10-06T02:30:00Z,California Golden Bears,Miami Hurricanes,2024-10-06T00:25:38Z,bovada,Xavier Restrepo,5.5,120.0,-160.0
2024,56571a2616e8a8595a87eae87514112f,2024-10-06T03:00:00Z,Arizona Wildcats,Texas Tech Red Raiders,2024-10-06T00:55:38Z,fanduel,Tetairoa McMillan,6.5,-146.0,112.0
2024,61e2b09b148c838745dd7e520719bdb9,2024-10-08T23:00:00Z,Liberty Flames,Florida International Panthers,2024-10-08T20:55:39Z,fanduel,Treon Sibley,3.5,-132.0,102.0
2024,61e2b09b148c838745dd7e520719bdb9,2024-10-08T23:00:00Z,Liberty Flames,Florida International Panthers,2024-10-08T20:55:39Z,fanduel,Dean Patterson,4.5,-128.0,-102.0
2024,61e2b09b148c838745dd7e520719bdb9,2024-10-08T23:00:00Z,Liberty Flames,Florida International Panthers,2024-10-08T20:55:39Z,fanduel,Eric Rivers,4.5,-128.0,-102.0
2024,61e2b09b148c838745dd7e520719bdb9,2024-10-08T23:00:00Z,Liberty Flames,Florida International Panthers,2024-10-08T20:55:39Z,betrivers,Dean Patterson,4.5,-141.0,
2024,61e2b09b148c838745dd7e520719bdb9,2024-10-08T23:00:00Z,Liberty Flames,Florida International Panthers,2024-10-08T20:55:39Z,betrivers,Treon Sibley,3.5,-182.0,
2024,61e2b09b148c838745dd7e520719bdb9,2024-10-08T23:00:00Z,Liberty Flames,Florida International Panthers,2024-10-08T20:55:39Z,betrivers,Eric Rivers,4.5,-129.0,
2024,61e2b09b148c838745dd7e520719bdb9,2024-10-08T23:00:00Z,Liberty Flames,Florida International Panthers,2024-10-08T20:55:39Z,bovada,Dean Patterson,4.5,-115.0,-115.0
2024,61e2b09b148c838745dd7e520719bdb9,2024-10-08T23:00:00Z,Liberty Flames,Florida International Panthers,2024-10-08T20:55:39Z,bovada,Eric Rivers,4.5,-115.0,-115.0
2024,61e2b09b148c838745dd7e520719bdb9,2024-10-08T23:00:00Z,Liberty Flames,Florida International Panthers,2024-10-08T20:55:39Z,bovada,Treon Sibley,3.5,-165.0,125.0
2024,807eb4b33ddee38cd04cb84661cf8a54,2024-10-11T00:00:00Z,Western Kentucky Hilltoppers,UTEP Miners,2024-10-10T21:55:38Z,fanduel,Kisean Johnson,5.5,-122.0,-106.0
2024,807eb4b33ddee38cd04cb84661cf8a54,2024-10-11T00:00:00Z,Western Kentucky Hilltoppers,UTEP Miners,2024-10-10T21:55:38Z,fanduel,Kam Thomas,4.5,-148.0,114.0
2024,807eb4b33ddee38cd04cb84661cf8a54,2024-10-11T00:00:00Z,Western Kentucky Hilltoppers,UTEP Miners,2024-10-10T21:55:38Z,fanduel,Kenny Odom,3.5,144.0,-190.0
2024,807eb4b33ddee38cd04cb84661cf8a54,2024-10-11T00:00:00Z,Western Kentucky Hilltoppers,UTEP Miners,2024-10-10T21:55:38Z,fanduel,Easton Messer,4.5,142.0,-188.0
2024,4faea3f97b001ba08674a22f622cc9cf,2024-10-12T00:00:00Z,Maryland Terrapins,Northwestern Wildcats,2024-10-11T21:55:38Z,fanduel,Bryce Kirtz,4.0,-114.0,-114.0
2024,4faea3f97b001ba08674a22f622cc9cf,2024-10-12T00:00:00Z,Maryland Terrapins,Northwestern Wildcats,2024-10-11T21:55:38Z,fanduel,A.J. Henning,5.5,116.0,-152.0
2024,4faea3f97b001ba08674a22f622cc9cf,2024-10-12T00:00:00Z,Maryland Terrapins,Northwestern Wildcats,2024-10-11T21:55:38Z,fanduel,Tai Felton,6.5,-102.0,-128.0
2024,4faea3f97b001ba08674a22f622cc9cf,2024-10-12T00:00:00Z,Maryland Terrapins,Northwestern Wildcats,2024-10-11T21:55:38Z,fanduel,Kaden Prather,3.5,-146.0,112.0
2024,4faea3f97b001ba08674a22f622cc9cf,2024-10-12T00:00:00Z,Maryland Terrapins,Northwestern Wildcats,2024-10-11T21:55:38Z,betrivers,A.J. Henning,5.5,102.0,
2024,4faea3f97b001ba08674a22f622cc9cf,2024-10-12T00:00:00Z,Maryland Terrapins,Northwestern Wildcats,2024-10-11T21:55:38Z,bovada,A.J. Henning,5.5,-115.0,-115.0
2024,4faea3f97b001ba08674a22f622cc9cf,2024-10-12T00:00:00Z,Maryland Terrapins,Northwestern Wildcats,2024-10-11T21:55:38Z,bovada,Bryce Kirtz,4.5,110.0,-145.0
2024,4faea3f97b001ba08674a22f622cc9cf,2024-10-12T00:00:00Z,Maryland Terrapins,Northwestern Wildcats,2024-10-11T21:55:38Z,bovada,Kaden Prather,3.5,-135.0,105.0
2024,4faea3f97b001ba08674a22f622cc9cf,2024-10-12T00:00:00Z,Maryland Terrapins,Northwestern Wildcats,2024-10-11T21:55:38Z,bovada,Roman Hemby,2.5,120.0,-160.0
2024,4faea3f97b001ba08674a22f622cc9cf,2024-10-12T00:00:00Z,Maryland Terrapins,Northwestern Wildcats,2024-10-11T21:55:38Z,bovada,Tai Felton,6.5,-110.0,-120.0
2024,4faea3f97b001ba08674a22f622cc9cf,2024-10-12T00:00:00Z,Maryland Terrapins,Northwestern Wildcats,2024-10-11T21:55:38Z,bovada,Thomas Gordon,1.5,-120.0,-110.0
2024,75117d5af6d6269cda13fc9cf3ead3d8,2024-10-12T01:00:00Z,Utah State Aggies,UNLV Rebels,2024-10-11T22:55:38Z,fanduel,Ricky White III,6.5,-108.0,-120.0
2024,75117d5af6d6269cda13fc9cf3ead3d8,2024-10-12T01:00:00Z,Utah State Aggies,UNLV Rebels,2024-10-11T22:55:38Z,fanduel,Jacob De Jesus,2.5,-102.0,-128.0
2024,efc5d736dc2fc2f1d28def2d76212b27,2024-10-12T02:30:00Z,Arizona State Sun Devils,Utah Utes,2024-10-12T00:25:39Z,bovada,Cam Skattebo,2.5,-120.0,-110.0
2024,efc5d736dc2fc2f1d28def2d76212b27,2024-10-12T02:30:00Z,Arizona State Sun Devils,Utah Utes,2024-10-12T00:25:39Z,bovada,Jordyn Tyson,4.5,120.0,-160.0
2024,efc5d736dc2fc2f1d28def2d76212b27,2024-10-12T02:30:00Z,Arizona State Sun Devils,Utah Utes,2024-10-12T00:25:39Z,bovada,Xavier Guillory,2.5,120.0,-160.0
2024,18981958470b3289c1c91268a9ac6173,2024-10-12T16:00:00Z,Alabama Crimson Tide,South Carolina Gamecocks,2024-10-12T13:55:38Z,fanduel,Germie Bernard,4.5,122.0,-160.0
2024,18981958470b3289c1c91268a9ac6173,2024-10-12T16:00:00Z,Alabama Crimson Tide,South Carolina Gamecocks,2024-10-12T13:55:38Z,fanduel,CJ Dippre,2.5,136.0,-178.0
2024,18981958470b3289c1c91268a9ac6173,2024-10-12T16:00:00Z,Alabama Crimson Tide,South Carolina Gamecocks,2024-10-12T13:55:38Z,bovada,CJ Dippre,2.5,145.0,-190.0
2024,18981958470b3289c1c91268a9ac6173,2024-10-12T16:00:00Z,Alabama Crimson Tide,South Carolina Gamecocks,2024-10-12T13:55:38Z,bovada,Germie Bernard,4.5,110.0,-145.0
2024,18981958470b3289c1c91268a9ac6173,2024-10-12T16:00:00Z,Alabama Crimson Tide,South Carolina Gamecocks,2024-10-12T13:55:38Z,bovada,Justice Haynes,1.5,125.0,-165.0
2024,18981958470b3289c1c91268a9ac6173,2024-10-12T16:00:00Z,Alabama Crimson Tide,South Carolina Gamecocks,2024-10-12T13:55:38Z,bovada,Raheim Sanders,1.5,100.0,-130.0
2024,18981958470b3289c1c91268a9ac6173,2024-10-12T16:00:00Z,Alabama Crimson Tide,South Carolina Gamecocks,2024-10-12T13:55:38Z,bovada,Ryan Williams,4.5,-125.0,-105.0
2024,84804b2b151a434540c6c187bae4b0a4,2024-10-12T16:00:00Z,Wake Forest Demon Deacons,Clemson Tigers,2024-10-12T13:55:38Z,bovada,Antonio Williams,3.5,-115.0,-115.0
2024,84804b2b151a434540c6c187bae4b0a4,2024-10-12T16:00:00Z,Wake Forest Demon Deacons,Clemson Tigers,2024-10-12T13:55:38Z,bovada,Bryant Wesco Jr.,3.5,110.0,-145.0
2024,84804b2b151a434540c6c187bae4b0a4,2024-10-12T16:00:00Z,Wake Forest Demon Deacons,Clemson Tigers,2024-10-12T13:55:38Z,bovada,Horatio Fields,3.5,-115.0,-115.0
2024,84804b2b151a434540c6c187bae4b0a4,2024-10-12T16:00:00Z,Wake Forest Demon Deacons,Clemson Tigers,2024-10-12T13:55:38Z,bovada,Taylor Morin,4.5,-135.0,105.0
2024,ecf597598bc3cc6dfa3222d95a130031,2024-10-12T16:00:00Z,Iowa Hawkeyes,Washington Huskies,2024-10-12T13:55:38Z,bovada,Denzel Boston,4.5,-130.0,100.0
2024,ecf597598bc3cc6dfa3222d95a130031,2024-10-12T16:00:00Z,Iowa Hawkeyes,Washington Huskies,2024-10-12T13:55:38Z,bovada,Giles Jackson,4.5,-160.0,120.0
2024,ecf597598bc3cc6dfa3222d95a130031,2024-10-12T16:00:00Z,Iowa Hawkeyes,Washington Huskies,2024-10-12T13:55:38Z,bovada,Jacob Gill,2.5,105.0,-135.0
2024,ecf597598bc3cc6dfa3222d95a130031,2024-10-12T16:00:00Z,Iowa Hawkeyes,Washington Huskies,2024-10-12T13:55:38Z,bovada,Jeremiah Hunter,2.5,-180.0,135.0
2024,ecf597598bc3cc6dfa3222d95a130031,2024-10-12T16:00:00Z,Iowa Hawkeyes,Washington Huskies,2024-10-12T13:55:38Z,bovada,Jonah Coleman,2.5,105.0,-135.0
2024,ecf597598bc3cc6dfa3222d95a130031,2024-10-12T16:00:00Z,Iowa Hawkeyes,Washington Huskies,2024-10-12T13:55:38Z,bovada,Kaleb Johnson,1.5,120.0,-160.0
2024,ecf597598bc3cc6dfa3222d95a130031,2024-10-12T16:00:00Z,Iowa Hawkeyes,Washington Huskies,2024-10-12T13:55:38Z,bovada,Keleki Latu,3.5,-165.0,125.0
2024,ecf597598bc3cc6dfa3222d95a130031,2024-10-12T16:00:00Z,Iowa Hawkeyes,Washington Huskies,2024-10-12T13:55:38Z,bovada,Luke Lachey,2.5,-160.0,120.0
2024,ecf597598bc3cc6dfa3222d95a130031,2024-10-12T16:00:00Z,Iowa Hawkeyes,Washington Huskies,2024-10-12T13:55:38Z,bovada,Reece Vander Zee,2.5,150.0,-200.0
2024,0ed4ccec5843b2798516f1fb1f218f2f,2024-10-12T16:00:00Z,Rutgers Scarlet Knights,Wisconsin Badgers,2024-10-12T13:55:38Z,bovada,Dymere Miller,2.5,-160.0,120.0
2024,d5fe947092b49d7f6ca8d37796c9e6ef,2024-10-12T19:30:00Z,UCF Knights,Cincinnati Bearcats,2024-10-12T17:25:38Z,bovada,Xzavier Henderson,5.5,105.0,-135.0
2024,976c3efa457dce0d6430d76069b09454,2024-10-12T19:30:00Z,Illinois Fighting Illini,Purdue Boilermakers,2024-10-12T17:25:38Z,fanduel,Zakhari Franklin,4.5,108.0,-140.0
2024,976c3efa457dce0d6430d76069b09454,2024-10-12T19:30:00Z,Illinois Fighting Illini,Purdue Boilermakers,2024-10-12T17:25:38Z,fanduel,Pat Bryant,4.5,-102.0,-128.0
2024,976c3efa457dce0d6430d76069b09454,2024-10-12T19:30:00Z,Illinois Fighting Illini,Purdue Boilermakers,2024-10-12T17:25:38Z,bovada,Devin Mockobee,1.5,110.0,-145.0
2024,976c3efa457dce0d6430d76069b09454,2024-10-12T19:30:00Z,Illinois Fighting Illini,Purdue Boilermakers,2024-10-12T17:25:38Z,bovada,Kaden Feagin,1.5,135.0,-180.0
2024,976c3efa457dce0d6430d76069b09454,2024-10-12T19:30:00Z,Illinois Fighting Illini,Purdue Boilermakers,2024-10-12T17:25:38Z,bovada,Max Klare,2.5,-160.0,120.0
2024,976c3efa457dce0d6430d76069b09454,2024-10-12T19:30:00Z,Illinois Fighting Illini,Purdue Boilermakers,2024-10-12T17:25:38Z,bovada,Pat Bryant,4.5,110.0,-145.0
2024,976c3efa457dce0d6430d76069b09454,2024-10-12T19:30:00Z,Illinois Fighting Illini,Purdue Boilermakers,2024-10-12T17:25:38Z,bovada,Tanner Arkin,1.5,-145.0,110.0
2024,d0842ccb36f48e552583883741cdf5d0,2024-10-12T19:30:00Z,Virginia Cavaliers,Louisville Cardinals,2024-10-12T17:25:38Z,bovada,Ja'Corey Brooks,4.5,-130.0,100.0
2024,5ae1edfbcb2867bf81521c38d99c8280,2024-10-12T19:30:00Z,Notre Dame Fighting Irish,Stanford Cardinal,2024-10-12T17:25:38Z,bovada,Beaux Collins,3.5,130.0,-170.0
2024,5ae1edfbcb2867bf81521c38d99c8280,2024-10-12T19:30:00Z,Notre Dame Fighting Irish,Stanford Cardinal,2024-10-12T17:25:38Z,bovada,Mitchell Evans,2.5,100.0,-130.0
2024,d4637f010f52e3d47c1efa4b2be0ca5b,2024-10-12T19:30:00Z,Oklahoma Sooners,Texas Longhorns,2024-10-12T17:25:38Z,fanduel,Jaydon Blue,2.5,-102.0,-128.0
2024,d4637f010f52e3d47c1efa4b2be0ca5b,2024-10-12T19:30:00Z,Oklahoma Sooners,Texas Longhorns,2024-10-12T17:25:38Z,fanduel,Gunnar Helm,2.5,-138.0,106.0
2024,d4637f010f52e3d47c1efa4b2be0ca5b,2024-10-12T19:30:00Z,Oklahoma Sooners,Texas Longhorns,2024-10-12T17:25:38Z,fanduel,Brenen Thompson,3.5,162.0,-215.0
2024,d4637f010f52e3d47c1efa4b2be0ca5b,2024-10-12T19:30:00Z,Oklahoma Sooners,Texas Longhorns,2024-10-12T17:25:38Z,fanduel,Matthew Golden,3.5,108.0,-140.0
2024,d4637f010f52e3d47c1efa4b2be0ca5b,2024-10-12T19:30:00Z,Oklahoma Sooners,Texas Longhorns,2024-10-12T17:25:38Z,fanduel,Jovantae Barnes,1.5,-168.0,128.0
2024,d4637f010f52e3d47c1efa4b2be0ca5b,2024-10-12T19:30:00Z,Oklahoma Sooners,Texas Longhorns,2024-10-12T17:25:38Z,fanduel,Bauer Sharp,3.5,-108.0,-120.0
2024,d4637f010f52e3d47c1efa4b2be0ca5b,2024-10-12T19:30:00Z,Oklahoma Sooners,Texas Longhorns,2024-10-12T17:25:38Z,fanduel,Isaiah Bond,4.5,-114.0,-114.0
2024,d4637f010f52e3d47c1efa4b2be0ca5b,2024-10-12T19:30:00Z,Oklahoma Sooners,Texas Longhorns,2024-10-12T17:25:38Z,bovada,Bauer Sharp,3.5,-110.0,-120.0
2024,d4637f010f52e3d47c1efa4b2be0ca5b,2024-10-12T19:30:00Z,Oklahoma Sooners,Texas Longhorns,2024-10-12T17:25:38Z,bovada,Brenen Thompson,3.5,135.0,-180.0
2024,d4637f010f52e3d47c1efa4b2be0ca5b,2024-10-12T19:30:00Z,Oklahoma Sooners,Texas Longhorns,2024-10-12T17:25:38Z,bovada,Isaiah Bond,4.5,-135.0,105.0
2024,d4637f010f52e3d47c1efa4b2be0ca5b,2024-10-12T19:30:00Z,Oklahoma Sooners,Texas Longhorns,2024-10-12T17:25:38Z,bovada,Jovantae Barnes,1.5,-160.0,120.0
2024,d4637f010f52e3d47c1efa4b2be0ca5b,2024-10-12T19:30:00Z,Oklahoma Sooners,Texas Longhorns,2024-10-12T17:25:38Z,bovada,Matthew Golden,3.5,120.0,-160.0
2024,ec2a1deabdf4718b04b863b01fa8d46c,2024-10-12T19:30:00Z,USC Trojans,Penn State Nittany Lions,2024-10-12T17:25:38Z,bovada,Harrison Wallace III,3.5,-115.0,-115.0
2024,ec2a1deabdf4718b04b863b01fa8d46c,2024-10-12T19:30:00Z,USC Trojans,Penn State Nittany Lions,2024-10-12T17:25:38Z,bovada,Ja'Kobi Lane,3.5,120.0,-160.0
2024,ec2a1deabdf4718b04b863b01fa8d46c,2024-10-12T19:30:00Z,USC Trojans,Penn State Nittany Lions,2024-10-12T17:25:38Z,bovada,Woody Marks,3.5,120.0,-160.0
2024,ec2a1deabdf4718b04b863b01fa8d46c,2024-10-12T19:30:00Z,USC Trojans,Penn State Nittany Lions,2024-10-12T17:25:38Z,bovada,Kyron Hudson,3.5,-110.0,-120.0
2024,ec2a1deabdf4718b04b863b01fa8d46c,2024-10-12T19:30:00Z,USC Trojans,Penn State Nittany Lions,2024-10-12T17:25:38Z,bovada,Tyler Warren,3.5,100.0,-130.0
2024,ec2a1deabdf4718b04b863b01fa8d46c,2024-10-12T19:30:00Z,USC Trojans,Penn State Nittany Lions,2024-10-12T17:25:38Z,bovada,Zachariah Branch,3.5,-160.0,120.0
2024,c2c5135d0d091f1269473266b77839d9,2024-10-12T20:00:00Z,BYU Cougars,Arizona Wildcats,2024-10-12T17:55:38Z,bovada,Quali Conley,3.5,135.0,-180.0
2024,c2c5135d0d091f1269473266b77839d9,2024-10-12T20:00:00Z,BYU Cougars,Arizona Wildcats,2024-10-12T17:55:38Z,bovada,Tetairoa McMillan,6.5,-150.0,115.0
2024,17b46a19baf4a7b532a112b22ac49214,2024-10-12T23:00:00Z,Tennessee Volunteers,Florida Gators,2024-10-12T20:55:38Z,bovada,Bru McCoy,3.5,135.0,-180.0
2024,17b46a19baf4a7b532a112b22ac49214,2024-10-12T23:00:00Z,Tennessee Volunteers,Florida Gators,2024-10-12T20:55:38Z,bovada,Chris Brazzell II,3.5,115.0,-150.0
2024,17b46a19baf4a7b532a112b22ac49214,2024-10-12T23:00:00Z,Tennessee Volunteers,Florida Gators,2024-10-12T20:55:38Z,bovada,Squirrel White,3.5,120.0,-160.0
2024,17b46a19baf4a7b532a112b22ac49214,2024-10-12T23:00:00Z,Tennessee Volunteers,Florida Gators,2024-10-12T20:55:38Z,fanduel,Chris Brazzell II,3.5,102.0,-132.0
2024,17b46a19baf4a7b532a112b22ac49214,2024-10-12T23:00:00Z,Tennessee Volunteers,Florida Gators,2024-10-12T20:55:38Z,fanduel,Squirrel White,3.5,108.0,-140.0
2024,17b46a19baf4a7b532a112b22ac49214,2024-10-12T23:00:00Z,Tennessee Volunteers,Florida Gators,2024-10-12T20:55:38Z,fanduel,Bru McCoy,3.5,130.0,-170.0
2024,a56fbef38ac1d7c784d04e407f272905,2024-10-12T23:00:00Z,Fresno State Bulldogs,Washington State Cougars,2024-10-12T20:55:38Z,bovada,Josh Meredith,3.5,-115.0,-115.0
2024,a56fbef38ac1d7c784d04e407f272905,2024-10-12T23:00:00Z,Fresno State Bulldogs,Washington State Cougars,2024-10-12T20:55:38Z,bovada,Kris Hutson,4.5,-145.0,110.0
2024,a56fbef38ac1d7c784d04e407f272905,2024-10-12T23:00:00Z,Fresno State Bulldogs,Washington State Cougars,2024-10-12T20:55:38Z,bovada,Kyle Williams,6.5,110.0,-145.0
2024,70fc99b8141b073b2ca8d5c22335a377,2024-10-12T23:30:00Z,LSU Tigers,Ole Miss Rebels,2024-10-12T21:25:38Z,fanduel,Tre Harris,6.5,-128.0,-102.0
2024,70fc99b8141b073b2ca8d5c22335a377,2024-10-12T23:30:00Z,LSU Tigers,Ole Miss Rebels,2024-10-12T21:25:38Z,fanduel,Aaron Anderson,5.5,108.0,-140.0
2024,70fc99b8141b073b2ca8d5c22335a377,2024-10-12T23:30:00Z,LSU Tigers,Ole Miss Rebels,2024-10-12T21:25:38Z,fanduel,Mason Taylor,4.5,-114.0,-114.0
2024,70fc99b8141b073b2ca8d5c22335a377,2024-10-12T23:30:00Z,LSU Tigers,Ole Miss Rebels,2024-10-12T21:25:38Z,fanduel,Antwane Wells Jr.,3.5,-146.0,112.0
2024,70fc99b8141b073b2ca8d5c22335a377,2024-10-12T23:30:00Z,LSU Tigers,Ole Miss Rebels,2024-10-12T21:25:38Z,fanduel,Kyren Lacy,5.5,108.0,-140.0
2024,70fc99b8141b073b2ca8d5c22335a377,2024-10-12T23:30:00Z,LSU Tigers,Ole Miss Rebels,2024-10-12T21:25:38Z,bovada,Aaron Anderson,5.5,-105.0,-125.0
2024,70fc99b8141b073b2ca8d5c22335a377,2024-10-12T23:30:00Z,LSU Tigers,Ole Miss Rebels,2024-10-12T21:25:38Z,bovada,Antwane Wells Jr.,3.5,-165.0,125.0
2024,70fc99b8141b073b2ca8d5c22335a377,2024-10-12T23:30:00Z,LSU Tigers,Ole Miss Rebels,2024-10-12T21:25:38Z,bovada,Caden Durham,1.5,-150.0,115.0
2024,70fc99b8141b073b2ca8d5c22335a377,2024-10-12T23:30:00Z,LSU Tigers,Ole Miss Rebels,2024-10-12T21:25:38Z,bovada,Caden Prieskorn,2.5,-125.0,-105.0
2024,70fc99b8141b073b2ca8d5c22335a377,2024-10-12T23:30:00Z,LSU Tigers,Ole Miss Rebels,2024-10-12T21:25:38Z,bovada,Cayden Lee,2.5,100.0,-130.0
2024,70fc99b8141b073b2ca8d5c22335a377,2024-10-12T23:30:00Z,LSU Tigers,Ole Miss Rebels,2024-10-12T21:25:38Z,bovada,Henry Parrish Jr.,1.5,-190.0,145.0
2024,70fc99b8141b073b2ca8d5c22335a377,2024-10-12T23:30:00Z,LSU Tigers,Ole Miss Rebels,2024-10-12T21:25:38Z,bovada,Jordan Watkins,2.5,-115.0,-115.0
2024,70fc99b8141b073b2ca8d5c22335a377,2024-10-12T23:30:00Z,LSU Tigers,Ole Miss Rebels,2024-10-12T21:25:38Z,bovada,Kyren Lacy,5.5,-120.0,-110.0
2024,70fc99b8141b073b2ca8d5c22335a377,2024-10-12T23:30:00Z,LSU Tigers,Ole Miss Rebels,2024-10-12T21:25:38Z,bovada,Mason Taylor,4.5,-125.0,-105.0
2024,70fc99b8141b073b2ca8d5c22335a377,2024-10-12T23:30:00Z,LSU Tigers,Ole Miss Rebels,2024-10-12T21:25:38Z,bovada,Tre Harris,6.5,-115.0,-115.0
2024,1311afa1b07108fbd223653f9f813d46,2024-10-12T23:30:00Z,Nevada Wolf Pack,Oregon State Beavers,2024-10-12T21:25:38Z,bovada,Anthony Hankerson,2.5,145.0,-190.0
2024,1311afa1b07108fbd223653f9f813d46,2024-10-12T23:30:00Z,Nevada Wolf Pack,Oregon State Beavers,2024-10-12T21:25:38Z,bovada,Trent Walker,4.5,-170.0,130.0
2024,3e401f110827c69c08fdcd237d08bdb9,2024-10-12T23:30:00Z,Oregon Ducks,Ohio State Buckeyes,2024-10-12T21:25:38Z,fanduel,Tez Johnson,6.5,-128.0,-102.0
2024,3e401f110827c69c08fdcd237d08bdb9,2024-10-12T23:30:00Z,Oregon Ducks,Ohio State Buckeyes,2024-10-12T21:25:38Z,fanduel,Emeka Egbuka,5.5,116.0,-152.0
2024,3e401f110827c69c08fdcd237d08bdb9,2024-10-12T23:30:00Z,Oregon Ducks,Ohio State Buckeyes,2024-10-12T21:25:38Z,fanduel,Terrance Ferguson,3.5,136.0,-178.0
2024,3e401f110827c69c08fdcd237d08bdb9,2024-10-12T23:30:00Z,Oregon Ducks,Ohio State Buckeyes,2024-10-12T21:25:38Z,fanduel,Evan Stewart,3.5,108.0,-140.0
2024,3e401f110827c69c08fdcd237d08bdb9,2024-10-12T23:30:00Z,Oregon Ducks,Ohio State Buckeyes,2024-10-12T21:25:38Z,fanduel,Jeremiah Smith,4.5,108.0,-140.0
2024,3e401f110827c69c08fdcd237d08bdb9,2024-10-12T23:30:00Z,Oregon Ducks,Ohio State Buckeyes,2024-10-12T21:25:38Z,fanduel,Traeshon Holden,3.5,-114.0,-114.0
2024,3e401f110827c69c08fdcd237d08bdb9,2024-10-12T23:30:00Z,Oregon Ducks,Ohio State Buckeyes,2024-10-12T21:25:38Z,bovada,Emeka Egbuka,5.5,-110.0,-120.0
2024,3e401f110827c69c08fdcd237d08bdb9,2024-10-12T23:30:00Z,Oregon Ducks,Ohio State Buckeyes,2024-10-12T21:25:38Z,bovada,Evan Stewart,2.5,-180.0,135.0
2024,3e401f110827c69c08fdcd237d08bdb9,2024-10-12T23:30:00Z,Oregon Ducks,Ohio State Buckeyes,2024-10-12T21:25:38Z,bovada,Jeremiah Smith,4.5,100.0,-130.0
2024,3e401f110827c69c08fdcd237d08bdb9,2024-10-12T23:30:00Z,Oregon Ducks,Ohio State Buckeyes,2024-10-12T21:25:38Z,bovada,Jordan James,1.5,-110.0,-120.0
2024,3e401f110827c69c08fdcd237d08bdb9,2024-10-12T23:30:00Z,Oregon Ducks,Ohio State Buckeyes,2024-10-12T21:25:38Z,bovada,Quinshon Judkins,1.5,150.0,-200.0
2024,3e401f110827c69c08fdcd237d08bdb9,2024-10-12T23:30:00Z,Oregon Ducks,Ohio State Buckeyes,2024-10-12T21:25:38Z,bovada,Terrance Ferguson,3.5,125.0,-165.0
2024,3e401f110827c69c08fdcd237d08bdb9,2024-10-12T23:30:00Z,Oregon Ducks,Ohio State Buckeyes,2024-10-12T21:25:38Z,bovada,Tez Johnson,7.5,115.0,-150.0
2024,3e401f110827c69c08fdcd237d08bdb9,2024-10-12T23:30:00Z,Oregon Ducks,Ohio State Buckeyes,2024-10-12T21:25:38Z,bovada,Traeshon Holden,3.5,-110.0,-120.0
2024,d278f47b052f215ce68c6749c83d0bfd,2024-10-12T23:45:00Z,Kentucky Wildcats,Vanderbilt Commodores,2024-10-12T21:40:38Z,bovada,Barion Brown,3.5,-135.0,105.0
2024,d278f47b052f215ce68c6749c83d0bfd,2024-10-12T23:45:00Z,Kentucky Wildcats,Vanderbilt Commodores,2024-10-12T21:40:38Z,bovada,Dane Key,4.5,-160.0,120.0
2024,d278f47b052f215ce68c6749c83d0bfd,2024-10-12T23:45:00Z,Kentucky Wildcats,Vanderbilt Commodores,2024-10-12T21:40:38Z,bovada,Eli Stowers,4.5,105.0,-135.0
2024,d278f47b052f215ce68c6749c83d0bfd,2024-10-12T23:45:00Z,Kentucky Wildcats,Vanderbilt Commodores,2024-10-12T21:40:38Z,bovada,Ja'Mori Maclin,1.5,-150.0,115.0
2024,d278f47b052f215ce68c6749c83d0bfd,2024-10-12T23:45:00Z,Kentucky Wildcats,Vanderbilt Commodores,2024-10-12T21:40:38Z,bovada,Junior Sherrill,2.5,130.0,-170.0
2024,d278f47b052f215ce68c6749c83d0bfd,2024-10-12T23:45:00Z,Kentucky Wildcats,Vanderbilt Commodores,2024-10-12T21:40:38Z,bovada,Quincy Skinner Jr.,2.5,-115.0,-115.0
2024,ffc93203d210a48251be2b3704f31a51,2024-10-13T00:00:00Z,NC State Wolfpack,Syracuse Orange,2024-10-12T21:55:38Z,bovada,Oronde Gadsden II,4.5,-130.0,100.0
2024,ffc93203d210a48251be2b3704f31a51,2024-10-13T00:00:00Z,NC State Wolfpack,Syracuse Orange,2024-10-12T21:55:38Z,bovada,Trebor Pena,5.5,-115.0,-115.0
2024,34544ca5e9aac17280fd757e1eb0f9c8,2024-10-13T01:00:00Z,UCLA Bruins,Minnesota Golden Gophers,2024-10-12T22:55:38Z,bovada,Daniel Jackson,4.5,-115.0,-115.0
2024,34544ca5e9aac17280fd757e1eb0f9c8,2024-10-13T01:00:00Z,UCLA Bruins,Minnesota Golden Gophers,2024-10-12T22:55:38Z,bovada,Darius Taylor,3.5,-145.0,110.0
2024,34544ca5e9aac17280fd757e1eb0f9c8,2024-10-13T01:00:00Z,UCLA Bruins,Minnesota Golden Gophers,2024-10-12T22:55:38Z,bovada,Elijah Spencer,2.5,105.0,-135.0
2024,34544ca5e9aac17280fd757e1eb0f9c8,2024-10-13T01:00:00Z,UCLA Bruins,Minnesota Golden Gophers,2024-10-12T22:55:38Z,bovada,Jameson Geers,1.5,100.0,-130.0
2024,34544ca5e9aac17280fd757e1eb0f9c8,2024-10-13T01:00:00Z,UCLA Bruins,Minnesota Golden Gophers,2024-10-12T22:55:38Z,bovada,Moliki Matavao,2.5,-125.0,-105.0
2024,81da56712c879ebb7c1d76ae01b443cd,2024-10-13T02:15:00Z,Colorado Buffaloes,Kansas State Wildcats,2024-10-13T00:10:38Z,bovada,Jayce Brown,3.5,-135.0,105.0
2024,81da56712c879ebb7c1d76ae01b443cd,2024-10-13T02:15:00Z,Colorado Buffaloes,Kansas State Wildcats,2024-10-13T00:10:38Z,bovada,Jimmy Horn Jr.,4.5,-115.0,-115.0
2024,81da56712c879ebb7c1d76ae01b443cd,2024-10-13T02:15:00Z,Colorado Buffaloes,Kansas State Wildcats,2024-10-13T00:10:38Z,bovada,LaJohntay Wester,4.5,105.0,-135.0
2024,81da56712c879ebb7c1d76ae01b443cd,2024-10-13T02:15:00Z,Colorado Buffaloes,Kansas State Wildcats,2024-10-13T00:10:38Z,bovada,Travis Hunter,7.5,-115.0,-115.0
2024,81da56712c879ebb7c1d76ae01b443cd,2024-10-13T02:15:00Z,Colorado Buffaloes,Kansas State Wildcats,2024-10-13T00:10:38Z,fanduel,LaJohntay Wester,4.5,-120.0,-108.0
2024,81da56712c879ebb7c1d76ae01b443cd,2024-10-13T02:15:00Z,Colorado Buffaloes,Kansas State Wildcats,2024-10-13T00:10:38Z,fanduel,Jimmy Horn Jr.,4.5,-108.0,-120.0
2024,81da56712c879ebb7c1d76ae01b443cd,2024-10-13T02:15:00Z,Colorado Buffaloes,Kansas State Wildcats,2024-10-13T00:10:38Z,fanduel,Jayce Brown,3.5,-114.0,-114.0
2024,81da56712c879ebb7c1d76ae01b443cd,2024-10-13T02:15:00Z,Colorado Buffaloes,Kansas State Wildcats,2024-10-13T00:10:38Z,fanduel,Travis Hunter,7.5,-152.0,116.0
2024,c37ca64f39b0f9efa4f5f5ff269656b4,2024-10-17T01:00:00Z,UTEP Miners,Florida International Panthers,2024-10-16T22:55:39Z,bovada,Dean Patterson,4.5,-115.0,-115.0
2024,c37ca64f39b0f9efa4f5f5ff269656b4,2024-10-17T01:00:00Z,UTEP Miners,Florida International Panthers,2024-10-16T22:55:39Z,bovada,Eric Rivers,4.5,-145.0,110.0
2024,c37ca64f39b0f9efa4f5f5ff269656b4,2024-10-17T01:00:00Z,UTEP Miners,Florida International Panthers,2024-10-16T22:55:39Z,bovada,Kam Thomas,3.5,-160.0,120.0
2024,c37ca64f39b0f9efa4f5f5ff269656b4,2024-10-17T01:00:00Z,UTEP Miners,Florida International Panthers,2024-10-16T22:55:39Z,bovada,Kenny Odom,3.5,-125.0,-105.0
2024,a7da4ac4a8257c3eca59a7a6da421897,2024-10-18T23:00:00Z,Duke Blue Devils,Florida State Seminoles,2024-10-18T20:55:39Z,fanduel,Ja'Khi Douglas,3.5,116.0,-152.0
2024,a7da4ac4a8257c3eca59a7a6da421897,2024-10-18T23:00:00Z,Duke Blue Devils,Florida State Seminoles,2024-10-18T20:55:39Z,fanduel,Jordan Moore,4.5,-110.0,-118.0
2024,a7da4ac4a8257c3eca59a7a6da421897,2024-10-18T23:00:00Z,Duke Blue Devils,Florida State Seminoles,2024-10-18T20:55:39Z,fanduel,Eli Pancol,3.5,136.0,-178.0
2024,a7da4ac4a8257c3eca59a7a6da421897,2024-10-18T23:00:00Z,Duke Blue Devils,Florida State Seminoles,2024-10-18T20:55:39Z,fanduel,Malik Benson,3.5,136.0,-178.0
2024,d4980eb8da9c681b77822434458c38e8,2024-10-19T00:00:00Z,Purdue Boilermakers,Oregon Ducks,2024-10-18T21:55:39Z,fanduel,Tez Johnson,7.5,-114.0,-114.0
2024,d4980eb8da9c681b77822434458c38e8,2024-10-19T00:00:00Z,Purdue Boilermakers,Oregon Ducks,2024-10-18T21:55:39Z,fanduel,Jahmal Edrine,2.5,-138.0,106.0
2024,d4980eb8da9c681b77822434458c38e8,2024-10-19T00:00:00Z,Purdue Boilermakers,Oregon Ducks,2024-10-18T21:55:39Z,fanduel,Terrance Ferguson,3.5,-138.0,106.0
2024,d4980eb8da9c681b77822434458c38e8,2024-10-19T00:00:00Z,Purdue Boilermakers,Oregon Ducks,2024-10-18T21:55:39Z,fanduel,Evan Stewart,4.5,136.0,-178.0
2024,d4980eb8da9c681b77822434458c38e8,2024-10-19T00:00:00Z,Purdue Boilermakers,Oregon Ducks,2024-10-18T21:55:39Z,fanduel,Max Klare,4.5,102.0,-132.0
2024,8ab4bbbb8f6f8cdecf18d7a7fefda4c3,2024-10-19T02:15:00Z,BYU Cougars,Oklahoma State Cowboys,2024-10-19T00:10:39Z,fanduel,Chase Roberts,3.5,-168.0,128.0
2024,8ab4bbbb8f6f8cdecf18d7a7fefda4c3,2024-10-19T02:15:00Z,BYU Cougars,Oklahoma State Cowboys,2024-10-19T00:10:39Z,fanduel,Brennan Presley,4.5,-146.0,112.0
2024,8ab4bbbb8f6f8cdecf18d7a7fefda4c3,2024-10-19T02:15:00Z,BYU Cougars,Oklahoma State Cowboys,2024-10-19T00:10:39Z,fanduel,Rashod Owens,3.5,144.0,-190.0
2024,8ab4bbbb8f6f8cdecf18d7a7fefda4c3,2024-10-19T02:15:00Z,BYU Cougars,Oklahoma State Cowboys,2024-10-19T00:10:39Z,fanduel,De'Zhaun Stribling,4.5,130.0,-170.0
2024,8ab4bbbb8f6f8cdecf18d7a7fefda4c3,2024-10-19T02:15:00Z,BYU Cougars,Oklahoma State Cowboys,2024-10-19T00:10:39Z,fanduel,Darius Lassiter,4.5,-128.0,-102.0
2024,85b317055675b9c6ac10c842fe8a91a9,2024-10-19T02:30:00Z,Nevada Wolf Pack,Fresno State Bulldogs,2024-10-19T00:25:39Z,fanduel,Raylen Sharpe,4.5,-114.0,-114.0
2024,85b317055675b9c6ac10c842fe8a91a9,2024-10-19T02:30:00Z,Nevada Wolf Pack,Fresno State Bulldogs,2024-10-19T00:25:39Z,fanduel,Mac Dalena,5.5,108.0,-140.0
2024,746bac443526d6738f8fdcd279669d1a,2024-10-19T19:30:00Z,Tennessee Volunteers,Alabama Crimson Tide,2024-10-19T17:25:39Z,fanduel,CJ Dippre,2.5,125.0,-164.0
2024,746bac443526d6738f8fdcd279669d1a,2024-10-19T19:30:00Z,Tennessee Volunteers,Alabama Crimson Tide,2024-10-19T17:25:39Z,fanduel,Germie Bernard,4.5,142.0,-188.0
2024,746bac443526d6738f8fdcd279669d1a,2024-10-19T19:30:00Z,Tennessee Volunteers,Alabama Crimson Tide,2024-10-19T17:25:39Z,fanduel,Squirrel White,3.5,-120.0,-108.0
2024,746bac443526d6738f8fdcd279669d1a,2024-10-19T19:30:00Z,Tennessee Volunteers,Alabama Crimson Tide,2024-10-19T17:25:39Z,fanduel,Chris Brazzell II,3.5,136.0,-178.0
2024,746bac443526d6738f8fdcd279669d1a,2024-10-19T19:30:00Z,Tennessee Volunteers,Alabama Crimson Tide,2024-10-19T17:25:39Z,fanduel,Dylan Sampson,1.5,-156.0,120.0
2024,746bac443526d6738f8fdcd279669d1a,2024-10-19T19:30:00Z,Tennessee Volunteers,Alabama Crimson Tide,2024-10-19T17:25:39Z,fanduel,Bru McCoy,2.5,148.0,-196.0
2024,103e7859edc6e3f4644e27b6a0894059,2024-10-19T23:00:00Z,Arkansas Razorbacks,LSU Tigers,2024-10-19T20:55:38Z,fanduel,Andrew Armstrong,5.5,-138.0,106.0
2024,103e7859edc6e3f4644e27b6a0894059,2024-10-19T23:00:00Z,Arkansas Razorbacks,LSU Tigers,2024-10-19T20:55:38Z,fanduel,Caden Durham,2.5,122.0,-160.0
2024,103e7859edc6e3f4644e27b6a0894059,2024-10-19T23:00:00Z,Arkansas Razorbacks,LSU Tigers,2024-10-19T20:55:38Z,fanduel,Ja'Quinden Jackson,1.5,-168.0,128.0
2024,103e7859edc6e3f4644e27b6a0894059,2024-10-19T23:00:00Z,Arkansas Razorbacks,LSU Tigers,2024-10-19T20:55:38Z,fanduel,Isaiah Sategna,3.5,102.0,-132.0
2024,103e7859edc6e3f4644e27b6a0894059,2024-10-19T23:00:00Z,Arkansas Razorbacks,LSU Tigers,2024-10-19T20:55:38Z,fanduel,Mason Taylor,4.5,-114.0,-114.0
2024,103e7859edc6e3f4644e27b6a0894059,2024-10-19T23:00:00Z,Arkansas Razorbacks,LSU Tigers,2024-10-19T20:55:38Z,fanduel,Aaron Anderson,4.5,-114.0,-114.0
2024,103e7859edc6e3f4644e27b6a0894059,2024-10-19T23:00:00Z,Arkansas Razorbacks,LSU Tigers,2024-10-19T20:55:38Z,fanduel,Kyren Lacy,5.5,126.0,-165.0
2024,f43fc740d809a33e1916b3599da34740,2024-10-19T23:30:00Z,Texas Longhorns,Georgia Bulldogs,2024-10-19T21:25:38Z,betrivers,Dillon Bell,4.5,140.0,
2024,f43fc740d809a33e1916b3599da34740,2024-10-19T23:30:00Z,Texas Longhorns,Georgia Bulldogs,2024-10-19T21:25:38Z,betrivers,Dillon Bell,5.5,300.0,
2024,f43fc740d809a33e1916b3599da34740,2024-10-19T23:30:00Z,Texas Longhorns,Georgia Bulldogs,2024-10-19T21:25:38Z,betrivers,Dillon Bell,3.5,-165.0,
2024,f43fc740d809a33e1916b3599da34740,2024-10-19T23:30:00Z,Texas Longhorns,Georgia Bulldogs,2024-10-19T21:25:38Z,betrivers,Dillon Bell,2.5,-500.0,
2024,f43fc740d809a33e1916b3599da34740,2024-10-19T23:30:00Z,Texas Longhorns,Georgia Bulldogs,2024-10-19T21:25:38Z,betrivers,Dominic Lovett,3.5,-385.0,
2024,f43fc740d809a33e1916b3599da34740,2024-10-19T23:30:00Z,Texas Longhorns,Georgia Bulldogs,2024-10-19T21:25:38Z,betrivers,Dominic Lovett,5.5,138.0,
2024,f43fc740d809a33e1916b3599da34740,2024-10-19T23:30:00Z,Texas Longhorns,Georgia Bulldogs,2024-10-19T21:25:38Z,betrivers,Dominic Lovett,4.5,-155.0,
2024,f43fc740d809a33e1916b3599da34740,2024-10-19T23:30:00Z,Texas Longhorns,Georgia Bulldogs,2024-10-19T21:25:38Z,betrivers,Dominic Lovett,6.5,275.0,
2024,f43fc740d809a33e1916b3599da34740,2024-10-19T23:30:00Z,Texas Longhorns,Georgia Bulldogs,2024-10-19T21:25:38Z,betrivers,Arian Smith,5.5,270.0,
2024,f43fc740d809a33e1916b3599da34740,2024-10-19T23:30:00Z,Texas Longhorns,Georgia Bulldogs,2024-10-19T21:25:38Z,betrivers,Arian Smith,3.5,-182.0,
2024,f43fc740d809a33e1916b3599da34740,2024-10-19T23:30:00Z,Texas Longhorns,Georgia Bulldogs,2024-10-19T21:25:38Z,betrivers,Arian Smith,4.5,128.0,
2024,f43fc740d809a33e1916b3599da34740,2024-10-19T23:30:00Z,Texas Longhorns,Georgia Bulldogs,2024-10-19T21:25:38Z,betrivers,Arian Smith,2.5,-560.0,
2024,f43fc740d809a33e1916b3599da34740,2024-10-19T23:30:00Z,Texas Longhorns,Georgia Bulldogs,2024-10-19T21:25:38Z,betrivers,Isaiah Bond,4.5,130.0,
2024,f43fc740d809a33e1916b3599da34740,2024-10-19T23:30:00Z,Texas Longhorns,Georgia Bulldogs,2024-10-19T21:25:38Z,betrivers,Isaiah Bond,2.5,-560.0,
2024,f43fc740d809a33e1916b3599da34740,2024-10-19T23:30:00Z,Texas Longhorns,Georgia Bulldogs,2024-10-19T21:25:38Z,betrivers,Isaiah Bond,3.5,-180.0,
2024,f43fc740d809a33e1916b3599da34740,2024-10-19T23:30:00Z,Texas Longhorns,Georgia Bulldogs,2024-10-19T21:25:38Z,betrivers,Isaiah Bond,5.5,280.0,
2024,f43fc740d809a33e1916b3599da34740,2024-10-19T23:30:00Z,Texas Longhorns,Georgia Bulldogs,2024-10-19T21:25:38Z,betrivers,Gunnar Helm,3.5,-155.0,
2024,f43fc740d809a33e1916b3599da34740,2024-10-19T23:30:00Z,Texas Longhorns,Georgia Bulldogs,2024-10-19T21:25:38Z,betrivers,Gunnar Helm,2.5,-455.0,
2024,f43fc740d809a33e1916b3599da34740,2024-10-19T23:30:00Z,Texas Longhorns,Georgia Bulldogs,2024-10-19T21:25:38Z,betrivers,Matthew Golden,2.5,-195.0,
2024,f43fc740d809a33e1916b3599da34740,2024-10-19T23:30:00Z,Texas Longhorns,Georgia Bulldogs,2024-10-19T21:25:38Z,betrivers,Matthew Golden,3.5,140.0,
2024,f43fc740d809a33e1916b3599da34740,2024-10-19T23:30:00Z,Texas Longhorns,Georgia Bulldogs,2024-10-19T21:25:38Z,betrivers,Gunnar Helm,4.5,150.0,
2024,f43fc740d809a33e1916b3599da34740,2024-10-19T23:30:00Z,Texas Longhorns,Georgia Bulldogs,2024-10-19T21:25:38Z,fanduel,Arian Smith,3.5,-120.0,-108.0
2024,f43fc740d809a33e1916b3599da34740,2024-10-19T23:30:00Z,Texas Longhorns,Georgia Bulldogs,2024-10-19T21:25:38Z,fanduel,Trevor Etienne,2.5,-128.0,-102.0
2024,f43fc740d809a33e1916b3599da34740,2024-10-19T23:30:00Z,Texas Longhorns,Georgia Bulldogs,2024-10-19T21:25:38Z,fanduel,Gunnar Helm,3.5,-120.0,-108.0
2024,f43fc740d809a33e1916b3599da34740,2024-10-19T23:30:00Z,Texas Longhorns,Georgia Bulldogs,2024-10-19T21:25:38Z,fanduel,Jaydon Blue,2.5,108.0,-140.0
2024,f43fc740d809a33e1916b3599da34740,2024-10-19T23:30:00Z,Texas Longhorns,Georgia Bulldogs,2024-10-19T21:25:38Z,fanduel,Matthew Golden,3.5,148.0,-196.0
2024,f43fc740d809a33e1916b3599da34740,2024-10-19T23:30:00Z,Texas Longhorns,Georgia Bulldogs,2024-10-19T21:25:38Z,fanduel,Isaiah Bond,3.5,-168.0,128.0
2024,f43fc740d809a33e1916b3599da34740,2024-10-19T23:30:00Z,Texas Longhorns,Georgia Bulldogs,2024-10-19T21:25:38Z,fanduel,Dominic Lovett,4.5,-114.0,-114.0
2024,f43fc740d809a33e1916b3599da34740,2024-10-19T23:30:00Z,Texas Longhorns,Georgia Bulldogs,2024-10-19T21:25:38Z,fanduel,Dillon Bell,3.5,-146.0,112.0
2024,dfca0a437ea1072737944e2768b0ea9d,2024-10-22T23:30:00Z,Florida International Panthers,Sam Houston State Bearkats,2024-10-22T21:25:39Z,fanduel,Dean Patterson,4.5,-102.0,-128.0
2024,dfca0a437ea1072737944e2768b0ea9d,2024-10-22T23:30:00Z,Florida International Panthers,Sam Houston State Bearkats,2024-10-22T21:25:39Z,fanduel,Eric Rivers,4.5,-148.0,114.0
2024,dfca0a437ea1072737944e2768b0ea9d,2024-10-22T23:30:00Z,Florida International Panthers,Sam Houston State Bearkats,2024-10-22T21:25:39Z,bovada,Dean Patterson,3.5,-105.0,-125.0
2024,6d67f572c595cea32dc970f3e51f1dcf,2024-10-23T00:00:00Z,Louisiana Tech Bulldogs,UTEP Miners,2024-10-22T21:55:39Z,bovada,Kam Thomas,3.5,-150.0,115.0
2024,6d67f572c595cea32dc970f3e51f1dcf,2024-10-23T00:00:00Z,Louisiana Tech Bulldogs,UTEP Miners,2024-10-22T21:55:39Z,bovada,Kenny Odom,4.5,-115.0,-115.0
2024,6d67f572c595cea32dc970f3e51f1dcf,2024-10-23T00:00:00Z,Louisiana Tech Bulldogs,UTEP Miners,2024-10-22T21:55:39Z,bovada,Marlion Jackson,2.5,-150.0,115.0
2024,6d67f572c595cea32dc970f3e51f1dcf,2024-10-23T00:00:00Z,Louisiana Tech Bulldogs,UTEP Miners,2024-10-22T21:55:39Z,bovada,Tru Edwards,5.5,-120.0,-110.0
2024,29f35f7427d48b44a6dd5fd4e794fbfd,2024-10-24T23:30:00Z,Pittsburgh Panthers,Syracuse Orange,2024-10-24T21:25:38Z,fanduel,Desmond Reid,3.5,-114.0,-114.0
2024,29f35f7427d48b44a6dd5fd4e794fbfd,2024-10-24T23:30:00Z,Pittsburgh Panthers,Syracuse Orange,2024-10-24T21:25:38Z,fanduel,Oronde Gadsden II,5.5,108.0,-140.0
2024,29f35f7427d48b44a6dd5fd4e794fbfd,2024-10-24T23:30:00Z,Pittsburgh Panthers,Syracuse Orange,2024-10-24T21:25:38Z,fanduel,Konata Mumpfield,4.5,-114.0,-114.0
2024,29f35f7427d48b44a6dd5fd4e794fbfd,2024-10-24T23:30:00Z,Pittsburgh Panthers,Syracuse Orange,2024-10-24T21:25:38Z,fanduel,Kenny Johnson,3.5,116.0,-152.0
2024,29f35f7427d48b44a6dd5fd4e794fbfd,2024-10-24T23:30:00Z,Pittsburgh Panthers,Syracuse Orange,2024-10-24T21:25:38Z,fanduel,Umari Hatcher,3.5,108.0,-140.0
2024,29f35f7427d48b44a6dd5fd4e794fbfd,2024-10-24T23:30:00Z,Pittsburgh Panthers,Syracuse Orange,2024-10-24T21:25:38Z,fanduel,LeQuint Allen,4.5,-128.0,-102.0
2024,29f35f7427d48b44a6dd5fd4e794fbfd,2024-10-24T23:30:00Z,Pittsburgh Panthers,Syracuse Orange,2024-10-24T21:25:38Z,fanduel,Jackson Meeks,7.5,-102.0,-128.0
2024,4e184419cc930bc3bfd55535ec333e66,2024-10-25T23:30:00Z,Boston College Eagles,Louisville Cardinals,2024-10-25T21:25:39Z,fanduel,Chris Bell,3.5,-120.0,-108.0
2024,4e184419cc930bc3bfd55535ec333e66,2024-10-25T23:30:00Z,Boston College Eagles,Louisville Cardinals,2024-10-25T21:25:39Z,fanduel,Jaedn Skeete,3.5,108.0,-140.0
2024,4e184419cc930bc3bfd55535ec333e66,2024-10-25T23:30:00Z,Boston College Eagles,Louisville Cardinals,2024-10-25T21:25:39Z,fanduel,Ja'Corey Brooks,5.5,-102.0,-128.0
2024,4e184419cc930bc3bfd55535ec333e66,2024-10-25T23:30:00Z,Boston College Eagles,Louisville Cardinals,2024-10-25T21:25:39Z,fanduel,Lewis Bond,4.5,-146.0,112.0
2024,4e184419cc930bc3bfd55535ec333e66,2024-10-25T23:30:00Z,Boston College Eagles,Louisville Cardinals,2024-10-25T21:25:39Z,betrivers,Jaedn Skeete,3.5,105.0,
2024,4e184419cc930bc3bfd55535ec333e66,2024-10-25T23:30:00Z,Boston College Eagles,Louisville Cardinals,2024-10-25T21:25:39Z,betrivers,Lewis Bond,5.5,123.0,
2024,4e184419cc930bc3bfd55535ec333e66,2024-10-25T23:30:00Z,Boston College Eagles,Louisville Cardinals,2024-10-25T21:25:39Z,betrivers,Lewis Bond,3.5,-435.0,
2024,4e184419cc930bc3bfd55535ec333e66,2024-10-25T23:30:00Z,Boston College Eagles,Louisville Cardinals,2024-10-25T21:25:39Z,betrivers,Ja'Corey Brooks,5.5,132.0,
2024,4e184419cc930bc3bfd55535ec333e66,2024-10-25T23:30:00Z,Boston College Eagles,Louisville Cardinals,2024-10-25T21:25:39Z,betrivers,Ja'Corey Brooks,3.5,-420.0,
2024,4e184419cc930bc3bfd55535ec333e66,2024-10-25T23:30:00Z,Boston College Eagles,Louisville Cardinals,2024-10-25T21:25:39Z,betrivers,Chris Bell,3.5,-122.0,
2024,4e184419cc930bc3bfd55535ec333e66,2024-10-25T23:30:00Z,Boston College Eagles,Louisville Cardinals,2024-10-25T21:25:39Z,bovada,Chris Bell,3.5,-115.0,-115.0
2024,4e184419cc930bc3bfd55535ec333e66,2024-10-25T23:30:00Z,Boston College Eagles,Louisville Cardinals,2024-10-25T21:25:39Z,bovada,Ja'Corey Brooks,5.5,110.0,-145.0
2024,4e184419cc930bc3bfd55535ec333e66,2024-10-25T23:30:00Z,Boston College Eagles,Louisville Cardinals,2024-10-25T21:25:39Z,bovada,Jaedn Skeete,3.5,120.0,-160.0
2024,4e184419cc930bc3bfd55535ec333e66,2024-10-25T23:30:00Z,Boston College Eagles,Louisville Cardinals,2024-10-25T21:25:39Z,bovada,Lewis Bond,5.5,110.0,-145.0
2024,14af91c3c25b6e2ddc4afd78c2adb17a,2024-10-26T02:30:00Z,UNLV Rebels,Boise State Broncos,2024-10-26T00:25:39Z,fanduel,Ricky White III,7.5,-114.0,-114.0
2024,14af91c3c25b6e2ddc4afd78c2adb17a,2024-10-26T02:30:00Z,UNLV Rebels,Boise State Broncos,2024-10-26T00:25:39Z,fanduel,Cameron Camper,4.5,-120.0,-108.0
2024,14af91c3c25b6e2ddc4afd78c2adb17a,2024-10-26T02:30:00Z,UNLV Rebels,Boise State Broncos,2024-10-26T00:25:39Z,fanduel,Matt Lauter,3.5,130.0,-170.0
2024,14af91c3c25b6e2ddc4afd78c2adb17a,2024-10-26T02:30:00Z,UNLV Rebels,Boise State Broncos,2024-10-26T00:25:39Z,fanduel,Ashton Jeanty,1.5,-168.0,128.0
2024,14af91c3c25b6e2ddc4afd78c2adb17a,2024-10-26T02:30:00Z,UNLV Rebels,Boise State Broncos,2024-10-26T00:25:39Z,fanduel,Jacob De Jesus,3.5,112.0,-146.0
2024,14af91c3c25b6e2ddc4afd78c2adb17a,2024-10-26T02:30:00Z,UNLV Rebels,Boise State Broncos,2024-10-26T00:25:39Z,betrivers,Cameron Camper,4.5,-124.0,
2024,14af91c3c25b6e2ddc4afd78c2adb17a,2024-10-26T02:30:00Z,UNLV Rebels,Boise State Broncos,2024-10-26T00:25:39Z,betrivers,Matt Lauter,3.5,185.0,
2024,14af91c3c25b6e2ddc4afd78c2adb17a,2024-10-26T02:30:00Z,UNLV Rebels,Boise State Broncos,2024-10-26T00:25:39Z,betrivers,Matt Lauter,1.5,-560.0,
2024,14af91c3c25b6e2ddc4afd78c2adb17a,2024-10-26T02:30:00Z,UNLV Rebels,Boise State Broncos,2024-10-26T00:25:39Z,bovada,Ashton Jeanty,1.5,-200.0,150.0
2024,14af91c3c25b6e2ddc4afd78c2adb17a,2024-10-26T02:30:00Z,UNLV Rebels,Boise State Broncos,2024-10-26T00:25:39Z,bovada,Cameron Camper,4.5,-120.0,-110.0
2024,14af91c3c25b6e2ddc4afd78c2adb17a,2024-10-26T02:30:00Z,UNLV Rebels,Boise State Broncos,2024-10-26T00:25:39Z,bovada,Matt Lauter,3.5,130.0,-170.0
2024,14af91c3c25b6e2ddc4afd78c2adb17a,2024-10-26T02:30:00Z,UNLV Rebels,Boise State Broncos,2024-10-26T00:25:39Z,bovada,Ricky White III,6.5,-165.0,125.0
2024,8c436a836a67253a5885cf450f076d41,2024-10-26T03:00:00Z,USC Trojans,Rutgers Scarlet Knights,2024-10-26T00:55:39Z,bovada,Kyron Hudson,3.5,115.0,-150.0
2024,8c436a836a67253a5885cf450f076d41,2024-10-26T03:00:00Z,USC Trojans,Rutgers Scarlet Knights,2024-10-26T00:55:39Z,bovada,Makai Lemon,4.5,-130.0,100.0
2024,8c436a836a67253a5885cf450f076d41,2024-10-26T03:00:00Z,USC Trojans,Rutgers Scarlet Knights,2024-10-26T00:55:39Z,bovada,Woody Marks,3.5,-110.0,-120.0
2024,8c436a836a67253a5885cf450f076d41,2024-10-26T03:00:00Z,USC Trojans,Rutgers Scarlet Knights,2024-10-26T00:55:39Z,bovada,Zachariah Branch,2.5,-135.0,105.0
2024,07956ba3f9671780d5863103632fee51,2024-10-26T16:00:00Z,Indiana Hoosiers,Washington Huskies,2024-10-26T13:55:39Z,fanduel,Miles Cross,2.5,122.0,-160.0
2024,07956ba3f9671780d5863103632fee51,2024-10-26T16:00:00Z,Indiana Hoosiers,Washington Huskies,2024-10-26T13:55:39Z,fanduel,Elijah Sarratt,4.5,-114.0,-114.0
2024,07956ba3f9671780d5863103632fee51,2024-10-26T16:00:00Z,Indiana Hoosiers,Washington Huskies,2024-10-26T13:55:39Z,fanduel,Myles Price,2.5,-114.0,-114.0
2024,07956ba3f9671780d5863103632fee51,2024-10-26T16:00:00Z,Indiana Hoosiers,Washington Huskies,2024-10-26T13:55:39Z,fanduel,Omar Cooper Jr.,3.5,136.0,-178.0
2024,07956ba3f9671780d5863103632fee51,2024-10-26T16:00:00Z,Indiana Hoosiers,Washington Huskies,2024-10-26T13:55:39Z,bovada,Denzel Boston,5.5,115.0,-150.0
2024,07956ba3f9671780d5863103632fee51,2024-10-26T16:00:00Z,Indiana Hoosiers,Washington Huskies,2024-10-26T13:55:39Z,bovada,Elijah Sarratt,4.5,-115.0,-115.0
2024,07956ba3f9671780d5863103632fee51,2024-10-26T16:00:00Z,Indiana Hoosiers,Washington Huskies,2024-10-26T13:55:39Z,bovada,Giles Jackson,5.5,-145.0,110.0
2024,07956ba3f9671780d5863103632fee51,2024-10-26T16:00:00Z,Indiana Hoosiers,Washington Huskies,2024-10-26T13:55:39Z,bovada,Jeremiah Hunter,2.5,-120.0,-110.0
2024,07956ba3f9671780d5863103632fee51,2024-10-26T16:00:00Z,Indiana Hoosiers,Washington Huskies,2024-10-26T13:55:39Z,bovada,Jonah Coleman,1.5,-200.0,150.0
2024,07956ba3f9671780d5863103632fee51,2024-10-26T16:00:00Z,Indiana Hoosiers,Washington Huskies,2024-10-26T13:55:39Z,bovada,Keleki Latu,3.5,-160.0,120.0
2024,07956ba3f9671780d5863103632fee51,2024-10-26T16:00:00Z,Indiana Hoosiers,Washington Huskies,2024-10-26T13:55:39Z,bovada,Miles Cross,2.5,115.0,-150.0
2024,07956ba3f9671780d5863103632fee51,2024-10-26T16:00:00Z,Indiana Hoosiers,Washington Huskies,2024-10-26T13:55:39Z,bovada,Myles Price,2.5,100.0,-130.0
2024,07956ba3f9671780d5863103632fee51,2024-10-26T16:00:00Z,Indiana Hoosiers,Washington Huskies,2024-10-26T13:55:39Z,bovada,Omar Cooper Jr.,3.5,125.0,-165.0
2024,07956ba3f9671780d5863103632fee51,2024-10-26T16:00:00Z,Indiana Hoosiers,Washington Huskies,2024-10-26T13:55:39Z,bovada,Zach Horton,1.5,-185.0,140.0
2024,62ccc83dd951794c02ccb031ab74d800,2024-10-26T16:00:00Z,Navy Midshipmen,Notre Dame Fighting Irish,2024-10-26T13:55:39Z,bovada,Beaux Collins,4.5,120.0,-160.0
2024,62ccc83dd951794c02ccb031ab74d800,2024-10-26T16:00:00Z,Navy Midshipmen,Notre Dame Fighting Irish,2024-10-26T13:55:39Z,bovada,Jeremiyah Love,1.5,-160.0,120.0
2024,85757dcfa3a96f1784839617f744fca9,2024-10-26T16:00:00Z,Ohio State Buckeyes,Nebraska Cornhuskers,2024-10-26T13:55:39Z,fanduel,Jacory Barney Jr.,3.5,-120.0,-108.0
2024,85757dcfa3a96f1784839617f744fca9,2024-10-26T16:00:00Z,Ohio State Buckeyes,Nebraska Cornhuskers,2024-10-26T13:55:39Z,fanduel,Jeremiah Smith,4.5,-114.0,-114.0
2024,85757dcfa3a96f1784839617f744fca9,2024-10-26T16:00:00Z,Ohio State Buckeyes,Nebraska Cornhuskers,2024-10-26T13:55:39Z,fanduel,Thomas Fidone II,2.5,-156.0,120.0
2024,85757dcfa3a96f1784839617f744fca9,2024-10-26T16:00:00Z,Ohio State Buckeyes,Nebraska Cornhuskers,2024-10-26T13:55:39Z,fanduel,Jahmal Banks,2.5,116.0,-152.0
2024,85757dcfa3a96f1784839617f744fca9,2024-10-26T16:00:00Z,Ohio State Buckeyes,Nebraska Cornhuskers,2024-10-26T13:55:39Z,fanduel,Isaiah Neyor,2.5,130.0,-170.0
2024,85757dcfa3a96f1784839617f744fca9,2024-10-26T16:00:00Z,Ohio State Buckeyes,Nebraska Cornhuskers,2024-10-26T13:55:39Z,fanduel,Emeka Egbuka,5.5,-114.0,-114.0
2024,85757dcfa3a96f1784839617f744fca9,2024-10-26T16:00:00Z,Ohio State Buckeyes,Nebraska Cornhuskers,2024-10-26T13:55:39Z,fanduel,Carnell Tate,2.5,-148.0,114.0
2024,85757dcfa3a96f1784839617f744fca9,2024-10-26T16:00:00Z,Ohio State Buckeyes,Nebraska Cornhuskers,2024-10-26T13:55:39Z,bovada,Carnell Tate,2.5,-145.0,110.0
2024,85757dcfa3a96f1784839617f744fca9,2024-10-26T16:00:00Z,Ohio State Buckeyes,Nebraska Cornhuskers,2024-10-26T13:55:39Z,bovada,Dante Dowdell,0.5,-230.0,170.0
2024,85757dcfa3a96f1784839617f744fca9,2024-10-26T16:00:00Z,Ohio State Buckeyes,Nebraska Cornhuskers,2024-10-26T13:55:39Z,bovada,Emeka Egbuka,5.5,-115.0,-115.0
2024,85757dcfa3a96f1784839617f744fca9,2024-10-26T16:00:00Z,Ohio State Buckeyes,Nebraska Cornhuskers,2024-10-26T13:55:39Z,bovada,Emmett Johnson,1.5,110.0,-145.0
2024,85757dcfa3a96f1784839617f744fca9,2024-10-26T16:00:00Z,Ohio State Buckeyes,Nebraska Cornhuskers,2024-10-26T13:55:39Z,bovada,Isaiah Neyor,2.5,135.0,-180.0
2024,85757dcfa3a96f1784839617f744fca9,2024-10-26T16:00:00Z,Ohio State Buckeyes,Nebraska Cornhuskers,2024-10-26T13:55:39Z,bovada,Jahmal Banks,2.5,120.0,-160.0
2024,85757dcfa3a96f1784839617f744fca9,2024-10-26T16:00:00Z,Ohio State Buckeyes,Nebraska Cornhuskers,2024-10-26T13:55:39Z,bovada,Jeremiah Smith,4.5,-115.0,-115.0
2024,85757dcfa3a96f1784839617f744fca9,2024-10-26T16:00:00Z,Ohio State Buckeyes,Nebraska Cornhuskers,2024-10-26T13:55:39Z,bovada,Quinshon Judkins,1.5,150.0,-200.0
2024,85757dcfa3a96f1784839617f744fca9,2024-10-26T16:00:00Z,Ohio State Buckeyes,Nebraska Cornhuskers,2024-10-26T13:55:39Z,bovada,Thomas Fidone II,2.5,-160.0,120.0
2024,85757dcfa3a96f1784839617f744fca9,2024-10-26T16:00:00Z,Ohio State Buckeyes,Nebraska Cornhuskers,2024-10-26T13:55:39Z,bovada,TreVeyon Henderson,1.5,155.0,-210.0
2024,624be06541ba81904774d34305883ade,2024-10-26T16:00:00Z,Virginia Cavaliers,North Carolina Tar Heels,2024-10-26T13:55:39Z,fanduel,Omarion Hampton,2.5,-168.0,128.0
2024,624be06541ba81904774d34305883ade,2024-10-26T16:00:00Z,Virginia Cavaliers,North Carolina Tar Heels,2024-10-26T13:55:39Z,bovada,J.J. Jones,3.5,-110.0,-120.0
2024,624be06541ba81904774d34305883ade,2024-10-26T16:00:00Z,Virginia Cavaliers,North Carolina Tar Heels,2024-10-26T13:55:39Z,bovada,Kobe Paysour,3.5,125.0,-165.0
2024,624be06541ba81904774d34305883ade,2024-10-26T16:00:00Z,Virginia Cavaliers,North Carolina Tar Heels,2024-10-26T13:55:39Z,bovada,Malachi Fields,6.5,-110.0,-120.0
2024,624be06541ba81904774d34305883ade,2024-10-26T16:00:00Z,Virginia Cavaliers,North Carolina Tar Heels,2024-10-26T13:55:39Z,bovada,Omarion Hampton,2.5,-150.0,115.0
2024,624be06541ba81904774d34305883ade,2024-10-26T16:00:00Z,Virginia Cavaliers,North Carolina Tar Heels,2024-10-26T13:55:39Z,bovada,Tyler Neville,3.5,-115.0,-115.0
2024,2059c52e67a51bdaa3cf03c93c5731fc,2024-10-26T16:00:00Z,Ole Miss Rebels,Oklahoma Sooners,2024-10-26T13:55:39Z,bovada,Caden Prieskorn,2.5,120.0,-160.0
2024,2059c52e67a51bdaa3cf03c93c5731fc,2024-10-26T16:00:00Z,Ole Miss Rebels,Oklahoma Sooners,2024-10-26T13:55:39Z,bovada,Cayden Lee,3.5,-120.0,-110.0
2024,2059c52e67a51bdaa3cf03c93c5731fc,2024-10-26T16:00:00Z,Ole Miss Rebels,Oklahoma Sooners,2024-10-26T13:55:39Z,bovada,Henry Parrish Jr.,1.5,135.0,-180.0
2024,2059c52e67a51bdaa3cf03c93c5731fc,2024-10-26T16:00:00Z,Ole Miss Rebels,Oklahoma Sooners,2024-10-26T13:55:39Z,bovada,Jordan Watkins,3.5,120.0,-160.0
2024,2059c52e67a51bdaa3cf03c93c5731fc,2024-10-26T16:00:00Z,Ole Miss Rebels,Oklahoma Sooners,2024-10-26T13:55:39Z,bovada,Jovantae Barnes,1.5,-150.0,115.0
2024,2059c52e67a51bdaa3cf03c93c5731fc,2024-10-26T16:00:00Z,Ole Miss Rebels,Oklahoma Sooners,2024-10-26T13:55:39Z,bovada,Tre Harris,6.5,110.0,-145.0
2024,eab4b10a563d620db74df4a632d02bac,2024-10-26T19:30:00Z,Alabama Crimson Tide,Missouri Tigers,2024-10-26T17:25:38Z,bovada,CJ Dippre,1.5,-160.0,120.0
2024,eab4b10a563d620db74df4a632d02bac,2024-10-26T19:30:00Z,Alabama Crimson Tide,Missouri Tigers,2024-10-26T17:25:38Z,bovada,Germie Bernard,4.5,-125.0,-105.0
2024,eab4b10a563d620db74df4a632d02bac,2024-10-26T19:30:00Z,Alabama Crimson Tide,Missouri Tigers,2024-10-26T17:25:38Z,bovada,Luther Burden III,5.5,100.0,-130.0
2024,eab4b10a563d620db74df4a632d02bac,2024-10-26T19:30:00Z,Alabama Crimson Tide,Missouri Tigers,2024-10-26T17:25:38Z,bovada,Ryan Williams,4.5,-165.0,125.0
2024,eab4b10a563d620db74df4a632d02bac,2024-10-26T19:30:00Z,Alabama Crimson Tide,Missouri Tigers,2024-10-26T17:25:38Z,bovada,Theo Wease Jr.,4.5,130.0,-170.0
2024,81cbb952086888b9ed73298d5000c10f,2024-10-26T19:30:00Z,UCF Knights,BYU Cougars,2024-10-26T17:25:38Z,fanduel,Darius Lassiter,5.5,108.0,-140.0
2024,81cbb952086888b9ed73298d5000c10f,2024-10-26T19:30:00Z,UCF Knights,BYU Cougars,2024-10-26T17:25:38Z,fanduel,Kobe Hudson,3.5,-102.0,-128.0
2024,81cbb952086888b9ed73298d5000c10f,2024-10-26T19:30:00Z,UCF Knights,BYU Cougars,2024-10-26T17:25:38Z,fanduel,Chase Roberts,4.5,130.0,-170.0
2024,81cbb952086888b9ed73298d5000c10f,2024-10-26T19:30:00Z,UCF Knights,BYU Cougars,2024-10-26T17:25:38Z,bovada,Chase Roberts,4.5,130.0,-170.0
2024,81cbb952086888b9ed73298d5000c10f,2024-10-26T19:30:00Z,UCF Knights,BYU Cougars,2024-10-26T17:25:38Z,bovada,Darius Lassiter,5.5,115.0,-150.0
2024,81cbb952086888b9ed73298d5000c10f,2024-10-26T19:30:00Z,UCF Knights,BYU Cougars,2024-10-26T17:25:38Z,bovada,Kobe Hudson,3.5,-110.0,-120.0
2024,3161e02b2a9a17d993ad42198bcbc931,2024-10-26T19:30:00Z,Baylor Bears,Oklahoma State Cowboys,2024-10-26T17:25:38Z,bovada,Ollie Gordon II,2.5,-125.0,-105.0
2024,63293d6e3ad0b836f6a5ff0650926ade,2024-10-26T19:30:00Z,Oregon Ducks,Illinois Fighting Illini,2024-10-26T17:25:38Z,fanduel,Pat Bryant,4.5,-108.0,-120.0
2024,63293d6e3ad0b836f6a5ff0650926ade,2024-10-26T19:30:00Z,Oregon Ducks,Illinois Fighting Illini,2024-10-26T17:25:38Z,fanduel,Evan Stewart,3.5,-146.0,112.0
2024,63293d6e3ad0b836f6a5ff0650926ade,2024-10-26T19:30:00Z,Oregon Ducks,Illinois Fighting Illini,2024-10-26T17:25:38Z,fanduel,Zakhari Franklin,4.5,126.0,-165.0
2024,63293d6e3ad0b836f6a5ff0650926ade,2024-10-26T19:30:00Z,Oregon Ducks,Illinois Fighting Illini,2024-10-26T17:25:38Z,fanduel,Tez Johnson,7.5,-108.0,-120.0
2024,63293d6e3ad0b836f6a5ff0650926ade,2024-10-26T19:30:00Z,Oregon Ducks,Illinois Fighting Illini,2024-10-26T17:25:38Z,bovada,Aidan Laughery,0.5,-210.0,155.0
2024,63293d6e3ad0b836f6a5ff0650926ade,2024-10-26T19:30:00Z,Oregon Ducks,Illinois Fighting Illini,2024-10-26T17:25:38Z,bovada,Evan Stewart,3.5,-145.0,110.0
2024,63293d6e3ad0b836f6a5ff0650926ade,2024-10-26T19:30:00Z,Oregon Ducks,Illinois Fighting Illini,2024-10-26T17:25:38Z,bovada,Jordan James,1.5,120.0,-160.0
2024,63293d6e3ad0b836f6a5ff0650926ade,2024-10-26T19:30:00Z,Oregon Ducks,Illinois Fighting Illini,2024-10-26T17:25:38Z,bovada,Josh McCray,1.5,-130.0,100.0
2024,63293d6e3ad0b836f6a5ff0650926ade,2024-10-26T19:30:00Z,Oregon Ducks,Illinois Fighting Illini,2024-10-26T17:25:38Z,bovada,Pat Bryant,4.5,-110.0,-120.0
2024,63293d6e3ad0b836f6a5ff0650926ade,2024-10-26T19:30:00Z,Oregon Ducks,Illinois Fighting Illini,2024-10-26T17:25:38Z,bovada,Tez Johnson,7.5,-115.0,-115.0
2024,63293d6e3ad0b836f6a5ff0650926ade,2024-10-26T19:30:00Z,Oregon Ducks,Illinois Fighting Illini,2024-10-26T17:25:38Z,bovada,Zakhari Franklin,4.5,130.0,-170.0
2024,bb54e9601e3f832e1e6a1445ba306a4a,2024-10-26T19:30:00Z,Iowa Hawkeyes,Northwestern Wildcats,2024-10-26T17:25:38Z,bovada,Bryce Kirtz,4.5,-135.0,105.0
2024,bb54e9601e3f832e1e6a1445ba306a4a,2024-10-26T19:30:00Z,Iowa Hawkeyes,Northwestern Wildcats,2024-10-26T17:25:38Z,bovada,Cam Porter,1.5,120.0,-160.0
2024,bb54e9601e3f832e1e6a1445ba306a4a,2024-10-26T19:30:00Z,Iowa Hawkeyes,Northwestern Wildcats,2024-10-26T17:25:38Z,bovada,Jacob Gill,2.5,135.0,-180.0
2024,bb54e9601e3f832e1e6a1445ba306a4a,2024-10-26T19:30:00Z,Iowa Hawkeyes,Northwestern Wildcats,2024-10-26T17:25:38Z,bovada,Kaleb Johnson,2.5,105.0,-135.0
2024,bb54e9601e3f832e1e6a1445ba306a4a,2024-10-26T19:30:00Z,Iowa Hawkeyes,Northwestern Wildcats,2024-10-26T17:25:38Z,bovada,Luke Lachey,2.5,-170.0,130.0
2024,bb54e9601e3f832e1e6a1445ba306a4a,2024-10-26T19:30:00Z,Iowa Hawkeyes,Northwestern Wildcats,2024-10-26T17:25:38Z,bovada,Reece Vander Zee,2.5,-150.0,115.0
2024,bb54e9601e3f832e1e6a1445ba306a4a,2024-10-26T19:30:00Z,Iowa Hawkeyes,Northwestern Wildcats,2024-10-26T17:25:38Z,bovada,Thomas Gordon,1.5,-170.0,130.0
2024,28959ec6116efbc13f8924930a94516c,2024-10-26T19:30:00Z,Minnesota Golden Gophers,Maryland Terrapins,2024-10-26T17:25:38Z,bovada,Daniel Jackson,5.5,125.0,-165.0
2024,28959ec6116efbc13f8924930a94516c,2024-10-26T19:30:00Z,Minnesota Golden Gophers,Maryland Terrapins,2024-10-26T17:25:38Z,bovada,Darius Taylor,3.5,-135.0,105.0
2024,28959ec6116efbc13f8924930a94516c,2024-10-26T19:30:00Z,Minnesota Golden Gophers,Maryland Terrapins,2024-10-26T17:25:38Z,bovada,Dylan Wade,1.5,-180.0,135.0
2024,28959ec6116efbc13f8924930a94516c,2024-10-26T19:30:00Z,Minnesota Golden Gophers,Maryland Terrapins,2024-10-26T17:25:38Z,bovada,Elijah Spencer,2.5,-115.0,-115.0
2024,28959ec6116efbc13f8924930a94516c,2024-10-26T19:30:00Z,Minnesota Golden Gophers,Maryland Terrapins,2024-10-26T17:25:38Z,bovada,Jameson Geers,1.5,-180.0,135.0
2024,28959ec6116efbc13f8924930a94516c,2024-10-26T19:30:00Z,Minnesota Golden Gophers,Maryland Terrapins,2024-10-26T17:25:38Z,bovada,Kaden Prather,4.5,-125.0,-105.0
2024,28959ec6116efbc13f8924930a94516c,2024-10-26T19:30:00Z,Minnesota Golden Gophers,Maryland Terrapins,2024-10-26T17:25:38Z,bovada,Le'Meke Brockington,1.5,-135.0,105.0
2024,28959ec6116efbc13f8924930a94516c,2024-10-26T19:30:00Z,Minnesota Golden Gophers,Maryland Terrapins,2024-10-26T17:25:38Z,bovada,Marcus Major,1.5,140.0,-185.0
2024,28959ec6116efbc13f8924930a94516c,2024-10-26T19:30:00Z,Minnesota Golden Gophers,Maryland Terrapins,2024-10-26T17:25:38Z,bovada,Octavian Smith Jr.,2.5,-150.0,115.0
2024,28959ec6116efbc13f8924930a94516c,2024-10-26T19:30:00Z,Minnesota Golden Gophers,Maryland Terrapins,2024-10-26T17:25:38Z,bovada,Roman Hemby,2.5,150.0,-200.0
2024,28959ec6116efbc13f8924930a94516c,2024-10-26T19:30:00Z,Minnesota Golden Gophers,Maryland Terrapins,2024-10-26T17:25:38Z,bovada,Tai Felton,7.5,110.0,-145.0
2024,ca1b7dce792ab83422b6e04ab6ebf7b2,2024-10-26T19:30:00Z,TCU Horned Frogs,Texas Tech Red Raiders,2024-10-26T17:25:38Z,bovada,Caleb Douglas,4.5,-105.0,-125.0
2024,ca1b7dce792ab83422b6e04ab6ebf7b2,2024-10-26T19:30:00Z,TCU Horned Frogs,Texas Tech Red Raiders,2024-10-26T17:25:38Z,bovada,Jack Bech,6.5,100.0,-130.0
2024,ca1b7dce792ab83422b6e04ab6ebf7b2,2024-10-26T19:30:00Z,TCU Horned Frogs,Texas Tech Red Raiders,2024-10-26T17:25:38Z,bovada,Josh Kelly,7.5,120.0,-160.0
2024,ca1b7dce792ab83422b6e04ab6ebf7b2,2024-10-26T19:30:00Z,TCU Horned Frogs,Texas Tech Red Raiders,2024-10-26T17:25:38Z,bovada,JP Richardson,4.5,-150.0,115.0
2024,ca1b7dce792ab83422b6e04ab6ebf7b2,2024-10-26T19:30:00Z,TCU Horned Frogs,Texas Tech Red Raiders,2024-10-26T17:25:38Z,bovada,Savion Williams,5.5,100.0,-130.0
2024,ca1b7dce792ab83422b6e04ab6ebf7b2,2024-10-26T19:30:00Z,TCU Horned Frogs,Texas Tech Red Raiders,2024-10-26T17:25:38Z,bovada,Tahj Brooks,2.5,150.0,-200.0
2024,f4a55699b4532691ec194cdc2e526111,2024-10-26T20:00:00Z,California Golden Bears,Oregon State Beavers,2024-10-26T17:55:38Z,bovada,Anthony Hankerson,2.5,150.0,-200.0
2024,f4a55699b4532691ec194cdc2e526111,2024-10-26T20:00:00Z,California Golden Bears,Oregon State Beavers,2024-10-26T17:55:38Z,bovada,Trent Walker,5.5,-115.0,-115.0
2024,6de6c1ba145b75009c8c0a9071df3af6,2024-10-26T20:15:00Z,Vanderbilt Commodores,Texas Longhorns,2024-10-26T18:10:39Z,bovada,Eli Stowers,3.5,-130.0,100.0
2024,6de6c1ba145b75009c8c0a9071df3af6,2024-10-26T20:15:00Z,Vanderbilt Commodores,Texas Longhorns,2024-10-26T18:10:39Z,bovada,Gunnar Helm,4.5,105.0,-135.0
2024,6de6c1ba145b75009c8c0a9071df3af6,2024-10-26T20:15:00Z,Vanderbilt Commodores,Texas Longhorns,2024-10-26T18:10:39Z,bovada,Junior Sherrill,2.5,100.0,-130.0
2024,6de6c1ba145b75009c8c0a9071df3af6,2024-10-26T20:15:00Z,Vanderbilt Commodores,Texas Longhorns,2024-10-26T18:10:39Z,bovada,Quincy Skinner Jr.,2.5,-110.0,-120.0
2024,6de6c1ba145b75009c8c0a9071df3af6,2024-10-26T20:15:00Z,Vanderbilt Commodores,Texas Longhorns,2024-10-26T18:10:39Z,bovada,Quintrevion Wisner,2.5,-110.0,-120.0
2024,15daf1c3b8406dd651de09ebe9bb61c2,2024-10-26T23:00:00Z,Arizona Wildcats,West Virginia Mountaineers,2024-10-26T20:55:38Z,fanduel,Tetairoa McMillan,6.5,-132.0,102.0
2024,15daf1c3b8406dd651de09ebe9bb61c2,2024-10-26T23:00:00Z,Arizona Wildcats,West Virginia Mountaineers,2024-10-26T20:55:38Z,bovada,Quali Conley,2.5,-165.0,125.0
2024,15daf1c3b8406dd651de09ebe9bb61c2,2024-10-26T23:00:00Z,Arizona Wildcats,West Virginia Mountaineers,2024-10-26T20:55:38Z,bovada,Tetairoa McMillan,6.5,100.0,-130.0
2024,df417085b37403584e7158a4a2574761,2024-10-26T23:00:00Z,Miami Hurricanes,Florida State Seminoles,2024-10-26T20:55:38Z,bovada,Isaiah Horton,3.5,-170.0,130.0
2024,df417085b37403584e7158a4a2574761,2024-10-26T23:00:00Z,Miami Hurricanes,Florida State Seminoles,2024-10-26T20:55:38Z,bovada,Jacolby George,3.5,100.0,-130.0
2024,df417085b37403584e7158a4a2574761,2024-10-26T23:00:00Z,Miami Hurricanes,Florida State Seminoles,2024-10-26T20:55:38Z,bovada,Xavier Restrepo,6.5,120.0,-160.0
2024,854cef55ae4a72f75ab8e8e3a30e5c25,2024-10-26T23:00:00Z,Houston Cougars,Utah Utes,2024-10-26T20:55:38Z,bovada,Micah Bernard,1.5,-165.0,125.0
2024,82dcc16d6c0f65fefd3f968cf4714f98,2024-10-26T23:30:00Z,Texas A&M Aggies,LSU Tigers,2024-10-26T21:25:38Z,fanduel,Mason Taylor,3.5,-108.0,-120.0
2024,82dcc16d6c0f65fefd3f968cf4714f98,2024-10-26T23:30:00Z,Texas A&M Aggies,LSU Tigers,2024-10-26T21:25:38Z,fanduel,Noah Thomas,3.5,-108.0,-120.0
2024,82dcc16d6c0f65fefd3f968cf4714f98,2024-10-26T23:30:00Z,Texas A&M Aggies,LSU Tigers,2024-10-26T21:25:38Z,fanduel,Kyren Lacy,5.5,-108.0,-120.0
2024,82dcc16d6c0f65fefd3f968cf4714f98,2024-10-26T23:30:00Z,Texas A&M Aggies,LSU Tigers,2024-10-26T21:25:38Z,bovada,Aaron Anderson,4.5,125.0,-165.0
2024,82dcc16d6c0f65fefd3f968cf4714f98,2024-10-26T23:30:00Z,Texas A&M Aggies,LSU Tigers,2024-10-26T21:25:38Z,bovada,Caden Durham,2.5,140.0,-185.0
2024,82dcc16d6c0f65fefd3f968cf4714f98,2024-10-26T23:30:00Z,Texas A&M Aggies,LSU Tigers,2024-10-26T21:25:38Z,bovada,Jabre Barber,2.5,-180.0,135.0
2024,82dcc16d6c0f65fefd3f968cf4714f98,2024-10-26T23:30:00Z,Texas A&M Aggies,LSU Tigers,2024-10-26T21:25:38Z,bovada,Kyren Lacy,5.5,100.0,-130.0
2024,82dcc16d6c0f65fefd3f968cf4714f98,2024-10-26T23:30:00Z,Texas A&M Aggies,LSU Tigers,2024-10-26T21:25:38Z,bovada,Le'Veon Moss,1.5,-115.0,-115.0
2024,82dcc16d6c0f65fefd3f968cf4714f98,2024-10-26T23:30:00Z,Texas A&M Aggies,LSU Tigers,2024-10-26T21:25:38Z,bovada,Mason Taylor,3.5,-115.0,-115.0
2024,82dcc16d6c0f65fefd3f968cf4714f98,2024-10-26T23:30:00Z,Texas A&M Aggies,LSU Tigers,2024-10-26T21:25:38Z,bovada,Noah Thomas,3.5,-115.0,-115.0
2024,82dcc16d6c0f65fefd3f968cf4714f98,2024-10-26T23:30:00Z,Texas A&M Aggies,LSU Tigers,2024-10-26T21:25:38Z,bovada,Tre Watson,1.5,-135.0,105.0
2024,94abae1ed05d125bd1238fb700d654e6,2024-10-26T23:30:00Z,Michigan Wolverines,Michigan State Spartans,2024-10-26T21:25:38Z,bovada,Colston Loveland,4.5,-125.0,-105.0
2024,94abae1ed05d125bd1238fb700d654e6,2024-10-26T23:30:00Z,Michigan Wolverines,Michigan State Spartans,2024-10-26T21:25:38Z,bovada,Jack Velling,2.5,-130.0,100.0
2024,94abae1ed05d125bd1238fb700d654e6,2024-10-26T23:30:00Z,Michigan Wolverines,Michigan State Spartans,2024-10-26T21:25:38Z,bovada,Montorie Foster Jr.,3.5,135.0,-180.0
2024,94abae1ed05d125bd1238fb700d654e6,2024-10-26T23:30:00Z,Michigan Wolverines,Michigan State Spartans,2024-10-26T21:25:38Z,bovada,Nick Marsh,3.5,-120.0,-110.0
2024,a1840196105c79050dd273ae8c9fb83e,2024-10-26T23:30:00Z,Wisconsin Badgers,Penn State Nittany Lions,2024-10-26T21:25:38Z,fanduel,Tyler Warren,5.5,108.0,-140.0
2024,a1840196105c79050dd273ae8c9fb83e,2024-10-26T23:30:00Z,Wisconsin Badgers,Penn State Nittany Lions,2024-10-26T21:25:38Z,bovada,Darrion Dupree,0.5,-190.0,145.0
2024,a1840196105c79050dd273ae8c9fb83e,2024-10-26T23:30:00Z,Wisconsin Badgers,Penn State Nittany Lions,2024-10-26T21:25:38Z,bovada,Harrison Wallace III,2.5,-145.0,110.0
2024,a1840196105c79050dd273ae8c9fb83e,2024-10-26T23:30:00Z,Wisconsin Badgers,Penn State Nittany Lions,2024-10-26T21:25:38Z,bovada,Julian Fleming,1.5,-120.0,-110.0
2024,a1840196105c79050dd273ae8c9fb83e,2024-10-26T23:30:00Z,Wisconsin Badgers,Penn State Nittany Lions,2024-10-26T21:25:38Z,bovada,Liam Clifford,2.5,100.0,-130.0
2024,a1840196105c79050dd273ae8c9fb83e,2024-10-26T23:30:00Z,Wisconsin Badgers,Penn State Nittany Lions,2024-10-26T21:25:38Z,bovada,Nicholas Singleton,1.5,-180.0,135.0
2024,a1840196105c79050dd273ae8c9fb83e,2024-10-26T23:30:00Z,Wisconsin Badgers,Penn State Nittany Lions,2024-10-26T21:25:38Z,bovada,Riley Nowakowski,1.5,160.0,-215.0
2024,a1840196105c79050dd273ae8c9fb83e,2024-10-26T23:30:00Z,Wisconsin Badgers,Penn State Nittany Lions,2024-10-26T21:25:38Z,bovada,Tawee Walker,1.5,145.0,-190.0
2024,a1840196105c79050dd273ae8c9fb83e,2024-10-26T23:30:00Z,Wisconsin Badgers,Penn State Nittany Lions,2024-10-26T21:25:38Z,bovada,Tucker Ashcraft,0.5,-190.0,145.0
2024,a1840196105c79050dd273ae8c9fb83e,2024-10-26T23:30:00Z,Wisconsin Badgers,Penn State Nittany Lions,2024-10-26T21:25:38Z,bovada,Tyler Warren,4.5,-160.0,120.0
2024,a1840196105c79050dd273ae8c9fb83e,2024-10-26T23:30:00Z,Wisconsin Badgers,Penn State Nittany Lions,2024-10-26T21:25:38Z,bovada,Will Pauling,4.5,120.0,-160.0
2024,da0a9d7361e8d4287282f376acd348e2,2024-10-27T02:30:00Z,San Diego State Aztecs,Washington State Cougars,2024-10-27T00:25:38Z,bovada,Kris Hutson,5.5,-125.0,-105.0
2024,da0a9d7361e8d4287282f376acd348e2,2024-10-27T02:30:00Z,San Diego State Aztecs,Washington State Cougars,2024-10-27T00:25:38Z,bovada,Kyle Williams,5.5,120.0,-160.0
2024,aa4535a94d6e217634077cc724dba794,2024-10-27T03:15:00Z,Colorado Buffaloes,Cincinnati Bearcats,2024-10-27T01:10:38Z,fanduel,Xzavier Henderson,5.5,-114.0,-114.0
2024,aa4535a94d6e217634077cc724dba794,2024-10-27T03:15:00Z,Colorado Buffaloes,Cincinnati Bearcats,2024-10-27T01:10:38Z,fanduel,Joe Royer,4.5,102.0,-132.0
2024,aa4535a94d6e217634077cc724dba794,2024-10-27T03:15:00Z,Colorado Buffaloes,Cincinnati Bearcats,2024-10-27T01:10:38Z,fanduel,Jimmy Horn Jr.,2.5,-168.0,128.0
2024,aa4535a94d6e217634077cc724dba794,2024-10-27T03:15:00Z,Colorado Buffaloes,Cincinnati Bearcats,2024-10-27T01:10:38Z,fanduel,Travis Hunter,6.5,-114.0,-114.0
2024,aa4535a94d6e217634077cc724dba794,2024-10-27T03:15:00Z,Colorado Buffaloes,Cincinnati Bearcats,2024-10-27T01:10:38Z,fanduel,LaJohntay Wester,4.5,-120.0,-108.0
2024,aa4535a94d6e217634077cc724dba794,2024-10-27T03:15:00Z,Colorado Buffaloes,Cincinnati Bearcats,2024-10-27T01:10:38Z,fanduel,Jamoi Mayes,4.5,144.0,-190.0
2024,aa4535a94d6e217634077cc724dba794,2024-10-27T03:15:00Z,Colorado Buffaloes,Cincinnati Bearcats,2024-10-27T01:10:38Z,fanduel,Tony Johnson,4.5,108.0,-140.0
2024,aa4535a94d6e217634077cc724dba794,2024-10-27T03:15:00Z,Colorado Buffaloes,Cincinnati Bearcats,2024-10-27T01:10:38Z,fanduel,Will Sheppard,3.5,-156.0,120.0
2024,aa4535a94d6e217634077cc724dba794,2024-10-27T03:15:00Z,Colorado Buffaloes,Cincinnati Bearcats,2024-10-27T01:10:38Z,bovada,Jimmy Horn Jr.,2.5,-160.0,120.0
2024,aa4535a94d6e217634077cc724dba794,2024-10-27T03:15:00Z,Colorado Buffaloes,Cincinnati Bearcats,2024-10-27T01:10:38Z,bovada,Joe Royer,4.5,100.0,-130.0
2024,aa4535a94d6e217634077cc724dba794,2024-10-27T03:15:00Z,Colorado Buffaloes,Cincinnati Bearcats,2024-10-27T01:10:38Z,bovada,Xzavier Henderson,5.5,-115.0,-115.0
2024,a2df6ce49133c7ec9805c54c3e792db9,2024-10-29T23:00:00Z,Florida International Panthers,New Mexico State Aggies,2024-10-29T20:55:39Z,fanduel,Dean Patterson,4.5,-128.0,-102.0
2024,a2df6ce49133c7ec9805c54c3e792db9,2024-10-29T23:00:00Z,Florida International Panthers,New Mexico State Aggies,2024-10-29T20:55:39Z,fanduel,Eric Rivers,4.5,-108.0,-120.0
2024,e9f84cca1df90940966cb6f2605c9139,2024-10-29T23:30:00Z,Texas State Bobcats,Louisiana Ragin Cajuns,2024-10-29T21:25:39Z,fanduel,Joey Hobert,5.5,-146.0,112.0
2024,e9f84cca1df90940966cb6f2605c9139,2024-10-29T23:30:00Z,Texas State Bobcats,Louisiana Ragin Cajuns,2024-10-29T21:25:39Z,fanduel,Lance LeGendre,4.5,136.0,-178.0
2024,e9f84cca1df90940966cb6f2605c9139,2024-10-29T23:30:00Z,Texas State Bobcats,Louisiana Ragin Cajuns,2024-10-29T21:25:39Z,fanduel,Terrance Carter,4.5,-120.0,-108.0
2024,e9f84cca1df90940966cb6f2605c9139,2024-10-29T23:30:00Z,Texas State Bobcats,Louisiana Ragin Cajuns,2024-10-29T21:25:39Z,fanduel,Jaden Williams,4.5,-164.0,125.0
2024,c3eb0c718a80f318e8863bfaf93ddd31,2024-10-30T00:00:00Z,Sam Houston State Bearkats,Louisiana Tech Bulldogs,2024-10-29T21:55:39Z,fanduel,Tru Edwards,5.5,-156.0,120.0
2024,cab2d273177d7c42eccf0329b1b60b64,2024-10-30T23:00:00Z,Liberty Flames,Jacksonville State Gamecocks,2024-10-30T20:55:39Z,fanduel,Cam Vaughn,3.5,130.0,-170.0
2024,cab2d273177d7c42eccf0329b1b60b64,2024-10-30T23:00:00Z,Liberty Flames,Jacksonville State Gamecocks,2024-10-30T20:55:39Z,fanduel,Michael Pettway,2.5,-102.0,-128.0
2024,cab2d273177d7c42eccf0329b1b60b64,2024-10-30T23:00:00Z,Liberty Flames,Jacksonville State Gamecocks,2024-10-30T20:55:39Z,fanduel,Tyson Mobley,3.5,112.0,-146.0
2024,bfd599645f7e98fa7e465cbd58b2ae5c,2024-10-30T23:30:00Z,Western Kentucky Hilltoppers,Kennesaw State Owls,2024-10-30T21:25:39Z,fanduel,Easton Messer,4.5,102.0,-132.0
2024,bfd599645f7e98fa7e465cbd58b2ae5c,2024-10-30T23:30:00Z,Western Kentucky Hilltoppers,Kennesaw State Owls,2024-10-30T21:25:39Z,fanduel,Kisean Johnson,5.5,-102.0,-128.0
2024,bfd599645f7e98fa7e465cbd58b2ae5c,2024-10-30T23:30:00Z,Western Kentucky Hilltoppers,Kennesaw State Owls,2024-10-30T21:25:39Z,fanduel,River Helms,3.5,122.0,-160.0
2024,aef31b37e609902bd20a33aaf9458044,2024-10-31T23:30:00Z,Charlotte 49ers,Tulane Green Wave,2024-10-31T21:25:39Z,fanduel,Yulkeith Brown,2.5,130.0,-170.0
2024,aef31b37e609902bd20a33aaf9458044,2024-10-31T23:30:00Z,Charlotte 49ers,Tulane Green Wave,2024-10-31T21:25:39Z,fanduel,Sean Brown,2.5,168.0,-225.0
2024,aef31b37e609902bd20a33aaf9458044,2024-10-31T23:30:00Z,Charlotte 49ers,Tulane Green Wave,2024-10-31T21:25:39Z,fanduel,Dontae Fleming,2.5,-102.0,-128.0
2024,aef31b37e609902bd20a33aaf9458044,2024-10-31T23:30:00Z,Charlotte 49ers,Tulane Green Wave,2024-10-31T21:25:39Z,fanduel,Mario Williams,3.5,136.0,-178.0
2024,aef31b37e609902bd20a33aaf9458044,2024-10-31T23:30:00Z,Charlotte 49ers,Tulane Green Wave,2024-10-31T21:25:39Z,fanduel,Colin Weber,2.5,148.0,-196.0
2024,aef31b37e609902bd20a33aaf9458044,2024-10-31T23:30:00Z,Charlotte 49ers,Tulane Green Wave,2024-10-31T21:25:39Z,bovada,Makhi Hughes,1.5,110.0,-145.0
2024,aa350a5df0fe737ab6451fd05cbf1ed0,2024-11-01T23:30:00Z,Florida Atlantic Owls,South Florida Bulls,2024-11-01T21:25:39Z,bovada,Sean Atkins,4.5,100.0,-130.0
2024,f16b1ab144ed0f547c889e3390df2191,2024-11-02T00:00:00Z,Boise State Broncos,San Diego State Aztecs,2024-11-01T21:55:39Z,fanduel,Matt Lauter,3.5,-128.0,-102.0
2024,f16b1ab144ed0f547c889e3390df2191,2024-11-02T00:00:00Z,Boise State Broncos,San Diego State Aztecs,2024-11-01T21:55:39Z,fanduel,Ashton Jeanty,1.5,-128.0,-102.0
2024,f16b1ab144ed0f547c889e3390df2191,2024-11-02T00:00:00Z,Boise State Broncos,San Diego State Aztecs,2024-11-01T21:55:39Z,bovada,Ashton Jeanty,1.5,-145.0,110.0
2024,f16b1ab144ed0f547c889e3390df2191,2024-11-02T00:00:00Z,Boise State Broncos,San Diego State Aztecs,2024-11-01T21:55:39Z,bovada,Matt Lauter,3.5,-160.0,120.0
2024,33238f885b5c45df396a4ecba23cec39,2024-11-02T16:00:00Z,Arkansas Razorbacks,Ole Miss Rebels,2024-11-02T13:55:39Z,bovada,Andrew Armstrong,5.5,-125.0,-105.0
2024,33238f885b5c45df396a4ecba23cec39,2024-11-02T16:00:00Z,Arkansas Razorbacks,Ole Miss Rebels,2024-11-02T13:55:39Z,bovada,Henry Parrish Jr.,1.5,-110.0,-120.0
2024,dea9100ddfff7ce09e45ec70a127bdc6,2024-11-02T16:00:00Z,Illinois Fighting Illini,Minnesota Golden Gophers,2024-11-02T13:55:39Z,bovada,Daniel Jackson,4.5,-160.0,120.0
2024,dea9100ddfff7ce09e45ec70a127bdc6,2024-11-02T16:00:00Z,Illinois Fighting Illini,Minnesota Golden Gophers,2024-11-02T13:55:39Z,bovada,Darius Taylor,3.5,-120.0,-110.0
2024,dea9100ddfff7ce09e45ec70a127bdc6,2024-11-02T16:00:00Z,Illinois Fighting Illini,Minnesota Golden Gophers,2024-11-02T13:55:39Z,bovada,Elijah Spencer,3.5,115.0,-150.0
2024,dea9100ddfff7ce09e45ec70a127bdc6,2024-11-02T16:00:00Z,Illinois Fighting Illini,Minnesota Golden Gophers,2024-11-02T13:55:39Z,bovada,Josh McCray,1.5,150.0,-200.0
2024,dea9100ddfff7ce09e45ec70a127bdc6,2024-11-02T16:00:00Z,Illinois Fighting Illini,Minnesota Golden Gophers,2024-11-02T13:55:39Z,bovada,Le'Meke Brockington,1.5,-130.0,100.0
2024,dea9100ddfff7ce09e45ec70a127bdc6,2024-11-02T16:00:00Z,Illinois Fighting Illini,Minnesota Golden Gophers,2024-11-02T13:55:39Z,bovada,Pat Bryant,3.5,-125.0,-105.0
2024,dea9100ddfff7ce09e45ec70a127bdc6,2024-11-02T16:00:00Z,Illinois Fighting Illini,Minnesota Golden Gophers,2024-11-02T13:55:39Z,bovada,Zakhari Franklin,4.5,130.0,-170.0
2024,300bad7238c6be69705cdbac3980c553,2024-11-02T16:00:00Z,Purdue Boilermakers,Northwestern Wildcats,2024-11-02T13:55:39Z,bovada,Devin Mockobee,1.5,120.0,-160.0
2024,300bad7238c6be69705cdbac3980c553,2024-11-02T16:00:00Z,Purdue Boilermakers,Northwestern Wildcats,2024-11-02T13:55:39Z,bovada,Jahmal Edrine,2.5,145.0,-190.0
2024,300bad7238c6be69705cdbac3980c553,2024-11-02T16:00:00Z,Purdue Boilermakers,Northwestern Wildcats,2024-11-02T13:55:39Z,bovada,Max Klare,3.5,-115.0,-115.0
2024,bb29983e844e59860c155bce82aa403e,2024-11-02T16:00:00Z,Penn State Nittany Lions,Ohio State Buckeyes,2024-11-02T13:55:39Z,fanduel,Nicholas Singleton,2.5,108.0,-140.0
2024,bb29983e844e59860c155bce82aa403e,2024-11-02T16:00:00Z,Penn State Nittany Lions,Ohio State Buckeyes,2024-11-02T13:55:39Z,fanduel,Emeka Egbuka,5.5,102.0,-132.0
2024,bb29983e844e59860c155bce82aa403e,2024-11-02T16:00:00Z,Penn State Nittany Lions,Ohio State Buckeyes,2024-11-02T13:55:39Z,fanduel,Harrison Wallace III,2.5,-168.0,128.0
2024,bb29983e844e59860c155bce82aa403e,2024-11-02T16:00:00Z,Penn State Nittany Lions,Ohio State Buckeyes,2024-11-02T13:55:39Z,fanduel,Tyler Warren,5.5,-102.0,-128.0
2024,bb29983e844e59860c155bce82aa403e,2024-11-02T16:00:00Z,Penn State Nittany Lions,Ohio State Buckeyes,2024-11-02T13:55:39Z,fanduel,Jeremiah Smith,4.5,-102.0,-128.0
2024,bb29983e844e59860c155bce82aa403e,2024-11-02T16:00:00Z,Penn State Nittany Lions,Ohio State Buckeyes,2024-11-02T13:55:39Z,fanduel,Carnell Tate,2.5,-156.0,120.0
2024,bb29983e844e59860c155bce82aa403e,2024-11-02T16:00:00Z,Penn State Nittany Lions,Ohio State Buckeyes,2024-11-02T13:55:39Z,bovada,Carnell Tate,3.5,135.0,-180.0
2024,bb29983e844e59860c155bce82aa403e,2024-11-02T16:00:00Z,Penn State Nittany Lions,Ohio State Buckeyes,2024-11-02T13:55:39Z,bovada,Emeka Egbuka,5.5,120.0,-160.0
2024,bb29983e844e59860c155bce82aa403e,2024-11-02T16:00:00Z,Penn State Nittany Lions,Ohio State Buckeyes,2024-11-02T13:55:39Z,bovada,Gee Scott Jr.,2.5,-135.0,105.0
2024,bb29983e844e59860c155bce82aa403e,2024-11-02T16:00:00Z,Penn State Nittany Lions,Ohio State Buckeyes,2024-11-02T13:55:39Z,bovada,Harrison Wallace III,2.5,-135.0,105.0
2024,bb29983e844e59860c155bce82aa403e,2024-11-02T16:00:00Z,Penn State Nittany Lions,Ohio State Buckeyes,2024-11-02T13:55:39Z,bovada,Jeremiah Smith,4.5,-105.0,-125.0
2024,bb29983e844e59860c155bce82aa403e,2024-11-02T16:00:00Z,Penn State Nittany Lions,Ohio State Buckeyes,2024-11-02T13:55:39Z,bovada,Julian Fleming,1.5,125.0,-165.0
2024,bb29983e844e59860c155bce82aa403e,2024-11-02T16:00:00Z,Penn State Nittany Lions,Ohio State Buckeyes,2024-11-02T13:55:39Z,bovada,Kaytron Allen,1.5,145.0,-190.0
2024,bb29983e844e59860c155bce82aa403e,2024-11-02T16:00:00Z,Penn State Nittany Lions,Ohio State Buckeyes,2024-11-02T13:55:39Z,bovada,Liam Clifford,2.5,145.0,-190.0
2024,bb29983e844e59860c155bce82aa403e,2024-11-02T16:00:00Z,Penn State Nittany Lions,Ohio State Buckeyes,2024-11-02T13:55:39Z,bovada,Quinshon Judkins,1.5,170.0,-230.0
2024,896d6a895c826ba0e3e6aef53b33e2a9,2024-11-02T16:45:00Z,Auburn Tigers,Vanderbilt Commodores,2024-11-02T14:40:39Z,bovada,Cam Coleman,2.5,105.0,-135.0
2024,896d6a895c826ba0e3e6aef53b33e2a9,2024-11-02T16:45:00Z,Auburn Tigers,Vanderbilt Commodores,2024-11-02T14:40:39Z,bovada,Eli Stowers,3.5,-145.0,110.0
2024,896d6a895c826ba0e3e6aef53b33e2a9,2024-11-02T16:45:00Z,Auburn Tigers,Vanderbilt Commodores,2024-11-02T14:40:39Z,bovada,Junior Sherrill,2.5,-160.0,120.0
2024,896d6a895c826ba0e3e6aef53b33e2a9,2024-11-02T16:45:00Z,Auburn Tigers,Vanderbilt Commodores,2024-11-02T14:40:39Z,bovada,KeAndre Lambert-Smith,3.5,-170.0,130.0
2024,0fbc765026192c14d25b8e7f1c5515b9,2024-11-02T19:30:00Z,UCF Knights,Arizona Wildcats,2024-11-02T17:25:38Z,bovada,Quali Conley,2.5,-125.0,-105.0
2024,0fbc765026192c14d25b8e7f1c5515b9,2024-11-02T19:30:00Z,UCF Knights,Arizona Wildcats,2024-11-02T17:25:38Z,bovada,RJ Harvey,2.5,140.0,-185.0
2024,0fbc765026192c14d25b8e7f1c5515b9,2024-11-02T19:30:00Z,UCF Knights,Arizona Wildcats,2024-11-02T17:25:38Z,bovada,Tetairoa McMillan,6.5,-135.0,105.0
2024,92cd6706e21997567d299f6cf705b0cf,2024-11-02T19:30:00Z,Georgia Bulldogs,Florida Gators,2024-11-02T17:25:38Z,fanduel,Dominic Lovett,4.5,-146.0,112.0
2024,92cd6706e21997567d299f6cf705b0cf,2024-11-02T19:30:00Z,Georgia Bulldogs,Florida Gators,2024-11-02T17:25:38Z,fanduel,Arian Smith,4.5,128.0,-168.0
2024,92cd6706e21997567d299f6cf705b0cf,2024-11-02T19:30:00Z,Georgia Bulldogs,Florida Gators,2024-11-02T17:25:38Z,fanduel,Dillon Bell,3.5,-156.0,120.0
2024,92cd6706e21997567d299f6cf705b0cf,2024-11-02T19:30:00Z,Georgia Bulldogs,Florida Gators,2024-11-02T17:25:38Z,bovada,Arian Smith,3.5,-170.0,130.0
2024,92cd6706e21997567d299f6cf705b0cf,2024-11-02T19:30:00Z,Georgia Bulldogs,Florida Gators,2024-11-02T17:25:38Z,bovada,Chimere Dike,2.5,-150.0,115.0
2024,92cd6706e21997567d299f6cf705b0cf,2024-11-02T19:30:00Z,Georgia Bulldogs,Florida Gators,2024-11-02T17:25:38Z,bovada,Dillon Bell,3.5,-150.0,115.0
2024,92cd6706e21997567d299f6cf705b0cf,2024-11-02T19:30:00Z,Georgia Bulldogs,Florida Gators,2024-11-02T17:25:38Z,bovada,Dominic Lovett,4.5,-130.0,100.0
2024,92cd6706e21997567d299f6cf705b0cf,2024-11-02T19:30:00Z,Georgia Bulldogs,Florida Gators,2024-11-02T17:25:38Z,bovada,Elijhah Badger,2.5,-160.0,120.0
2024,0be5c676d920310d0adbb472b1f0b27f,2024-11-02T19:30:00Z,Houston Cougars,Kansas State Wildcats,2024-11-02T17:25:38Z,bovada,Jayce Brown,3.5,-120.0,-110.0
2024,0be5c676d920310d0adbb472b1f0b27f,2024-11-02T19:30:00Z,Houston Cougars,Kansas State Wildcats,2024-11-02T17:25:38Z,bovada,Keagan Johnson,2.5,-160.0,120.0
2024,d85259e1c581aae214a54adc8b5658ad,2024-11-02T19:30:00Z,Michigan State Spartans,Indiana Hoosiers,2024-11-02T17:25:38Z,bovada,Elijah Sarratt,3.5,-135.0,105.0
2024,d85259e1c581aae214a54adc8b5658ad,2024-11-02T19:30:00Z,Michigan State Spartans,Indiana Hoosiers,2024-11-02T17:25:38Z,bovada,Jack Velling,3.5,-120.0,-110.0
2024,d85259e1c581aae214a54adc8b5658ad,2024-11-02T19:30:00Z,Michigan State Spartans,Indiana Hoosiers,2024-11-02T17:25:38Z,bovada,Miles Cross,2.5,145.0,-190.0
2024,d85259e1c581aae214a54adc8b5658ad,2024-11-02T19:30:00Z,Michigan State Spartans,Indiana Hoosiers,2024-11-02T17:25:38Z,bovada,Montorie Foster Jr.,3.5,-135.0,105.0
2024,d85259e1c581aae214a54adc8b5658ad,2024-11-02T19:30:00Z,Michigan State Spartans,Indiana Hoosiers,2024-11-02T17:25:38Z,bovada,Myles Price,2.5,145.0,-190.0
2024,d85259e1c581aae214a54adc8b5658ad,2024-11-02T19:30:00Z,Michigan State Spartans,Indiana Hoosiers,2024-11-02T17:25:38Z,bovada,Nick Marsh,3.5,110.0,-145.0
2024,d85259e1c581aae214a54adc8b5658ad,2024-11-02T19:30:00Z,Michigan State Spartans,Indiana Hoosiers,2024-11-02T17:25:38Z,bovada,Omar Cooper Jr.,2.5,-115.0,-115.0
2024,7553bd444e7fbf9edd3d45812536f459,2024-11-02T19:30:00Z,Michigan Wolverines,Oregon Ducks,2024-11-02T17:25:38Z,fanduel,Colston Loveland,5.5,108.0,-140.0
2024,7553bd444e7fbf9edd3d45812536f459,2024-11-02T19:30:00Z,Michigan Wolverines,Oregon Ducks,2024-11-02T17:25:38Z,fanduel,Evan Stewart,3.5,136.0,-178.0
2024,7553bd444e7fbf9edd3d45812536f459,2024-11-02T19:30:00Z,Michigan Wolverines,Oregon Ducks,2024-11-02T17:25:38Z,fanduel,Tez Johnson,6.5,-128.0,-102.0
2024,7553bd444e7fbf9edd3d45812536f459,2024-11-02T19:30:00Z,Michigan Wolverines,Oregon Ducks,2024-11-02T17:25:38Z,bovada,Colston Loveland,5.5,110.0,-145.0
2024,7553bd444e7fbf9edd3d45812536f459,2024-11-02T19:30:00Z,Michigan Wolverines,Oregon Ducks,2024-11-02T17:25:38Z,bovada,Evan Stewart,2.5,-160.0,120.0
2024,7553bd444e7fbf9edd3d45812536f459,2024-11-02T19:30:00Z,Michigan Wolverines,Oregon Ducks,2024-11-02T17:25:38Z,bovada,Jordan James,1.5,100.0,-130.0
2024,7553bd444e7fbf9edd3d45812536f459,2024-11-02T19:30:00Z,Michigan Wolverines,Oregon Ducks,2024-11-02T17:25:38Z,bovada,Tez Johnson,7.5,100.0,-130.0
2024,a94bc6c99d77f585071830f1fe7b46e3,2024-11-02T19:30:00Z,Nebraska Cornhuskers,UCLA Bruins,2024-11-02T17:25:38Z,bovada,Jacory Barney Jr.,3.5,-165.0,125.0
2024,a94bc6c99d77f585071830f1fe7b46e3,2024-11-02T19:30:00Z,Nebraska Cornhuskers,UCLA Bruins,2024-11-02T17:25:38Z,bovada,Dante Dowdell,0.5,-185.0,140.0
2024,a94bc6c99d77f585071830f1fe7b46e3,2024-11-02T19:30:00Z,Nebraska Cornhuskers,UCLA Bruins,2024-11-02T17:25:38Z,bovada,Isaiah Neyor,1.5,-210.0,155.0
2024,a94bc6c99d77f585071830f1fe7b46e3,2024-11-02T19:30:00Z,Nebraska Cornhuskers,UCLA Bruins,2024-11-02T17:25:38Z,bovada,Jahmal Banks,2.5,135.0,-180.0
2024,a94bc6c99d77f585071830f1fe7b46e3,2024-11-02T19:30:00Z,Nebraska Cornhuskers,UCLA Bruins,2024-11-02T17:25:38Z,bovada,Thomas Fidone II,3.5,140.0,-185.0
2024,a94bc6c99d77f585071830f1fe7b46e3,2024-11-02T19:30:00Z,Nebraska Cornhuskers,UCLA Bruins,2024-11-02T17:25:38Z,bovada,Titus Mokiao-Atimalala,2.5,-130.0,100.0
2024,a94bc6c99d77f585071830f1fe7b46e3,2024-11-02T19:30:00Z,Nebraska Cornhuskers,UCLA Bruins,2024-11-02T17:25:38Z,bovada,T.J. Harden,3.5,-135.0,105.0
2024,3bb669a83ee319837f19dd3a6cb186f2,2024-11-02T23:30:00Z,Clemson Tigers,Louisville Cardinals,2024-11-02T21:25:38Z,bovada,Antonio Williams,4.5,100.0,-130.0
2024,3bb669a83ee319837f19dd3a6cb186f2,2024-11-02T23:30:00Z,Clemson Tigers,Louisville Cardinals,2024-11-02T21:25:38Z,bovada,Jake Briningstool,3.5,100.0,-130.0
2024,3e438efccf12ed627cc52a8071ea73e4,2024-11-02T23:30:00Z,Iowa Hawkeyes,Wisconsin Badgers,2024-11-02T21:25:38Z,bovada,Kaleb Johnson,2.5,125.0,-165.0
2024,3e438efccf12ed627cc52a8071ea73e4,2024-11-02T23:30:00Z,Iowa Hawkeyes,Wisconsin Badgers,2024-11-02T21:25:38Z,bovada,Tawee Walker,1.5,135.0,-180.0
2024,3e438efccf12ed627cc52a8071ea73e4,2024-11-02T23:30:00Z,Iowa Hawkeyes,Wisconsin Badgers,2024-11-02T21:25:38Z,bovada,Will Pauling,4.5,-120.0,-110.0
2024,39be76fe09acf0f28e13ffec871ff9f6,2024-11-02T23:30:00Z,South Carolina Gamecocks,Texas A&M Aggies,2024-11-02T21:25:38Z,bovada,Jabre Barber,2.5,-135.0,105.0
2024,39be76fe09acf0f28e13ffec871ff9f6,2024-11-02T23:30:00Z,South Carolina Gamecocks,Texas A&M Aggies,2024-11-02T21:25:38Z,bovada,Jared Brown,2.5,-170.0,130.0
2024,39be76fe09acf0f28e13ffec871ff9f6,2024-11-02T23:30:00Z,South Carolina Gamecocks,Texas A&M Aggies,2024-11-02T21:25:38Z,bovada,Joshua Simon,2.5,-150.0,115.0
2024,39be76fe09acf0f28e13ffec871ff9f6,2024-11-02T23:30:00Z,South Carolina Gamecocks,Texas A&M Aggies,2024-11-02T21:25:38Z,bovada,Mazeo Bennett Jr.,2.5,-135.0,105.0
2024,39be76fe09acf0f28e13ffec871ff9f6,2024-11-02T23:30:00Z,South Carolina Gamecocks,Texas A&M Aggies,2024-11-02T21:25:38Z,bovada,Noah Thomas,2.5,-180.0,135.0
2024,39be76fe09acf0f28e13ffec871ff9f6,2024-11-02T23:30:00Z,South Carolina Gamecocks,Texas A&M Aggies,2024-11-02T21:25:38Z,bovada,Raheim Sanders,1.5,100.0,-130.0
2024,39be76fe09acf0f28e13ffec871ff9f6,2024-11-02T23:30:00Z,South Carolina Gamecocks,Texas A&M Aggies,2024-11-02T21:25:38Z,bovada,Vandrevius Jacobs,1.5,-200.0,150.0
2024,46b0b530760bb788f140b95df52735d8,2024-11-02T23:30:00Z,Washington Huskies,USC Trojans,2024-11-02T21:25:38Z,bovada,Denzel Boston,5.5,120.0,-160.0
2024,46b0b530760bb788f140b95df52735d8,2024-11-02T23:30:00Z,Washington Huskies,USC Trojans,2024-11-02T21:25:38Z,bovada,Giles Jackson,4.5,-110.0,-120.0
2024,46b0b530760bb788f140b95df52735d8,2024-11-02T23:30:00Z,Washington Huskies,USC Trojans,2024-11-02T21:25:38Z,bovada,Ja'Kobi Lane,1.5,-210.0,155.0
2024,46b0b530760bb788f140b95df52735d8,2024-11-02T23:30:00Z,Washington Huskies,USC Trojans,2024-11-02T21:25:38Z,bovada,Jeremiah Hunter,2.5,-110.0,-120.0
2024,46b0b530760bb788f140b95df52735d8,2024-11-02T23:30:00Z,Washington Huskies,USC Trojans,2024-11-02T21:25:38Z,bovada,Jonah Coleman,1.5,-160.0,120.0
2024,46b0b530760bb788f140b95df52735d8,2024-11-02T23:30:00Z,Washington Huskies,USC Trojans,2024-11-02T21:25:38Z,bovada,Kyron Hudson,2.5,110.0,-145.0
2024,46b0b530760bb788f140b95df52735d8,2024-11-02T23:30:00Z,Washington Huskies,USC Trojans,2024-11-02T21:25:38Z,bovada,Makai Lemon,4.5,-160.0,120.0
2024,46b0b530760bb788f140b95df52735d8,2024-11-02T23:30:00Z,Washington Huskies,USC Trojans,2024-11-02T21:25:38Z,bovada,Woody Marks,4.5,125.0,-165.0
2024,a02346a306a143c06f4b02b87a533e81,2024-11-02T23:45:00Z,Tennessee Volunteers,Kentucky Wildcats,2024-11-02T21:40:38Z,bovada,Barion Brown,2.5,-115.0,-115.0
2024,a02346a306a143c06f4b02b87a533e81,2024-11-02T23:45:00Z,Tennessee Volunteers,Kentucky Wildcats,2024-11-02T21:40:38Z,bovada,Chris Brazzell II,2.5,-150.0,115.0
2024,a02346a306a143c06f4b02b87a533e81,2024-11-02T23:45:00Z,Tennessee Volunteers,Kentucky Wildcats,2024-11-02T21:40:38Z,bovada,Dane Key,4.5,115.0,-150.0
2024,a02346a306a143c06f4b02b87a533e81,2024-11-02T23:45:00Z,Tennessee Volunteers,Kentucky Wildcats,2024-11-02T21:40:38Z,bovada,Squirrel White,2.5,-135.0,105.0
2024,af8c5b12c90eb7ec8876cadcd395ff67,2024-11-03T00:00:00Z,Baylor Bears,TCU Horned Frogs,2024-11-02T21:55:38Z,bovada,Jack Bech,6.5,120.0,-160.0
2024,9a3a036f97a21646baa5d49a8c80c15d,2024-11-06T00:30:00Z,Central Michigan Chippewas,Bowling Green Falcons,2024-11-05T22:25:39Z,fanduel,Malcolm Johnson Jr.,4.5,116.0,-152.0
2024,9a3a036f97a21646baa5d49a8c80c15d,2024-11-06T00:30:00Z,Central Michigan Chippewas,Bowling Green Falcons,2024-11-05T22:25:39Z,fanduel,Harold Fannin Jr.,7.5,116.0,-152.0
2024,524d728fe39116685daedf3f5d571c8c,2024-11-07T00:00:00Z,Kent State Golden Flashes,Ohio Bobcats,2024-11-06T21:55:39Z,bovada,Chrishon McCray,3.5,-150.0,115.0
2024,524d728fe39116685daedf3f5d571c8c,2024-11-07T00:00:00Z,Kent State Golden Flashes,Ohio Bobcats,2024-11-06T21:55:39Z,bovada,Coleman Owen,4.5,-135.0,105.0
2024,0266af62b06ad01694cce6ea408f06b5,2024-11-09T01:00:00Z,Wake Forest Demon Deacons,California Golden Bears,2024-11-08T22:55:39Z,bovada,Horatio Fields,3.5,-115.0,-115.0
2024,0266af62b06ad01694cce6ea408f06b5,2024-11-09T01:00:00Z,Wake Forest Demon Deacons,California Golden Bears,2024-11-08T22:55:39Z,bovada,Taylor Morin,3.5,-170.0,130.0
2024,3a1acc7a2493a0d1c037a93b0141519e,2024-11-09T02:00:00Z,UCLA Bruins,Iowa Hawkeyes,2024-11-08T23:55:39Z,bovada,Jacob Gill,2.5,125.0,-165.0
2024,3a1acc7a2493a0d1c037a93b0141519e,2024-11-09T02:00:00Z,UCLA Bruins,Iowa Hawkeyes,2024-11-08T23:55:39Z,bovada,Kaleb Johnson,2.5,125.0,-165.0
2024,3a1acc7a2493a0d1c037a93b0141519e,2024-11-09T02:00:00Z,UCLA Bruins,Iowa Hawkeyes,2024-11-08T23:55:39Z,bovada,Kwazi Gilmer,2.5,-120.0,-110.0
2024,3a1acc7a2493a0d1c037a93b0141519e,2024-11-09T02:00:00Z,UCLA Bruins,Iowa Hawkeyes,2024-11-08T23:55:39Z,bovada,Moliki Matavao,3.5,110.0,-145.0
2024,3a1acc7a2493a0d1c037a93b0141519e,2024-11-09T02:00:00Z,UCLA Bruins,Iowa Hawkeyes,2024-11-08T23:55:39Z,bovada,Titus Mokiao-Atimalala,2.5,-130.0,100.0
2024,3a1acc7a2493a0d1c037a93b0141519e,2024-11-09T02:00:00Z,UCLA Bruins,Iowa Hawkeyes,2024-11-08T23:55:39Z,bovada,T.J. Harden,3.5,120.0,-160.0
2024,c737b3b65bc83d8bd1fb2b4830a390b3,2024-11-09T02:00:00Z,Memphis Tigers,Rice Owls,2024-11-08T23:55:39Z,bovada,Dean Connors,4.5,-110.0,-120.0
2024,c737b3b65bc83d8bd1fb2b4830a390b3,2024-11-09T02:00:00Z,Memphis Tigers,Rice Owls,2024-11-08T23:55:39Z,bovada,Mario Anderson,3.5,-135.0,105.0
2024,c737b3b65bc83d8bd1fb2b4830a390b3,2024-11-09T02:00:00Z,Memphis Tigers,Rice Owls,2024-11-08T23:55:39Z,bovada,Matt Sykes,5.5,-105.0,-125.0
2024,c737b3b65bc83d8bd1fb2b4830a390b3,2024-11-09T02:00:00Z,Memphis Tigers,Rice Owls,2024-11-08T23:55:39Z,bovada,Roc Taylor,5.5,-130.0,100.0
2024,209d861edddc7b18f26ded357225cec3,2024-11-09T03:30:00Z,San Diego State Aztecs,New Mexico Lobos,2024-11-09T01:25:39Z,bovada,Jordan Napier,3.5,-160.0,120.0
2024,64976a6bbb4436f2d44d40dc3fa48138,2024-11-09T17:00:00Z,Boston College Eagles,Syracuse Orange,2024-11-09T14:55:38Z,bovada,Lewis Bond,4.5,-110.0,-120.0
2024,64976a6bbb4436f2d44d40dc3fa48138,2024-11-09T17:00:00Z,Boston College Eagles,Syracuse Orange,2024-11-09T14:55:38Z,bovada,Oronde Gadsden II,4.5,100.0,-130.0
2024,64976a6bbb4436f2d44d40dc3fa48138,2024-11-09T17:00:00Z,Boston College Eagles,Syracuse Orange,2024-11-09T14:55:38Z,bovada,Trebor Pena,5.5,-120.0,-110.0
2024,5718743e438500e5592159152c2a11c9,2024-11-09T17:00:00Z,Cincinnati Bearcats,West Virginia Mountaineers,2024-11-09T14:55:38Z,bovada,Kole Taylor,3.5,115.0,-150.0
2024,5718743e438500e5592159152c2a11c9,2024-11-09T17:00:00Z,Cincinnati Bearcats,West Virginia Mountaineers,2024-11-09T14:55:38Z,bovada,Xzavier Henderson,4.5,-105.0,-125.0
2024,32670f2ec15ffb0b50edac971500d1b0,2024-11-09T17:00:00Z,Texas Longhorns,Florida Gators,2024-11-09T14:55:38Z,bovada,Chimere Dike,3.5,-125.0,-105.0
2024,f101037492debd6f8a0c6f2bc47d19c4,2024-11-09T17:00:00Z,Georgia Tech Yellow Jackets,Miami Hurricanes,2024-11-09T14:55:38Z,fanduel,Xavier Restrepo,6.5,126.0,-165.0
2024,f101037492debd6f8a0c6f2bc47d19c4,2024-11-09T17:00:00Z,Georgia Tech Yellow Jackets,Miami Hurricanes,2024-11-09T14:55:38Z,bovada,Jacolby George,3.5,-115.0,-115.0
2024,f101037492debd6f8a0c6f2bc47d19c4,2024-11-09T17:00:00Z,Georgia Tech Yellow Jackets,Miami Hurricanes,2024-11-09T14:55:38Z,bovada,Xavier Restrepo,6.5,120.0,-160.0
2024,51353fa22409639e6ba41e1a63ce7bda,2024-11-09T17:00:00Z,Rutgers Scarlet Knights,Minnesota Golden Gophers,2024-11-09T14:55:38Z,bovada,Daniel Jackson,5.5,120.0,-160.0
2024,51353fa22409639e6ba41e1a63ce7bda,2024-11-09T17:00:00Z,Rutgers Scarlet Knights,Minnesota Golden Gophers,2024-11-09T14:55:38Z,bovada,Darius Taylor,4.5,-115.0,-115.0
2024,51353fa22409639e6ba41e1a63ce7bda,2024-11-09T17:00:00Z,Rutgers Scarlet Knights,Minnesota Golden Gophers,2024-11-09T14:55:38Z,bovada,Dymere Miller,3.5,-165.0,125.0
2024,51353fa22409639e6ba41e1a63ce7bda,2024-11-09T17:00:00Z,Rutgers Scarlet Knights,Minnesota Golden Gophers,2024-11-09T14:55:38Z,bovada,Elijah Spencer,2.5,-165.0,125.0
2024,51353fa22409639e6ba41e1a63ce7bda,2024-11-09T17:00:00Z,Rutgers Scarlet Knights,Minnesota Golden Gophers,2024-11-09T14:55:38Z,bovada,Jameson Geers,1.5,-115.0,-115.0
2024,51353fa22409639e6ba41e1a63ce7bda,2024-11-09T17:00:00Z,Rutgers Scarlet Knights,Minnesota Golden Gophers,2024-11-09T14:55:38Z,bovada,Le'Meke Brockington,1.5,120.0,-160.0
2024,16fcbd384da3db6b6e41499a46133657,2024-11-09T17:00:00Z,South Florida Bulls,Navy Midshipmen,2024-11-09T14:55:38Z,fanduel,Sean Atkins,4.5,-125.0,-104.0
2024,bf90222162e7f5a55ad1e78ff8f8c7c8,2024-11-09T17:00:00Z,Ohio State Buckeyes,Purdue Boilermakers,2024-11-09T14:55:38Z,fanduel,Jeremiah Smith,5.5,102.0,-132.0
2024,bf90222162e7f5a55ad1e78ff8f8c7c8,2024-11-09T17:00:00Z,Ohio State Buckeyes,Purdue Boilermakers,2024-11-09T14:55:38Z,fanduel,Emeka Egbuka,5.5,-114.0,-114.0
2024,bf90222162e7f5a55ad1e78ff8f8c7c8,2024-11-09T17:00:00Z,Ohio State Buckeyes,Purdue Boilermakers,2024-11-09T14:55:38Z,bovada,Carnell Tate,3.5,100.0,-130.0
2024,bf90222162e7f5a55ad1e78ff8f8c7c8,2024-11-09T17:00:00Z,Ohio State Buckeyes,Purdue Boilermakers,2024-11-09T14:55:38Z,bovada,CJ Smith,2.5,100.0,-130.0
2024,bf90222162e7f5a55ad1e78ff8f8c7c8,2024-11-09T17:00:00Z,Ohio State Buckeyes,Purdue Boilermakers,2024-11-09T14:55:38Z,bovada,Devin Mockobee,1.5,140.0,-185.0
2024,bf90222162e7f5a55ad1e78ff8f8c7c8,2024-11-09T17:00:00Z,Ohio State Buckeyes,Purdue Boilermakers,2024-11-09T14:55:38Z,bovada,Emeka Egbuka,4.5,-165.0,125.0
2024,bf90222162e7f5a55ad1e78ff8f8c7c8,2024-11-09T17:00:00Z,Ohio State Buckeyes,Purdue Boilermakers,2024-11-09T14:55:38Z,bovada,Jahmal Edrine,2.5,110.0,-145.0
2024,bf90222162e7f5a55ad1e78ff8f8c7c8,2024-11-09T17:00:00Z,Ohio State Buckeyes,Purdue Boilermakers,2024-11-09T14:55:38Z,bovada,Jeremiah Smith,5.5,110.0,-145.0
2024,bf90222162e7f5a55ad1e78ff8f8c7c8,2024-11-09T17:00:00Z,Ohio State Buckeyes,Purdue Boilermakers,2024-11-09T14:55:38Z,bovada,Max Klare,3.5,-145.0,110.0
2024,bacc5ec5be557c0b04bea2350447eb2a,2024-11-09T20:30:00Z,Virginia Tech Hokies,Clemson Tigers,2024-11-09T18:25:38Z,bovada,Antonio Williams,4.5,105.0,-135.0
2024,bacc5ec5be557c0b04bea2350447eb2a,2024-11-09T20:30:00Z,Virginia Tech Hokies,Clemson Tigers,2024-11-09T18:25:38Z,bovada,Jake Briningstool,3.5,125.0,-165.0
2024,98b1e9e3344e4fab2142f7579cd8229e,2024-11-09T20:30:00Z,Ole Miss Rebels,Georgia Bulldogs,2024-11-09T18:25:38Z,fanduel,Dominic Lovett,5.5,136.0,-178.0
2024,98b1e9e3344e4fab2142f7579cd8229e,2024-11-09T20:30:00Z,Ole Miss Rebels,Georgia Bulldogs,2024-11-09T18:25:38Z,fanduel,Arian Smith,4.5,130.0,-170.0
2024,98b1e9e3344e4fab2142f7579cd8229e,2024-11-09T20:30:00Z,Ole Miss Rebels,Georgia Bulldogs,2024-11-09T18:25:38Z,fanduel,Dillon Bell,3.5,-152.0,116.0
2024,98b1e9e3344e4fab2142f7579cd8229e,2024-11-09T20:30:00Z,Ole Miss Rebels,Georgia Bulldogs,2024-11-09T18:25:38Z,bovada,Arian Smith,4.5,120.0,-160.0
2024,98b1e9e3344e4fab2142f7579cd8229e,2024-11-09T20:30:00Z,Ole Miss Rebels,Georgia Bulldogs,2024-11-09T18:25:38Z,bovada,Dillon Bell,3.5,-145.0,110.0
2024,98b1e9e3344e4fab2142f7579cd8229e,2024-11-09T20:30:00Z,Ole Miss Rebels,Georgia Bulldogs,2024-11-09T18:25:38Z,bovada,Dominic Lovett,5.5,120.0,-160.0
2024,17e6f9d3d83834e6791888ace6a10b90,2024-11-09T20:30:00Z,Indiana Hoosiers,Michigan Wolverines,2024-11-09T18:25:38Z,bovada,Colston Loveland,5.5,-145.0,110.0
2024,17e6f9d3d83834e6791888ace6a10b90,2024-11-09T20:30:00Z,Indiana Hoosiers,Michigan Wolverines,2024-11-09T18:25:38Z,bovada,Elijah Sarratt,4.5,120.0,-160.0
2024,17e6f9d3d83834e6791888ace6a10b90,2024-11-09T20:30:00Z,Indiana Hoosiers,Michigan Wolverines,2024-11-09T18:25:38Z,bovada,Miles Cross,2.5,135.0,-180.0
2024,17e6f9d3d83834e6791888ace6a10b90,2024-11-09T20:30:00Z,Indiana Hoosiers,Michigan Wolverines,2024-11-09T18:25:38Z,bovada,Myles Price,2.5,-105.0,-125.0
2024,17e6f9d3d83834e6791888ace6a10b90,2024-11-09T20:30:00Z,Indiana Hoosiers,Michigan Wolverines,2024-11-09T18:25:38Z,bovada,Omar Cooper Jr.,2.5,120.0,-160.0
2024,17e6f9d3d83834e6791888ace6a10b90,2024-11-09T20:30:00Z,Indiana Hoosiers,Michigan Wolverines,2024-11-09T18:25:38Z,bovada,Semaj Morgan,1.5,-115.0,-115.0
2024,17e6f9d3d83834e6791888ace6a10b90,2024-11-09T20:30:00Z,Indiana Hoosiers,Michigan Wolverines,2024-11-09T18:25:38Z,bovada,Tyler Morris,1.5,-115.0,-115.0
2024,92ef7f8b2d1f7530e38cd030d071f528,2024-11-09T20:30:00Z,Kansas Jayhawks,Iowa State Cyclones,2024-11-09T18:25:38Z,bovada,Devin Neal,2.5,110.0,-145.0
2024,92ef7f8b2d1f7530e38cd030d071f528,2024-11-09T20:30:00Z,Kansas Jayhawks,Iowa State Cyclones,2024-11-09T18:25:38Z,bovada,Jayden Higgins,5.5,-150.0,115.0
2024,92ef7f8b2d1f7530e38cd030d071f528,2024-11-09T20:30:00Z,Kansas Jayhawks,Iowa State Cyclones,2024-11-09T18:25:38Z,bovada,Jaylin Noel,5.5,-115.0,-115.0
2024,49d82dc1745f969d220953d5037ea144,2024-11-09T20:30:00Z,Oregon State Beavers,San Jose State Spartans,2024-11-09T18:25:38Z,bovada,Anthony Hankerson,2.5,150.0,-200.0
2024,49d82dc1745f969d220953d5037ea144,2024-11-09T20:30:00Z,Oregon State Beavers,San Jose State Spartans,2024-11-09T18:25:38Z,bovada,Trent Walker,5.5,-125.0,-105.0
2024,9d6edcd4f87545c5a5d045202ceaa3ce,2024-11-09T21:00:00Z,Texas Tech Red Raiders,Colorado Buffaloes,2024-11-09T18:55:38Z,fanduel,Travis Hunter,7.5,-120.0,-108.0
2024,9d6edcd4f87545c5a5d045202ceaa3ce,2024-11-09T21:00:00Z,Texas Tech Red Raiders,Colorado Buffaloes,2024-11-09T18:55:38Z,fanduel,LaJohntay Wester,5.5,-128.0,-102.0
2024,9d6edcd4f87545c5a5d045202ceaa3ce,2024-11-09T21:00:00Z,Texas Tech Red Raiders,Colorado Buffaloes,2024-11-09T18:55:38Z,bovada,Caleb Douglas,4.5,-145.0,110.0
2024,9d6edcd4f87545c5a5d045202ceaa3ce,2024-11-09T21:00:00Z,Texas Tech Red Raiders,Colorado Buffaloes,2024-11-09T18:55:38Z,bovada,Jimmy Horn Jr.,3.5,-145.0,110.0
2024,9d6edcd4f87545c5a5d045202ceaa3ce,2024-11-09T21:00:00Z,Texas Tech Red Raiders,Colorado Buffaloes,2024-11-09T18:55:38Z,bovada,Josh Kelly,7.5,-115.0,-115.0
2024,9d6edcd4f87545c5a5d045202ceaa3ce,2024-11-09T21:00:00Z,Texas Tech Red Raiders,Colorado Buffaloes,2024-11-09T18:55:38Z,bovada,LaJohntay Wester,5.5,-110.0,-120.0
2024,9d6edcd4f87545c5a5d045202ceaa3ce,2024-11-09T21:00:00Z,Texas Tech Red Raiders,Colorado Buffaloes,2024-11-09T18:55:38Z,bovada,Tahj Brooks,1.5,-125.0,-105.0
2024,9d6edcd4f87545c5a5d045202ceaa3ce,2024-11-09T21:00:00Z,Texas Tech Red Raiders,Colorado Buffaloes,2024-11-09T18:55:38Z,bovada,Travis Hunter,6.5,-160.0,120.0
2024,9d6edcd4f87545c5a5d045202ceaa3ce,2024-11-09T21:00:00Z,Texas Tech Red Raiders,Colorado Buffaloes,2024-11-09T18:55:38Z,bovada,Will Sheppard,3.5,-135.0,105.0
2024,720fec0445ed28753839e78d89f75a95,2024-11-09T21:15:00Z,Vanderbilt Commodores,South Carolina Gamecocks,2024-11-09T19:10:38Z,bovada,Eli Stowers,3.5,-110.0,-120.0
2024,720fec0445ed28753839e78d89f75a95,2024-11-09T21:15:00Z,Vanderbilt Commodores,South Carolina Gamecocks,2024-11-09T19:10:38Z,bovada,Joshua Simon,3.5,135.0,-180.0
2024,720fec0445ed28753839e78d89f75a95,2024-11-09T21:15:00Z,Vanderbilt Commodores,South Carolina Gamecocks,2024-11-09T19:10:38Z,bovada,Junior Sherrill,2.5,-135.0,105.0
2024,720fec0445ed28753839e78d89f75a95,2024-11-09T21:15:00Z,Vanderbilt Commodores,South Carolina Gamecocks,2024-11-09T19:10:38Z,bovada,Mazeo Bennett Jr.,2.5,115.0,-150.0
2024,5ec11b006e7d7e919cb63aa1f4a5ffaa,2024-11-10T00:00:00Z,LSU Tigers,Alabama Crimson Tide,2024-11-09T21:55:38Z,fanduel,Aaron Anderson,3.5,-128.0,-102.0
2024,5ec11b006e7d7e919cb63aa1f4a5ffaa,2024-11-10T00:00:00Z,LSU Tigers,Alabama Crimson Tide,2024-11-09T21:55:38Z,fanduel,CJ Dippre,2.5,126.0,-165.0
2024,5ec11b006e7d7e919cb63aa1f4a5ffaa,2024-11-10T00:00:00Z,LSU Tigers,Alabama Crimson Tide,2024-11-09T21:55:38Z,fanduel,Kyren Lacy,5.5,126.0,-165.0
2024,5ec11b006e7d7e919cb63aa1f4a5ffaa,2024-11-10T00:00:00Z,LSU Tigers,Alabama Crimson Tide,2024-11-09T21:55:38Z,fanduel,Mason Taylor,3.5,-114.0,-114.0
2024,5ec11b006e7d7e919cb63aa1f4a5ffaa,2024-11-10T00:00:00Z,LSU Tigers,Alabama Crimson Tide,2024-11-09T21:55:38Z,fanduel,Germie Bernard,4.5,116.0,-152.0
2024,5ec11b006e7d7e919cb63aa1f4a5ffaa,2024-11-10T00:00:00Z,LSU Tigers,Alabama Crimson Tide,2024-11-09T21:55:38Z,fanduel,Ryan Williams,4.5,-128.0,-102.0
2024,5ec11b006e7d7e919cb63aa1f4a5ffaa,2024-11-10T00:00:00Z,LSU Tigers,Alabama Crimson Tide,2024-11-09T21:55:38Z,bovada,Caden Durham,1.5,-135.0,105.0
2024,5ec11b006e7d7e919cb63aa1f4a5ffaa,2024-11-10T00:00:00Z,LSU Tigers,Alabama Crimson Tide,2024-11-09T21:55:38Z,bovada,CJ Dippre,2.5,110.0,-145.0
2024,5ec11b006e7d7e919cb63aa1f4a5ffaa,2024-11-10T00:00:00Z,LSU Tigers,Alabama Crimson Tide,2024-11-09T21:55:38Z,bovada,Germie Bernard,4.5,100.0,-130.0
2024,5ec11b006e7d7e919cb63aa1f4a5ffaa,2024-11-10T00:00:00Z,LSU Tigers,Alabama Crimson Tide,2024-11-09T21:55:38Z,bovada,Jam Miller,1.5,150.0,-200.0
2024,5ec11b006e7d7e919cb63aa1f4a5ffaa,2024-11-10T00:00:00Z,LSU Tigers,Alabama Crimson Tide,2024-11-09T21:55:38Z,bovada,Kyren Lacy,5.5,105.0,-135.0
2024,5ec11b006e7d7e919cb63aa1f4a5ffaa,2024-11-10T00:00:00Z,LSU Tigers,Alabama Crimson Tide,2024-11-09T21:55:38Z,bovada,Mason Taylor,3.5,110.0,-145.0
2024,5ec11b006e7d7e919cb63aa1f4a5ffaa,2024-11-10T00:00:00Z,LSU Tigers,Alabama Crimson Tide,2024-11-09T21:55:38Z,bovada,Ryan Williams,4.5,-150.0,115.0
2024,0c2f315200bc1b7f595958a360c7b6dd,2024-11-10T00:00:00Z,Arizona State Sun Devils,UCF Knights,2024-11-09T21:55:38Z,bovada,Jordyn Tyson,5.5,-110.0,-120.0
2024,0c2f315200bc1b7f595958a360c7b6dd,2024-11-10T00:00:00Z,Arizona State Sun Devils,UCF Knights,2024-11-09T21:55:38Z,bovada,Kobe Hudson,3.5,105.0,-135.0
2024,0c2f315200bc1b7f595958a360c7b6dd,2024-11-10T00:00:00Z,Arizona State Sun Devils,UCF Knights,2024-11-09T21:55:38Z,bovada,RJ Harvey,1.5,-130.0,100.0
2024,bbaa4c97caeb63a308d9cb66690456ba,2024-11-10T00:00:00Z,Oregon Ducks,Maryland Terrapins,2024-11-09T21:55:38Z,bovada,Evan Stewart,4.5,-115.0,-115.0
2024,bbaa4c97caeb63a308d9cb66690456ba,2024-11-10T00:00:00Z,Oregon Ducks,Maryland Terrapins,2024-11-09T21:55:38Z,bovada,Justius Lowe,4.5,-165.0,125.0
2024,bbaa4c97caeb63a308d9cb66690456ba,2024-11-10T00:00:00Z,Oregon Ducks,Maryland Terrapins,2024-11-09T21:55:38Z,bovada,Kaden Prather,4.5,-105.0,-125.0
2024,bbaa4c97caeb63a308d9cb66690456ba,2024-11-10T00:00:00Z,Oregon Ducks,Maryland Terrapins,2024-11-09T21:55:38Z,bovada,Octavian Smith Jr.,2.5,-180.0,135.0
2024,bbaa4c97caeb63a308d9cb66690456ba,2024-11-10T00:00:00Z,Oregon Ducks,Maryland Terrapins,2024-11-09T21:55:38Z,bovada,Roman Hemby,2.5,110.0,-145.0
2024,bbaa4c97caeb63a308d9cb66690456ba,2024-11-10T00:00:00Z,Oregon Ducks,Maryland Terrapins,2024-11-09T21:55:38Z,bovada,Tai Felton,6.5,100.0,-130.0
2024,bbaa4c97caeb63a308d9cb66690456ba,2024-11-10T00:00:00Z,Oregon Ducks,Maryland Terrapins,2024-11-09T21:55:38Z,bovada,Terrance Ferguson,3.5,-130.0,100.0
2024,bbaa4c97caeb63a308d9cb66690456ba,2024-11-10T00:00:00Z,Oregon Ducks,Maryland Terrapins,2024-11-09T21:55:38Z,bovada,Traeshon Holden,4.5,-150.0,115.0
2024,4694ad2b7237294889a7ec5162b7d4a9,2024-11-10T00:00:00Z,Tennessee Volunteers,Mississippi State Bulldogs,2024-11-09T21:55:38Z,bovada,Bru McCoy,3.5,130.0,-170.0
2024,4694ad2b7237294889a7ec5162b7d4a9,2024-11-10T00:00:00Z,Tennessee Volunteers,Mississippi State Bulldogs,2024-11-09T21:55:38Z,bovada,Chris Brazzell II,2.5,-135.0,105.0
2024,4694ad2b7237294889a7ec5162b7d4a9,2024-11-10T00:00:00Z,Tennessee Volunteers,Mississippi State Bulldogs,2024-11-09T21:55:38Z,bovada,Kevin Coleman,5.5,120.0,-160.0
2024,4694ad2b7237294889a7ec5162b7d4a9,2024-11-10T00:00:00Z,Tennessee Volunteers,Mississippi State Bulldogs,2024-11-09T21:55:38Z,bovada,Squirrel White,2.5,-145.0,110.0
2024,89745a154884ef76c39eb48da4db602a,2024-11-10T00:00:00Z,TCU Horned Frogs,Oklahoma State Cowboys,2024-11-09T21:55:38Z,bovada,Brennan Presley,6.5,-105.0,-125.0
2024,89745a154884ef76c39eb48da4db602a,2024-11-10T00:00:00Z,TCU Horned Frogs,Oklahoma State Cowboys,2024-11-09T21:55:38Z,bovada,Jack Bech,5.5,105.0,-135.0
2024,89745a154884ef76c39eb48da4db602a,2024-11-10T00:00:00Z,TCU Horned Frogs,Oklahoma State Cowboys,2024-11-09T21:55:38Z,bovada,Savion Williams,5.5,100.0,-130.0
2024,57f7450009aab1d55edbf8e73f1d14ad,2024-11-10T00:30:00Z,Notre Dame Fighting Irish,Florida State Seminoles,2024-11-09T22:25:38Z,bovada,Beaux Collins,3.5,110.0,-145.0
2024,57f7450009aab1d55edbf8e73f1d14ad,2024-11-10T00:30:00Z,Notre Dame Fighting Irish,Florida State Seminoles,2024-11-09T22:25:38Z,bovada,Jaden Greathouse,2.5,150.0,-200.0
2024,57f7450009aab1d55edbf8e73f1d14ad,2024-11-10T00:30:00Z,Notre Dame Fighting Irish,Florida State Seminoles,2024-11-09T22:25:38Z,bovada,Kris Mitchell,1.5,-145.0,110.0
2024,18320113053896a50bac36c7e3c17774,2024-11-10T00:45:00Z,Missouri Tigers,Oklahoma Sooners,2024-11-09T22:40:38Z,fanduel,Luther Burden III,4.5,102.0,-132.0
2024,18320113053896a50bac36c7e3c17774,2024-11-10T00:45:00Z,Missouri Tigers,Oklahoma Sooners,2024-11-09T22:40:38Z,fanduel,Theo Wease Jr.,2.5,-176.0,134.0
2024,18320113053896a50bac36c7e3c17774,2024-11-10T00:45:00Z,Missouri Tigers,Oklahoma Sooners,2024-11-09T22:40:38Z,bovada,Luther Burden III,4.5,125.0,-165.0
2024,18320113053896a50bac36c7e3c17774,2024-11-10T00:45:00Z,Missouri Tigers,Oklahoma Sooners,2024-11-09T22:40:38Z,bovada,Theo Wease Jr.,2.5,-170.0,130.0
2024,0f68c4c7ce9aa1d52b194b80ad06f9b7,2024-11-10T01:00:00Z,Penn State Nittany Lions,Washington Huskies,2024-11-09T22:55:38Z,fanduel,Harrison Wallace III,3.5,144.0,-190.0
2024,0f68c4c7ce9aa1d52b194b80ad06f9b7,2024-11-10T01:00:00Z,Penn State Nittany Lions,Washington Huskies,2024-11-09T22:55:38Z,fanduel,Denzel Boston,5.5,-132.0,102.0
2024,0f68c4c7ce9aa1d52b194b80ad06f9b7,2024-11-10T01:00:00Z,Penn State Nittany Lions,Washington Huskies,2024-11-09T22:55:38Z,fanduel,Tyler Warren,5.5,112.0,-146.0
2024,0f68c4c7ce9aa1d52b194b80ad06f9b7,2024-11-10T01:00:00Z,Penn State Nittany Lions,Washington Huskies,2024-11-09T22:55:38Z,fanduel,Giles Jackson,4.5,102.0,-132.0
2024,0f68c4c7ce9aa1d52b194b80ad06f9b7,2024-11-10T01:00:00Z,Penn State Nittany Lions,Washington Huskies,2024-11-09T22:55:38Z,fanduel,Nicholas Singleton,3.5,144.0,-190.0
2024,0f68c4c7ce9aa1d52b194b80ad06f9b7,2024-11-10T01:00:00Z,Penn State Nittany Lions,Washington Huskies,2024-11-09T22:55:38Z,bovada,Denzel Boston,5.5,-110.0,-120.0
2024,0f68c4c7ce9aa1d52b194b80ad06f9b7,2024-11-10T01:00:00Z,Penn State Nittany Lions,Washington Huskies,2024-11-09T22:55:38Z,bovada,Giles Jackson,4.5,-105.0,-125.0
2024,0f68c4c7ce9aa1d52b194b80ad06f9b7,2024-11-10T01:00:00Z,Penn State Nittany Lions,Washington Huskies,2024-11-09T22:55:38Z,bovada,Harrison Wallace III,2.5,-135.0,105.0
2024,0f68c4c7ce9aa1d52b194b80ad06f9b7,2024-11-10T01:00:00Z,Penn State Nittany Lions,Washington Huskies,2024-11-09T22:55:38Z,bovada,Jeremiah Hunter,2.5,105.0,-135.0
2024,0f68c4c7ce9aa1d52b194b80ad06f9b7,2024-11-10T01:00:00Z,Penn State Nittany Lions,Washington Huskies,2024-11-09T22:55:38Z,bovada,Jonah Coleman,1.5,-125.0,-105.0
2024,0f68c4c7ce9aa1d52b194b80ad06f9b7,2024-11-10T01:00:00Z,Penn State Nittany Lions,Washington Huskies,2024-11-09T22:55:38Z,bovada,Keleki Latu,3.5,115.0,-150.0
2024,0f68c4c7ce9aa1d52b194b80ad06f9b7,2024-11-10T01:00:00Z,Penn State Nittany Lions,Washington Huskies,2024-11-09T22:55:38Z,bovada,Nicholas Singleton,3.5,135.0,-180.0
2024,0f68c4c7ce9aa1d52b194b80ad06f9b7,2024-11-10T01:00:00Z,Penn State Nittany Lions,Washington Huskies,2024-11-09T22:55:38Z,bovada,Tyler Warren,4.5,-115.0,-115.0
2024,8cbb3b071e11ed7dc77e3e8a1c36c27c,2024-11-10T01:00:00Z,Pittsburgh Panthers,Virginia Cavaliers,2024-11-09T22:55:38Z,bovada,Malachi Fields,4.5,-125.0,-105.0
2024,8cbb3b071e11ed7dc77e3e8a1c36c27c,2024-11-10T01:00:00Z,Pittsburgh Panthers,Virginia Cavaliers,2024-11-09T22:55:38Z,bovada,Tyler Neville,3.5,-120.0,-110.0
2024,86ea6cb24276e8a779b37c3990149612,2024-11-10T03:15:00Z,Utah Utes,BYU Cougars,2024-11-10T01:10:38Z,bovada,Brant Kuithe,4.5,105.0,-135.0
2024,86ea6cb24276e8a779b37c3990149612,2024-11-10T03:15:00Z,Utah Utes,BYU Cougars,2024-11-10T01:10:38Z,bovada,Darius Lassiter,5.5,120.0,-160.0
2024,86ea6cb24276e8a779b37c3990149612,2024-11-10T03:15:00Z,Utah Utes,BYU Cougars,2024-11-10T01:10:38Z,bovada,Dorian Singer,4.5,-110.0,-120.0
2024,86ea6cb24276e8a779b37c3990149612,2024-11-10T03:15:00Z,Utah Utes,BYU Cougars,2024-11-10T01:10:38Z,bovada,LJ Martin,0.5,-215.0,160.0
2024,86ea6cb24276e8a779b37c3990149612,2024-11-10T03:15:00Z,Utah Utes,BYU Cougars,2024-11-10T01:10:38Z,bovada,Micah Bernard,1.5,-170.0,130.0
2024,9ac117a8a788ffc841c83b78fcc211a4,2024-11-10T03:30:00Z,Washington State Cougars,Utah State Aggies,2024-11-10T01:25:37Z,bovada,Kris Hutson,5.5,125.0,-165.0
2024,9ac117a8a788ffc841c83b78fcc211a4,2024-11-10T03:30:00Z,Washington State Cougars,Utah State Aggies,2024-11-10T01:25:37Z,bovada,Kyle Williams,4.5,-130.0,100.0
2024,9778328429d3b67818b0dec3625dbab5,2024-11-13T00:00:00Z,Bowling Green Falcons,Western Michigan Broncos,2024-11-12T21:55:38Z,fanduel,Harold Fannin Jr.,7.5,138.0,-182.0
2024,9778328429d3b67818b0dec3625dbab5,2024-11-13T00:00:00Z,Bowling Green Falcons,Western Michigan Broncos,2024-11-12T21:55:38Z,bovada,Anthony Sambucci,2.5,-160.0,120.0
2024,9778328429d3b67818b0dec3625dbab5,2024-11-13T00:00:00Z,Bowling Green Falcons,Western Michigan Broncos,2024-11-12T21:55:38Z,bovada,Blake Bosma,3.5,125.0,-165.0
2024,9778328429d3b67818b0dec3625dbab5,2024-11-13T00:00:00Z,Bowling Green Falcons,Western Michigan Broncos,2024-11-12T21:55:38Z,bovada,Harold Fannin Jr.,6.5,-125.0,-105.0
2024,9778328429d3b67818b0dec3625dbab5,2024-11-13T00:00:00Z,Bowling Green Falcons,Western Michigan Broncos,2024-11-12T21:55:38Z,bovada,Kenneth Womack,3.5,-115.0,-115.0
2024,9778328429d3b67818b0dec3625dbab5,2024-11-13T00:00:00Z,Bowling Green Falcons,Western Michigan Broncos,2024-11-12T21:55:38Z,bovada,Malcolm Johnson Jr.,3.5,-115.0,-115.0
2024,790f1dc72f3a79345e96248c2171a7b9,2024-11-13T00:00:00Z,Toledo Rockets,Central Michigan Chippewas,2024-11-12T21:55:38Z,bovada,Jerjuan Newton,4.5,-160.0,120.0
2024,790f1dc72f3a79345e96248c2171a7b9,2024-11-13T00:00:00Z,Toledo Rockets,Central Michigan Chippewas,2024-11-12T21:55:38Z,bovada,Junior Vandeross III,5.5,-105.0,-125.0
2024,ffb97c3a4d6479981aeb692dfc0df001,2024-11-14T00:00:00Z,Northern Illinois Huskies,Akron Zips,2024-11-13T21:55:38Z,bovada,Adrian Norton,3.5,-160.0,120.0
2024,ffb97c3a4d6479981aeb692dfc0df001,2024-11-14T00:00:00Z,Northern Illinois Huskies,Akron Zips,2024-11-13T21:55:38Z,bovada,Bobby Golden,3.5,120.0,-160.0
2024,ffb97c3a4d6479981aeb692dfc0df001,2024-11-14T00:00:00Z,Northern Illinois Huskies,Akron Zips,2024-11-13T21:55:38Z,bovada,Cam Thompson,2.5,-160.0,120.0
2024,ffb97c3a4d6479981aeb692dfc0df001,2024-11-14T00:00:00Z,Northern Illinois Huskies,Akron Zips,2024-11-13T21:55:38Z,bovada,Trayvon Rudolph,3.5,-120.0,-110.0
2024,95353db44b2fe8a0ded7b8c7a7ddfda4,2024-11-14T00:00:00Z,Ohio Bobcats,Eastern Michigan Eagles,2024-11-13T21:55:38Z,bovada,Coleman Owen,3.5,-120.0,-110.0
2024,a2e2f28771048c39d9b9f94b360f8931,2024-11-15T00:30:00Z,Tulsa Golden Hurricane,East Carolina Pirates,2024-11-14T22:25:38Z,fanduel,Chase Sowell,3.5,-114.0,-114.0
2024,a2e2f28771048c39d9b9f94b360f8931,2024-11-15T00:30:00Z,Tulsa Golden Hurricane,East Carolina Pirates,2024-11-14T22:25:38Z,fanduel,Anthony Smith,3.5,-108.0,-120.0
2024,a2e2f28771048c39d9b9f94b360f8931,2024-11-15T00:30:00Z,Tulsa Golden Hurricane,East Carolina Pirates,2024-11-14T22:25:38Z,fanduel,Kamdyn Benjamin,5.5,-120.0,-106.0
2024,a2e2f28771048c39d9b9f94b360f8931,2024-11-15T00:30:00Z,Tulsa Golden Hurricane,East Carolina Pirates,2024-11-14T22:25:38Z,bovada,Anthony Smith,3.5,-120.0,-110.0
2024,a2e2f28771048c39d9b9f94b360f8931,2024-11-15T00:30:00Z,Tulsa Golden Hurricane,East Carolina Pirates,2024-11-14T22:25:38Z,bovada,Winston Wright Jr.,3.5,-160.0,120.0
2024,24f904101bde55075c01cd1233004b73,2024-11-16T01:00:00Z,Colorado State Rams,Wyoming Cowboys,2024-11-15T22:55:38Z,bovada,Avery Morrow,1.5,-115.0,-115.0
2024,24f904101bde55075c01cd1233004b73,2024-11-16T01:00:00Z,Colorado State Rams,Wyoming Cowboys,2024-11-15T22:55:38Z,bovada,Chris Durr Jr.,2.5,-150.0,115.0
2024,74c2cec5bbf20a0f1f2d95e96854b47d,2024-11-16T01:00:00Z,UTSA Roadrunners,North Texas Mean Green,2024-11-15T22:55:38Z,fanduel,Chris Carpenter,5.5,-120.0,-108.0
2024,74c2cec5bbf20a0f1f2d95e96854b47d,2024-11-16T01:00:00Z,UTSA Roadrunners,North Texas Mean Green,2024-11-15T22:55:38Z,fanduel,Houston Thomas,4.5,-128.0,-102.0
2024,74c2cec5bbf20a0f1f2d95e96854b47d,2024-11-16T01:00:00Z,UTSA Roadrunners,North Texas Mean Green,2024-11-15T22:55:38Z,fanduel,Dalton Carnes,2.5,-138.0,106.0
2024,74c2cec5bbf20a0f1f2d95e96854b47d,2024-11-16T01:00:00Z,UTSA Roadrunners,North Texas Mean Green,2024-11-15T22:55:38Z,fanduel,DT Sheffield,6.5,-114.0,-114.0
2024,74c2cec5bbf20a0f1f2d95e96854b47d,2024-11-16T01:00:00Z,UTSA Roadrunners,North Texas Mean Green,2024-11-15T22:55:38Z,bovada,Chris Carpenter,5.5,-150.0,115.0
2024,74c2cec5bbf20a0f1f2d95e96854b47d,2024-11-16T01:00:00Z,UTSA Roadrunners,North Texas Mean Green,2024-11-15T22:55:38Z,bovada,Dalton Carnes,3.5,110.0,-145.0
2024,74c2cec5bbf20a0f1f2d95e96854b47d,2024-11-16T01:00:00Z,UTSA Roadrunners,North Texas Mean Green,2024-11-15T22:55:38Z,bovada,DT Sheffield,6.5,-120.0,-110.0
2024,74c2cec5bbf20a0f1f2d95e96854b47d,2024-11-16T01:00:00Z,UTSA Roadrunners,North Texas Mean Green,2024-11-15T22:55:38Z,bovada,Houston Thomas,4.5,-160.0,120.0
2024,19f36c2fe68ea5aa2cef96fd8e5ea8e9,2024-11-16T02:00:00Z,Washington Huskies,UCLA Bruins,2024-11-15T23:55:38Z,fanduel,Giles Jackson,4.5,-146.0,112.0
2024,19f36c2fe68ea5aa2cef96fd8e5ea8e9,2024-11-16T02:00:00Z,Washington Huskies,UCLA Bruins,2024-11-15T23:55:38Z,fanduel,Denzel Boston,5.5,108.0,-140.0
2024,19f36c2fe68ea5aa2cef96fd8e5ea8e9,2024-11-16T02:00:00Z,Washington Huskies,UCLA Bruins,2024-11-15T23:55:38Z,fanduel,Kwazi Gilmer,3.5,108.0,-140.0
2024,19f36c2fe68ea5aa2cef96fd8e5ea8e9,2024-11-16T02:00:00Z,Washington Huskies,UCLA Bruins,2024-11-15T23:55:38Z,fanduel,T.J. Harden,3.5,-114.0,-114.0
2024,19f36c2fe68ea5aa2cef96fd8e5ea8e9,2024-11-16T02:00:00Z,Washington Huskies,UCLA Bruins,2024-11-15T23:55:38Z,fanduel,Logan Loya,3.5,-114.0,-114.0
2024,19f36c2fe68ea5aa2cef96fd8e5ea8e9,2024-11-16T02:00:00Z,Washington Huskies,UCLA Bruins,2024-11-15T23:55:38Z,bovada,Denzel Boston,5.5,115.0,-150.0
2024,19f36c2fe68ea5aa2cef96fd8e5ea8e9,2024-11-16T02:00:00Z,Washington Huskies,UCLA Bruins,2024-11-15T23:55:38Z,bovada,Giles Jackson,5.5,110.0,-145.0
2024,19f36c2fe68ea5aa2cef96fd8e5ea8e9,2024-11-16T02:00:00Z,Washington Huskies,UCLA Bruins,2024-11-15T23:55:38Z,bovada,Jonah Coleman,1.5,-115.0,-115.0
2024,19f36c2fe68ea5aa2cef96fd8e5ea8e9,2024-11-16T02:00:00Z,Washington Huskies,UCLA Bruins,2024-11-15T23:55:38Z,bovada,Keleki Latu,3.5,110.0,-145.0
2024,19f36c2fe68ea5aa2cef96fd8e5ea8e9,2024-11-16T02:00:00Z,Washington Huskies,UCLA Bruins,2024-11-15T23:55:38Z,bovada,Kwazi Gilmer,3.5,120.0,-160.0
2024,19f36c2fe68ea5aa2cef96fd8e5ea8e9,2024-11-16T02:00:00Z,Washington Huskies,UCLA Bruins,2024-11-15T23:55:38Z,bovada,Logan Loya,3.5,-115.0,-115.0
2024,19f36c2fe68ea5aa2cef96fd8e5ea8e9,2024-11-16T02:00:00Z,Washington Huskies,UCLA Bruins,2024-11-15T23:55:38Z,bovada,T.J. Harden,3.5,-115.0,-115.0
2024,ecee7071e08684b5ab5caaacf9913a8b,2024-11-16T03:15:00Z,Arizona Wildcats,Houston Cougars,2024-11-16T01:10:38Z,fanduel,Tetairoa McMillan,6.5,-114.0,-114.0
2024,ecee7071e08684b5ab5caaacf9913a8b,2024-11-16T03:15:00Z,Arizona Wildcats,Houston Cougars,2024-11-16T01:10:38Z,bovada,Quali Conley,2.5,155.0,-210.0
2024,ecee7071e08684b5ab5caaacf9913a8b,2024-11-16T03:15:00Z,Arizona Wildcats,Houston Cougars,2024-11-16T01:10:38Z,bovada,Tetairoa McMillan,6.5,110.0,-145.0
2024,6df5b1e43ed313959917724e66cd4704,2024-11-16T17:00:00Z,Arkansas Razorbacks,Texas Longhorns,2024-11-16T14:55:38Z,fanduel,Jaydon Blue,2.5,-128.0,-102.0
2024,6df5b1e43ed313959917724e66cd4704,2024-11-16T17:00:00Z,Arkansas Razorbacks,Texas Longhorns,2024-11-16T14:55:38Z,fanduel,Isaiah Bond,3.5,-102.0,-128.0
2024,6df5b1e43ed313959917724e66cd4704,2024-11-16T17:00:00Z,Arkansas Razorbacks,Texas Longhorns,2024-11-16T14:55:38Z,fanduel,Gunnar Helm,3.5,-114.0,-114.0
2024,6df5b1e43ed313959917724e66cd4704,2024-11-16T17:00:00Z,Arkansas Razorbacks,Texas Longhorns,2024-11-16T14:55:38Z,fanduel,Matthew Golden,2.5,-152.0,116.0
2024,6df5b1e43ed313959917724e66cd4704,2024-11-16T17:00:00Z,Arkansas Razorbacks,Texas Longhorns,2024-11-16T14:55:38Z,fanduel,Andrew Armstrong,6.5,112.0,-146.0
2024,6df5b1e43ed313959917724e66cd4704,2024-11-16T17:00:00Z,Arkansas Razorbacks,Texas Longhorns,2024-11-16T14:55:38Z,bovada,Andrew Armstrong,5.5,-115.0,-115.0
2024,6df5b1e43ed313959917724e66cd4704,2024-11-16T17:00:00Z,Arkansas Razorbacks,Texas Longhorns,2024-11-16T14:55:38Z,bovada,Gunnar Helm,4.5,125.0,-165.0
2024,6df5b1e43ed313959917724e66cd4704,2024-11-16T17:00:00Z,Arkansas Razorbacks,Texas Longhorns,2024-11-16T14:55:38Z,bovada,Isaiah Bond,4.5,120.0,-160.0
2024,6df5b1e43ed313959917724e66cd4704,2024-11-16T17:00:00Z,Arkansas Razorbacks,Texas Longhorns,2024-11-16T14:55:38Z,bovada,Ja'Quinden Jackson,1.5,110.0,-145.0
2024,6df5b1e43ed313959917724e66cd4704,2024-11-16T17:00:00Z,Arkansas Razorbacks,Texas Longhorns,2024-11-16T14:55:38Z,bovada,Luke Hasz,2.5,110.0,-145.0
2024,6df5b1e43ed313959917724e66cd4704,2024-11-16T17:00:00Z,Arkansas Razorbacks,Texas Longhorns,2024-11-16T14:55:38Z,bovada,Matthew Golden,2.5,-165.0,125.0
2024,6df5b1e43ed313959917724e66cd4704,2024-11-16T17:00:00Z,Arkansas Razorbacks,Texas Longhorns,2024-11-16T14:55:38Z,bovada,Quintrevion Wisner,2.5,-105.0,-125.0
2024,6df5b1e43ed313959917724e66cd4704,2024-11-16T17:00:00Z,Arkansas Razorbacks,Texas Longhorns,2024-11-16T14:55:38Z,bovada,Tyrone Broden,2.5,130.0,-170.0
2024,629701d796fb7ce41e0c738d45a82caf,2024-11-16T17:00:00Z,Pittsburgh Panthers,Clemson Tigers,2024-11-16T14:55:38Z,bovada,Antonio Williams,4.5,-115.0,-115.0
2024,629701d796fb7ce41e0c738d45a82caf,2024-11-16T17:00:00Z,Pittsburgh Panthers,Clemson Tigers,2024-11-16T14:55:38Z,bovada,Jake Briningstool,3.5,-125.0,-105.0
2024,fe838c1ea48e936dc0639da966430cdf,2024-11-16T17:00:00Z,Colorado Buffaloes,Utah Utes,2024-11-16T14:55:38Z,fanduel,Will Sheppard,4.5,122.0,-160.0
2024,fe838c1ea48e936dc0639da966430cdf,2024-11-16T17:00:00Z,Colorado Buffaloes,Utah Utes,2024-11-16T14:55:38Z,fanduel,Travis Hunter,7.5,-152.0,116.0
2024,fe838c1ea48e936dc0639da966430cdf,2024-11-16T17:00:00Z,Colorado Buffaloes,Utah Utes,2024-11-16T14:55:38Z,fanduel,Dorian Singer,5.5,108.0,-140.0
2024,fe838c1ea48e936dc0639da966430cdf,2024-11-16T17:00:00Z,Colorado Buffaloes,Utah Utes,2024-11-16T14:55:38Z,fanduel,LaJohntay Wester,4.5,-174.0,132.0
2024,fe838c1ea48e936dc0639da966430cdf,2024-11-16T17:00:00Z,Colorado Buffaloes,Utah Utes,2024-11-16T14:55:38Z,bovada,Dorian Singer,4.5,-115.0,-115.0
2024,fe838c1ea48e936dc0639da966430cdf,2024-11-16T17:00:00Z,Colorado Buffaloes,Utah Utes,2024-11-16T14:55:38Z,bovada,LaJohntay Wester,4.5,-120.0,-110.0
2024,fe838c1ea48e936dc0639da966430cdf,2024-11-16T17:00:00Z,Colorado Buffaloes,Utah Utes,2024-11-16T14:55:38Z,bovada,Travis Hunter,7.5,-120.0,-110.0
2024,fe838c1ea48e936dc0639da966430cdf,2024-11-16T17:00:00Z,Colorado Buffaloes,Utah Utes,2024-11-16T14:55:38Z,bovada,Will Sheppard,4.5,-105.0,-125.0
2024,1421705a08deba76b415943c78b77254,2024-11-16T17:00:00Z,Northwestern Wildcats,Ohio State Buckeyes,2024-11-16T14:55:38Z,fanduel,Carnell Tate,2.5,-198.0,150.0
2024,1421705a08deba76b415943c78b77254,2024-11-16T17:00:00Z,Northwestern Wildcats,Ohio State Buckeyes,2024-11-16T14:55:38Z,fanduel,Emeka Egbuka,4.5,-146.0,112.0
2024,1421705a08deba76b415943c78b77254,2024-11-16T17:00:00Z,Northwestern Wildcats,Ohio State Buckeyes,2024-11-16T14:55:38Z,fanduel,Jeremiah Smith,4.5,-138.0,106.0
2024,1421705a08deba76b415943c78b77254,2024-11-16T17:00:00Z,Northwestern Wildcats,Ohio State Buckeyes,2024-11-16T14:55:38Z,bovada,A.J. Henning,2.5,-150.0,115.0
2024,1421705a08deba76b415943c78b77254,2024-11-16T17:00:00Z,Northwestern Wildcats,Ohio State Buckeyes,2024-11-16T14:55:38Z,bovada,Carnell Tate,2.5,-160.0,120.0
2024,1421705a08deba76b415943c78b77254,2024-11-16T17:00:00Z,Northwestern Wildcats,Ohio State Buckeyes,2024-11-16T14:55:38Z,bovada,Emeka Egbuka,4.5,-125.0,-105.0
2024,1421705a08deba76b415943c78b77254,2024-11-16T17:00:00Z,Northwestern Wildcats,Ohio State Buckeyes,2024-11-16T14:55:38Z,bovada,Jeremiah Smith,4.5,-145.0,110.0
2024,1014574605d8b2e62f7b587b9a00555b,2024-11-16T17:45:00Z,Auburn Tigers,UL Monroe Warhawks,2024-11-16T15:40:38Z,bovada,Cam Coleman,2.5,-160.0,120.0
2024,1014574605d8b2e62f7b587b9a00555b,2024-11-16T17:45:00Z,Auburn Tigers,UL Monroe Warhawks,2024-11-16T15:40:38Z,bovada,KeAndre Lambert-Smith,3.5,-170.0,130.0
2024,01dcd729158c16de6244a30609e7eaa5,2024-11-16T19:30:00Z,Illinois Fighting Illini,Michigan State Spartans,2024-11-16T17:25:38Z,bovada,Josh McCray,0.5,-260.0,190.0
2024,01dcd729158c16de6244a30609e7eaa5,2024-11-16T19:30:00Z,Illinois Fighting Illini,Michigan State Spartans,2024-11-16T17:25:38Z,bovada,Pat Bryant,4.5,105.0,-135.0
2024,01dcd729158c16de6244a30609e7eaa5,2024-11-16T19:30:00Z,Illinois Fighting Illini,Michigan State Spartans,2024-11-16T17:25:38Z,bovada,Tanner Arkin,1.5,-160.0,120.0
2024,01dcd729158c16de6244a30609e7eaa5,2024-11-16T19:30:00Z,Illinois Fighting Illini,Michigan State Spartans,2024-11-16T17:25:38Z,bovada,Zakhari Franklin,4.5,-145.0,110.0
2024,7c0b3b7d05898d56bde94fca773c17d0,2024-11-16T20:00:00Z,California Golden Bears,Syracuse Orange,2024-11-16T17:55:38Z,bovada,Oronde Gadsden II,4.5,105.0,-135.0
2024,0eef8259aaab3edce707e77326edca7c,2024-11-16T20:30:00Z,Air Force Falcons,Oregon State Beavers,2024-11-16T18:25:38Z,bovada,Anthony Hankerson,2.5,135.0,-180.0
2024,0eef8259aaab3edce707e77326edca7c,2024-11-16T20:30:00Z,Air Force Falcons,Oregon State Beavers,2024-11-16T18:25:38Z,bovada,Trent Walker,5.5,-120.0,-110.0
2024,3428f017ae747ddcdbffc09e7b1ce8d8,2024-11-16T20:30:00Z,SMU Mustangs,Boston College Eagles,2024-11-16T18:25:38Z,bovada,Lewis Bond,4.5,-125.0,-105.0
2024,066f54aae1d0626b80a03e4d543d4059,2024-11-16T20:30:00Z,Florida Gators,LSU Tigers,2024-11-16T18:25:38Z,fanduel,Aaron Anderson,3.5,-140.0,108.0
2024,066f54aae1d0626b80a03e4d543d4059,2024-11-16T20:30:00Z,Florida Gators,LSU Tigers,2024-11-16T18:25:38Z,fanduel,Caden Durham,1.5,-198.0,150.0
2024,066f54aae1d0626b80a03e4d543d4059,2024-11-16T20:30:00Z,Florida Gators,LSU Tigers,2024-11-16T18:25:38Z,fanduel,Kyren Lacy,5.5,118.0,-154.0
2024,066f54aae1d0626b80a03e4d543d4059,2024-11-16T20:30:00Z,Florida Gators,LSU Tigers,2024-11-16T18:25:38Z,fanduel,Mason Taylor,3.5,-108.0,-120.0
2024,066f54aae1d0626b80a03e4d543d4059,2024-11-16T20:30:00Z,Florida Gators,LSU Tigers,2024-11-16T18:25:38Z,bovada,Aaron Anderson,3.5,-170.0,130.0
2024,066f54aae1d0626b80a03e4d543d4059,2024-11-16T20:30:00Z,Florida Gators,LSU Tigers,2024-11-16T18:25:38Z,bovada,Caden Durham,2.5,150.0,-200.0
2024,066f54aae1d0626b80a03e4d543d4059,2024-11-16T20:30:00Z,Florida Gators,LSU Tigers,2024-11-16T18:25:38Z,bovada,Chimere Dike,3.5,100.0,-130.0
2024,066f54aae1d0626b80a03e4d543d4059,2024-11-16T20:30:00Z,Florida Gators,LSU Tigers,2024-11-16T18:25:38Z,bovada,Elijhah Badger,2.5,125.0,-165.0
2024,066f54aae1d0626b80a03e4d543d4059,2024-11-16T20:30:00Z,Florida Gators,LSU Tigers,2024-11-16T18:25:38Z,bovada,Kyren Lacy,5.5,-105.0,-125.0
2024,066f54aae1d0626b80a03e4d543d4059,2024-11-16T20:30:00Z,Florida Gators,LSU Tigers,2024-11-16T18:25:38Z,bovada,Mason Taylor,3.5,-120.0,-110.0
2024,b7bbe548bf6d5efb53b2a65c8747c767,2024-11-16T20:30:00Z,Georgia Bulldogs,Tennessee Volunteers,2024-11-16T18:25:38Z,fanduel,Chris Brazzell II,3.5,154.0,-205.0
2024,b7bbe548bf6d5efb53b2a65c8747c767,2024-11-16T20:30:00Z,Georgia Bulldogs,Tennessee Volunteers,2024-11-16T18:25:38Z,fanduel,Bru McCoy,2.5,-114.0,-114.0
2024,b7bbe548bf6d5efb53b2a65c8747c767,2024-11-16T20:30:00Z,Georgia Bulldogs,Tennessee Volunteers,2024-11-16T18:25:38Z,fanduel,Squirrel White,2.5,116.0,-152.0
2024,b7bbe548bf6d5efb53b2a65c8747c767,2024-11-16T20:30:00Z,Georgia Bulldogs,Tennessee Volunteers,2024-11-16T18:25:38Z,fanduel,Dont'e Thornton,2.5,100.0,-130.0
2024,b7bbe548bf6d5efb53b2a65c8747c767,2024-11-16T20:30:00Z,Georgia Bulldogs,Tennessee Volunteers,2024-11-16T18:25:38Z,fanduel,Arian Smith,3.5,-102.0,-128.0
2024,b7bbe548bf6d5efb53b2a65c8747c767,2024-11-16T20:30:00Z,Georgia Bulldogs,Tennessee Volunteers,2024-11-16T18:25:38Z,fanduel,Dillon Bell,3.5,116.0,-152.0
2024,b7bbe548bf6d5efb53b2a65c8747c767,2024-11-16T20:30:00Z,Georgia Bulldogs,Tennessee Volunteers,2024-11-16T18:25:38Z,fanduel,Dominic Lovett,4.5,126.0,-165.0
2024,b7bbe548bf6d5efb53b2a65c8747c767,2024-11-16T20:30:00Z,Georgia Bulldogs,Tennessee Volunteers,2024-11-16T18:25:38Z,bovada,Arian Smith,3.5,-105.0,-125.0
2024,b7bbe548bf6d5efb53b2a65c8747c767,2024-11-16T20:30:00Z,Georgia Bulldogs,Tennessee Volunteers,2024-11-16T18:25:38Z,bovada,Bru McCoy,2.5,-115.0,-115.0
2024,b7bbe548bf6d5efb53b2a65c8747c767,2024-11-16T20:30:00Z,Georgia Bulldogs,Tennessee Volunteers,2024-11-16T18:25:38Z,bovada,Chris Brazzell II,2.5,135.0,-180.0
2024,b7bbe548bf6d5efb53b2a65c8747c767,2024-11-16T20:30:00Z,Georgia Bulldogs,Tennessee Volunteers,2024-11-16T18:25:38Z,bovada,Dillon Bell,3.5,120.0,-160.0
2024,b7bbe548bf6d5efb53b2a65c8747c767,2024-11-16T20:30:00Z,Georgia Bulldogs,Tennessee Volunteers,2024-11-16T18:25:38Z,bovada,Dominic Lovett,4.5,120.0,-160.0
2024,b7bbe548bf6d5efb53b2a65c8747c767,2024-11-16T20:30:00Z,Georgia Bulldogs,Tennessee Volunteers,2024-11-16T18:25:38Z,bovada,Dont'e Thornton,2.5,-115.0,-115.0
2024,b7bbe548bf6d5efb53b2a65c8747c767,2024-11-16T20:30:00Z,Georgia Bulldogs,Tennessee Volunteers,2024-11-16T18:25:38Z,bovada,Dylan Sampson,1.5,135.0,-180.0
2024,b7bbe548bf6d5efb53b2a65c8747c767,2024-11-16T20:30:00Z,Georgia Bulldogs,Tennessee Volunteers,2024-11-16T18:25:38Z,bovada,Lawson Luckie,1.5,-180.0,135.0
2024,b7bbe548bf6d5efb53b2a65c8747c767,2024-11-16T20:30:00Z,Georgia Bulldogs,Tennessee Volunteers,2024-11-16T18:25:38Z,bovada,Miles Kitselman,1.5,-170.0,130.0
2024,b7bbe548bf6d5efb53b2a65c8747c767,2024-11-16T20:30:00Z,Georgia Bulldogs,Tennessee Volunteers,2024-11-16T18:25:38Z,bovada,Squirrel White,2.5,125.0,-165.0
2024,d948ac40464c9fbca124267b7f15cdc3,2024-11-16T20:30:00Z,Notre Dame Fighting Irish,Virginia Cavaliers,2024-11-16T18:25:38Z,bovada,Beaux Collins,3.5,110.0,-145.0
2024,d948ac40464c9fbca124267b7f15cdc3,2024-11-16T20:30:00Z,Notre Dame Fighting Irish,Virginia Cavaliers,2024-11-16T18:25:38Z,bovada,Jaden Greathouse,2.5,-130.0,100.0
2024,d948ac40464c9fbca124267b7f15cdc3,2024-11-16T20:30:00Z,Notre Dame Fighting Irish,Virginia Cavaliers,2024-11-16T18:25:38Z,bovada,Jeremiyah Love,1.5,155.0,-210.0
2024,d948ac40464c9fbca124267b7f15cdc3,2024-11-16T20:30:00Z,Notre Dame Fighting Irish,Virginia Cavaliers,2024-11-16T18:25:38Z,bovada,Malachi Fields,3.5,-115.0,-115.0
2024,d948ac40464c9fbca124267b7f15cdc3,2024-11-16T20:30:00Z,Notre Dame Fighting Irish,Virginia Cavaliers,2024-11-16T18:25:38Z,bovada,Mitchell Evans,2.5,135.0,-180.0
2024,d948ac40464c9fbca124267b7f15cdc3,2024-11-16T20:30:00Z,Notre Dame Fighting Irish,Virginia Cavaliers,2024-11-16T18:25:38Z,bovada,Tyler Neville,2.5,-120.0,-110.0
2024,6c0820222a763ec3d6d6e277ba1422b2,2024-11-16T20:30:00Z,Purdue Boilermakers,Penn State Nittany Lions,2024-11-16T18:25:38Z,fanduel,Tyler Warren,5.5,-102.0,-128.0
2024,6c0820222a763ec3d6d6e277ba1422b2,2024-11-16T20:30:00Z,Purdue Boilermakers,Penn State Nittany Lions,2024-11-16T18:25:38Z,fanduel,Harrison Wallace III,3.5,116.0,-152.0
2024,6c0820222a763ec3d6d6e277ba1422b2,2024-11-16T20:30:00Z,Purdue Boilermakers,Penn State Nittany Lions,2024-11-16T18:25:38Z,fanduel,Max Klare,2.5,-198.0,150.0
2024,6c0820222a763ec3d6d6e277ba1422b2,2024-11-16T20:30:00Z,Purdue Boilermakers,Penn State Nittany Lions,2024-11-16T18:25:38Z,bovada,Harrison Wallace III,3.5,120.0,-160.0
2024,6c0820222a763ec3d6d6e277ba1422b2,2024-11-16T20:30:00Z,Purdue Boilermakers,Penn State Nittany Lions,2024-11-16T18:25:38Z,bovada,Max Klare,2.5,-160.0,120.0
2024,6c0820222a763ec3d6d6e277ba1422b2,2024-11-16T20:30:00Z,Purdue Boilermakers,Penn State Nittany Lions,2024-11-16T18:25:38Z,bovada,Tyler Warren,5.5,105.0,-135.0
2024,b0407b941de3f36bc0648393913899ed,2024-11-16T21:00:00Z,West Virginia Mountaineers,Baylor Bears,2024-11-16T18:55:38Z,bovada,Ashtyn Hawkins,4.5,100.0,-130.0
2024,b0407b941de3f36bc0648393913899ed,2024-11-16T21:00:00Z,West Virginia Mountaineers,Baylor Bears,2024-11-16T18:55:38Z,bovada,Bryson Washington,1.5,-160.0,120.0
2024,b0407b941de3f36bc0648393913899ed,2024-11-16T21:00:00Z,West Virginia Mountaineers,Baylor Bears,2024-11-16T18:55:38Z,bovada,Hal Presley,3.5,-115.0,-115.0
2024,b0407b941de3f36bc0648393913899ed,2024-11-16T21:00:00Z,West Virginia Mountaineers,Baylor Bears,2024-11-16T18:55:38Z,bovada,Josh Cameron,3.5,-150.0,115.0
2024,38550fc4dd45b5df98d53124ed6fe6f3,2024-11-16T21:00:00Z,USC Trojans,Nebraska Cornhuskers,2024-11-16T18:55:38Z,bovada,Jacory Barney Jr.,2.5,-165.0,125.0
2024,38550fc4dd45b5df98d53124ed6fe6f3,2024-11-16T21:00:00Z,USC Trojans,Nebraska Cornhuskers,2024-11-16T18:55:38Z,bovada,Dante Dowdell,0.5,-230.0,170.0
2024,38550fc4dd45b5df98d53124ed6fe6f3,2024-11-16T21:00:00Z,USC Trojans,Nebraska Cornhuskers,2024-11-16T18:55:38Z,bovada,Isaiah Neyor,2.5,-160.0,120.0
2024,38550fc4dd45b5df98d53124ed6fe6f3,2024-11-16T21:00:00Z,USC Trojans,Nebraska Cornhuskers,2024-11-16T18:55:38Z,bovada,Jahmal Banks,2.5,-115.0,-115.0
2024,38550fc4dd45b5df98d53124ed6fe6f3,2024-11-16T21:00:00Z,USC Trojans,Nebraska Cornhuskers,2024-11-16T18:55:38Z,bovada,Kyron Hudson,2.5,-150.0,115.0
2024,38550fc4dd45b5df98d53124ed6fe6f3,2024-11-16T21:00:00Z,USC Trojans,Nebraska Cornhuskers,2024-11-16T18:55:38Z,bovada,Makai Lemon,4.5,130.0,-170.0
2024,38550fc4dd45b5df98d53124ed6fe6f3,2024-11-16T21:00:00Z,USC Trojans,Nebraska Cornhuskers,2024-11-16T18:55:38Z,bovada,Thomas Fidone II,2.5,100.0,-130.0
2024,38550fc4dd45b5df98d53124ed6fe6f3,2024-11-16T21:00:00Z,USC Trojans,Nebraska Cornhuskers,2024-11-16T18:55:38Z,bovada,Woody Marks,3.5,-115.0,-115.0
2024,38550fc4dd45b5df98d53124ed6fe6f3,2024-11-16T21:00:00Z,USC Trojans,Nebraska Cornhuskers,2024-11-16T18:55:38Z,bovada,Zachariah Branch,2.5,-150.0,115.0
2024,aba39946ec7c926236822a908b545e38,2024-11-16T21:15:00Z,South Carolina Gamecocks,Missouri Tigers,2024-11-16T19:10:38Z,bovada,Jared Brown,2.5,140.0,-185.0
2024,aba39946ec7c926236822a908b545e38,2024-11-16T21:15:00Z,South Carolina Gamecocks,Missouri Tigers,2024-11-16T19:10:38Z,bovada,Joshua Simon,3.5,125.0,-165.0
2024,aba39946ec7c926236822a908b545e38,2024-11-16T21:15:00Z,South Carolina Gamecocks,Missouri Tigers,2024-11-16T19:10:38Z,bovada,Luther Burden III,4.5,120.0,-160.0
2024,aba39946ec7c926236822a908b545e38,2024-11-16T21:15:00Z,South Carolina Gamecocks,Missouri Tigers,2024-11-16T19:10:38Z,bovada,Theo Wease Jr.,4.5,120.0,-160.0
2024,d93b0e35e2a8f93f46dd7c65a3c3d667,2024-11-16T23:00:00Z,Maryland Terrapins,Rutgers Scarlet Knights,2024-11-16T20:55:38Z,bovada,Dymere Miller,4.5,-105.0,-125.0
2024,d93b0e35e2a8f93f46dd7c65a3c3d667,2024-11-16T23:00:00Z,Maryland Terrapins,Rutgers Scarlet Knights,2024-11-16T20:55:38Z,bovada,Kaden Prather,4.5,-105.0,-125.0
2024,d93b0e35e2a8f93f46dd7c65a3c3d667,2024-11-16T23:00:00Z,Maryland Terrapins,Rutgers Scarlet Knights,2024-11-16T20:55:38Z,bovada,Octavian Smith Jr.,3.5,-145.0,110.0
2024,d93b0e35e2a8f93f46dd7c65a3c3d667,2024-11-16T23:00:00Z,Maryland Terrapins,Rutgers Scarlet Knights,2024-11-16T20:55:38Z,bovada,Roman Hemby,2.5,145.0,-190.0
2024,d93b0e35e2a8f93f46dd7c65a3c3d667,2024-11-16T23:00:00Z,Maryland Terrapins,Rutgers Scarlet Knights,2024-11-16T20:55:38Z,bovada,Tai Felton,7.5,-110.0,-120.0
2024,05e2bab9e0432940355e7e0e697f6818,2024-11-17T00:00:00Z,Kansas State Wildcats,Arizona State Sun Devils,2024-11-16T21:55:38Z,fanduel,Keagan Johnson,3.5,-102.0,-128.0
2024,05e2bab9e0432940355e7e0e697f6818,2024-11-17T00:00:00Z,Kansas State Wildcats,Arizona State Sun Devils,2024-11-16T21:55:38Z,fanduel,Cam Skattebo,3.5,-114.0,-114.0
2024,05e2bab9e0432940355e7e0e697f6818,2024-11-17T00:00:00Z,Kansas State Wildcats,Arizona State Sun Devils,2024-11-16T21:55:38Z,fanduel,Jordyn Tyson,6.5,108.0,-140.0
2024,05e2bab9e0432940355e7e0e697f6818,2024-11-17T00:00:00Z,Kansas State Wildcats,Arizona State Sun Devils,2024-11-16T21:55:38Z,fanduel,Jayce Brown,3.5,-138.0,106.0
2024,05e2bab9e0432940355e7e0e697f6818,2024-11-17T00:00:00Z,Kansas State Wildcats,Arizona State Sun Devils,2024-11-16T21:55:38Z,bovada,Jayce Brown,3.5,-110.0,-120.0
2024,05e2bab9e0432940355e7e0e697f6818,2024-11-17T00:00:00Z,Kansas State Wildcats,Arizona State Sun Devils,2024-11-16T21:55:38Z,bovada,Jordyn Tyson,5.5,100.0,-130.0
2024,05e2bab9e0432940355e7e0e697f6818,2024-11-17T00:00:00Z,Kansas State Wildcats,Arizona State Sun Devils,2024-11-16T21:55:38Z,bovada,Keagan Johnson,3.5,100.0,-130.0
2024,affc409979cf24fc21e89d8fa0c45e82,2024-11-17T00:00:00Z,San Jose State Spartans,Boise State Broncos,2024-11-16T21:55:38Z,fanduel,Ashton Jeanty,1.5,-146.0,112.0
2024,affc409979cf24fc21e89d8fa0c45e82,2024-11-17T00:00:00Z,San Jose State Spartans,Boise State Broncos,2024-11-16T21:55:38Z,bovada,Ashton Jeanty,1.5,-190.0,145.0
2024,affc409979cf24fc21e89d8fa0c45e82,2024-11-17T00:00:00Z,San Jose State Spartans,Boise State Broncos,2024-11-16T21:55:38Z,bovada,Cameron Camper,3.5,-120.0,-110.0
2024,affc409979cf24fc21e89d8fa0c45e82,2024-11-17T00:00:00Z,San Jose State Spartans,Boise State Broncos,2024-11-16T21:55:38Z,bovada,Matt Lauter,3.5,-130.0,100.0
2024,affc409979cf24fc21e89d8fa0c45e82,2024-11-17T00:00:00Z,San Jose State Spartans,Boise State Broncos,2024-11-16T21:55:38Z,bovada,Nick Nash,7.5,-115.0,-115.0
2024,0242db4d76ac4c0e8fa10d282293de4d,2024-11-17T00:30:00Z,Wisconsin Badgers,Oregon Ducks,2024-11-16T22:25:38Z,bovada,Evan Stewart,4.5,-115.0,-115.0
2024,0242db4d76ac4c0e8fa10d282293de4d,2024-11-17T00:30:00Z,Wisconsin Badgers,Oregon Ducks,2024-11-16T22:25:38Z,bovada,Riley Nowakowski,1.5,155.0,-210.0
2024,0242db4d76ac4c0e8fa10d282293de4d,2024-11-17T00:30:00Z,Wisconsin Badgers,Oregon Ducks,2024-11-16T22:25:38Z,bovada,Tawee Walker,1.5,115.0,-150.0
2024,0242db4d76ac4c0e8fa10d282293de4d,2024-11-17T00:30:00Z,Wisconsin Badgers,Oregon Ducks,2024-11-16T22:25:38Z,bovada,Terrance Ferguson,3.5,-105.0,-125.0
2024,0242db4d76ac4c0e8fa10d282293de4d,2024-11-17T00:30:00Z,Wisconsin Badgers,Oregon Ducks,2024-11-16T22:25:38Z,bovada,Will Pauling,3.5,-120.0,-110.0
2024,0242db4d76ac4c0e8fa10d282293de4d,2024-11-17T00:30:00Z,Wisconsin Badgers,Oregon Ducks,2024-11-16T22:25:38Z,fanduel,Terrance Ferguson,3.5,-146.0,112.0
2024,0242db4d76ac4c0e8fa10d282293de4d,2024-11-17T00:30:00Z,Wisconsin Badgers,Oregon Ducks,2024-11-16T22:25:38Z,fanduel,Traeshon Holden,3.5,-108.0,-120.0
2024,0242db4d76ac4c0e8fa10d282293de4d,2024-11-17T00:30:00Z,Wisconsin Badgers,Oregon Ducks,2024-11-16T22:25:38Z,fanduel,Evan Stewart,4.5,110.0,-144.0
2024,acb9264da1b2775146f7d71a03c451c4,2024-11-17T01:00:00Z,North Carolina Tar Heels,Wake Forest Demon Deacons,2024-11-16T22:55:38Z,bovada,Horatio Fields,3.5,-105.0,-125.0
2024,acb9264da1b2775146f7d71a03c451c4,2024-11-17T01:00:00Z,North Carolina Tar Heels,Wake Forest Demon Deacons,2024-11-16T22:55:38Z,bovada,Taylor Morin,4.5,110.0,-145.0
2024,0b25991a43488647618a3a19fe96950a,2024-11-17T02:30:00Z,New Mexico Lobos,Washington State Cougars,2024-11-17T00:25:38Z,bovada,Kris Hutson,4.5,-125.0,-105.0
2024,0b25991a43488647618a3a19fe96950a,2024-11-17T02:30:00Z,New Mexico Lobos,Washington State Cougars,2024-11-17T00:25:38Z,bovada,Kyle Williams,5.5,-105.0,-125.0
2024,d1be7b47dd0c78f72845aa26f25f5ae7,2024-11-17T03:15:00Z,BYU Cougars,Kansas Jayhawks,2024-11-17T01:10:38Z,fanduel,Lawrence Arnold,2.5,108.0,-140.0
2024,d1be7b47dd0c78f72845aa26f25f5ae7,2024-11-17T03:15:00Z,BYU Cougars,Kansas Jayhawks,2024-11-17T01:10:38Z,fanduel,Quentin Skinner,2.5,-156.0,120.0
2024,d1be7b47dd0c78f72845aa26f25f5ae7,2024-11-17T03:15:00Z,BYU Cougars,Kansas Jayhawks,2024-11-17T01:10:38Z,fanduel,Chase Roberts,4.5,126.0,-165.0
2024,d1be7b47dd0c78f72845aa26f25f5ae7,2024-11-17T03:15:00Z,BYU Cougars,Kansas Jayhawks,2024-11-17T01:10:38Z,fanduel,Darius Lassiter,4.5,-156.0,120.0
2024,d1be7b47dd0c78f72845aa26f25f5ae7,2024-11-17T03:15:00Z,BYU Cougars,Kansas Jayhawks,2024-11-17T01:10:38Z,fanduel,Luke Grimm,3.5,-128.0,-102.0
2024,d1be7b47dd0c78f72845aa26f25f5ae7,2024-11-17T03:15:00Z,BYU Cougars,Kansas Jayhawks,2024-11-17T01:10:38Z,bovada,Chase Roberts,4.5,115.0,-150.0
2024,d1be7b47dd0c78f72845aa26f25f5ae7,2024-11-17T03:15:00Z,BYU Cougars,Kansas Jayhawks,2024-11-17T01:10:38Z,bovada,Darius Lassiter,4.5,-165.0,125.0
2024,d1be7b47dd0c78f72845aa26f25f5ae7,2024-11-17T03:15:00Z,BYU Cougars,Kansas Jayhawks,2024-11-17T01:10:38Z,bovada,Lawrence Arnold,2.5,105.0,-135.0
2024,d1be7b47dd0c78f72845aa26f25f5ae7,2024-11-17T03:15:00Z,BYU Cougars,Kansas Jayhawks,2024-11-17T01:10:38Z,bovada,Luke Grimm,3.5,-115.0,-115.0
2024,d1be7b47dd0c78f72845aa26f25f5ae7,2024-11-17T03:15:00Z,BYU Cougars,Kansas Jayhawks,2024-11-17T01:10:38Z,bovada,Quentin Skinner,2.5,-160.0,120.0
2024,b5bb5807f325e45e30a869a2c7c41458,2024-11-20T00:00:00Z,Kent State Golden Flashes,Akron Zips,2024-11-19T21:55:39Z,fanduel,Adrian Norton,3.5,-160.0,122.0
2024,b5bb5807f325e45e30a869a2c7c41458,2024-11-20T00:00:00Z,Kent State Golden Flashes,Akron Zips,2024-11-19T21:55:39Z,fanduel,Bobby Golden,3.5,118.0,-154.0
2024,b5bb5807f325e45e30a869a2c7c41458,2024-11-20T00:00:00Z,Kent State Golden Flashes,Akron Zips,2024-11-19T21:55:39Z,fanduel,Chrishon McCray,3.5,-102.0,-128.0
2024,b5bb5807f325e45e30a869a2c7c41458,2024-11-20T00:00:00Z,Kent State Golden Flashes,Akron Zips,2024-11-19T21:55:39Z,fanduel,Luke Floriea,3.5,126.0,-165.0
2024,b5bb5807f325e45e30a869a2c7c41458,2024-11-20T00:00:00Z,Kent State Golden Flashes,Akron Zips,2024-11-19T21:55:39Z,bovada,Adrian Norton,4.5,130.0,-170.0
2024,b5bb5807f325e45e30a869a2c7c41458,2024-11-20T00:00:00Z,Kent State Golden Flashes,Akron Zips,2024-11-19T21:55:39Z,bovada,Chrishon McCray,3.5,-120.0,-110.0
2024,b5bb5807f325e45e30a869a2c7c41458,2024-11-20T00:00:00Z,Kent State Golden Flashes,Akron Zips,2024-11-19T21:55:39Z,bovada,Luke Floriea,3.5,120.0,-160.0
2024,f13508f1d7592ccb7370f2626ab1fd35,2024-11-20T00:30:00Z,Central Michigan Chippewas,Western Michigan Broncos,2024-11-19T22:25:38Z,fanduel,Kenneth Womack,4.5,122.0,-160.0
2024,f13508f1d7592ccb7370f2626ab1fd35,2024-11-20T00:30:00Z,Central Michigan Chippewas,Western Michigan Broncos,2024-11-19T22:25:38Z,bovada,Kenneth Womack,3.5,-165.0,125.0
2024,227328edd7df1dcbb204e8a87b104279,2024-11-21T00:00:00Z,Eastern Michigan Eagles,Buffalo Bulls,2024-11-20T21:55:39Z,fanduel,Terry Lockett Jr.,3.5,162.0,-215.0
2024,227328edd7df1dcbb204e8a87b104279,2024-11-21T00:00:00Z,Eastern Michigan Eagles,Buffalo Bulls,2024-11-20T21:55:39Z,fanduel,Oran Singleton,5.5,110.0,-144.0
2024,227328edd7df1dcbb204e8a87b104279,2024-11-21T00:00:00Z,Eastern Michigan Eagles,Buffalo Bulls,2024-11-20T21:55:39Z,fanduel,Victor Snow,4.5,142.0,-188.0
2024,32649b508b4c2da04f47e9437bcc0223,2024-11-21T00:00:00Z,Toledo Rockets,Ohio Bobcats,2024-11-20T21:55:39Z,fanduel,Coleman Owen,4.5,114.0,-148.0
2024,32649b508b4c2da04f47e9437bcc0223,2024-11-21T00:00:00Z,Toledo Rockets,Ohio Bobcats,2024-11-20T21:55:39Z,fanduel,Chase Hendricks,3.5,-114.0,-114.0
2024,32649b508b4c2da04f47e9437bcc0223,2024-11-21T00:00:00Z,Toledo Rockets,Ohio Bobcats,2024-11-20T21:55:39Z,fanduel,Junior Vandeross III,4.5,118.0,-154.0
2024,32649b508b4c2da04f47e9437bcc0223,2024-11-21T00:00:00Z,Toledo Rockets,Ohio Bobcats,2024-11-20T21:55:39Z,fanduel,Jerjuan Newton,3.5,-148.0,114.0
2024,0c8c3b302aa20424ea4f798a73aff81b,2024-11-22T00:30:00Z,Georgia Tech Yellow Jackets,NC State Wolfpack,2024-11-21T22:25:39Z,fanduel,Justin Joly,3.5,-114.0,-114.0
2024,0c8c3b302aa20424ea4f798a73aff81b,2024-11-22T00:30:00Z,Georgia Tech Yellow Jackets,NC State Wolfpack,2024-11-21T22:25:39Z,fanduel,Kevin Concepcion,4.5,112.0,-146.0
2024,1bdce3382f5109a87884f61b174fab5e,2024-11-23T01:00:00Z,Michigan State Spartans,Purdue Boilermakers,2024-11-22T22:55:39Z,fanduel,Jack Velling,3.5,122.0,-160.0
2024,1bdce3382f5109a87884f61b174fab5e,2024-11-23T01:00:00Z,Michigan State Spartans,Purdue Boilermakers,2024-11-22T22:55:39Z,fanduel,Max Klare,5.5,122.0,-160.0
2024,1bdce3382f5109a87884f61b174fab5e,2024-11-23T01:00:00Z,Michigan State Spartans,Purdue Boilermakers,2024-11-22T22:55:39Z,fanduel,Montorie Foster Jr.,4.5,108.0,-140.0
2024,1bdce3382f5109a87884f61b174fab5e,2024-11-23T01:00:00Z,Michigan State Spartans,Purdue Boilermakers,2024-11-22T22:55:39Z,fanduel,Nick Marsh,3.5,-164.0,125.0
2024,1bdce3382f5109a87884f61b174fab5e,2024-11-23T01:00:00Z,Michigan State Spartans,Purdue Boilermakers,2024-11-22T22:55:39Z,bovada,CJ Smith,2.5,135.0,-180.0
2024,1bdce3382f5109a87884f61b174fab5e,2024-11-23T01:00:00Z,Michigan State Spartans,Purdue Boilermakers,2024-11-22T22:55:39Z,bovada,Devin Mockobee,1.5,160.0,-215.0
2024,1bdce3382f5109a87884f61b174fab5e,2024-11-23T01:00:00Z,Michigan State Spartans,Purdue Boilermakers,2024-11-22T22:55:39Z,bovada,Jack Velling,3.5,125.0,-165.0
2024,1bdce3382f5109a87884f61b174fab5e,2024-11-23T01:00:00Z,Michigan State Spartans,Purdue Boilermakers,2024-11-22T22:55:39Z,bovada,Jahmal Edrine,2.5,100.0,-130.0
2024,1bdce3382f5109a87884f61b174fab5e,2024-11-23T01:00:00Z,Michigan State Spartans,Purdue Boilermakers,2024-11-22T22:55:39Z,bovada,Jaron Tibbs,1.5,-190.0,145.0
2024,1bdce3382f5109a87884f61b174fab5e,2024-11-23T01:00:00Z,Michigan State Spartans,Purdue Boilermakers,2024-11-22T22:55:39Z,bovada,Max Klare,4.5,-160.0,120.0
2024,1bdce3382f5109a87884f61b174fab5e,2024-11-23T01:00:00Z,Michigan State Spartans,Purdue Boilermakers,2024-11-22T22:55:39Z,bovada,Montorie Foster Jr.,4.5,115.0,-150.0
2024,1bdce3382f5109a87884f61b174fab5e,2024-11-23T01:00:00Z,Michigan State Spartans,Purdue Boilermakers,2024-11-22T22:55:39Z,bovada,Nick Marsh,3.5,-160.0,120.0
2024,65748b6f37593821c65204bd3d826a12,2024-11-23T03:00:00Z,San Jose State Spartans,UNLV Rebels,2024-11-23T00:55:39Z,fanduel,Ricky White III,6.5,-128.0,-102.0
2024,65748b6f37593821c65204bd3d826a12,2024-11-23T03:00:00Z,San Jose State Spartans,UNLV Rebels,2024-11-23T00:55:39Z,fanduel,Nick Nash,7.5,-128.0,-102.0
2024,65748b6f37593821c65204bd3d826a12,2024-11-23T03:00:00Z,San Jose State Spartans,UNLV Rebels,2024-11-23T00:55:39Z,bovada,Nick Nash,7.5,-105.0,-125.0
2024,65748b6f37593821c65204bd3d826a12,2024-11-23T03:00:00Z,San Jose State Spartans,UNLV Rebels,2024-11-23T00:55:39Z,bovada,Ricky White III,6.5,-115.0,-115.0
2024,31183109679db9f7ac07fcc63600f917,2024-11-23T17:00:00Z,Florida Gators,Ole Miss Rebels,2024-11-23T14:55:39Z,fanduel,Elijhah Badger,3.5,-114.0,-114.0
2024,31183109679db9f7ac07fcc63600f917,2024-11-23T17:00:00Z,Florida Gators,Ole Miss Rebels,2024-11-23T14:55:39Z,fanduel,Jordan Watkins,3.5,-114.0,-114.0
2024,31183109679db9f7ac07fcc63600f917,2024-11-23T17:00:00Z,Florida Gators,Ole Miss Rebels,2024-11-23T14:55:39Z,fanduel,Tre Harris,6.5,-114.0,-114.0
2024,31183109679db9f7ac07fcc63600f917,2024-11-23T17:00:00Z,Florida Gators,Ole Miss Rebels,2024-11-23T14:55:39Z,fanduel,Chimere Dike,3.5,-156.0,120.0
2024,31183109679db9f7ac07fcc63600f917,2024-11-23T17:00:00Z,Florida Gators,Ole Miss Rebels,2024-11-23T14:55:39Z,bovada,Chimere Dike,3.5,-145.0,110.0
2024,31183109679db9f7ac07fcc63600f917,2024-11-23T17:00:00Z,Florida Gators,Ole Miss Rebels,2024-11-23T14:55:39Z,bovada,Dae'Quan Wright,2.5,-115.0,-115.0
2024,31183109679db9f7ac07fcc63600f917,2024-11-23T17:00:00Z,Florida Gators,Ole Miss Rebels,2024-11-23T14:55:39Z,bovada,Elijhah Badger,3.5,-115.0,-115.0
2024,31183109679db9f7ac07fcc63600f917,2024-11-23T17:00:00Z,Florida Gators,Ole Miss Rebels,2024-11-23T14:55:39Z,bovada,Jordan Watkins,3.5,105.0,-135.0
2024,31183109679db9f7ac07fcc63600f917,2024-11-23T17:00:00Z,Florida Gators,Ole Miss Rebels,2024-11-23T14:55:39Z,bovada,Tre Harris,6.5,110.0,-145.0
2024,576739dc5b91f00500b5238eb6a49c2b,2024-11-23T17:00:00Z,Rutgers Scarlet Knights,Illinois Fighting Illini,2024-11-23T14:55:39Z,bovada,Dymere Miller,5.5,120.0,-160.0
2024,576739dc5b91f00500b5238eb6a49c2b,2024-11-23T17:00:00Z,Rutgers Scarlet Knights,Illinois Fighting Illini,2024-11-23T14:55:39Z,bovada,Ian Strong,3.5,-165.0,125.0
2024,576739dc5b91f00500b5238eb6a49c2b,2024-11-23T17:00:00Z,Rutgers Scarlet Knights,Illinois Fighting Illini,2024-11-23T14:55:39Z,bovada,Josh McCray,1.5,140.0,-185.0
2024,576739dc5b91f00500b5238eb6a49c2b,2024-11-23T17:00:00Z,Rutgers Scarlet Knights,Illinois Fighting Illini,2024-11-23T14:55:39Z,bovada,KJ Duff,2.5,100.0,-130.0
2024,576739dc5b91f00500b5238eb6a49c2b,2024-11-23T17:00:00Z,Rutgers Scarlet Knights,Illinois Fighting Illini,2024-11-23T14:55:39Z,bovada,Kyle Monangai,1.5,140.0,-185.0
2024,576739dc5b91f00500b5238eb6a49c2b,2024-11-23T17:00:00Z,Rutgers Scarlet Knights,Illinois Fighting Illini,2024-11-23T14:55:39Z,bovada,Pat Bryant,4.5,-115.0,-115.0
2024,576739dc5b91f00500b5238eb6a49c2b,2024-11-23T17:00:00Z,Rutgers Scarlet Knights,Illinois Fighting Illini,2024-11-23T14:55:39Z,bovada,Zakhari Franklin,5.5,120.0,-160.0
2024,a52122e33aa8168d2bc17f49266ffcc3,2024-11-23T17:00:00Z,Ohio State Buckeyes,Indiana Hoosiers,2024-11-23T14:55:39Z,fanduel,Emeka Egbuka,4.5,116.0,-152.0
2024,a52122e33aa8168d2bc17f49266ffcc3,2024-11-23T17:00:00Z,Ohio State Buckeyes,Indiana Hoosiers,2024-11-23T14:55:39Z,fanduel,Myles Price,2.5,100.0,-130.0
2024,a52122e33aa8168d2bc17f49266ffcc3,2024-11-23T17:00:00Z,Ohio State Buckeyes,Indiana Hoosiers,2024-11-23T14:55:39Z,fanduel,Ke'Shawn Williams,2.5,136.0,-178.0
2024,a52122e33aa8168d2bc17f49266ffcc3,2024-11-23T17:00:00Z,Ohio State Buckeyes,Indiana Hoosiers,2024-11-23T14:55:39Z,fanduel,Jeremiah Smith,4.5,-128.0,-102.0
2024,a52122e33aa8168d2bc17f49266ffcc3,2024-11-23T17:00:00Z,Ohio State Buckeyes,Indiana Hoosiers,2024-11-23T14:55:39Z,fanduel,Carnell Tate,3.5,-128.0,-102.0
2024,a52122e33aa8168d2bc17f49266ffcc3,2024-11-23T17:00:00Z,Ohio State Buckeyes,Indiana Hoosiers,2024-11-23T14:55:39Z,fanduel,Omar Cooper Jr.,1.5,-148.0,114.0
2024,a52122e33aa8168d2bc17f49266ffcc3,2024-11-23T17:00:00Z,Ohio State Buckeyes,Indiana Hoosiers,2024-11-23T14:55:39Z,fanduel,Elijah Sarratt,3.5,-108.0,-120.0
2024,a52122e33aa8168d2bc17f49266ffcc3,2024-11-23T17:00:00Z,Ohio State Buckeyes,Indiana Hoosiers,2024-11-23T14:55:39Z,fanduel,Quinshon Judkins,1.5,112.0,-146.0
2024,a52122e33aa8168d2bc17f49266ffcc3,2024-11-23T17:00:00Z,Ohio State Buckeyes,Indiana Hoosiers,2024-11-23T14:55:39Z,bovada,Carnell Tate,3.5,-120.0,-110.0
2024,a52122e33aa8168d2bc17f49266ffcc3,2024-11-23T17:00:00Z,Ohio State Buckeyes,Indiana Hoosiers,2024-11-23T14:55:39Z,bovada,Elijah Sarratt,3.5,-130.0,100.0
2024,a52122e33aa8168d2bc17f49266ffcc3,2024-11-23T17:00:00Z,Ohio State Buckeyes,Indiana Hoosiers,2024-11-23T14:55:39Z,bovada,Emeka Egbuka,4.5,110.0,-145.0
2024,a52122e33aa8168d2bc17f49266ffcc3,2024-11-23T17:00:00Z,Ohio State Buckeyes,Indiana Hoosiers,2024-11-23T14:55:39Z,bovada,Jeremiah Smith,4.5,-150.0,115.0
2024,a52122e33aa8168d2bc17f49266ffcc3,2024-11-23T17:00:00Z,Ohio State Buckeyes,Indiana Hoosiers,2024-11-23T14:55:39Z,bovada,Ke'Shawn Williams,2.5,125.0,-165.0
2024,a52122e33aa8168d2bc17f49266ffcc3,2024-11-23T17:00:00Z,Ohio State Buckeyes,Indiana Hoosiers,2024-11-23T14:55:39Z,bovada,Myles Price,2.5,100.0,-130.0
2024,a52122e33aa8168d2bc17f49266ffcc3,2024-11-23T17:00:00Z,Ohio State Buckeyes,Indiana Hoosiers,2024-11-23T14:55:39Z,bovada,Omar Cooper Jr.,1.5,-170.0,130.0
2024,b7a8eae6466eb3bbdfecf460de9dc0a9,2024-11-23T17:00:00Z,Maryland Terrapins,Iowa Hawkeyes,2024-11-23T14:55:39Z,bovada,Kaden Prather,3.5,-135.0,105.0
2024,b7a8eae6466eb3bbdfecf460de9dc0a9,2024-11-23T17:00:00Z,Maryland Terrapins,Iowa Hawkeyes,2024-11-23T14:55:39Z,bovada,Octavian Smith Jr.,2.5,-135.0,105.0
2024,b7a8eae6466eb3bbdfecf460de9dc0a9,2024-11-23T17:00:00Z,Maryland Terrapins,Iowa Hawkeyes,2024-11-23T14:55:39Z,bovada,Tai Felton,7.5,120.0,-160.0
2024,79b076939a7acc279b14fd10d382f5ff,2024-11-23T17:00:00Z,Miami Hurricanes,Wake Forest Demon Deacons,2024-11-23T14:55:39Z,fanduel,Xavier Restrepo,6.5,-102.0,-128.0
2024,79b076939a7acc279b14fd10d382f5ff,2024-11-23T17:00:00Z,Miami Hurricanes,Wake Forest Demon Deacons,2024-11-23T14:55:39Z,fanduel,Isaiah Horton,4.5,-135.0,104.0
2024,79b076939a7acc279b14fd10d382f5ff,2024-11-23T17:00:00Z,Miami Hurricanes,Wake Forest Demon Deacons,2024-11-23T14:55:39Z,bovada,Isaiah Horton,4.5,-105.0,-125.0
2024,79b076939a7acc279b14fd10d382f5ff,2024-11-23T17:00:00Z,Miami Hurricanes,Wake Forest Demon Deacons,2024-11-23T14:55:39Z,bovada,Xavier Restrepo,6.5,-110.0,-120.0
2024,538a65a20fa09db446b3bfc3dec0188e,2024-11-23T17:00:00Z,Virginia Cavaliers,SMU Mustangs,2024-11-23T14:55:39Z,fanduel,Jordan Hudson,2.5,-168.0,128.0
2024,538a65a20fa09db446b3bfc3dec0188e,2024-11-23T17:00:00Z,Virginia Cavaliers,SMU Mustangs,2024-11-23T14:55:39Z,fanduel,Key'Shawn Smith,3.5,-114.0,-114.0
2024,538a65a20fa09db446b3bfc3dec0188e,2024-11-23T17:00:00Z,Virginia Cavaliers,SMU Mustangs,2024-11-23T14:55:39Z,fanduel,Malachi Fields,3.5,-138.0,106.0
2024,538a65a20fa09db446b3bfc3dec0188e,2024-11-23T17:00:00Z,Virginia Cavaliers,SMU Mustangs,2024-11-23T14:55:39Z,bovada,Key'Shawn Smith,3.5,-125.0,-105.0
2024,538a65a20fa09db446b3bfc3dec0188e,2024-11-23T17:00:00Z,Virginia Cavaliers,SMU Mustangs,2024-11-23T14:55:39Z,bovada,Malachi Fields,4.5,100.0,-130.0
2024,e9c017a9c2ce9d14e48fcdca52ce1a00,2024-11-23T17:00:00Z,Syracuse Orange,UConn Huskies,2024-11-23T14:55:39Z,fanduel,Jackson Meeks,5.5,108.0,-140.0
2024,e9c017a9c2ce9d14e48fcdca52ce1a00,2024-11-23T17:00:00Z,Syracuse Orange,UConn Huskies,2024-11-23T14:55:39Z,fanduel,Trebor Pena,6.5,-102.0,-128.0
2024,e9c017a9c2ce9d14e48fcdca52ce1a00,2024-11-23T17:00:00Z,Syracuse Orange,UConn Huskies,2024-11-23T14:55:39Z,fanduel,Oronde Gadsden II,4.5,-120.0,-108.0
2024,e9c017a9c2ce9d14e48fcdca52ce1a00,2024-11-23T17:00:00Z,Syracuse Orange,UConn Huskies,2024-11-23T14:55:39Z,bovada,Jackson Meeks,4.5,-160.0,120.0
2024,e9c017a9c2ce9d14e48fcdca52ce1a00,2024-11-23T17:00:00Z,Syracuse Orange,UConn Huskies,2024-11-23T14:55:39Z,bovada,Oronde Gadsden II,4.5,-125.0,-105.0
2024,e9c017a9c2ce9d14e48fcdca52ce1a00,2024-11-23T17:00:00Z,Syracuse Orange,UConn Huskies,2024-11-23T14:55:39Z,bovada,Trebor Pena,5.5,-130.0,100.0
2024,88baf2a79404080b764331ff7e07aee4,2024-11-23T20:00:00Z,TCU Horned Frogs,Arizona Wildcats,2024-11-23T17:55:38Z,bovada,Jack Bech,5.5,-105.0,-125.0
2024,88baf2a79404080b764331ff7e07aee4,2024-11-23T20:00:00Z,TCU Horned Frogs,Arizona Wildcats,2024-11-23T17:55:38Z,bovada,Quali Conley,2.5,-115.0,-115.0
2024,88baf2a79404080b764331ff7e07aee4,2024-11-23T20:00:00Z,TCU Horned Frogs,Arizona Wildcats,2024-11-23T17:55:38Z,bovada,Sam Olson,2.5,150.0,-200.0
2024,88baf2a79404080b764331ff7e07aee4,2024-11-23T20:00:00Z,TCU Horned Frogs,Arizona Wildcats,2024-11-23T17:55:38Z,bovada,Savion Williams,5.5,120.0,-160.0
2024,88baf2a79404080b764331ff7e07aee4,2024-11-23T20:00:00Z,TCU Horned Frogs,Arizona Wildcats,2024-11-23T17:55:38Z,bovada,Tetairoa McMillan,6.5,-125.0,-105.0
2024,27740f23daf53a69646379b22c14832a,2024-11-23T20:30:00Z,Arizona State Sun Devils,BYU Cougars,2024-11-23T18:25:38Z,fanduel,Chase Roberts,3.5,-132.0,102.0
2024,27740f23daf53a69646379b22c14832a,2024-11-23T20:30:00Z,Arizona State Sun Devils,BYU Cougars,2024-11-23T18:25:38Z,fanduel,Cam Skattebo,3.5,-128.0,-102.0
2024,27740f23daf53a69646379b22c14832a,2024-11-23T20:30:00Z,Arizona State Sun Devils,BYU Cougars,2024-11-23T18:25:38Z,fanduel,Darius Lassiter,3.5,-104.0,-125.0
2024,27740f23daf53a69646379b22c14832a,2024-11-23T20:30:00Z,Arizona State Sun Devils,BYU Cougars,2024-11-23T18:25:38Z,fanduel,Jordyn Tyson,6.5,-120.0,-108.0
2024,27740f23daf53a69646379b22c14832a,2024-11-23T20:30:00Z,Arizona State Sun Devils,BYU Cougars,2024-11-23T18:25:38Z,bovada,Cam Skattebo,3.5,-130.0,100.0
2024,27740f23daf53a69646379b22c14832a,2024-11-23T20:30:00Z,Arizona State Sun Devils,BYU Cougars,2024-11-23T18:25:38Z,bovada,Chase Roberts,4.5,-110.0,-120.0
2024,27740f23daf53a69646379b22c14832a,2024-11-23T20:30:00Z,Arizona State Sun Devils,BYU Cougars,2024-11-23T18:25:38Z,bovada,Darius Lassiter,3.5,-135.0,105.0
2024,27740f23daf53a69646379b22c14832a,2024-11-23T20:30:00Z,Arizona State Sun Devils,BYU Cougars,2024-11-23T18:25:38Z,bovada,Jordyn Tyson,6.5,-105.0,-125.0
2024,c135605d16dcc7b162a822fad6d43461,2024-11-23T20:30:00Z,Kansas Jayhawks,Colorado Buffaloes,2024-11-23T18:25:38Z,fanduel,Devin Neal,2.5,108.0,-140.0
2024,c135605d16dcc7b162a822fad6d43461,2024-11-23T20:30:00Z,Kansas Jayhawks,Colorado Buffaloes,2024-11-23T18:25:38Z,fanduel,Luke Grimm,4.5,136.0,-178.0
2024,c135605d16dcc7b162a822fad6d43461,2024-11-23T20:30:00Z,Kansas Jayhawks,Colorado Buffaloes,2024-11-23T18:25:38Z,fanduel,Travis Hunter,7.5,-108.0,-120.0
2024,c135605d16dcc7b162a822fad6d43461,2024-11-23T20:30:00Z,Kansas Jayhawks,Colorado Buffaloes,2024-11-23T18:25:38Z,fanduel,LaJohntay Wester,5.5,-114.0,-114.0
2024,c135605d16dcc7b162a822fad6d43461,2024-11-23T20:30:00Z,Kansas Jayhawks,Colorado Buffaloes,2024-11-23T18:25:38Z,fanduel,Quentin Skinner,2.5,-114.0,-114.0
2024,c135605d16dcc7b162a822fad6d43461,2024-11-23T20:30:00Z,Kansas Jayhawks,Colorado Buffaloes,2024-11-23T18:25:38Z,fanduel,Will Sheppard,4.5,-128.0,-102.0
2024,c135605d16dcc7b162a822fad6d43461,2024-11-23T20:30:00Z,Kansas Jayhawks,Colorado Buffaloes,2024-11-23T18:25:38Z,bovada,Devin Neal,2.5,-110.0,-120.0
2024,c135605d16dcc7b162a822fad6d43461,2024-11-23T20:30:00Z,Kansas Jayhawks,Colorado Buffaloes,2024-11-23T18:25:38Z,bovada,LaJohntay Wester,5.5,-120.0,-110.0
2024,c135605d16dcc7b162a822fad6d43461,2024-11-23T20:30:00Z,Kansas Jayhawks,Colorado Buffaloes,2024-11-23T18:25:38Z,bovada,Luke Grimm,3.5,-160.0,120.0
2024,c135605d16dcc7b162a822fad6d43461,2024-11-23T20:30:00Z,Kansas Jayhawks,Colorado Buffaloes,2024-11-23T18:25:38Z,bovada,Quentin Skinner,2.5,-115.0,-115.0
2024,c135605d16dcc7b162a822fad6d43461,2024-11-23T20:30:00Z,Kansas Jayhawks,Colorado Buffaloes,2024-11-23T18:25:38Z,bovada,Travis Hunter,7.5,-115.0,-115.0
2024,c135605d16dcc7b162a822fad6d43461,2024-11-23T20:30:00Z,Kansas Jayhawks,Colorado Buffaloes,2024-11-23T18:25:38Z,bovada,Will Sheppard,4.5,-160.0,120.0
2024,b2722db5505934918296b34854f6979b,2024-11-23T20:30:00Z,Texas Longhorns,Kentucky Wildcats,2024-11-23T18:25:38Z,fanduel,Isaiah Bond,3.5,-140.0,108.0
2024,b2722db5505934918296b34854f6979b,2024-11-23T20:30:00Z,Texas Longhorns,Kentucky Wildcats,2024-11-23T18:25:38Z,fanduel,Gunnar Helm,4.5,116.0,-152.0
2024,b2722db5505934918296b34854f6979b,2024-11-23T20:30:00Z,Texas Longhorns,Kentucky Wildcats,2024-11-23T18:25:38Z,fanduel,Matthew Golden,2.5,-138.0,106.0
2024,b2722db5505934918296b34854f6979b,2024-11-23T20:30:00Z,Texas Longhorns,Kentucky Wildcats,2024-11-23T18:25:38Z,fanduel,Dane Key,3.5,-114.0,-114.0
2024,b2722db5505934918296b34854f6979b,2024-11-23T20:30:00Z,Texas Longhorns,Kentucky Wildcats,2024-11-23T18:25:38Z,bovada,Barion Brown,2.5,125.0,-165.0
2024,b2722db5505934918296b34854f6979b,2024-11-23T20:30:00Z,Texas Longhorns,Kentucky Wildcats,2024-11-23T18:25:38Z,bovada,Dane Key,3.5,105.0,-135.0
2024,b2722db5505934918296b34854f6979b,2024-11-23T20:30:00Z,Texas Longhorns,Kentucky Wildcats,2024-11-23T18:25:38Z,bovada,Gunnar Helm,4.5,125.0,-165.0
2024,b2722db5505934918296b34854f6979b,2024-11-23T20:30:00Z,Texas Longhorns,Kentucky Wildcats,2024-11-23T18:25:38Z,bovada,Isaiah Bond,3.5,-150.0,115.0
2024,b2722db5505934918296b34854f6979b,2024-11-23T20:30:00Z,Texas Longhorns,Kentucky Wildcats,2024-11-23T18:25:38Z,bovada,Matthew Golden,2.5,-130.0,100.0
2024,5f8c812f7005f60849b5968113ef5603,2024-11-23T20:30:00Z,Michigan Wolverines,Northwestern Wildcats,2024-11-23T18:25:38Z,fanduel,Colston Loveland,5.5,-102.0,-128.0
2024,5f8c812f7005f60849b5968113ef5603,2024-11-23T20:30:00Z,Michigan Wolverines,Northwestern Wildcats,2024-11-23T18:25:38Z,fanduel,A.J. Henning,3.5,-120.0,-108.0
2024,5f8c812f7005f60849b5968113ef5603,2024-11-23T20:30:00Z,Michigan Wolverines,Northwestern Wildcats,2024-11-23T18:25:38Z,fanduel,Bryce Kirtz,3.5,-102.0,-128.0
2024,5f8c812f7005f60849b5968113ef5603,2024-11-23T20:30:00Z,Michigan Wolverines,Northwestern Wildcats,2024-11-23T18:25:38Z,bovada,A.J. Henning,3.5,-115.0,-115.0
2024,5f8c812f7005f60849b5968113ef5603,2024-11-23T20:30:00Z,Michigan Wolverines,Northwestern Wildcats,2024-11-23T18:25:38Z,bovada,Bryce Kirtz,3.5,-130.0,100.0
2024,5f8c812f7005f60849b5968113ef5603,2024-11-23T20:30:00Z,Michigan Wolverines,Northwestern Wildcats,2024-11-23T18:25:38Z,bovada,Cam Porter,1.5,-170.0,130.0
2024,5f8c812f7005f60849b5968113ef5603,2024-11-23T20:30:00Z,Michigan Wolverines,Northwestern Wildcats,2024-11-23T18:25:38Z,bovada,Colston Loveland,5.5,-105.0,-125.0
2024,5f8c812f7005f60849b5968113ef5603,2024-11-23T20:30:00Z,Michigan Wolverines,Northwestern Wildcats,2024-11-23T18:25:38Z,bovada,Donovan Edwards,1.5,150.0,-200.0
2024,5f8c812f7005f60849b5968113ef5603,2024-11-23T20:30:00Z,Michigan Wolverines,Northwestern Wildcats,2024-11-23T18:25:38Z,bovada,Thomas Gordon,1.5,120.0,-160.0
2024,5f8c812f7005f60849b5968113ef5603,2024-11-23T20:30:00Z,Michigan Wolverines,Northwestern Wildcats,2024-11-23T18:25:38Z,bovada,Tyler Morris,2.5,-110.0,-120.0
2024,3cb2fe112f272a2ff5f5dea18a2d2a43,2024-11-23T20:30:00Z,Minnesota Golden Gophers,Penn State Nittany Lions,2024-11-23T18:25:38Z,fanduel,Daniel Jackson,5.5,-128.0,-102.0
2024,3cb2fe112f272a2ff5f5dea18a2d2a43,2024-11-23T20:30:00Z,Minnesota Golden Gophers,Penn State Nittany Lions,2024-11-23T18:25:38Z,fanduel,Harrison Wallace III,2.5,-128.0,-102.0
2024,3cb2fe112f272a2ff5f5dea18a2d2a43,2024-11-23T20:30:00Z,Minnesota Golden Gophers,Penn State Nittany Lions,2024-11-23T18:25:38Z,fanduel,Elijah Spencer,3.5,-108.0,-120.0
2024,3cb2fe112f272a2ff5f5dea18a2d2a43,2024-11-23T20:30:00Z,Minnesota Golden Gophers,Penn State Nittany Lions,2024-11-23T18:25:38Z,fanduel,Tyler Warren,5.5,-146.0,112.0
2024,3cb2fe112f272a2ff5f5dea18a2d2a43,2024-11-23T20:30:00Z,Minnesota Golden Gophers,Penn State Nittany Lions,2024-11-23T18:25:38Z,fanduel,Darius Taylor,4.5,136.0,-178.0
2024,3cb2fe112f272a2ff5f5dea18a2d2a43,2024-11-23T20:30:00Z,Minnesota Golden Gophers,Penn State Nittany Lions,2024-11-23T18:25:38Z,bovada,Daniel Jackson,5.5,-125.0,-105.0
2024,3cb2fe112f272a2ff5f5dea18a2d2a43,2024-11-23T20:30:00Z,Minnesota Golden Gophers,Penn State Nittany Lions,2024-11-23T18:25:38Z,bovada,Darius Taylor,4.5,115.0,-150.0
2024,3cb2fe112f272a2ff5f5dea18a2d2a43,2024-11-23T20:30:00Z,Minnesota Golden Gophers,Penn State Nittany Lions,2024-11-23T18:25:38Z,bovada,Harrison Wallace III,2.5,-165.0,125.0
2024,3cb2fe112f272a2ff5f5dea18a2d2a43,2024-11-23T20:30:00Z,Minnesota Golden Gophers,Penn State Nittany Lions,2024-11-23T18:25:38Z,bovada,Nicholas Singleton,2.5,-135.0,105.0
2024,3cb2fe112f272a2ff5f5dea18a2d2a43,2024-11-23T20:30:00Z,Minnesota Golden Gophers,Penn State Nittany Lions,2024-11-23T18:25:38Z,bovada,Tyler Warren,5.5,-150.0,115.0
2024,f8e73e633a113e26c493cedc557dd6f4,2024-11-23T20:30:00Z,Nebraska Cornhuskers,Wisconsin Badgers,2024-11-23T18:25:38Z,bovada,Jacory Barney Jr.,3.5,105.0,-135.0
2024,f8e73e633a113e26c493cedc557dd6f4,2024-11-23T20:30:00Z,Nebraska Cornhuskers,Wisconsin Badgers,2024-11-23T18:25:38Z,bovada,Bryson Green,1.5,-180.0,135.0
2024,f8e73e633a113e26c493cedc557dd6f4,2024-11-23T20:30:00Z,Nebraska Cornhuskers,Wisconsin Badgers,2024-11-23T18:25:38Z,bovada,Dante Dowdell,1.5,170.0,-230.0
2024,f8e73e633a113e26c493cedc557dd6f4,2024-11-23T20:30:00Z,Nebraska Cornhuskers,Wisconsin Badgers,2024-11-23T18:25:38Z,bovada,Isaiah Neyor,2.5,-145.0,110.0
2024,f8e73e633a113e26c493cedc557dd6f4,2024-11-23T20:30:00Z,Nebraska Cornhuskers,Wisconsin Badgers,2024-11-23T18:25:38Z,bovada,Jahmal Banks,2.5,-135.0,105.0
2024,f8e73e633a113e26c493cedc557dd6f4,2024-11-23T20:30:00Z,Nebraska Cornhuskers,Wisconsin Badgers,2024-11-23T18:25:38Z,bovada,Riley Nowakowski,1.5,115.0,-150.0
2024,f8e73e633a113e26c493cedc557dd6f4,2024-11-23T20:30:00Z,Nebraska Cornhuskers,Wisconsin Badgers,2024-11-23T18:25:38Z,bovada,Tawee Walker,1.5,150.0,-200.0
2024,f8e73e633a113e26c493cedc557dd6f4,2024-11-23T20:30:00Z,Nebraska Cornhuskers,Wisconsin Badgers,2024-11-23T18:25:38Z,bovada,Thomas Fidone II,2.5,-160.0,120.0
2024,f8e73e633a113e26c493cedc557dd6f4,2024-11-23T20:30:00Z,Nebraska Cornhuskers,Wisconsin Badgers,2024-11-23T18:25:38Z,bovada,Tucker Ashcraft,1.5,-105.0,-125.0
2024,f8e73e633a113e26c493cedc557dd6f4,2024-11-23T20:30:00Z,Nebraska Cornhuskers,Wisconsin Badgers,2024-11-23T18:25:38Z,bovada,Vinny Anthony II,3.5,-115.0,-115.0
2024,f8e73e633a113e26c493cedc557dd6f4,2024-11-23T20:30:00Z,Nebraska Cornhuskers,Wisconsin Badgers,2024-11-23T18:25:38Z,bovada,Will Pauling,4.5,105.0,-135.0
2024,b9def8e60b8c4387bf18e2a94c976b9b,2024-11-23T20:30:00Z,Oklahoma State Cowboys,Texas Tech Red Raiders,2024-11-23T18:25:38Z,bovada,Brennan Presley,7.5,-120.0,-110.0
2024,b9def8e60b8c4387bf18e2a94c976b9b,2024-11-23T20:30:00Z,Oklahoma State Cowboys,Texas Tech Red Raiders,2024-11-23T18:25:38Z,bovada,Caleb Douglas,5.5,120.0,-160.0
2024,b9def8e60b8c4387bf18e2a94c976b9b,2024-11-23T20:30:00Z,Oklahoma State Cowboys,Texas Tech Red Raiders,2024-11-23T18:25:38Z,bovada,Coy Eakin,3.5,-125.0,-105.0
2024,b9def8e60b8c4387bf18e2a94c976b9b,2024-11-23T20:30:00Z,Oklahoma State Cowboys,Texas Tech Red Raiders,2024-11-23T18:25:38Z,bovada,De'Zhaun Stribling,4.5,-145.0,110.0
2024,b9def8e60b8c4387bf18e2a94c976b9b,2024-11-23T20:30:00Z,Oklahoma State Cowboys,Texas Tech Red Raiders,2024-11-23T18:25:38Z,bovada,Josh Kelly,7.5,-115.0,-115.0
2024,b9def8e60b8c4387bf18e2a94c976b9b,2024-11-23T20:30:00Z,Oklahoma State Cowboys,Texas Tech Red Raiders,2024-11-23T18:25:38Z,bovada,Ollie Gordon II,2.5,125.0,-165.0
2024,b9def8e60b8c4387bf18e2a94c976b9b,2024-11-23T20:30:00Z,Oklahoma State Cowboys,Texas Tech Red Raiders,2024-11-23T18:25:38Z,bovada,Tahj Brooks,2.5,-115.0,-115.0
2024,559f5d3d9acfdabb1e8816a3ec5ce36a,2024-11-23T20:30:00Z,West Virginia Mountaineers,UCF Knights,2024-11-23T18:25:38Z,bovada,Hudson Clement,3.5,-115.0,-115.0
2024,559f5d3d9acfdabb1e8816a3ec5ce36a,2024-11-23T20:30:00Z,West Virginia Mountaineers,UCF Knights,2024-11-23T18:25:38Z,bovada,Kole Taylor,3.5,-165.0,125.0
2024,559f5d3d9acfdabb1e8816a3ec5ce36a,2024-11-23T20:30:00Z,West Virginia Mountaineers,UCF Knights,2024-11-23T18:25:38Z,bovada,RJ Harvey,1.5,-160.0,120.0
2024,42454324d4778650c9b107395cf99858,2024-11-23T21:00:00Z,Louisville Cardinals,Pittsburgh Panthers,2024-11-23T18:55:38Z,bovada,Konata Mumpfield,4.5,100.0,-130.0
2024,9509ca629e6a241dd7d0100af0ac19ef,2024-11-23T21:15:00Z,Mississippi State Bulldogs,Missouri Tigers,2024-11-23T19:10:38Z,bovada,Kevin Coleman,5.5,-115.0,-115.0
2024,9509ca629e6a241dd7d0100af0ac19ef,2024-11-23T21:15:00Z,Mississippi State Bulldogs,Missouri Tigers,2024-11-23T19:10:38Z,bovada,Luther Burden III,5.5,100.0,-130.0
2024,9509ca629e6a241dd7d0100af0ac19ef,2024-11-23T21:15:00Z,Mississippi State Bulldogs,Missouri Tigers,2024-11-23T19:10:38Z,bovada,Seydou Traore,2.5,-160.0,120.0
2024,9509ca629e6a241dd7d0100af0ac19ef,2024-11-23T21:15:00Z,Mississippi State Bulldogs,Missouri Tigers,2024-11-23T19:10:38Z,bovada,Theo Wease Jr.,4.5,-115.0,-115.0
2024,aff6740543af073f3733126ee436fdc6,2024-11-24T00:00:00Z,Notre Dame Fighting Irish,Army Black Knights,2024-11-23T21:55:38Z,fanduel,Jaden Greathouse,2.5,112.0,-146.0
2024,aff6740543af073f3733126ee436fdc6,2024-11-24T00:00:00Z,Notre Dame Fighting Irish,Army Black Knights,2024-11-23T21:55:38Z,fanduel,Jordan Faison,2.5,-168.0,128.0
2024,aff6740543af073f3733126ee436fdc6,2024-11-24T00:00:00Z,Notre Dame Fighting Irish,Army Black Knights,2024-11-23T21:55:38Z,fanduel,Beaux Collins,2.5,-156.0,120.0
2024,aff6740543af073f3733126ee436fdc6,2024-11-24T00:00:00Z,Notre Dame Fighting Irish,Army Black Knights,2024-11-23T21:55:38Z,fanduel,Mitchell Evans,2.5,108.0,-140.0
2024,aff6740543af073f3733126ee436fdc6,2024-11-24T00:00:00Z,Notre Dame Fighting Irish,Army Black Knights,2024-11-23T21:55:38Z,bovada,Beaux Collins,2.5,-145.0,110.0
2024,aff6740543af073f3733126ee436fdc6,2024-11-24T00:00:00Z,Notre Dame Fighting Irish,Army Black Knights,2024-11-23T21:55:38Z,bovada,Jaden Greathouse,2.5,-115.0,-115.0
2024,c4acfc61d5c36d82164e235e6c12bb08,2024-11-24T00:00:00Z,Houston Cougars,Baylor Bears,2024-11-23T21:55:38Z,bovada,Josh Cameron,4.5,120.0,-160.0
2024,3372126468899d84d3d9f2824f9560a2,2024-11-24T00:00:00Z,Wyoming Cowboys,Boise State Broncos,2024-11-23T21:55:38Z,fanduel,Ashton Jeanty,1.5,-132.0,102.0
2024,3372126468899d84d3d9f2824f9560a2,2024-11-24T00:00:00Z,Wyoming Cowboys,Boise State Broncos,2024-11-23T21:55:38Z,bovada,Ashton Jeanty,1.5,-135.0,105.0
2024,3372126468899d84d3d9f2824f9560a2,2024-11-24T00:00:00Z,Wyoming Cowboys,Boise State Broncos,2024-11-23T21:55:38Z,bovada,Matt Lauter,3.5,110.0,-145.0
2024,f35d99ab1654d4da80b26086a2eca73c,2024-11-24T00:00:00Z,Oregon State Beavers,Washington State Cougars,2024-11-23T21:55:38Z,bovada,Carlos Hernandez,3.5,-145.0,110.0
2024,f35d99ab1654d4da80b26086a2eca73c,2024-11-24T00:00:00Z,Oregon State Beavers,Washington State Cougars,2024-11-23T21:55:38Z,bovada,Kyle Williams,5.5,-105.0,-125.0
2024,b979bc22f567cba7136c9e36c69be753,2024-11-24T00:30:00Z,Oklahoma Sooners,Alabama Crimson Tide,2024-11-23T22:25:38Z,fanduel,Bauer Sharp,3.5,-120.0,-108.0
2024,b979bc22f567cba7136c9e36c69be753,2024-11-24T00:30:00Z,Oklahoma Sooners,Alabama Crimson Tide,2024-11-23T22:25:38Z,fanduel,Germie Bernard,3.5,-156.0,120.0
2024,b979bc22f567cba7136c9e36c69be753,2024-11-24T00:30:00Z,Oklahoma Sooners,Alabama Crimson Tide,2024-11-23T22:25:38Z,fanduel,Ryan Williams,3.5,-146.0,112.0
2024,b979bc22f567cba7136c9e36c69be753,2024-11-24T00:30:00Z,Oklahoma Sooners,Alabama Crimson Tide,2024-11-23T22:25:38Z,bovada,Bauer Sharp,3.5,-150.0,115.0
2024,b979bc22f567cba7136c9e36c69be753,2024-11-24T00:30:00Z,Oklahoma Sooners,Alabama Crimson Tide,2024-11-23T22:25:38Z,bovada,Brenen Thompson,2.5,-120.0,-110.0
2024,b979bc22f567cba7136c9e36c69be753,2024-11-24T00:30:00Z,Oklahoma Sooners,Alabama Crimson Tide,2024-11-23T22:25:38Z,bovada,CJ Dippre,2.5,140.0,-185.0
2024,b979bc22f567cba7136c9e36c69be753,2024-11-24T00:30:00Z,Oklahoma Sooners,Alabama Crimson Tide,2024-11-23T22:25:38Z,bovada,Germie Bernard,4.5,125.0,-165.0
2024,b979bc22f567cba7136c9e36c69be753,2024-11-24T00:30:00Z,Oklahoma Sooners,Alabama Crimson Tide,2024-11-23T22:25:38Z,bovada,Jam Miller,1.5,-105.0,-125.0
2024,b979bc22f567cba7136c9e36c69be753,2024-11-24T00:30:00Z,Oklahoma Sooners,Alabama Crimson Tide,2024-11-23T22:25:38Z,bovada,J.J. Hester,2.5,-130.0,100.0
2024,b979bc22f567cba7136c9e36c69be753,2024-11-24T00:30:00Z,Oklahoma Sooners,Alabama Crimson Tide,2024-11-23T22:25:38Z,bovada,Ryan Williams,3.5,-160.0,120.0
2024,ec6355a99c146d332f6b7346cb19e942,2024-11-24T00:30:00Z,Auburn Tigers,Texas A&M Aggies,2024-11-23T22:25:38Z,fanduel,Malcolm Simmons,3.5,-102.0,-128.0
2024,ec6355a99c146d332f6b7346cb19e942,2024-11-24T00:30:00Z,Auburn Tigers,Texas A&M Aggies,2024-11-23T22:25:38Z,fanduel,Jahdae Walker,2.5,108.0,-140.0
2024,ec6355a99c146d332f6b7346cb19e942,2024-11-24T00:30:00Z,Auburn Tigers,Texas A&M Aggies,2024-11-23T22:25:38Z,fanduel,KeAndre Lambert-Smith,4.5,-102.0,-128.0
2024,ec6355a99c146d332f6b7346cb19e942,2024-11-24T00:30:00Z,Auburn Tigers,Texas A&M Aggies,2024-11-23T22:25:38Z,fanduel,Noah Thomas,2.5,-114.0,-114.0
2024,ec6355a99c146d332f6b7346cb19e942,2024-11-24T00:30:00Z,Auburn Tigers,Texas A&M Aggies,2024-11-23T22:25:38Z,bovada,Jahdae Walker,2.5,-115.0,-115.0
2024,ec6355a99c146d332f6b7346cb19e942,2024-11-24T00:30:00Z,Auburn Tigers,Texas A&M Aggies,2024-11-23T22:25:38Z,bovada,KeAndre Lambert-Smith,3.5,-135.0,105.0
2024,ec6355a99c146d332f6b7346cb19e942,2024-11-24T00:30:00Z,Auburn Tigers,Texas A&M Aggies,2024-11-23T22:25:38Z,bovada,Malcolm Simmons,3.5,120.0,-160.0
2024,ec6355a99c146d332f6b7346cb19e942,2024-11-24T00:30:00Z,Auburn Tigers,Texas A&M Aggies,2024-11-23T22:25:38Z,bovada,Noah Thomas,2.5,-145.0,110.0
2024,c826ea424f0ef101045df525a8f9bb96,2024-11-24T00:30:00Z,Utah Utes,Iowa State Cyclones,2024-11-23T22:25:38Z,fanduel,Jayden Higgins,6.5,-114.0,-114.0
2024,c826ea424f0ef101045df525a8f9bb96,2024-11-24T00:30:00Z,Utah Utes,Iowa State Cyclones,2024-11-23T22:25:38Z,fanduel,Jaylin Noel,5.5,-128.0,-102.0
2024,c826ea424f0ef101045df525a8f9bb96,2024-11-24T00:30:00Z,Utah Utes,Iowa State Cyclones,2024-11-23T22:25:38Z,bovada,Dorian Singer,4.5,-130.0,100.0
2024,c826ea424f0ef101045df525a8f9bb96,2024-11-24T00:30:00Z,Utah Utes,Iowa State Cyclones,2024-11-23T22:25:38Z,bovada,Jayden Higgins,6.5,-115.0,-115.0
2024,c826ea424f0ef101045df525a8f9bb96,2024-11-24T00:30:00Z,Utah Utes,Iowa State Cyclones,2024-11-23T22:25:38Z,bovada,Jaylin Noel,5.5,-120.0,-110.0
2024,59f674104ba6ff69d47b98c0f03e0c4b,2024-11-24T00:45:00Z,LSU Tigers,Vanderbilt Commodores,2024-11-23T22:40:38Z,fanduel,Aaron Anderson,3.5,-140.0,108.0
2024,59f674104ba6ff69d47b98c0f03e0c4b,2024-11-24T00:45:00Z,LSU Tigers,Vanderbilt Commodores,2024-11-23T22:40:38Z,fanduel,Mason Taylor,3.5,-146.0,112.0
2024,59f674104ba6ff69d47b98c0f03e0c4b,2024-11-24T00:45:00Z,LSU Tigers,Vanderbilt Commodores,2024-11-23T22:40:38Z,fanduel,Kyren Lacy,4.5,-146.0,112.0
2024,59f674104ba6ff69d47b98c0f03e0c4b,2024-11-24T00:45:00Z,LSU Tigers,Vanderbilt Commodores,2024-11-23T22:40:38Z,fanduel,Eli Stowers,3.5,-128.0,-102.0
2024,59f674104ba6ff69d47b98c0f03e0c4b,2024-11-24T00:45:00Z,LSU Tigers,Vanderbilt Commodores,2024-11-23T22:40:38Z,fanduel,Junior Sherrill,2.5,-132.0,102.0
2024,59f674104ba6ff69d47b98c0f03e0c4b,2024-11-24T00:45:00Z,LSU Tigers,Vanderbilt Commodores,2024-11-23T22:40:38Z,fanduel,Quincy Skinner Jr.,2.5,-156.0,120.0
2024,59f674104ba6ff69d47b98c0f03e0c4b,2024-11-24T00:45:00Z,LSU Tigers,Vanderbilt Commodores,2024-11-23T22:40:38Z,bovada,Aaron Anderson,4.5,-120.0,-110.0
2024,59f674104ba6ff69d47b98c0f03e0c4b,2024-11-24T00:45:00Z,LSU Tigers,Vanderbilt Commodores,2024-11-23T22:40:38Z,bovada,CJ Daniels,3.5,125.0,-165.0
2024,59f674104ba6ff69d47b98c0f03e0c4b,2024-11-24T00:45:00Z,LSU Tigers,Vanderbilt Commodores,2024-11-23T22:40:38Z,bovada,Eli Stowers,3.5,-115.0,-115.0
2024,59f674104ba6ff69d47b98c0f03e0c4b,2024-11-24T00:45:00Z,LSU Tigers,Vanderbilt Commodores,2024-11-23T22:40:38Z,bovada,Junior Sherrill,3.5,120.0,-160.0
2024,59f674104ba6ff69d47b98c0f03e0c4b,2024-11-24T00:45:00Z,LSU Tigers,Vanderbilt Commodores,2024-11-23T22:40:38Z,bovada,Kyren Lacy,4.5,-160.0,120.0
2024,59f674104ba6ff69d47b98c0f03e0c4b,2024-11-24T00:45:00Z,LSU Tigers,Vanderbilt Commodores,2024-11-23T22:40:38Z,bovada,Mason Taylor,4.5,-105.0,-125.0
2024,59f674104ba6ff69d47b98c0f03e0c4b,2024-11-24T00:45:00Z,LSU Tigers,Vanderbilt Commodores,2024-11-23T22:40:38Z,bovada,Quincy Skinner Jr.,2.5,-160.0,120.0
2024,03af1ca69df2a20142c1a0162b352a3d,2024-11-24T01:00:00Z,Kansas State Wildcats,Cincinnati Bearcats,2024-11-23T22:55:38Z,bovada,Corey Kiner,1.5,-145.0,110.0
2024,03af1ca69df2a20142c1a0162b352a3d,2024-11-24T01:00:00Z,Kansas State Wildcats,Cincinnati Bearcats,2024-11-23T22:55:38Z,bovada,Joe Royer,3.5,130.0,-170.0
2024,03af1ca69df2a20142c1a0162b352a3d,2024-11-24T01:00:00Z,Kansas State Wildcats,Cincinnati Bearcats,2024-11-23T22:55:38Z,bovada,Tony Johnson,3.5,-125.0,-105.0
2024,03af1ca69df2a20142c1a0162b352a3d,2024-11-24T01:00:00Z,Kansas State Wildcats,Cincinnati Bearcats,2024-11-23T22:55:38Z,bovada,Xzavier Henderson,3.5,-165.0,125.0
2024,208962261cf4d30d641763efd725bbcb,2024-11-24T03:30:00Z,Nevada Wolf Pack,Air Force Falcons,2024-11-24T01:25:38Z,fanduel,Jaden Smith,4.5,-114.0,-114.0
2024,208962261cf4d30d641763efd725bbcb,2024-11-24T03:30:00Z,Nevada Wolf Pack,Air Force Falcons,2024-11-24T01:25:38Z,fanduel,Cortez Braham Jr,4.5,122.0,-160.0
2024,da6d8ef29df83aa0d64e677c688d6088,2024-11-24T03:30:00Z,UCLA Bruins,USC Trojans,2024-11-24T01:25:38Z,fanduel,Moliki Matavao,4.5,-114.0,-114.0
2024,da6d8ef29df83aa0d64e677c688d6088,2024-11-24T03:30:00Z,UCLA Bruins,USC Trojans,2024-11-24T01:25:38Z,fanduel,Titus Mokiao-Atimalala,2.5,-188.0,142.0
2024,da6d8ef29df83aa0d64e677c688d6088,2024-11-24T03:30:00Z,UCLA Bruins,USC Trojans,2024-11-24T01:25:38Z,fanduel,Lake McRee,2.5,142.0,-188.0
2024,da6d8ef29df83aa0d64e677c688d6088,2024-11-24T03:30:00Z,UCLA Bruins,USC Trojans,2024-11-24T01:25:38Z,fanduel,Woody Marks,5.5,126.0,-165.0
2024,da6d8ef29df83aa0d64e677c688d6088,2024-11-24T03:30:00Z,UCLA Bruins,USC Trojans,2024-11-24T01:25:38Z,fanduel,Kwazi Gilmer,2.5,-176.0,134.0
2024,da6d8ef29df83aa0d64e677c688d6088,2024-11-24T03:30:00Z,UCLA Bruins,USC Trojans,2024-11-24T01:25:38Z,fanduel,Makai Lemon,3.5,-144.0,110.0
2024,da6d8ef29df83aa0d64e677c688d6088,2024-11-24T03:30:00Z,UCLA Bruins,USC Trojans,2024-11-24T01:25:38Z,bovada,Kwazi Gilmer,2.5,-170.0,130.0
2024,da6d8ef29df83aa0d64e677c688d6088,2024-11-24T03:30:00Z,UCLA Bruins,USC Trojans,2024-11-24T01:25:38Z,bovada,Lake McRee,2.5,135.0,-180.0
2024,da6d8ef29df83aa0d64e677c688d6088,2024-11-24T03:30:00Z,UCLA Bruins,USC Trojans,2024-11-24T01:25:38Z,bovada,Makai Lemon,3.5,-150.0,115.0
2024,da6d8ef29df83aa0d64e677c688d6088,2024-11-24T03:30:00Z,UCLA Bruins,USC Trojans,2024-11-24T01:25:38Z,bovada,Moliki Matavao,4.5,-110.0,-120.0
2024,da6d8ef29df83aa0d64e677c688d6088,2024-11-24T03:30:00Z,UCLA Bruins,USC Trojans,2024-11-24T01:25:38Z,bovada,Titus Mokiao-Atimalala,2.5,-185.0,140.0
2024,da6d8ef29df83aa0d64e677c688d6088,2024-11-24T03:30:00Z,UCLA Bruins,USC Trojans,2024-11-24T01:25:38Z,bovada,Woody Marks,4.5,-105.0,-125.0
2024,745572faed049d780aa0138cebe3f18c,2024-11-27T00:00:00Z,Akron Zips,Toledo Rockets,2024-11-26T21:55:39Z,bovada,Adrian Norton,4.5,125.0,-165.0
2024,745572faed049d780aa0138cebe3f18c,2024-11-27T00:00:00Z,Akron Zips,Toledo Rockets,2024-11-26T21:55:39Z,bovada,Jerjuan Newton,4.5,-110.0,-120.0
2024,745572faed049d780aa0138cebe3f18c,2024-11-27T00:00:00Z,Akron Zips,Toledo Rockets,2024-11-26T21:55:39Z,bovada,Junior Vandeross III,3.5,-150.0,115.0
2024,3d79140623bce7919b7a7873b72840d4,2024-11-29T00:30:00Z,Tulane Green Wave,Memphis Tigers,2024-11-28T22:25:39Z,fanduel,Mario Williams,2.5,-146.0,112.0
2024,3d79140623bce7919b7a7873b72840d4,2024-11-29T00:30:00Z,Tulane Green Wave,Memphis Tigers,2024-11-28T22:25:39Z,fanduel,Yulkeith Brown,2.5,110.0,-144.0
2024,3d79140623bce7919b7a7873b72840d4,2024-11-29T00:30:00Z,Tulane Green Wave,Memphis Tigers,2024-11-28T22:25:39Z,fanduel,Dontae Fleming,2.5,168.0,-225.0
2024,3d79140623bce7919b7a7873b72840d4,2024-11-29T00:30:00Z,Tulane Green Wave,Memphis Tigers,2024-11-28T22:25:39Z,fanduel,Roc Taylor,4.5,130.0,-170.0
2024,3d79140623bce7919b7a7873b72840d4,2024-11-29T00:30:00Z,Tulane Green Wave,Memphis Tigers,2024-11-28T22:25:39Z,fanduel,Demeer Blankumsee,3.5,154.0,-205.0
2024,dfe036f83b6493df343a71aba50c1916,2024-11-29T17:00:00Z,Boise State Broncos,Oregon State Beavers,2024-11-29T14:55:39Z,fanduel,Matt Lauter,2.5,-168.0,128.0
2024,dfe036f83b6493df343a71aba50c1916,2024-11-29T17:00:00Z,Boise State Broncos,Oregon State Beavers,2024-11-29T14:55:39Z,fanduel,Jermaine Terry II,2.5,-115.0,-113.0
2024,dfe036f83b6493df343a71aba50c1916,2024-11-29T17:00:00Z,Boise State Broncos,Oregon State Beavers,2024-11-29T14:55:39Z,fanduel,Trent Walker,6.5,-114.0,-114.0
2024,dfe036f83b6493df343a71aba50c1916,2024-11-29T17:00:00Z,Boise State Broncos,Oregon State Beavers,2024-11-29T14:55:39Z,fanduel,Cameron Camper,4.5,112.0,-146.0
2024,dfe036f83b6493df343a71aba50c1916,2024-11-29T17:00:00Z,Boise State Broncos,Oregon State Beavers,2024-11-29T14:55:39Z,fanduel,Latrell Caples,2.5,-108.0,-120.0
2024,dfe036f83b6493df343a71aba50c1916,2024-11-29T17:00:00Z,Boise State Broncos,Oregon State Beavers,2024-11-29T14:55:39Z,fanduel,Ashton Jeanty,1.5,112.0,-146.0
2024,dfe036f83b6493df343a71aba50c1916,2024-11-29T17:00:00Z,Boise State Broncos,Oregon State Beavers,2024-11-29T14:55:39Z,bovada,Ashton Jeanty,1.5,120.0,-160.0
2024,dfe036f83b6493df343a71aba50c1916,2024-11-29T17:00:00Z,Boise State Broncos,Oregon State Beavers,2024-11-29T14:55:39Z,bovada,Cameron Camper,3.5,-170.0,130.0
2024,dfe036f83b6493df343a71aba50c1916,2024-11-29T17:00:00Z,Boise State Broncos,Oregon State Beavers,2024-11-29T14:55:39Z,bovada,Jermaine Terry II,2.5,-105.0,-125.0
2024,dfe036f83b6493df343a71aba50c1916,2024-11-29T17:00:00Z,Boise State Broncos,Oregon State Beavers,2024-11-29T14:55:39Z,bovada,Latrell Caples,2.5,105.0,-135.0
2024,dfe036f83b6493df343a71aba50c1916,2024-11-29T17:00:00Z,Boise State Broncos,Oregon State Beavers,2024-11-29T14:55:39Z,bovada,Matt Lauter,2.5,-170.0,130.0
2024,dfe036f83b6493df343a71aba50c1916,2024-11-29T17:00:00Z,Boise State Broncos,Oregon State Beavers,2024-11-29T14:55:39Z,bovada,Trent Walker,6.5,-115.0,-115.0
2024,88a74ccdc17cb5de413ee058976efa51,2024-11-29T17:00:00Z,Colorado Buffaloes,Oklahoma State Cowboys,2024-11-29T14:55:39Z,fanduel,Rashod Owens,2.5,-176.0,134.0
2024,88a74ccdc17cb5de413ee058976efa51,2024-11-29T17:00:00Z,Colorado Buffaloes,Oklahoma State Cowboys,2024-11-29T14:55:39Z,fanduel,De'Zhaun Stribling,4.5,-114.0,-114.0
2024,88a74ccdc17cb5de413ee058976efa51,2024-11-29T17:00:00Z,Colorado Buffaloes,Oklahoma State Cowboys,2024-11-29T14:55:39Z,fanduel,Travis Hunter,7.5,-152.0,116.0
2024,88a74ccdc17cb5de413ee058976efa51,2024-11-29T17:00:00Z,Colorado Buffaloes,Oklahoma State Cowboys,2024-11-29T14:55:39Z,fanduel,Will Sheppard,4.5,-132.0,102.0
2024,88a74ccdc17cb5de413ee058976efa51,2024-11-29T17:00:00Z,Colorado Buffaloes,Oklahoma State Cowboys,2024-11-29T14:55:39Z,fanduel,LaJohntay Wester,6.5,116.0,-152.0
2024,88a74ccdc17cb5de413ee058976efa51,2024-11-29T17:00:00Z,Colorado Buffaloes,Oklahoma State Cowboys,2024-11-29T14:55:39Z,fanduel,Brennan Presley,6.5,-140.0,108.0
2024,88a74ccdc17cb5de413ee058976efa51,2024-11-29T17:00:00Z,Colorado Buffaloes,Oklahoma State Cowboys,2024-11-29T14:55:39Z,fanduel,Ollie Gordon II,2.5,-108.0,-120.0
2024,88a74ccdc17cb5de413ee058976efa51,2024-11-29T17:00:00Z,Colorado Buffaloes,Oklahoma State Cowboys,2024-11-29T14:55:39Z,bovada,Brennan Presley,6.5,-105.0,-125.0
2024,88a74ccdc17cb5de413ee058976efa51,2024-11-29T17:00:00Z,Colorado Buffaloes,Oklahoma State Cowboys,2024-11-29T14:55:39Z,bovada,Ollie Gordon II,2.5,-130.0,100.0
2024,88a74ccdc17cb5de413ee058976efa51,2024-11-29T17:00:00Z,Colorado Buffaloes,Oklahoma State Cowboys,2024-11-29T14:55:39Z,bovada,Travis Hunter,7.5,-115.0,-115.0
2024,d39b6684678db134dce51f889da0b8bb,2024-11-29T17:00:00Z,Wisconsin Badgers,Minnesota Golden Gophers,2024-11-29T14:55:39Z,fanduel,Daniel Jackson,5.5,-146.0,112.0
2024,d39b6684678db134dce51f889da0b8bb,2024-11-29T17:00:00Z,Wisconsin Badgers,Minnesota Golden Gophers,2024-11-29T14:55:39Z,fanduel,Darius Taylor,3.5,-146.0,112.0
2024,d39b6684678db134dce51f889da0b8bb,2024-11-29T17:00:00Z,Wisconsin Badgers,Minnesota Golden Gophers,2024-11-29T14:55:39Z,fanduel,Vinny Anthony II,3.5,-132.0,102.0
2024,d39b6684678db134dce51f889da0b8bb,2024-11-29T17:00:00Z,Wisconsin Badgers,Minnesota Golden Gophers,2024-11-29T14:55:39Z,fanduel,Elijah Spencer,3.5,130.0,-170.0
2024,d39b6684678db134dce51f889da0b8bb,2024-11-29T17:00:00Z,Wisconsin Badgers,Minnesota Golden Gophers,2024-11-29T14:55:39Z,bovada,Daniel Jackson,5.5,-115.0,-115.0
2024,d39b6684678db134dce51f889da0b8bb,2024-11-29T17:00:00Z,Wisconsin Badgers,Minnesota Golden Gophers,2024-11-29T14:55:39Z,bovada,Darius Taylor,3.5,-115.0,-115.0
2024,d39b6684678db134dce51f889da0b8bb,2024-11-29T17:00:00Z,Wisconsin Badgers,Minnesota Golden Gophers,2024-11-29T14:55:39Z,bovada,Darrion Dupree,1.5,155.0,-210.0
2024,d39b6684678db134dce51f889da0b8bb,2024-11-29T17:00:00Z,Wisconsin Badgers,Minnesota Golden Gophers,2024-11-29T14:55:39Z,bovada,Elijah Spencer,2.5,-135.0,105.0
2024,d39b6684678db134dce51f889da0b8bb,2024-11-29T17:00:00Z,Wisconsin Badgers,Minnesota Golden Gophers,2024-11-29T14:55:39Z,bovada,Jameson Geers,1.5,-160.0,120.0
2024,d39b6684678db134dce51f889da0b8bb,2024-11-29T17:00:00Z,Wisconsin Badgers,Minnesota Golden Gophers,2024-11-29T14:55:39Z,bovada,Le'Meke Brockington,0.5,-260.0,190.0
2024,d39b6684678db134dce51f889da0b8bb,2024-11-29T17:00:00Z,Wisconsin Badgers,Minnesota Golden Gophers,2024-11-29T14:55:39Z,bovada,Marcus Major,1.5,170.0,-230.0
2024,d39b6684678db134dce51f889da0b8bb,2024-11-29T17:00:00Z,Wisconsin Badgers,Minnesota Golden Gophers,2024-11-29T14:55:39Z,bovada,Nick Kallerup,0.5,-240.0,175.0
2024,d39b6684678db134dce51f889da0b8bb,2024-11-29T17:00:00Z,Wisconsin Badgers,Minnesota Golden Gophers,2024-11-29T14:55:39Z,bovada,Tawee Walker,1.5,105.0,-135.0
2024,2360ac15de03618dd99c4392a969259e,2024-11-29T20:30:00Z,Ole Miss Rebels,Mississippi State Bulldogs,2024-11-29T18:25:40Z,fanduel,Antwane Wells Jr.,2.5,-146.0,112.0
2024,2360ac15de03618dd99c4392a969259e,2024-11-29T20:30:00Z,Ole Miss Rebels,Mississippi State Bulldogs,2024-11-29T18:25:40Z,fanduel,Seydou Traore,2.5,-138.0,106.0
2024,2360ac15de03618dd99c4392a969259e,2024-11-29T20:30:00Z,Ole Miss Rebels,Mississippi State Bulldogs,2024-11-29T18:25:40Z,fanduel,Cayden Lee,4.5,-132.0,102.0
2024,2360ac15de03618dd99c4392a969259e,2024-11-29T20:30:00Z,Ole Miss Rebels,Mississippi State Bulldogs,2024-11-29T18:25:40Z,fanduel,Dae'Quan Wright,3.5,-146.0,112.0
2024,2360ac15de03618dd99c4392a969259e,2024-11-29T20:30:00Z,Ole Miss Rebels,Mississippi State Bulldogs,2024-11-29T18:25:40Z,fanduel,Jordan Watkins,6.5,116.0,-152.0
2024,2360ac15de03618dd99c4392a969259e,2024-11-29T20:30:00Z,Ole Miss Rebels,Mississippi State Bulldogs,2024-11-29T18:25:40Z,fanduel,Kevin Coleman,5.5,-114.0,-114.0
2024,07876ff7c5ffbe800c668651ad68f07a,2024-11-29T20:30:00Z,South Alabama Jaguars,Texas State Bobcats,2024-11-29T18:25:40Z,bovada,Jaden Williams,3.5,-130.0,100.0
2024,07876ff7c5ffbe800c668651ad68f07a,2024-11-29T20:30:00Z,South Alabama Jaguars,Texas State Bobcats,2024-11-29T18:25:40Z,bovada,Jamaal Pritchett,7.5,-115.0,-115.0
2024,07876ff7c5ffbe800c668651ad68f07a,2024-11-29T20:30:00Z,South Alabama Jaguars,Texas State Bobcats,2024-11-29T18:25:40Z,bovada,Kole Wilson,4.5,-130.0,100.0
2024,1b13f96e71ee08b091eba9cc620f9ace,2024-11-30T00:30:00Z,Georgia Bulldogs,Georgia Tech Yellow Jackets,2024-11-29T22:25:39Z,fanduel,Dominic Lovett,4.5,128.0,-168.0
2024,1b13f96e71ee08b091eba9cc620f9ace,2024-11-30T00:30:00Z,Georgia Bulldogs,Georgia Tech Yellow Jackets,2024-11-29T22:25:39Z,fanduel,Arian Smith,2.5,-146.0,112.0
2024,1b13f96e71ee08b091eba9cc620f9ace,2024-11-30T00:30:00Z,Georgia Bulldogs,Georgia Tech Yellow Jackets,2024-11-29T22:25:39Z,bovada,Arian Smith,3.5,-110.0,-120.0
2024,1b13f96e71ee08b091eba9cc620f9ace,2024-11-30T00:30:00Z,Georgia Bulldogs,Georgia Tech Yellow Jackets,2024-11-29T22:25:39Z,bovada,Dominic Lovett,4.5,105.0,-135.0
2024,1b13f96e71ee08b091eba9cc620f9ace,2024-11-30T00:30:00Z,Georgia Bulldogs,Georgia Tech Yellow Jackets,2024-11-29T22:25:39Z,bovada,Eric Singleton Jr,2.5,-135.0,105.0
2024,1b13f96e71ee08b091eba9cc620f9ace,2024-11-30T00:30:00Z,Georgia Bulldogs,Georgia Tech Yellow Jackets,2024-11-29T22:25:39Z,bovada,Malik Rutherford,2.5,-170.0,130.0
2024,62f4f9a88274469693c2e52119af7967,2024-11-30T00:30:00Z,Iowa Hawkeyes,Nebraska Cornhuskers,2024-11-29T22:25:39Z,fanduel,Jacob Gill,2.5,-108.0,-120.0
2024,62f4f9a88274469693c2e52119af7967,2024-11-30T00:30:00Z,Iowa Hawkeyes,Nebraska Cornhuskers,2024-11-29T22:25:39Z,fanduel,Jahmal Banks,3.5,132.0,-174.0
2024,62f4f9a88274469693c2e52119af7967,2024-11-30T00:30:00Z,Iowa Hawkeyes,Nebraska Cornhuskers,2024-11-29T22:25:39Z,fanduel,Jacory Barney Jr.,5.5,106.0,-138.0
2024,62f4f9a88274469693c2e52119af7967,2024-11-30T00:30:00Z,Iowa Hawkeyes,Nebraska Cornhuskers,2024-11-29T22:25:39Z,fanduel,Isaiah Neyor,2.5,-138.0,106.0
2024,62f4f9a88274469693c2e52119af7967,2024-11-30T00:30:00Z,Iowa Hawkeyes,Nebraska Cornhuskers,2024-11-29T22:25:39Z,bovada,Jacory Barney Jr.,3.5,-160.0,120.0
2024,62f4f9a88274469693c2e52119af7967,2024-11-30T00:30:00Z,Iowa Hawkeyes,Nebraska Cornhuskers,2024-11-29T22:25:39Z,bovada,Isaiah Neyor,2.5,-160.0,120.0
2024,62f4f9a88274469693c2e52119af7967,2024-11-30T00:30:00Z,Iowa Hawkeyes,Nebraska Cornhuskers,2024-11-29T22:25:39Z,bovada,Jacob Gill,2.5,-120.0,-110.0
2024,62f4f9a88274469693c2e52119af7967,2024-11-30T00:30:00Z,Iowa Hawkeyes,Nebraska Cornhuskers,2024-11-29T22:25:39Z,bovada,Jahmal Banks,3.5,130.0,-170.0
2024,62f4f9a88274469693c2e52119af7967,2024-11-30T00:30:00Z,Iowa Hawkeyes,Nebraska Cornhuskers,2024-11-29T22:25:39Z,bovada,Jarriett Buie,1.5,130.0,-170.0
2024,62f4f9a88274469693c2e52119af7967,2024-11-30T00:30:00Z,Iowa Hawkeyes,Nebraska Cornhuskers,2024-11-29T22:25:39Z,bovada,Kaleb Johnson,0.5,-230.0,170.0
2024,3acc6dfae2b3d57e52583f7e011f2b54,2024-11-30T01:00:00Z,UCF Knights,Utah Utes,2024-11-29T22:55:38Z,fanduel,Micah Bernard,2.5,-128.0,-102.0
2024,3acc6dfae2b3d57e52583f7e011f2b54,2024-11-30T01:00:00Z,UCF Knights,Utah Utes,2024-11-29T22:55:38Z,fanduel,RJ Harvey,1.5,-178.0,136.0
2024,3acc6dfae2b3d57e52583f7e011f2b54,2024-11-30T01:00:00Z,UCF Knights,Utah Utes,2024-11-29T22:55:38Z,bovada,Micah Bernard,2.5,-170.0,130.0
2024,e61d60899e6352ab9bc09454928eb37b,2024-11-30T17:00:00Z,Wake Forest Demon Deacons,Duke Blue Devils,2024-11-30T14:55:38Z,bovada,Horatio Fields,2.5,-110.0,-120.0
2024,e61d60899e6352ab9bc09454928eb37b,2024-11-30T17:00:00Z,Wake Forest Demon Deacons,Duke Blue Devils,2024-11-30T14:55:38Z,bovada,Taylor Morin,4.5,120.0,-160.0
2024,88122adf8cf24fb7605592693b0924ed,2024-11-30T17:00:00Z,Florida State Seminoles,Florida Gators,2024-11-30T14:55:38Z,bovada,Chimere Dike,3.5,-120.0,-110.0
2024,88122adf8cf24fb7605592693b0924ed,2024-11-30T17:00:00Z,Florida State Seminoles,Florida Gators,2024-11-30T14:55:38Z,bovada,Elijhah Badger,3.5,-180.0,135.0
2024,5b041e03755355442ba04cd00ceba554,2024-11-30T17:00:00Z,Kentucky Wildcats,Louisville Cardinals,2024-11-30T14:55:38Z,fanduel,Chris Bell,3.5,-138.0,106.0
2024,5b041e03755355442ba04cd00ceba554,2024-11-30T17:00:00Z,Kentucky Wildcats,Louisville Cardinals,2024-11-30T14:55:38Z,fanduel,Ja'Corey Brooks,5.5,-138.0,106.0
2024,5b041e03755355442ba04cd00ceba554,2024-11-30T17:00:00Z,Kentucky Wildcats,Louisville Cardinals,2024-11-30T14:55:38Z,fanduel,Dane Key,3.5,-138.0,106.0
2024,5b041e03755355442ba04cd00ceba554,2024-11-30T17:00:00Z,Kentucky Wildcats,Louisville Cardinals,2024-11-30T14:55:38Z,fanduel,Barion Brown,2.5,-140.0,108.0
2024,5b041e03755355442ba04cd00ceba554,2024-11-30T17:00:00Z,Kentucky Wildcats,Louisville Cardinals,2024-11-30T14:55:38Z,bovada,Dane Key,3.5,-145.0,110.0
2024,27a8846b7b9d56b5360098f7ba184cf0,2024-11-30T17:00:00Z,Ohio State Buckeyes,Michigan Wolverines,2024-11-30T14:55:38Z,fanduel,TreVeyon Henderson,1.5,148.0,-196.0
2024,27a8846b7b9d56b5360098f7ba184cf0,2024-11-30T17:00:00Z,Ohio State Buckeyes,Michigan Wolverines,2024-11-30T14:55:38Z,fanduel,Gee Scott Jr.,1.5,-168.0,128.0
2024,27a8846b7b9d56b5360098f7ba184cf0,2024-11-30T17:00:00Z,Ohio State Buckeyes,Michigan Wolverines,2024-11-30T14:55:38Z,fanduel,Kalel Mullings,1.5,136.0,-178.0
2024,27a8846b7b9d56b5360098f7ba184cf0,2024-11-30T17:00:00Z,Ohio State Buckeyes,Michigan Wolverines,2024-11-30T14:55:38Z,fanduel,Carnell Tate,3.5,-160.0,122.0
2024,27a8846b7b9d56b5360098f7ba184cf0,2024-11-30T17:00:00Z,Ohio State Buckeyes,Michigan Wolverines,2024-11-30T14:55:38Z,fanduel,Tyler Morris,2.5,-168.0,128.0
2024,27a8846b7b9d56b5360098f7ba184cf0,2024-11-30T17:00:00Z,Ohio State Buckeyes,Michigan Wolverines,2024-11-30T14:55:38Z,fanduel,Emeka Egbuka,4.5,-102.0,-128.0
2024,27a8846b7b9d56b5360098f7ba184cf0,2024-11-30T17:00:00Z,Ohio State Buckeyes,Michigan Wolverines,2024-11-30T14:55:38Z,fanduel,Donovan Edwards,2.5,144.0,-190.0
2024,27a8846b7b9d56b5360098f7ba184cf0,2024-11-30T17:00:00Z,Ohio State Buckeyes,Michigan Wolverines,2024-11-30T14:55:38Z,fanduel,Jeremiah Smith,4.5,-122.0,-106.0
2024,27a8846b7b9d56b5360098f7ba184cf0,2024-11-30T17:00:00Z,Ohio State Buckeyes,Michigan Wolverines,2024-11-30T14:55:38Z,bovada,Carnell Tate,3.5,-150.0,115.0
2024,27a8846b7b9d56b5360098f7ba184cf0,2024-11-30T17:00:00Z,Ohio State Buckeyes,Michigan Wolverines,2024-11-30T14:55:38Z,bovada,Emeka Egbuka,3.5,-150.0,115.0
2024,27a8846b7b9d56b5360098f7ba184cf0,2024-11-30T17:00:00Z,Ohio State Buckeyes,Michigan Wolverines,2024-11-30T14:55:38Z,bovada,Jeremiah Smith,4.5,-125.0,-105.0
2024,27a8846b7b9d56b5360098f7ba184cf0,2024-11-30T17:00:00Z,Ohio State Buckeyes,Michigan Wolverines,2024-11-30T14:55:38Z,bovada,Tyler Morris,2.5,-170.0,130.0
2024,d34d33ae18154f93ac4c9da4c664653d,2024-11-30T17:00:00Z,Oregon Ducks,Washington Huskies,2024-11-30T14:55:38Z,bovada,Giles Jackson,4.5,-125.0,-105.0
2024,d34d33ae18154f93ac4c9da4c664653d,2024-11-30T17:00:00Z,Oregon Ducks,Washington Huskies,2024-11-30T14:55:38Z,bovada,Terrance Ferguson,3.5,-130.0,100.0
2024,a6148a87376095e79c2a2f076d8eb704,2024-11-30T17:00:00Z,Vanderbilt Commodores,Tennessee Volunteers,2024-11-30T14:55:38Z,fanduel,Bru McCoy,2.5,-148.0,114.0
2024,a6148a87376095e79c2a2f076d8eb704,2024-11-30T17:00:00Z,Vanderbilt Commodores,Tennessee Volunteers,2024-11-30T14:55:38Z,fanduel,Junior Sherrill,2.5,-146.0,112.0
2024,a6148a87376095e79c2a2f076d8eb704,2024-11-30T17:00:00Z,Vanderbilt Commodores,Tennessee Volunteers,2024-11-30T14:55:38Z,fanduel,Eli Stowers,3.5,126.0,-165.0
2024,a6148a87376095e79c2a2f076d8eb704,2024-11-30T17:00:00Z,Vanderbilt Commodores,Tennessee Volunteers,2024-11-30T14:55:38Z,fanduel,Squirrel White,2.5,-128.0,-102.0
2024,a6148a87376095e79c2a2f076d8eb704,2024-11-30T17:00:00Z,Vanderbilt Commodores,Tennessee Volunteers,2024-11-30T14:55:38Z,bovada,Bru McCoy,2.5,-170.0,130.0
2024,a6148a87376095e79c2a2f076d8eb704,2024-11-30T17:00:00Z,Vanderbilt Commodores,Tennessee Volunteers,2024-11-30T14:55:38Z,bovada,Dont'e Thornton,2.5,-125.0,-105.0
2024,a6148a87376095e79c2a2f076d8eb704,2024-11-30T17:00:00Z,Vanderbilt Commodores,Tennessee Volunteers,2024-11-30T14:55:38Z,bovada,Eli Stowers,3.5,115.0,-150.0
2024,a6148a87376095e79c2a2f076d8eb704,2024-11-30T17:00:00Z,Vanderbilt Commodores,Tennessee Volunteers,2024-11-30T14:55:38Z,bovada,Junior Sherrill,3.5,130.0,-170.0
2024,a6148a87376095e79c2a2f076d8eb704,2024-11-30T17:00:00Z,Vanderbilt Commodores,Tennessee Volunteers,2024-11-30T14:55:38Z,bovada,Quincy Skinner Jr.,2.5,-170.0,130.0
2024,a6148a87376095e79c2a2f076d8eb704,2024-11-30T17:00:00Z,Vanderbilt Commodores,Tennessee Volunteers,2024-11-30T14:55:38Z,bovada,Squirrel White,2.5,-170.0,130.0
2024,093f5f58cf17b22b4fd1fb0f6b4b62d8,2024-11-30T17:00:00Z,Texas Tech Red Raiders,West Virginia Mountaineers,2024-11-30T14:55:38Z,bovada,Caleb Douglas,5.5,120.0,-160.0
2024,093f5f58cf17b22b4fd1fb0f6b4b62d8,2024-11-30T17:00:00Z,Texas Tech Red Raiders,West Virginia Mountaineers,2024-11-30T14:55:38Z,bovada,Coy Eakin,3.5,-150.0,115.0
2024,093f5f58cf17b22b4fd1fb0f6b4b62d8,2024-11-30T17:00:00Z,Texas Tech Red Raiders,West Virginia Mountaineers,2024-11-30T14:55:38Z,bovada,Hudson Clement,4.5,110.0,-145.0
2024,093f5f58cf17b22b4fd1fb0f6b4b62d8,2024-11-30T17:00:00Z,Texas Tech Red Raiders,West Virginia Mountaineers,2024-11-30T14:55:38Z,bovada,Josh Kelly,5.5,-120.0,-110.0
2024,093f5f58cf17b22b4fd1fb0f6b4b62d8,2024-11-30T17:00:00Z,Texas Tech Red Raiders,West Virginia Mountaineers,2024-11-30T14:55:38Z,bovada,Kole Taylor,3.5,-115.0,-115.0
2024,093f5f58cf17b22b4fd1fb0f6b4b62d8,2024-11-30T17:00:00Z,Texas Tech Red Raiders,West Virginia Mountaineers,2024-11-30T14:55:38Z,bovada,Tahj Brooks,3.5,-110.0,-120.0
2024,1cd58cffde8845b822c103f2735b82d3,2024-11-30T17:01:00Z,Northwestern Wildcats,Illinois Fighting Illini,2024-11-30T15:00:38Z,bovada,A.J. Henning,3.5,-115.0,-115.0
2024,1cd58cffde8845b822c103f2735b82d3,2024-11-30T17:01:00Z,Northwestern Wildcats,Illinois Fighting Illini,2024-11-30T15:00:38Z,bovada,Bryce Kirtz,3.5,-115.0,-115.0
2024,1cd58cffde8845b822c103f2735b82d3,2024-11-30T17:01:00Z,Northwestern Wildcats,Illinois Fighting Illini,2024-11-30T15:00:38Z,bovada,Cam Porter,1.5,-120.0,-110.0
2024,1cd58cffde8845b822c103f2735b82d3,2024-11-30T17:01:00Z,Northwestern Wildcats,Illinois Fighting Illini,2024-11-30T15:00:38Z,bovada,Josh McCray,0.5,-190.0,145.0
2024,1cd58cffde8845b822c103f2735b82d3,2024-11-30T17:01:00Z,Northwestern Wildcats,Illinois Fighting Illini,2024-11-30T15:00:38Z,bovada,Marshall Lang,1.5,-110.0,-120.0
2024,1cd58cffde8845b822c103f2735b82d3,2024-11-30T17:01:00Z,Northwestern Wildcats,Illinois Fighting Illini,2024-11-30T15:00:38Z,bovada,Pat Bryant,4.5,-165.0,125.0
2024,1cd58cffde8845b822c103f2735b82d3,2024-11-30T17:01:00Z,Northwestern Wildcats,Illinois Fighting Illini,2024-11-30T15:00:38Z,bovada,Tanner Arkin,1.5,-165.0,125.0
2024,1cd58cffde8845b822c103f2735b82d3,2024-11-30T17:01:00Z,Northwestern Wildcats,Illinois Fighting Illini,2024-11-30T15:00:38Z,bovada,Thomas Gordon,1.5,-160.0,120.0
2024,145b2e2b4f6c8934169f867be7b8b2f1,2024-11-30T20:30:00Z,Alabama Crimson Tide,Auburn Tigers,2024-11-30T18:25:38Z,bovada,Cam Coleman,3.5,-105.0,-125.0
2024,145b2e2b4f6c8934169f867be7b8b2f1,2024-11-30T20:30:00Z,Alabama Crimson Tide,Auburn Tigers,2024-11-30T18:25:38Z,bovada,Germie Bernard,4.5,105.0,-135.0
2024,145b2e2b4f6c8934169f867be7b8b2f1,2024-11-30T20:30:00Z,Alabama Crimson Tide,Auburn Tigers,2024-11-30T18:25:38Z,bovada,KeAndre Lambert-Smith,3.5,-170.0,130.0
2024,145b2e2b4f6c8934169f867be7b8b2f1,2024-11-30T20:30:00Z,Alabama Crimson Tide,Auburn Tigers,2024-11-30T18:25:38Z,bovada,Rivaldo Fairweather,2.5,150.0,-200.0
2024,145b2e2b4f6c8934169f867be7b8b2f1,2024-11-30T20:30:00Z,Alabama Crimson Tide,Auburn Tigers,2024-11-30T18:25:38Z,bovada,Ryan Williams,4.5,-125.0,-105.0
2024,68230a9d3c340e07ce2e344889b9a919,2024-11-30T20:30:00Z,Arizona Wildcats,Arizona State Sun Devils,2024-11-30T18:25:38Z,fanduel,Chris Hunter,4.5,-108.0,-120.0
2024,68230a9d3c340e07ce2e344889b9a919,2024-11-30T20:30:00Z,Arizona Wildcats,Arizona State Sun Devils,2024-11-30T18:25:38Z,fanduel,Cam Skattebo,3.5,116.0,-152.0
2024,68230a9d3c340e07ce2e344889b9a919,2024-11-30T20:30:00Z,Arizona Wildcats,Arizona State Sun Devils,2024-11-30T18:25:38Z,fanduel,Quali Conley,2.5,108.0,-140.0
2024,68230a9d3c340e07ce2e344889b9a919,2024-11-30T20:30:00Z,Arizona Wildcats,Arizona State Sun Devils,2024-11-30T18:25:38Z,fanduel,Tetairoa McMillan,5.5,-165.0,126.0
2024,68230a9d3c340e07ce2e344889b9a919,2024-11-30T20:30:00Z,Arizona Wildcats,Arizona State Sun Devils,2024-11-30T18:25:38Z,fanduel,Sam Olson,1.5,-196.0,148.0
2024,68230a9d3c340e07ce2e344889b9a919,2024-11-30T20:30:00Z,Arizona Wildcats,Arizona State Sun Devils,2024-11-30T18:25:38Z,fanduel,Jordyn Tyson,6.5,-120.0,-108.0
2024,68230a9d3c340e07ce2e344889b9a919,2024-11-30T20:30:00Z,Arizona Wildcats,Arizona State Sun Devils,2024-11-30T18:25:38Z,fanduel,Chamon Metayer,1.5,-198.0,150.0
2024,68230a9d3c340e07ce2e344889b9a919,2024-11-30T20:30:00Z,Arizona Wildcats,Arizona State Sun Devils,2024-11-30T18:25:38Z,bovada,Chris Hunter,4.5,-105.0,-125.0
2024,68230a9d3c340e07ce2e344889b9a919,2024-11-30T20:30:00Z,Arizona Wildcats,Arizona State Sun Devils,2024-11-30T18:25:38Z,bovada,Jordyn Tyson,7.5,110.0,-145.0
2024,68230a9d3c340e07ce2e344889b9a919,2024-11-30T20:30:00Z,Arizona Wildcats,Arizona State Sun Devils,2024-11-30T18:25:38Z,bovada,Quali Conley,1.5,-190.0,145.0
2024,68230a9d3c340e07ce2e344889b9a919,2024-11-30T20:30:00Z,Arizona Wildcats,Arizona State Sun Devils,2024-11-30T18:25:38Z,bovada,Sam Olson,2.5,-115.0,-115.0
2024,68230a9d3c340e07ce2e344889b9a919,2024-11-30T20:30:00Z,Arizona Wildcats,Arizona State Sun Devils,2024-11-30T18:25:38Z,bovada,Tetairoa McMillan,5.5,-115.0,-115.0
2024,6c94a7f5aee067accafb3de3e79384bf,2024-11-30T20:30:00Z,Missouri Tigers,Arkansas Razorbacks,2024-11-30T18:25:38Z,fanduel,Andrew Armstrong,5.5,-102.0,-128.0
2024,6c94a7f5aee067accafb3de3e79384bf,2024-11-30T20:30:00Z,Missouri Tigers,Arkansas Razorbacks,2024-11-30T18:25:38Z,fanduel,Theo Wease Jr.,4.5,-114.0,-114.0
2024,6c94a7f5aee067accafb3de3e79384bf,2024-11-30T20:30:00Z,Missouri Tigers,Arkansas Razorbacks,2024-11-30T18:25:38Z,fanduel,Luther Burden III,6.5,-110.0,-118.0
2024,6c94a7f5aee067accafb3de3e79384bf,2024-11-30T20:30:00Z,Missouri Tigers,Arkansas Razorbacks,2024-11-30T18:25:38Z,bovada,Andrew Armstrong,5.5,100.0,-130.0
2024,6c94a7f5aee067accafb3de3e79384bf,2024-11-30T20:30:00Z,Missouri Tigers,Arkansas Razorbacks,2024-11-30T18:25:38Z,bovada,Luther Burden III,5.5,100.0,-130.0
2024,6c94a7f5aee067accafb3de3e79384bf,2024-11-30T20:30:00Z,Missouri Tigers,Arkansas Razorbacks,2024-11-30T18:25:38Z,bovada,Theo Wease Jr.,4.5,-105.0,-125.0
2024,323cb5621058dd5894500377d084a42a,2024-11-30T20:30:00Z,UCLA Bruins,Fresno State Bulldogs,2024-11-30T18:25:38Z,bovada,Kwazi Gilmer,2.5,-170.0,130.0
2024,323cb5621058dd5894500377d084a42a,2024-11-30T20:30:00Z,UCLA Bruins,Fresno State Bulldogs,2024-11-30T18:25:38Z,bovada,Moliki Matavao,3.5,-125.0,-105.0
2024,323cb5621058dd5894500377d084a42a,2024-11-30T20:30:00Z,UCLA Bruins,Fresno State Bulldogs,2024-11-30T18:25:38Z,bovada,Titus Mokiao-Atimalala,3.5,120.0,-160.0
2024,0544e944ad9e8a578f392f9b5bb1f860,2024-11-30T20:30:00Z,Penn State Nittany Lions,Maryland Terrapins,2024-11-30T18:25:38Z,fanduel,Kaden Prather,3.5,136.0,-178.0
2024,0544e944ad9e8a578f392f9b5bb1f860,2024-11-30T20:30:00Z,Penn State Nittany Lions,Maryland Terrapins,2024-11-30T18:25:38Z,fanduel,Tyler Warren,6.5,108.0,-140.0
2024,0544e944ad9e8a578f392f9b5bb1f860,2024-11-30T20:30:00Z,Penn State Nittany Lions,Maryland Terrapins,2024-11-30T18:25:38Z,fanduel,Tai Felton,5.5,-102.0,-128.0
2024,0544e944ad9e8a578f392f9b5bb1f860,2024-11-30T20:30:00Z,Penn State Nittany Lions,Maryland Terrapins,2024-11-30T18:25:38Z,fanduel,Harrison Wallace III,3.5,108.0,-140.0
2024,0544e944ad9e8a578f392f9b5bb1f860,2024-11-30T20:30:00Z,Penn State Nittany Lions,Maryland Terrapins,2024-11-30T18:25:38Z,fanduel,Nicholas Singleton,3.5,130.0,-170.0
2024,0544e944ad9e8a578f392f9b5bb1f860,2024-11-30T20:30:00Z,Penn State Nittany Lions,Maryland Terrapins,2024-11-30T18:25:38Z,bovada,Harrison Wallace III,3.5,-110.0,-120.0
2024,0544e944ad9e8a578f392f9b5bb1f860,2024-11-30T20:30:00Z,Penn State Nittany Lions,Maryland Terrapins,2024-11-30T18:25:38Z,bovada,Kaden Prather,3.5,125.0,-165.0
2024,0544e944ad9e8a578f392f9b5bb1f860,2024-11-30T20:30:00Z,Penn State Nittany Lions,Maryland Terrapins,2024-11-30T18:25:38Z,bovada,Nicholas Singleton,2.5,-170.0,130.0
2024,0544e944ad9e8a578f392f9b5bb1f860,2024-11-30T20:30:00Z,Penn State Nittany Lions,Maryland Terrapins,2024-11-30T18:25:38Z,bovada,Octavian Smith Jr.,1.5,-190.0,145.0
2024,0544e944ad9e8a578f392f9b5bb1f860,2024-11-30T20:30:00Z,Penn State Nittany Lions,Maryland Terrapins,2024-11-30T18:25:38Z,bovada,Preston Howard,1.5,-125.0,-105.0
2024,0544e944ad9e8a578f392f9b5bb1f860,2024-11-30T20:30:00Z,Penn State Nittany Lions,Maryland Terrapins,2024-11-30T18:25:38Z,bovada,Tai Felton,5.5,115.0,-150.0
2024,0544e944ad9e8a578f392f9b5bb1f860,2024-11-30T20:30:00Z,Penn State Nittany Lions,Maryland Terrapins,2024-11-30T18:25:38Z,bovada,Tyler Warren,5.5,-160.0,120.0
2024,d0e59b5ef1130b2be0b9b4aa952ca900,2024-11-30T20:30:00Z,Syracuse Orange,Miami Hurricanes,2024-11-30T18:25:38Z,fanduel,Jacolby George,4.5,126.0,-165.0
2024,d0e59b5ef1130b2be0b9b4aa952ca900,2024-11-30T20:30:00Z,Syracuse Orange,Miami Hurricanes,2024-11-30T18:25:38Z,fanduel,Xavier Restrepo,5.5,-128.0,-102.0
2024,d0e59b5ef1130b2be0b9b4aa952ca900,2024-11-30T20:30:00Z,Syracuse Orange,Miami Hurricanes,2024-11-30T18:25:38Z,fanduel,LeQuint Allen,3.5,-178.0,136.0
2024,d0e59b5ef1130b2be0b9b4aa952ca900,2024-11-30T20:30:00Z,Syracuse Orange,Miami Hurricanes,2024-11-30T18:25:38Z,fanduel,Isaiah Horton,4.5,-138.0,106.0
2024,d0e59b5ef1130b2be0b9b4aa952ca900,2024-11-30T20:30:00Z,Syracuse Orange,Miami Hurricanes,2024-11-30T18:25:38Z,bovada,Jackson Meeks,4.5,-150.0,115.0
2024,d0e59b5ef1130b2be0b9b4aa952ca900,2024-11-30T20:30:00Z,Syracuse Orange,Miami Hurricanes,2024-11-30T18:25:38Z,bovada,Jacolby George,3.5,-150.0,115.0
2024,d0e59b5ef1130b2be0b9b4aa952ca900,2024-11-30T20:30:00Z,Syracuse Orange,Miami Hurricanes,2024-11-30T18:25:38Z,bovada,LeQuint Allen,3.5,-145.0,110.0
2024,d0e59b5ef1130b2be0b9b4aa952ca900,2024-11-30T20:30:00Z,Syracuse Orange,Miami Hurricanes,2024-11-30T18:25:38Z,bovada,Oronde Gadsden II,5.5,-120.0,-110.0
2024,d0e59b5ef1130b2be0b9b4aa952ca900,2024-11-30T20:30:00Z,Syracuse Orange,Miami Hurricanes,2024-11-30T18:25:38Z,bovada,Trebor Pena,4.5,-160.0,120.0
2024,d0e59b5ef1130b2be0b9b4aa952ca900,2024-11-30T20:30:00Z,Syracuse Orange,Miami Hurricanes,2024-11-30T18:25:38Z,bovada,Xavier Restrepo,5.5,-160.0,120.0
2024,62612f868c1aac71bbc52c1617f1deb6,2024-11-30T20:30:00Z,Michigan State Spartans,Rutgers Scarlet Knights,2024-11-30T18:25:38Z,bovada,Dymere Miller,4.5,-115.0,-115.0
2024,62612f868c1aac71bbc52c1617f1deb6,2024-11-30T20:30:00Z,Michigan State Spartans,Rutgers Scarlet Knights,2024-11-30T18:25:38Z,bovada,Ian Strong,3.5,-160.0,120.0
2024,62612f868c1aac71bbc52c1617f1deb6,2024-11-30T20:30:00Z,Michigan State Spartans,Rutgers Scarlet Knights,2024-11-30T18:25:38Z,bovada,KJ Duff,2.5,-105.0,-125.0
2024,62612f868c1aac71bbc52c1617f1deb6,2024-11-30T20:30:00Z,Michigan State Spartans,Rutgers Scarlet Knights,2024-11-30T18:25:38Z,bovada,Kyle Monangai,1.5,140.0,-185.0
2024,62612f868c1aac71bbc52c1617f1deb6,2024-11-30T20:30:00Z,Michigan State Spartans,Rutgers Scarlet Knights,2024-11-30T18:25:38Z,bovada,Montorie Foster Jr.,4.5,115.0,-150.0
2024,62612f868c1aac71bbc52c1617f1deb6,2024-11-30T20:30:00Z,Michigan State Spartans,Rutgers Scarlet Knights,2024-11-30T18:25:38Z,bovada,Nick Marsh,3.5,-150.0,115.0
2024,23040a961a68007ef6cf906458977fe8,2024-11-30T20:30:00Z,USC Trojans,Notre Dame Fighting Irish,2024-11-30T18:25:38Z,bovada,Kyron Hudson,2.5,-125.0,-105.0
2024,23040a961a68007ef6cf906458977fe8,2024-11-30T20:30:00Z,USC Trojans,Notre Dame Fighting Irish,2024-11-30T18:25:38Z,bovada,Makai Lemon,2.5,-170.0,130.0
2024,23040a961a68007ef6cf906458977fe8,2024-11-30T20:30:00Z,USC Trojans,Notre Dame Fighting Irish,2024-11-30T18:25:38Z,bovada,Mitchell Evans,2.5,-115.0,-115.0
2024,23040a961a68007ef6cf906458977fe8,2024-11-30T20:30:00Z,USC Trojans,Notre Dame Fighting Irish,2024-11-30T18:25:38Z,bovada,Zachariah Branch,2.5,-125.0,-105.0
2024,f39617a38ed48d22900c408eee870eb7,2024-11-30T20:30:00Z,Texas A&M Aggies,Texas Longhorns,2024-11-30T18:25:38Z,fanduel,Jahdae Walker,2.5,-120.0,-108.0
2024,f39617a38ed48d22900c408eee870eb7,2024-11-30T20:30:00Z,Texas A&M Aggies,Texas Longhorns,2024-11-30T18:25:38Z,fanduel,Tre Watson,1.5,-138.0,104.0
2024,f39617a38ed48d22900c408eee870eb7,2024-11-30T20:30:00Z,Texas A&M Aggies,Texas Longhorns,2024-11-30T18:25:38Z,fanduel,Silas Bolden,1.5,-140.0,108.0
2024,f39617a38ed48d22900c408eee870eb7,2024-11-30T20:30:00Z,Texas A&M Aggies,Texas Longhorns,2024-11-30T18:25:38Z,fanduel,Noah Thomas,2.5,-106.0,-122.0
2024,f39617a38ed48d22900c408eee870eb7,2024-11-30T20:30:00Z,Texas A&M Aggies,Texas Longhorns,2024-11-30T18:25:38Z,fanduel,Jabre Barber,2.5,-160.0,122.0
2024,f39617a38ed48d22900c408eee870eb7,2024-11-30T20:30:00Z,Texas A&M Aggies,Texas Longhorns,2024-11-30T18:25:38Z,fanduel,Jaydon Blue,1.5,-160.0,122.0
2024,f39617a38ed48d22900c408eee870eb7,2024-11-30T20:30:00Z,Texas A&M Aggies,Texas Longhorns,2024-11-30T18:25:38Z,fanduel,Isaiah Bond,3.5,116.0,-152.0
2024,f39617a38ed48d22900c408eee870eb7,2024-11-30T20:30:00Z,Texas A&M Aggies,Texas Longhorns,2024-11-30T18:25:38Z,fanduel,Gunnar Helm,3.5,-114.0,-114.0
2024,f39617a38ed48d22900c408eee870eb7,2024-11-30T20:30:00Z,Texas A&M Aggies,Texas Longhorns,2024-11-30T18:25:38Z,fanduel,Matthew Golden,3.5,126.0,-165.0
2024,f39617a38ed48d22900c408eee870eb7,2024-11-30T20:30:00Z,Texas A&M Aggies,Texas Longhorns,2024-11-30T18:25:38Z,fanduel,Quintrevion Wisner,2.5,126.0,-165.0
2024,f39617a38ed48d22900c408eee870eb7,2024-11-30T20:30:00Z,Texas A&M Aggies,Texas Longhorns,2024-11-30T18:25:38Z,bovada,Amari Daniels,1.5,135.0,-180.0
2024,f39617a38ed48d22900c408eee870eb7,2024-11-30T20:30:00Z,Texas A&M Aggies,Texas Longhorns,2024-11-30T18:25:38Z,bovada,Gunnar Helm,3.5,-145.0,110.0
2024,f39617a38ed48d22900c408eee870eb7,2024-11-30T20:30:00Z,Texas A&M Aggies,Texas Longhorns,2024-11-30T18:25:38Z,bovada,Isaiah Bond,3.5,-105.0,-125.0
2024,f39617a38ed48d22900c408eee870eb7,2024-11-30T20:30:00Z,Texas A&M Aggies,Texas Longhorns,2024-11-30T18:25:38Z,bovada,Jabre Barber,2.5,-165.0,125.0
2024,f39617a38ed48d22900c408eee870eb7,2024-11-30T20:30:00Z,Texas A&M Aggies,Texas Longhorns,2024-11-30T18:25:38Z,bovada,Jahdae Walker,2.5,-130.0,100.0
2024,f39617a38ed48d22900c408eee870eb7,2024-11-30T20:30:00Z,Texas A&M Aggies,Texas Longhorns,2024-11-30T18:25:38Z,bovada,Matthew Golden,3.5,125.0,-165.0
2024,f39617a38ed48d22900c408eee870eb7,2024-11-30T20:30:00Z,Texas A&M Aggies,Texas Longhorns,2024-11-30T18:25:38Z,bovada,Noah Thomas,3.5,120.0,-160.0
2024,f39617a38ed48d22900c408eee870eb7,2024-11-30T20:30:00Z,Texas A&M Aggies,Texas Longhorns,2024-11-30T18:25:38Z,bovada,Quintrevion Wisner,2.5,110.0,-145.0
2024,c8f38cf5e36c0f3754d248203cd3c669,2024-11-30T23:00:00Z,Cincinnati Bearcats,TCU Horned Frogs,2024-11-30T20:55:38Z,bovada,Eric McAlister,3.5,105.0,-135.0
2024,c8f38cf5e36c0f3754d248203cd3c669,2024-11-30T23:00:00Z,Cincinnati Bearcats,TCU Horned Frogs,2024-11-30T20:55:38Z,bovada,Jack Bech,4.5,-115.0,-115.0
2024,c8f38cf5e36c0f3754d248203cd3c669,2024-11-30T23:00:00Z,Cincinnati Bearcats,TCU Horned Frogs,2024-11-30T20:55:38Z,bovada,JP Richardson,4.5,-135.0,105.0
2024,c8f38cf5e36c0f3754d248203cd3c669,2024-11-30T23:00:00Z,Cincinnati Bearcats,TCU Horned Frogs,2024-11-30T20:55:38Z,bovada,Tony Johnson,4.5,-130.0,100.0
2024,c8f38cf5e36c0f3754d248203cd3c669,2024-11-30T23:00:00Z,Cincinnati Bearcats,TCU Horned Frogs,2024-11-30T20:55:38Z,bovada,Xzavier Henderson,4.5,110.0,-145.0
2024,f1e6dcdcb70e6355702273b9aae23dec,2024-11-30T23:30:00Z,Washington State Cougars,Wyoming Cowboys,2024-11-30T21:25:38Z,bovada,Kyle Williams,5.5,115.0,-150.0
2024,404a0f56860d11dbcdeffc938a9c1536,2024-12-01T00:00:00Z,Indiana Hoosiers,Purdue Boilermakers,2024-11-30T21:55:38Z,bovada,Jahmal Edrine,3.5,-105.0,-125.0
2024,404a0f56860d11dbcdeffc938a9c1536,2024-12-01T00:00:00Z,Indiana Hoosiers,Purdue Boilermakers,2024-11-30T21:55:38Z,bovada,Max Klare,3.5,-135.0,105.0
2024,cd9a6db9aebe9411dd67fc582c1fd013,2024-12-01T00:00:00Z,LSU Tigers,Oklahoma Sooners,2024-11-30T21:55:38Z,fanduel,Kyren Lacy,5.5,-102.0,-128.0
2024,cd9a6db9aebe9411dd67fc582c1fd013,2024-12-01T00:00:00Z,LSU Tigers,Oklahoma Sooners,2024-11-30T21:55:38Z,fanduel,Mason Taylor,3.5,-128.0,-102.0
2024,cd9a6db9aebe9411dd67fc582c1fd013,2024-12-01T00:00:00Z,LSU Tigers,Oklahoma Sooners,2024-11-30T21:55:38Z,fanduel,Brenen Thompson,2.5,144.0,-190.0
2024,cd9a6db9aebe9411dd67fc582c1fd013,2024-12-01T00:00:00Z,LSU Tigers,Oklahoma Sooners,2024-11-30T21:55:38Z,fanduel,Aaron Anderson,5.5,126.0,-165.0
2024,cd9a6db9aebe9411dd67fc582c1fd013,2024-12-01T00:00:00Z,LSU Tigers,Oklahoma Sooners,2024-11-30T21:55:38Z,fanduel,Bauer Sharp,3.5,116.0,-152.0
2024,cd9a6db9aebe9411dd67fc582c1fd013,2024-12-01T00:00:00Z,LSU Tigers,Oklahoma Sooners,2024-11-30T21:55:38Z,bovada,Aaron Anderson,4.5,-160.0,120.0
2024,cd9a6db9aebe9411dd67fc582c1fd013,2024-12-01T00:00:00Z,LSU Tigers,Oklahoma Sooners,2024-11-30T21:55:38Z,bovada,Bauer Sharp,2.5,105.0,-135.0
2024,cd9a6db9aebe9411dd67fc582c1fd013,2024-12-01T00:00:00Z,LSU Tigers,Oklahoma Sooners,2024-11-30T21:55:38Z,bovada,Kyren Lacy,5.5,120.0,-160.0
2024,cd9a6db9aebe9411dd67fc582c1fd013,2024-12-01T00:00:00Z,LSU Tigers,Oklahoma Sooners,2024-11-30T21:55:38Z,bovada,Mason Taylor,3.5,-115.0,-115.0
2024,217c7e995825ff86bac4a711020ca768,2024-12-01T00:30:00Z,Iowa State Cyclones,Kansas State Wildcats,2024-11-30T22:25:38Z,fanduel,Jaylin Noel,5.5,136.0,-178.0
2024,217c7e995825ff86bac4a711020ca768,2024-12-01T00:30:00Z,Iowa State Cyclones,Kansas State Wildcats,2024-11-30T22:25:38Z,fanduel,Jayce Brown,3.5,126.0,-165.0
2024,217c7e995825ff86bac4a711020ca768,2024-12-01T00:30:00Z,Iowa State Cyclones,Kansas State Wildcats,2024-11-30T22:25:38Z,fanduel,Jayden Higgins,6.5,-114.0,-114.0
2024,217c7e995825ff86bac4a711020ca768,2024-12-01T00:30:00Z,Iowa State Cyclones,Kansas State Wildcats,2024-11-30T22:25:38Z,bovada,Jayden Higgins,6.5,-115.0,-115.0
2024,217c7e995825ff86bac4a711020ca768,2024-12-01T00:30:00Z,Iowa State Cyclones,Kansas State Wildcats,2024-11-30T22:25:38Z,bovada,Jaylin Noel,5.5,120.0,-160.0
2024,1e7108944df3eeadddb401bc2c56a000,2024-12-01T03:15:00Z,BYU Cougars,Houston Cougars,2024-12-01T01:10:38Z,bovada,Chase Roberts,4.5,-125.0,-105.0
2024,e85506bcac215c46f2dff4d543b1af44,2024-12-07T00:00:00Z,Jacksonville State Gamecocks,Western Kentucky Hilltoppers,2024-12-06T21:55:39Z,fanduel,Michael Pettway,2.5,108.0,-140.0
2024,e85506bcac215c46f2dff4d543b1af44,2024-12-07T00:00:00Z,Jacksonville State Gamecocks,Western Kentucky Hilltoppers,2024-12-06T21:55:39Z,fanduel,Kisean Johnson,5.5,-102.0,-128.0
2024,e85506bcac215c46f2dff4d543b1af44,2024-12-07T00:00:00Z,Jacksonville State Gamecocks,Western Kentucky Hilltoppers,2024-12-06T21:55:39Z,fanduel,Dalvin Smith,2.5,-144.0,110.0
2024,e85506bcac215c46f2dff4d543b1af44,2024-12-07T00:00:00Z,Jacksonville State Gamecocks,Western Kentucky Hilltoppers,2024-12-06T21:55:39Z,fanduel,Easton Messer,4.5,116.0,-152.0
2024,e85506bcac215c46f2dff4d543b1af44,2024-12-07T00:00:00Z,Jacksonville State Gamecocks,Western Kentucky Hilltoppers,2024-12-06T21:55:39Z,fanduel,Elijah Young,3.5,-128.0,-102.0
2024,e85506bcac215c46f2dff4d543b1af44,2024-12-07T00:00:00Z,Jacksonville State Gamecocks,Western Kentucky Hilltoppers,2024-12-06T21:55:39Z,fanduel,Cam Vaughn,2.5,122.0,-160.0
2024,e85506bcac215c46f2dff4d543b1af44,2024-12-07T00:00:00Z,Jacksonville State Gamecocks,Western Kentucky Hilltoppers,2024-12-06T21:55:39Z,bovada,Dalvin Smith,2.5,-130.0,100.0
2024,e85506bcac215c46f2dff4d543b1af44,2024-12-07T00:00:00Z,Jacksonville State Gamecocks,Western Kentucky Hilltoppers,2024-12-06T21:55:39Z,bovada,Easton Messer,4.5,120.0,-160.0
2024,e85506bcac215c46f2dff4d543b1af44,2024-12-07T00:00:00Z,Jacksonville State Gamecocks,Western Kentucky Hilltoppers,2024-12-06T21:55:39Z,bovada,Elijah Young,3.5,100.0,-130.0
2024,e85506bcac215c46f2dff4d543b1af44,2024-12-07T00:00:00Z,Jacksonville State Gamecocks,Western Kentucky Hilltoppers,2024-12-06T21:55:39Z,bovada,Kisean Johnson,5.5,-135.0,105.0
2024,e85506bcac215c46f2dff4d543b1af44,2024-12-07T00:00:00Z,Jacksonville State Gamecocks,Western Kentucky Hilltoppers,2024-12-06T21:55:39Z,bovada,Michael Pettway,2.5,105.0,-135.0
2024,2a7cb192af99e4ee970ad8298c4f7389,2024-12-07T01:00:00Z,Army Black Knights,Tulane Green Wave,2024-12-06T22:55:38Z,fanduel,Yulkeith Brown,2.5,112.0,-146.0
2024,2a7cb192af99e4ee970ad8298c4f7389,2024-12-07T01:00:00Z,Army Black Knights,Tulane Green Wave,2024-12-06T22:55:38Z,fanduel,Dontae Fleming,1.5,-168.0,128.0
2024,2a7cb192af99e4ee970ad8298c4f7389,2024-12-07T01:00:00Z,Army Black Knights,Tulane Green Wave,2024-12-06T22:55:38Z,fanduel,Mario Williams,3.5,-110.0,-118.0
2024,2a7cb192af99e4ee970ad8298c4f7389,2024-12-07T01:00:00Z,Army Black Knights,Tulane Green Wave,2024-12-06T22:55:38Z,bovada,Casey Reynolds,1.5,-105.0,-125.0
2024,2a7cb192af99e4ee970ad8298c4f7389,2024-12-07T01:00:00Z,Army Black Knights,Tulane Green Wave,2024-12-06T22:55:38Z,bovada,Dontae Fleming,2.5,130.0,-170.0
2024,2a7cb192af99e4ee970ad8298c4f7389,2024-12-07T01:00:00Z,Army Black Knights,Tulane Green Wave,2024-12-06T22:55:38Z,bovada,Makhi Hughes,1.5,140.0,-185.0
2024,2a7cb192af99e4ee970ad8298c4f7389,2024-12-07T01:00:00Z,Army Black Knights,Tulane Green Wave,2024-12-06T22:55:38Z,bovada,Mario Williams,3.5,110.0,-145.0
2024,2a7cb192af99e4ee970ad8298c4f7389,2024-12-07T01:00:00Z,Army Black Knights,Tulane Green Wave,2024-12-06T22:55:38Z,bovada,Yulkeith Brown,2.5,145.0,-190.0
2024,e528617ed0a91d4ee71629b8868c11d9,2024-12-07T01:00:00Z,Boise State Broncos,UNLV Rebels,2024-12-06T22:55:38Z,fanduel,Ricky White III,6.5,-114.0,-114.0
2024,e528617ed0a91d4ee71629b8868c11d9,2024-12-07T01:00:00Z,Boise State Broncos,UNLV Rebels,2024-12-06T22:55:38Z,fanduel,Latrell Caples,3.5,-102.0,-128.0
2024,e528617ed0a91d4ee71629b8868c11d9,2024-12-07T01:00:00Z,Boise State Broncos,UNLV Rebels,2024-12-06T22:55:38Z,fanduel,Matt Lauter,3.5,-108.0,-120.0
2024,e528617ed0a91d4ee71629b8868c11d9,2024-12-07T01:00:00Z,Boise State Broncos,UNLV Rebels,2024-12-06T22:55:38Z,fanduel,Cameron Camper,4.5,102.0,-132.0
2024,e528617ed0a91d4ee71629b8868c11d9,2024-12-07T01:00:00Z,Boise State Broncos,UNLV Rebels,2024-12-06T22:55:38Z,bovada,Ashton Jeanty,1.5,-165.0,125.0
2024,e528617ed0a91d4ee71629b8868c11d9,2024-12-07T01:00:00Z,Boise State Broncos,UNLV Rebels,2024-12-06T22:55:38Z,bovada,Cameron Camper,4.5,-125.0,-105.0
2024,e528617ed0a91d4ee71629b8868c11d9,2024-12-07T01:00:00Z,Boise State Broncos,UNLV Rebels,2024-12-06T22:55:38Z,bovada,Jacob De Jesus,2.5,110.0,-145.0
2024,e528617ed0a91d4ee71629b8868c11d9,2024-12-07T01:00:00Z,Boise State Broncos,UNLV Rebels,2024-12-06T22:55:38Z,bovada,Latrell Caples,3.5,-105.0,-125.0
2024,e528617ed0a91d4ee71629b8868c11d9,2024-12-07T01:00:00Z,Boise State Broncos,UNLV Rebels,2024-12-06T22:55:38Z,bovada,Matt Lauter,3.5,-125.0,-105.0
2024,e528617ed0a91d4ee71629b8868c11d9,2024-12-07T01:00:00Z,Boise State Broncos,UNLV Rebels,2024-12-06T22:55:38Z,bovada,Ricky White III,6.5,115.0,-150.0
2024,30f75a68014813a6b3854e1ad8d0ed3d,2024-12-07T17:00:00Z,Arizona State Sun Devils,Iowa State Cyclones,2024-12-07T14:55:38Z,fanduel,Jaylin Noel,5.5,102.0,-132.0
2024,30f75a68014813a6b3854e1ad8d0ed3d,2024-12-07T17:00:00Z,Arizona State Sun Devils,Iowa State Cyclones,2024-12-07T14:55:38Z,fanduel,Jayden Higgins,5.5,-140.0,108.0
2024,30f75a68014813a6b3854e1ad8d0ed3d,2024-12-07T17:00:00Z,Arizona State Sun Devils,Iowa State Cyclones,2024-12-07T14:55:38Z,bovada,Cam Skattebo,4.5,120.0,-160.0
2024,30f75a68014813a6b3854e1ad8d0ed3d,2024-12-07T17:00:00Z,Arizona State Sun Devils,Iowa State Cyclones,2024-12-07T14:55:38Z,bovada,Jayden Higgins,5.5,-150.0,115.0
2024,30f75a68014813a6b3854e1ad8d0ed3d,2024-12-07T17:00:00Z,Arizona State Sun Devils,Iowa State Cyclones,2024-12-07T14:55:38Z,bovada,Jaylin Noel,5.5,-115.0,-115.0
2024,30f75a68014813a6b3854e1ad8d0ed3d,2024-12-07T17:00:00Z,Arizona State Sun Devils,Iowa State Cyclones,2024-12-07T14:55:38Z,bovada,Xavier Guillory,2.5,-185.0,140.0
2024,c07572934b96405faa9089480a38e510,2024-12-07T17:00:00Z,Miami (OH) RedHawks,Ohio Bobcats,2024-12-07T14:55:38Z,fanduel,Reggie Virgil,3.5,-102.0,-128.0
2024,c07572934b96405faa9089480a38e510,2024-12-07T17:00:00Z,Miami (OH) RedHawks,Ohio Bobcats,2024-12-07T14:55:38Z,fanduel,Cade McDonald,3.5,-156.0,120.0
2024,c07572934b96405faa9089480a38e510,2024-12-07T17:00:00Z,Miami (OH) RedHawks,Ohio Bobcats,2024-12-07T14:55:38Z,fanduel,Chase Hendricks,2.5,136.0,-178.0
2024,c07572934b96405faa9089480a38e510,2024-12-07T17:00:00Z,Miami (OH) RedHawks,Ohio Bobcats,2024-12-07T14:55:38Z,fanduel,Javon Tracy,3.5,-128.0,-102.0
2024,c07572934b96405faa9089480a38e510,2024-12-07T17:00:00Z,Miami (OH) RedHawks,Ohio Bobcats,2024-12-07T14:55:38Z,fanduel,Coleman Owen,4.5,112.0,-146.0
2024,c07572934b96405faa9089480a38e510,2024-12-07T17:00:00Z,Miami (OH) RedHawks,Ohio Bobcats,2024-12-07T14:55:38Z,bovada,Cade McDonald,3.5,-135.0,105.0
2024,c07572934b96405faa9089480a38e510,2024-12-07T17:00:00Z,Miami (OH) RedHawks,Ohio Bobcats,2024-12-07T14:55:38Z,bovada,Chase Hendricks,1.5,-180.0,135.0
2024,c07572934b96405faa9089480a38e510,2024-12-07T17:00:00Z,Miami (OH) RedHawks,Ohio Bobcats,2024-12-07T14:55:38Z,bovada,Coleman Owen,3.5,-145.0,110.0
2024,c07572934b96405faa9089480a38e510,2024-12-07T17:00:00Z,Miami (OH) RedHawks,Ohio Bobcats,2024-12-07T14:55:38Z,bovada,Javon Tracy,4.5,120.0,-160.0
2024,c07572934b96405faa9089480a38e510,2024-12-07T17:00:00Z,Miami (OH) RedHawks,Ohio Bobcats,2024-12-07T14:55:38Z,bovada,Reggie Virgil,3.5,-115.0,-115.0
2024,0543dfbfdf9f0bf86a798b7723d75a3e,2024-12-07T21:00:00Z,Texas Longhorns,Georgia Bulldogs,2024-12-07T18:55:38Z,fanduel,Dominic Lovett,4.5,-108.0,-120.0
2024,0543dfbfdf9f0bf86a798b7723d75a3e,2024-12-07T21:00:00Z,Texas Longhorns,Georgia Bulldogs,2024-12-07T18:55:38Z,fanduel,Lawson Luckie,1.5,-146.0,112.0
2024,0543dfbfdf9f0bf86a798b7723d75a3e,2024-12-07T21:00:00Z,Texas Longhorns,Georgia Bulldogs,2024-12-07T18:55:38Z,fanduel,Matthew Golden,2.5,-138.0,106.0
2024,0543dfbfdf9f0bf86a798b7723d75a3e,2024-12-07T21:00:00Z,Texas Longhorns,Georgia Bulldogs,2024-12-07T18:55:38Z,fanduel,Dillon Bell,3.5,122.0,-160.0
2024,0543dfbfdf9f0bf86a798b7723d75a3e,2024-12-07T21:00:00Z,Texas Longhorns,Georgia Bulldogs,2024-12-07T18:55:38Z,fanduel,Quintrevion Wisner,2.5,-146.0,112.0
2024,0543dfbfdf9f0bf86a798b7723d75a3e,2024-12-07T21:00:00Z,Texas Longhorns,Georgia Bulldogs,2024-12-07T18:55:38Z,fanduel,Arian Smith,2.5,-102.0,-128.0
2024,0543dfbfdf9f0bf86a798b7723d75a3e,2024-12-07T21:00:00Z,Texas Longhorns,Georgia Bulldogs,2024-12-07T18:55:38Z,fanduel,Gunnar Helm,4.5,-102.0,-128.0
2024,0543dfbfdf9f0bf86a798b7723d75a3e,2024-12-07T21:00:00Z,Texas Longhorns,Georgia Bulldogs,2024-12-07T18:55:38Z,fanduel,Isaiah Bond,3.5,134.0,-176.0
2024,0543dfbfdf9f0bf86a798b7723d75a3e,2024-12-07T21:00:00Z,Texas Longhorns,Georgia Bulldogs,2024-12-07T18:55:38Z,bovada,Arian Smith,3.5,120.0,-160.0
2024,0543dfbfdf9f0bf86a798b7723d75a3e,2024-12-07T21:00:00Z,Texas Longhorns,Georgia Bulldogs,2024-12-07T18:55:38Z,bovada,Dillon Bell,3.5,120.0,-160.0
2024,0543dfbfdf9f0bf86a798b7723d75a3e,2024-12-07T21:00:00Z,Texas Longhorns,Georgia Bulldogs,2024-12-07T18:55:38Z,bovada,Dominic Lovett,4.5,-115.0,-115.0
2024,0543dfbfdf9f0bf86a798b7723d75a3e,2024-12-07T21:00:00Z,Texas Longhorns,Georgia Bulldogs,2024-12-07T18:55:38Z,bovada,Gunnar Helm,4.5,-120.0,-110.0
2024,0543dfbfdf9f0bf86a798b7723d75a3e,2024-12-07T21:00:00Z,Texas Longhorns,Georgia Bulldogs,2024-12-07T18:55:38Z,bovada,Jaydon Blue,1.5,-125.0,-105.0
2024,0543dfbfdf9f0bf86a798b7723d75a3e,2024-12-07T21:00:00Z,Texas Longhorns,Georgia Bulldogs,2024-12-07T18:55:38Z,bovada,Lawson Luckie,2.5,140.0,-185.0
2024,0543dfbfdf9f0bf86a798b7723d75a3e,2024-12-07T21:00:00Z,Texas Longhorns,Georgia Bulldogs,2024-12-07T18:55:38Z,bovada,Matthew Golden,3.5,120.0,-160.0
2024,0543dfbfdf9f0bf86a798b7723d75a3e,2024-12-07T21:00:00Z,Texas Longhorns,Georgia Bulldogs,2024-12-07T18:55:38Z,bovada,Nate Frazier,1.5,-115.0,-115.0
2024,0543dfbfdf9f0bf86a798b7723d75a3e,2024-12-07T21:00:00Z,Texas Longhorns,Georgia Bulldogs,2024-12-07T18:55:38Z,bovada,Oscar Delp,1.5,-115.0,-115.0
2024,0543dfbfdf9f0bf86a798b7723d75a3e,2024-12-07T21:00:00Z,Texas Longhorns,Georgia Bulldogs,2024-12-07T18:55:38Z,bovada,Quintrevion Wisner,2.5,-160.0,120.0
2024,112a900c2fddd88b81b2e49e367f9257,2024-12-08T00:30:00Z,Louisiana Ragin Cajuns,Marshall Thundering Herd,2024-12-07T22:25:38Z,fanduel,Toby Payne,1.5,-140.0,108.0
2024,112a900c2fddd88b81b2e49e367f9257,2024-12-08T00:30:00Z,Louisiana Ragin Cajuns,Marshall Thundering Herd,2024-12-07T22:25:38Z,fanduel,Lance LeGendre,4.5,112.0,-146.0
2024,112a900c2fddd88b81b2e49e367f9257,2024-12-08T00:30:00Z,Louisiana Ragin Cajuns,Marshall Thundering Herd,2024-12-07T22:25:38Z,fanduel,Chuck Montgomery,2.5,-114.0,-114.0
2024,112a900c2fddd88b81b2e49e367f9257,2024-12-08T00:30:00Z,Louisiana Ragin Cajuns,Marshall Thundering Herd,2024-12-07T22:25:38Z,fanduel,Terrance Carter,3.5,-164.0,125.0
2024,112a900c2fddd88b81b2e49e367f9257,2024-12-08T00:30:00Z,Louisiana Ragin Cajuns,Marshall Thundering Herd,2024-12-07T22:25:38Z,fanduel,Harvey Broussard,2.5,116.0,-152.0
2024,112a900c2fddd88b81b2e49e367f9257,2024-12-08T00:30:00Z,Louisiana Ragin Cajuns,Marshall Thundering Herd,2024-12-07T22:25:38Z,fanduel,Christian Fitzpatrick,2.5,-114.0,-114.0
2024,071d046fb495ff25136408752a5e4235,2024-12-08T01:00:00Z,SMU Mustangs,Clemson Tigers,2024-12-07T22:55:38Z,fanduel,Brashard Smith,2.5,-146.0,112.0
2024,071d046fb495ff25136408752a5e4235,2024-12-08T01:00:00Z,SMU Mustangs,Clemson Tigers,2024-12-07T22:55:38Z,fanduel,Key'Shawn Smith,3.5,-114.0,-114.0
2024,071d046fb495ff25136408752a5e4235,2024-12-08T01:00:00Z,SMU Mustangs,Clemson Tigers,2024-12-07T22:55:38Z,fanduel,Antonio Williams,5.5,116.0,-152.0
2024,071d046fb495ff25136408752a5e4235,2024-12-08T01:00:00Z,SMU Mustangs,Clemson Tigers,2024-12-07T22:55:38Z,fanduel,TJ Moore,3.5,-114.0,-114.0
2024,071d046fb495ff25136408752a5e4235,2024-12-08T01:00:00Z,SMU Mustangs,Clemson Tigers,2024-12-07T22:55:38Z,fanduel,Jake Briningstool,3.5,122.0,-160.0
2024,071d046fb495ff25136408752a5e4235,2024-12-08T01:00:00Z,SMU Mustangs,Clemson Tigers,2024-12-07T22:55:38Z,fanduel,Bryant Wesco Jr.,3.5,-144.0,110.0
2024,071d046fb495ff25136408752a5e4235,2024-12-08T01:00:00Z,SMU Mustangs,Clemson Tigers,2024-12-07T22:55:38Z,fanduel,Roderick Daniels Jr,3.5,-146.0,112.0
2024,071d046fb495ff25136408752a5e4235,2024-12-08T01:00:00Z,SMU Mustangs,Clemson Tigers,2024-12-07T22:55:38Z,fanduel,Jordan Hudson,2.5,-128.0,-102.0
2024,071d046fb495ff25136408752a5e4235,2024-12-08T01:00:00Z,SMU Mustangs,Clemson Tigers,2024-12-07T22:55:38Z,bovada,Antonio Williams,5.5,100.0,-130.0
2024,071d046fb495ff25136408752a5e4235,2024-12-08T01:00:00Z,SMU Mustangs,Clemson Tigers,2024-12-07T22:55:38Z,bovada,Bryant Wesco Jr.,3.5,-150.0,115.0
2024,071d046fb495ff25136408752a5e4235,2024-12-08T01:00:00Z,SMU Mustangs,Clemson Tigers,2024-12-07T22:55:38Z,bovada,Key'Shawn Smith,3.5,100.0,-130.0
2024,071d046fb495ff25136408752a5e4235,2024-12-08T01:00:00Z,SMU Mustangs,Clemson Tigers,2024-12-07T22:55:38Z,bovada,TJ Moore,3.5,-130.0,100.0
2024,50d74ba6fb9d4386671296eb4faeff82,2024-12-08T01:00:00Z,Oregon Ducks,Penn State Nittany Lions,2024-12-07T22:55:38Z,fanduel,Tyler Warren,5.5,-148.0,114.0
2024,50d74ba6fb9d4386671296eb4faeff82,2024-12-08T01:00:00Z,Oregon Ducks,Penn State Nittany Lions,2024-12-07T22:55:38Z,fanduel,Terrance Ferguson,3.5,-140.0,108.0
2024,50d74ba6fb9d4386671296eb4faeff82,2024-12-08T01:00:00Z,Oregon Ducks,Penn State Nittany Lions,2024-12-07T22:55:38Z,fanduel,Tez Johnson,6.5,-114.0,-114.0
2024,50d74ba6fb9d4386671296eb4faeff82,2024-12-08T01:00:00Z,Oregon Ducks,Penn State Nittany Lions,2024-12-07T22:55:38Z,fanduel,Nicholas Singleton,3.5,108.0,-140.0
2024,50d74ba6fb9d4386671296eb4faeff82,2024-12-08T01:00:00Z,Oregon Ducks,Penn State Nittany Lions,2024-12-07T22:55:38Z,fanduel,Evan Stewart,3.5,122.0,-160.0
2024,50d74ba6fb9d4386671296eb4faeff82,2024-12-08T01:00:00Z,Oregon Ducks,Penn State Nittany Lions,2024-12-07T22:55:38Z,fanduel,Jordan James,1.5,-198.0,150.0
2024,50d74ba6fb9d4386671296eb4faeff82,2024-12-08T01:00:00Z,Oregon Ducks,Penn State Nittany Lions,2024-12-07T22:55:38Z,fanduel,Traeshon Holden,2.5,-128.0,-102.0
2024,50d74ba6fb9d4386671296eb4faeff82,2024-12-08T01:00:00Z,Oregon Ducks,Penn State Nittany Lions,2024-12-07T22:55:38Z,bovada,Evan Stewart,3.5,110.0,-145.0
2024,50d74ba6fb9d4386671296eb4faeff82,2024-12-08T01:00:00Z,Oregon Ducks,Penn State Nittany Lions,2024-12-07T22:55:38Z,bovada,Nicholas Singleton,3.5,120.0,-160.0
2024,50d74ba6fb9d4386671296eb4faeff82,2024-12-08T01:00:00Z,Oregon Ducks,Penn State Nittany Lions,2024-12-07T22:55:38Z,bovada,Terrance Ferguson,3.5,-135.0,105.0
2024,50d74ba6fb9d4386671296eb4faeff82,2024-12-08T01:00:00Z,Oregon Ducks,Penn State Nittany Lions,2024-12-07T22:55:38Z,bovada,Tez Johnson,5.5,-130.0,100.0
2024,50d74ba6fb9d4386671296eb4faeff82,2024-12-08T01:00:00Z,Oregon Ducks,Penn State Nittany Lions,2024-12-07T22:55:38Z,bovada,Traeshon Holden,2.5,-160.0,120.0
2024,50d74ba6fb9d4386671296eb4faeff82,2024-12-08T01:00:00Z,Oregon Ducks,Penn State Nittany Lions,2024-12-07T22:55:38Z,bovada,Tyler Warren,6.5,105.0,-135.0
2024,2cfb2f7d9fabef29d5d3e119f9da1c48,2024-12-14T20:00:00Z,Army Black Knights,Navy Midshipmen,2024-12-14T17:55:38Z,bovada,Casey Reynolds,1.5,100.0,-130.0
2024,c63fab4c9cb95b883f9349d582bb34c0,2024-12-15T02:00:00Z,Western Michigan Broncos,South Alabama Jaguars,2024-12-14T23:55:37Z,fanduel,Jamaal Pritchett,7.5,-128.0,-102.0
2024,c63fab4c9cb95b883f9349d582bb34c0,2024-12-15T02:00:00Z,Western Michigan Broncos,South Alabama Jaguars,2024-12-14T23:55:37Z,bovada,Devin Voisin,2.5,105.0,-135.0
2024,c63fab4c9cb95b883f9349d582bb34c0,2024-12-15T02:00:00Z,Western Michigan Broncos,South Alabama Jaguars,2024-12-14T23:55:37Z,bovada,Jamaal Pritchett,7.5,-150.0,115.0
2024,c63fab4c9cb95b883f9349d582bb34c0,2024-12-15T02:00:00Z,Western Michigan Broncos,South Alabama Jaguars,2024-12-14T23:55:37Z,bovada,Jeremiah Webb,3.5,130.0,-170.0
