version,stat,player,market,weekend,team,opponent,gp,rec_share,team_spread,pff_matched,stability,pred,actual,ref_line,ref_p_over,ref_market_over,over_ev,over_p,over_price,over_line,over_book,over_res,over_units,under_ev,under_p,under_price,under_line,under_book,under_res,under_units
pff,receptions,Umari Hatcher,Receptions,2026-09-19,Syracuse,Pittsburgh,2,0.3018181818181818,10.5,1,,5.59,3.0,5.5,0.4595,0.4693877551020408,-0.08099999999999996,0.4595,100.0,5.5,betonlineag,L,-1.0,-0.04373076923076924,0.5405,-130.0,5.5,betonlineag,W,0.7692307692307693
pff,receptions,Cooper Barkate,Receptions,2026-09-19,Miami,Wake Forest,2,0.1037037037037037,-20.5,1,,2.92,4.0,3.5,0.294,0.5904601300891351,-0.5350697674418604,0.294,-172.0,3.5,fanduel,W,0.5813953488372093,0.60968,0.706,128.0,3.5,fanduel,L,-1.0
pff,receptions,Carlos Hernandez,Receptions,2026-09-19,Wake Forest,Miami,2,0.30113636363636365,20.5,1,,4.83,10.0,4.5,0.508,0.563470066518847,-0.15778947368421048,0.508,-152.0,4.5,fanduel,W,0.6578947368421053,0.05287999999999993,0.492,114.0,4.5,fanduel,L,-1.0
pff,receptions,Malachi Toney,Receptions,2026-09-19,Miami,Wake Forest,2,0.2740740740740741,-20.5,1,,6.58,12.0,6.5,0.4575,0.5141838223374939,-0.16749999999999998,0.4575,-122.0,6.5,fanduel,W,0.819672131147541,0.04481481481481475,0.5425,-108.0,6.5,fanduel,L,-1.0
pff,receptions,Coy Eakin,Receptions,2026-09-19,Texas Tech,Houston,2,0.1813186813186813,-7.5,1,,3.28,3.0,3.5,0.416,0.5,-0.2190877192982456,0.416,-114.0,3.5,fanduel,L,-1.0,0.09628070175438591,0.584,-114.0,3.5,fanduel,W,0.8771929824561403
pff,receptions,Patrick Overmyer,Receptions,2026-09-19,Houston,Texas Tech,2,0.21666666666666667,7.5,1,,3.26,8.0,3.5,0.4125,0.4391556877744723,-0.11725000000000008,0.4125,114.0,3.5,fanduel,W,1.14,-0.015540540540540493,0.5875,-148.0,3.5,fanduel,L,-1.0
pff,receptions,Amare Thomas,Receptions,2026-09-19,Houston,Texas Tech,2,0.30000000000000004,7.5,1,,5.11,7.0,4.5,0.569,0.571741584224155,-0.070873417721519,0.569,-158.0,4.5,fanduel,W,0.6329113924050633,0.18314285714285705,0.606,-105.0,5.5,betonlineag,L,-1.0
pff,receptions,Koby Young,Receptions,2026-09-19,Houston,Texas Tech,2,0.125,7.5,1,,2.73,2.0,1.5,0.71,0.47591522157996147,0.39269230769230773,0.71,-104.0,1.5,fanduel,W,0.9615384615384616,-0.02497244094488188,0.5455,-127.0,2.5,betonlineag,W,0.7874015748031497
pff,receptions,Kenny Johnson,Receptions,2026-09-19,Texas Tech,Houston,2,0.19597069597069597,-7.5,1,,4.08,4.0,4.5,0.39,0.3993154592127781,-0.08739999999999992,0.39,134.0,4.5,fanduel,L,-1.0,-0.05111111111111111,0.61,-180.0,4.5,fanduel,W,0.5555555555555556
pff,receptions,Trent Walker,Receptions,2026-09-19,Houston,Texas Tech,2,0.11666666666666667,7.5,1,,2.41,2.0,2.5,0.4035,0.4451682953311618,-0.15264999999999995,0.4035,110.0,2.5,fanduel,L,-1.0,0.005061643835616414,0.5965,-146.0,2.5,fanduel,W,0.684931506849315
pff,receptions,J'Koby Williams,Receptions,2026-09-19,Texas Tech,Houston,2,0.20146520146520147,-7.5,1,,3.03,3.0,2.5,0.527,0.48987854251012153,0.006090909090909147,0.527,-110.0,2.5,espnbet,W,0.9090909090909091,-0.13283333333333336,0.473,-120.0,2.5,espnbet,L,-1.0
pff,receptions,Cameron Dickey,Receptions,2026-09-19,Texas Tech,Houston,2,0.038461538461538464,-7.5,1,,1.46,1.0,1.5,0.385,0.35443037974683544,-0.01824999999999999,0.385,155.0,1.5,fliff,L,-1.0,-0.139,0.615,-250.0,1.5,fliff,W,0.4
pff,receptions,Omarion Miller,Receptions,2026-09-19,Arizona State,Kansas,2,0.36813186813186816,-5.5,1,,6.37,3.0,5.5,0.609,0.4414696667616063,0.29108,0.609,112.0,5.5,fanduel,L,-1.0,-0.3448108108108108,0.391,-148.0,5.5,fanduel,W,0.6756756756756757
pff,receptions,Keaton Kubecka,Receptions,2026-09-19,Kansas,Arizona State,2,0.1349206349206349,5.5,1,,2.7,1.0,3.5,0.2715,0.40640759418570166,-0.37555,0.2715,130.0,3.5,fanduel,L,-1.0,0.14717816091954022,0.7285,-174.0,3.5,fanduel,W,0.5747126436781609
pff,receptions,Reed Harris,Receptions,2026-09-19,Arizona State,Kansas,2,0.32967032967032966,-5.5,1,,5.96,4.0,4.5,0.719,0.4718423169750603,0.42390196078431364,0.719,-102.0,4.5,fanduel,L,-1.0,-0.5028461538461537,0.281,-130.0,4.5,fanduel,W,0.7692307692307693
pff,receptions,Nik McMillan,Receptions,2026-09-19,Kansas,Arizona State,2,0.23809523809523808,5.5,1,,3.37,4.0,3.5,0.4275,0.41703248463564524,-0.04239999999999999,0.4275,124.0,3.5,fanduel,W,1.24,-0.08262048192771082,0.5725,-166.0,3.5,fanduel,L,-1.0
pff,receptions,Omari Hayes,Receptions,2026-09-19,Iowa State,Bowling Green,2,0.26111111111111107,-22.5,1,,2.73,1.0,2.5,0.4545,0.5306122448979592,-0.19588461538461532,0.4545,-130.0,2.5,betonlineag,L,-1.0,0.09099999999999997,0.5455,100.0,2.5,betonlineag,W,1.0
pff,receptions,Jordan Shipp,Receptions,2026-09-19,North Carolina,Clemson,2,0.21180555555555555,3.0,1,,3.88,6.0,5.5,0.2235,0.40640759418570166,-0.48594999999999994,0.2235,130.0,5.5,fanduel,W,1.3,0.2227643678160919,0.7765,-174.0,5.5,fanduel,L,-1.0
pff,receptions,T.J. Moore,Receptions,2026-09-19,Clemson,North Carolina,2,0.31785714285714284,-3.0,1,,4.79,7.0,3.5,0.681,0.5281576830249397,0.20484615384615396,0.681,-130.0,3.5,fanduel,W,0.7692307692307693,-0.36825490196078436,0.319,-102.0,3.5,fanduel,L,-1.0
pff,receptions,Jelani Thurman,Receptions,2026-09-19,North Carolina,Clemson,2,0.2361111111111111,3.0,1,,3.67,3.0,3.5,0.468,0.48581617766250607,-0.09866666666666668,0.468,-108.0,3.5,fanduel,L,-1.0,-0.031934426229508206,0.532,-122.0,3.5,fanduel,W,0.819672131147541
pff,receptions,Mason Humphrey,Receptions,2026-09-19,North Carolina,Clemson,2,0.059027777777777776,3.0,1,,1.97,1.0,2.5,0.287,0.4718423169750603,-0.4316274509803922,0.287,-102.0,2.5,fanduel,L,-1.0,0.26146153846153847,0.713,-130.0,2.5,fanduel,W,0.7692307692307693
pff,receptions,Bryant Wesco Jr.,Receptions,2026-09-19,Clemson,North Carolina,2,0.22142857142857142,-3.0,1,,3.94,5.0,3.5,0.5385,0.5585303332383936,-0.0976486486486487,0.5385,-148.0,3.5,fanduel,W,0.6756756756756757,-0.02161999999999986,0.4615,112.0,3.5,fanduel,L,-1.0
pff,receptions,Trech Kekahuna,Receptions,2026-09-19,North Carolina,Clemson,2,0.12152777777777778,3.0,1,,2.27,2.0,2.5,0.3015,0.42825841577584495,-0.34273000000000003,0.3015,118.0,2.5,fanduel,L,-1.0,0.14058860759493674,0.6985,-158.0,2.5,fanduel,W,0.6329113924050633
pff,receptions,Lotzeir Brooks,Receptions,2026-09-19,Alabama,Florida State,2,0.20888157894736842,-18.5,1,,3.11,8.0,3.5,0.34,0.5418848167539266,-0.41362318840579715,0.34,-138.0,3.5,fanduel,W,0.7246376811594203,0.3464,0.66,104.0,3.5,fanduel,L,-1.0
pff,receptions,Rico Scott,Receptions,2026-09-19,Alabama,Florida State,2,0.14638157894736842,-18.5,1,,2.8,4.0,2.5,0.4545,0.5510744774801296,-0.229875,0.4545,-144.0,2.5,fanduel,W,0.6944444444444444,0.13463999999999998,0.5455,108.0,2.5,fanduel,L,-1.0
pff,receptions,Duce Robinson,Receptions,2026-09-19,Florida State,Alabama,2,0.1715686274509804,18.5,1,,3.22,6.0,3.5,0.4085,0.42146580014156115,-0.09313000000000005,0.4085,122.0,3.5,fanduel,W,1.22,-0.043376543209876495,0.5915,-162.0,3.5,fanduel,L,-1.0
pff,receptions,Micahi Danzy,Receptions,2026-09-19,Florida State,Alabama,2,0.20098039215686275,18.5,1,,3.02,3.0,2.5,0.523,0.43297422610118635,0.12968000000000002,0.523,116.0,2.5,fanduel,W,1.16,-0.21325974025974032,0.477,-154.0,2.5,fanduel,L,-1.0
pff,receptions,Jayvan Boggs,Receptions,2026-09-19,Florida State,Alabama,2,0.15441176470588236,18.5,1,,2.47,2.0,1.5,0.661,0.47438944435338465,0.3090392156862745,0.661,-102.0,1.5,betonlineag,W,0.9803921568627451,-0.39407086614173226,0.339,-127.0,1.5,betonlineag,L,-1.0
pff,receptions,Mario Craver,Receptions,2026-09-19,Texas A&M,Kentucky,2,0.2,-16.5,1,,3.48,11.0,4.5,0.3105,0.48768472906403937,-0.402,0.3105,-108.0,4.5,betonlineag,W,0.9259259259259259,0.26408333333333334,0.6895,-120.0,4.5,betonlineag,L,-1.0
pff,receptions,Isaiah Horton,Receptions,2026-09-19,Texas A&M,Kentucky,2,0.18,-16.5,1,,4.14,5.0,2.5,0.7485,0.5767835550181378,0.21925471698113208,0.7485,-159.0,2.5,betonlineag,W,0.6289308176100629,-0.44167000000000006,0.2515,122.0,2.5,betonlineag,L,-1.0
pff,receptions,TreyShun Hurry,Receptions,2026-09-19,Louisville,SMU,2,0.15873015873015872,-3.0,1,,3.29,1.0,3.5,0.417,0.3993154592127781,-0.02421999999999991,0.417,134.0,3.5,fanduel,L,-1.0,-0.09311111111111109,0.583,-180.0,3.5,fanduel,W,0.5555555555555556
pff,receptions,Jaleel Skinner,Receptions,2026-09-19,Louisville,SMU,2,0.13095238095238093,-3.0,1,,2.65,3.0,2.5,0.446,0.5,-0.16277192982456146,0.446,-114.0,2.5,fanduel,W,0.8771929824561403,0.03996491228070176,0.554,-114.0,2.5,fanduel,L,-1.0
pff,receptions,Yamir Knight,Receptions,2026-09-19,SMU,Louisville,2,0.17094017094017094,3.0,1,,3.99,7.0,5.5,0.24,0.5379072681704261,-0.5835294117647059,0.24,-136.0,5.5,fanduel,W,0.7352941176470589,0.5352,0.76,102.0,5.5,fanduel,L,-1.0
pff,receptions,Jalen Cooper,Receptions,2026-09-19,SMU,Louisville,2,0.09544159544159544,3.0,1,,2.69,1.0,3.5,0.2715,0.5,-0.4903421052631579,0.2715,-114.0,3.5,fanduel,L,-1.0,0.36753508771929827,0.7285,-114.0,3.5,fanduel,W,0.8771929824561403
pff,receptions,Tre Richardson,Receptions,2026-09-19,Louisville,SMU,2,0.2777777777777778,-3.0,1,,4.46,4.0,4.5,0.441,0.5281576830249397,-0.21976923076923083,0.441,-130.0,4.5,fanduel,L,-1.0,0.10703921568627456,0.559,-102.0,4.5,fanduel,W,0.9803921568627451
pff,receptions,Mark Bowman,Receptions,2026-09-19,USC,Rutgers,3,0.167816091954023,-21.0,1,,3.39,3.0,2.5,0.6105,0.5256105556466153,0.09120866141732287,0.6105,-127.0,2.5,betonlineag,W,0.7874015748031497,-0.22863725490196085,0.3895,-102.0,2.5,betonlineag,L,-1.0
pff,receptions,KJ Duff,Receptions,2026-09-19,Rutgers,USC,2,0.4267676767676768,21.0,1,,6.02,7.0,6.5,0.38,0.5051597457277305,-0.2924137931034483,0.38,-116.0,6.5,betonlineag,W,0.8620689655172413,0.1785585585585585,0.62,-111.0,6.5,betonlineag,L,-1.0
pff,receptions,Jourdin Houston,Receptions,2026-09-19,Rutgers,USC,2,0.2297979797979798,21.0,1,,4.19,2.0,2.5,0.758,0.5318542641970282,0.34107692307692317,0.758,-130.0,2.5,betonlineag,L,-1.0,-0.51358,0.242,101.0,2.5,betonlineag,W,1.01
pff,receptions,Jonanthony Hall,Receptions,2026-09-19,Stanford,Duke,2,0.06818181818181818,9.5,1,,2.32,2.0,2.5,0.3255,0.5191532258064516,-0.41409999999999997,0.3255,-125.0,2.5,fanduel,L,-1.0,0.3108207547169811,0.6745,-106.0,2.5,fanduel,W,0.9433962264150944
pff,receptions,Jonah Burton,Receptions,2026-09-19,Duke,Stanford,2,0.24871794871794872,-9.5,1,,3.04,1.0,4.5,0.1865,0.3993154592127781,-0.56359,0.1865,134.0,4.5,fanduel,L,-1.0,0.2654444444444445,0.8135,-180.0,4.5,fanduel,W,0.5555555555555556
pff,receptions,Nate Sheppard,Receptions,2026-09-19,Duke,Stanford,2,0.28205128205128205,-9.5,1,,2.65,1.0,3.5,0.266,0.4581151832460733,-0.45736,0.266,104.0,3.5,fanduel,L,-1.0,0.26588405797101444,0.734,-138.0,3.5,fanduel,W,0.7246376811594203
pff,receptions,Jeremiah Hasley,Receptions,2026-09-19,Duke,Stanford,2,0.17692307692307693,-9.5,1,,2.97,5.0,4.5,0.1705,0.5,-0.6799385964912281,0.1705,-114.0,4.5,fanduel,W,0.8771929824561403,0.5571315789473684,0.8295,-114.0,4.5,fanduel,L,-1.0
pff,receptions,Vernell Brown III,Receptions,2026-09-19,Florida,Auburn,2,0.2125,-2.5,1,,3.73,5.0,5.5,0.195,0.5457986373959122,-0.6657142857142857,0.195,-140.0,5.5,fanduel,L,-1.0,0.6583000000000001,0.805,106.0,5.5,fanduel,W,1.06
pff,receptions,Dallas Wilson,Receptions,2026-09-19,Florida,Auburn,2,0.17916666666666667,-2.5,1,,3.32,4.0,3.5,0.4225,0.46209273182957394,-0.14655,0.4225,102.0,3.5,fanduel,W,1.02,0.0021323529411765296,0.5775,-136.0,3.5,fanduel,L,-1.0
pff,receptions,Keshaun Singleton,Receptions,2026-09-19,Auburn,Florida,2,0.2096153846153846,2.5,1,,4.03,7.0,3.5,0.554,0.43297422610118635,0.19663999999999998,0.554,116.0,3.5,fanduel,W,1.16,-0.26438961038961045,0.446,-154.0,3.5,fanduel,L,-1.0
pff,receptions,Jeremiah Koger,Receptions,2026-09-19,Auburn,Florida,2,0.14615384615384616,2.5,1,,3.31,1.0,3.5,0.4185,0.4414696667616063,-0.11277999999999999,0.4185,112.0,3.5,fanduel,L,-1.0,-0.025594594594594566,0.5815,-148.0,3.5,fanduel,W,0.6756756756756757
pff,receptions,Chas Nimrod,Receptions,2026-09-19,Auburn,Florida,2,0.2519230769230769,2.5,1,,4.43,6.0,3.5,0.6155,0.5,0.15541228070175434,0.6155,-114.0,3.5,fanduel,W,0.8771929824561403,-0.2782192982456141,0.3845,-114.0,3.5,fanduel,L,-1.0
pff,receptions,Jadan Baugh,Receptions,2026-09-19,Florida,Auburn,2,0.0,-2.5,1,,0.71,1.0,2.5,0.0785,0.4489255225198705,-0.83672,0.0785,108.0,2.5,fanduel,L,-1.0,0.5614305555555555,0.9215,-144.0,2.5,fanduel,W,0.6944444444444444
pff,receptions,Legend Glasker,Receptions,2026-09-19,BYU,Colorado State,2,0.18198529411764708,-17.5,1,,2.67,5.0,3.5,0.2685,0.49110320284697506,-0.50775,0.2685,-120.0,3.5,fliff,W,0.8333333333333334,0.2941923076923077,0.7315,-130.0,3.5,fliff,L,-1.0
pff,receptions,Kyler Kasper,Receptions,2026-09-19,BYU,Colorado State,2,0.2426470588235294,-17.5,1,,3.6,1.0,3.5,0.4605,0.41184971098265893,0.0131,0.4605,120.0,3.5,fliff,L,-1.0,-0.16887837837837838,0.5395,-185.0,3.5,fliff,W,0.5405405405405406
pff,receptions,LJ Martin,Receptions,2026-09-19,BYU,Colorado State,2,0.09191176470588236,-17.5,1,,1.68,1.0,2.5,0.165,0.5802098950524738,-0.7433333333333333,0.165,-180.0,2.5,fliff,L,-1.0,0.7952499999999999,0.835,115.0,2.5,fliff,W,1.15
pff,receptions,Walker Lyons,Receptions,2026-09-19,BYU,Colorado State,2,0.15257352941176472,-17.5,1,,2.15,2.0,2.5,0.287,0.5394736842105263,-0.5216666666666667,0.287,-150.0,2.5,fliff,L,-1.0,0.39204761904761903,0.713,-105.0,2.5,fliff,W,0.9523809523809523
pff,receptions,DeAndre Moore Jr.,Receptions,2026-09-19,Colorado,Northwestern,2,0.21978021978021978,3.5,1,,3.6,7.0,3.5,0.461,0.4693877551020408,-0.07800000000000001,0.461,100.0,3.5,betonlineag,W,1.0,-0.04638461538461536,0.539,-130.0,3.5,betonlineag,L,-1.0
pff,receptions,Dekalon Taylor,Receptions,2026-09-19,Colorado,Northwestern,1,0.14285714285714285,3.5,1,,1.44,2.0,1.5,0.385,0.40590405904059046,-0.11449999999999994,0.385,130.0,1.5,hardrockbet,W,1.3,-0.033571428571428585,0.615,-175.0,1.5,hardrockbet,L,-1.0
pff,receptions,Deuce Alexander,Receptions,2026-09-19,Ole Miss,LSU,2,0.2671957671957672,3.0,1,,4.86,7.0,4.5,0.5175,0.563470066518847,-0.1420394736842105,0.5175,-152.0,4.5,fanduel,W,0.6578947368421053,0.03254999999999997,0.4825,114.0,4.5,fanduel,L,-1.0
pff,receptions,Kewan Lacy,Receptions,2026-09-19,Ole Miss,LSU,2,0.11375661375661375,3.0,1,,2.37,2.0,2.5,0.3965,0.45420136260408783,-0.18320999999999998,0.3965,106.0,2.5,fanduel,L,-1.0,0.034571428571428586,0.6035,-140.0,2.5,fanduel,W,0.7142857142857143
pff,receptions,Horatio Fields,Receptions,2026-09-19,Ole Miss,LSU,2,0.1931216931216931,3.0,1,,3.9,5.0,4.5,0.3605,0.41703248463564524,-0.19247999999999998,0.3605,124.0,4.5,fanduel,W,1.24,0.024740963855421683,0.6395,-166.0,4.5,fanduel,L,-1.0
pff,receptions,Trey'Dez Green,Receptions,2026-09-19,LSU,Ole Miss,2,0.20202020202020202,-3.0,1,,4.02,4.0,4.5,0.3795,0.4489255225198705,-0.21064,0.3795,108.0,4.5,fanduel,L,-1.0,0.0514027777777778,0.6205,-144.0,4.5,fanduel,W,0.6944444444444444
pff,receptions,Caleb Odom,Receptions,2026-09-19,Ole Miss,LSU,1,0.14285714285714285,3.0,1,,2.57,5.0,2.5,0.432,0.5,-0.18905263157894736,0.432,-114.0,2.5,fanduel,W,0.8771929824561403,0.06624561403508766,0.568,-114.0,2.5,fanduel,L,-1.0
pff,receptions,Chris Durr Jr.,Receptions,2026-09-19,Maryland,Virginia Tech,2,0.26285714285714284,2.5,1,,5.85,12.0,5.5,0.515,0.43734082725915513,0.10724999999999996,0.515,115.0,5.5,betonlineag,W,1.15,-0.189496644295302,0.485,-149.0,5.5,betonlineag,L,-1.0
pff,receptions,Dorian Fleming,Receptions,2026-09-19,Maryland,Virginia Tech,2,0.06285714285714286,2.5,1,,1.8,6.0,2.5,0.2745,0.3852511464220966,-0.33022,0.2745,144.0,2.5,betonlineag,W,1.44,0.10936243386243383,0.7255,-189.0,2.5,betonlineag,L,-1.0
pff,receptions,Aneyas Williams,Receptions,2026-09-19,Notre Dame,Michigan State,2,0.02631578947368421,-28.5,1,,1.16,2.0,2.5,0.146,0.46209273182957394,-0.7050799999999999,0.146,102.0,2.5,fanduel,L,-1.0,0.4819411764705882,0.854,-136.0,2.5,fanduel,W,0.7352941176470589
pff,receptions,Micah Gilbert,Receptions,2026-09-19,Notre Dame,Michigan State,2,0.11894736842105263,-28.5,1,,2.87,8.0,2.5,0.462,0.5060689431946916,-0.14647457627118649,0.462,-118.0,2.5,fanduel,W,0.847457627118644,0.018357142857142905,0.538,-112.0,2.5,fanduel,L,-1.0
pff,receptions,Jordan Faison,Receptions,2026-09-19,Notre Dame,Michigan State,2,0.18526315789473685,-28.5,1,,3.62,5.0,5.5,0.1885,0.532258064516129,-0.6686969696969697,0.1885,-132.0,5.5,fanduel,L,-1.0,0.623,0.8115,100.0,5.5,fanduel,W,1.0
pff,receptions,Chauncey Magwood,Receptions,2026-09-19,Purdue,UCLA,2,0.09664351851851852,13.5,1,,3.04,2.0,3.5,0.3195,0.5767835550181378,-0.4795566037735849,0.3195,-159.0,3.5,betonlineag,L,-1.0,0.51071,0.6805,122.0,3.5,betonlineag,W,1.22
pff,receptions,Fame Ijeboi,Receptions,2026-09-19,Purdue,UCLA,2,0.13078703703703703,13.5,1,,2.73,0.0,2.5,0.4545,0.5692871193108593,-0.25037012987012985,0.4545,-154.0,2.5,betonlineag,L,-1.0,0.18918999999999997,0.5455,118.0,2.5,betonlineag,W,1.18
pff,receptions,Xavier Townsend,Receptions,2026-09-19,Purdue,UCLA,2,0.22337962962962962,13.5,1,,4.61,6.0,3.5,0.6445,0.4693877551020408,0.289,0.6445,100.0,3.5,betonlineag,W,1.0,-0.3710384615384615,0.3555,-130.0,3.5,betonlineag,L,-1.0
pff,receptions,De'Nylon Morrissette,Receptions,2026-09-19,Purdue,UCLA,1,0.0625,13.5,1,,2.71,1.0,2.5,0.4545,0.4472667034787409,-0.045549999999999924,0.4545,110.0,2.5,betonlineag,L,-1.0,-0.07303146853146858,0.5455,-143.0,2.5,betonlineag,W,0.6993006993006993
pff,receptions,Asaad Waseem,Receptions,2026-09-19,Purdue,UCLA,2,0.2048611111111111,13.5,1,,4.39,8.0,3.5,0.6105,0.5,0.14602631578947373,0.6105,-114.0,3.5,betonlineag,W,0.8771929824561403,-0.26883333333333337,0.3895,-114.0,3.5,betonlineag,L,-1.0
pff,receptions,Wayne Knight,Receptions,2026-09-19,UCLA,Purdue,2,0.07142857142857142,-13.5,1,,1.47,3.0,1.5,0.385,0.4947698744769875,-0.265,0.385,-110.0,1.5,hardrockbet,W,0.9090909090909091,0.1497826086956522,0.615,-115.0,1.5,hardrockbet,L,-1.0
pff,receptions,Censere Lee,Receptions,2026-09-19,Pittsburgh,Syracuse,2,0.12908496732026142,-10.5,1,,3.64,1.0,3.5,0.465,0.5626591727408448,-0.2229194630872483,0.465,-149.0,3.5,betonlineag,L,-1.0,0.15024999999999994,0.535,115.0,3.5,betonlineag,W,1.15
pff,receptions,Antonio Meeks,Receptions,2026-09-19,Wake Forest,Miami,2,0.13068181818181818,20.5,1,,2.8,2.0,2.5,0.4545,0.35622780599631415,0.19987999999999995,0.4545,164.0,2.5,betonlineag,L,-1.0,-0.20311751152073737,0.5455,-217.0,2.5,betonlineag,W,0.4608294930875576
pff,receptions,CJ Brown,Receptions,2026-09-19,Arkansas,Georgia,1,0.125,24.5,1,,2.86,2.0,1.5,0.7245,0.5489256569588981,0.23832978723404258,0.7245,-141.0,1.5,betonlineag,W,0.7092198581560284,-0.42696,0.2755,108.0,1.5,betonlineag,L,-1.0
pff,receptions,Chris Marshall,Receptions,2026-09-19,Arkansas,Georgia,2,0.25946969696969696,24.5,1,,4.19,7.0,3.5,0.582,0.519675254742772,0.05517073170731707,0.582,-123.0,3.5,betonlineag,W,0.8130081300813008,-0.18007692307692302,0.418,-104.0,3.5,betonlineag,L,-1.0
pff,receptions,Nate Frazier,Receptions,2026-09-19,Georgia,Arkansas,2,0.03125,-24.5,1,,0.68,0.0,1.5,0.1945,0.39999999999999997,-0.562375,0.1945,125.0,1.5,fliff,L,-1.0,0.20825,0.8055,-200.0,1.5,fliff,W,0.5
pff,receptions,Tyler Brown,Receptions,2026-09-19,Clemson,North Carolina,2,0.17142857142857143,-3.0,1,,3.04,2.0,2.5,0.528,0.4969046636401156,-0.0005714285714285006,0.528,-112.0,2.5,betonlineag,L,-1.0,-0.11756521739130443,0.472,-115.0,2.5,betonlineag,W,0.8695652173913043
pff,receptions,Jeremiah Smith,Receptions,2026-09-19,Ohio State,Kent State,2,0.36432637571157495,-52.5,1,,5.86,5.0,6.5,0.3555,0.45420136260408783,-0.26766999999999996,0.3555,106.0,6.5,fanduel,L,-1.0,0.10485714285714287,0.6445,-140.0,6.5,fanduel,W,0.7142857142857143
pff,receptions,Devin McCuin,Receptions,2026-09-19,Ohio State,Kent State,2,0.12618595825426945,-52.5,1,,3.47,2.0,3.5,0.441,0.4458598726114649,-0.07390000000000002,0.441,110.0,3.5,hardrockbet,L,-1.0,-0.055482758620689576,0.559,-145.0,3.5,hardrockbet,W,0.6896551724137931
pff,receptions,Andrew Marsh,Receptions,2026-09-19,Michigan,UTEP,2,0.25,-34.5,1,,2.85,10.0,4.5,0.151,0.4023387750376288,-0.5152307692307692,0.274,-130.0,3.5,hardrockbet,W,0.7692307692307693,0.45199999999999996,0.726,100.0,3.5,hardrockbet,L,-1.0
pff,receptions,JJ Buchanan,Receptions,2026-09-19,Michigan,UTEP,2,0.3611111111111111,-34.5,1,,4.15,7.0,4.5,0.398,0.43297422610118635,-0.14032,0.398,116.0,4.5,fanduel,W,1.16,-0.007090909090909148,0.602,-154.0,4.5,fanduel,L,-1.0
pff,receptions,Jordan Marshall,Receptions,2026-09-19,Michigan,UTEP,2,0.08333333333333333,-34.5,1,,1.05,1.0,1.5,0.2195,0.4796954314720812,-0.5714523809523809,0.2195,-105.0,1.5,hardrockbet,L,-1.0,0.40490000000000004,0.7805,-125.0,1.5,hardrockbet,W,0.8
pff,receptions,Savion Hiter,Receptions,2026-09-19,Michigan,UTEP,2,0.20833333333333331,-34.5,1,,1.2,0.0,1.5,0.3655,0.48987854251012153,-0.3022272727272727,0.3655,-110.0,1.5,hardrockbet,L,-1.0,0.16324999999999995,0.6345,-120.0,1.5,hardrockbet,W,0.8333333333333334
pff,receptions,Corey Simms,Receptions,2026-09-19,USC,Rutgers,3,0.1007662835249042,-21.0,1,,2.35,4.0,2.5,0.392,0.559015193444145,-0.3413333333333333,0.392,-147.0,2.5,betonlineag,W,0.6802721088435374,0.29503999999999986,0.608,113.0,2.5,betonlineag,L,-1.0
pff,receptions,Micah Ford,Receptions,2026-09-19,Stanford,Duke,2,0.045454545454545456,9.5,1,,1.81,4.0,1.5,0.5485,0.48987854251012153,0.04713636363636359,0.5485,-110.0,1.5,hardrockbet,W,0.9090909090909091,-0.17224999999999996,0.4515,-120.0,1.5,hardrockbet,L,-1.0
pff,receptions,Zion Ragins,Receptions,2026-09-19,Mississippi State,South Carolina,2,0.14930555555555555,3.0,1,,3.23,2.0,2.5,0.586,0.5585303332383936,-0.01805405405405408,0.586,-148.0,2.5,fanduel,L,-1.0,-0.12231999999999993,0.414,112.0,2.5,fanduel,W,1.12
pff,receptions,Anthony Evans III,Receptions,2026-09-19,Mississippi State,South Carolina,2,0.34837962962962965,3.0,1,,5.96,6.0,5.5,0.5415,0.45420136260408783,0.11548999999999998,0.5415,106.0,5.5,fanduel,W,1.06,-0.21399999999999997,0.4585,-140.0,5.5,fanduel,L,-1.0
pff,receptions,Nyck Harbor,Receptions,2026-09-19,South Carolina,Mississippi State,2,0.1835016835016835,-3.0,1,,3.39,1.0,4.5,0.295,0.45420136260408783,-0.3923,0.295,106.0,4.5,fanduel,L,-1.0,0.20857142857142857,0.705,-140.0,4.5,fanduel,W,0.7142857142857143
pff,receptions,Ayden Greene,Receptions,2026-09-19,Virginia Tech,Maryland,2,0.07118055555555555,-2.5,1,,2.87,4.0,2.5,0.462,0.3977531934306569,0.09032000000000007,0.462,136.0,2.5,betonlineag,W,1.36,-0.1614413407821229,0.538,-179.0,2.5,betonlineag,L,-1.0
pff,receptions,Luke Reynolds,Receptions,2026-09-19,Virginia Tech,Maryland,2,0.2175925925925926,-2.5,1,,4.99,12.0,4.5,0.544,0.5051597457277305,0.012965517241379287,0.544,-116.0,4.5,betonlineag,W,0.8620689655172413,-0.1331891891891892,0.456,-111.0,4.5,betonlineag,L,-1.0
pff,receptions,Rocky Beers,Receptions,2026-09-19,Oklahoma,New Mexico,2,0.25980392156862747,-21.5,1,,3.47,2.0,3.5,0.441,0.48987854251012153,-0.15809090909090917,0.441,-110.0,3.5,fanduel,L,-1.0,0.024833333333333374,0.559,-120.0,3.5,fanduel,W,0.8333333333333334
pff,receptions,Kameron Courtney,Receptions,2026-09-19,Virginia,West Virginia,2,0.25,-10.5,1,,2.76,5.0,3.5,0.2715,0.4808467741935484,-0.4723679245283019,0.2715,-106.0,3.5,fanduel,W,0.9433962264150944,0.3113000000000001,0.7285,-125.0,3.5,fanduel,L,-1.0
pff,receptions,TyLyric Coleman,Receptions,2026-09-19,Virginia,West Virginia,2,0.19444444444444442,-10.5,1,,2.71,1.0,3.5,0.2715,0.40953986991086483,-0.38098,0.2715,128.0,3.5,fanduel,L,-1.0,0.152046511627907,0.7285,-172.0,3.5,fanduel,W,0.5813953488372093
pff,receptions,Cam Coleman,Receptions,2026-09-19,Texas,UTSA,2,0.12290969899665552,-29.5,1,,3.43,4.0,4.5,0.303,0.5191532258064516,-0.45459999999999995,0.303,-125.0,4.5,fanduel,L,-1.0,0.3545471698113207,0.697,-106.0,4.5,fanduel,W,0.9433962264150944
pff,receptions,Emmett Mosley V,Receptions,2026-09-19,Texas,UTSA,2,0.16638795986622074,-29.5,1,,3.57,3.0,3.5,0.457,0.43297422610118635,-0.012880000000000003,0.457,116.0,3.5,fanduel,L,-1.0,-0.10440259740259739,0.543,-154.0,3.5,fanduel,W,0.6493506493506493
pff,receptions,Ryan Wingo,Receptions,2026-09-19,Texas,UTSA,2,0.22157190635451504,-29.5,1,,4.64,2.0,5.5,0.3235,0.4581151832460733,-0.34006,0.3235,104.0,5.5,fanduel,L,-1.0,0.16671739130434782,0.6765,-138.0,5.5,fanduel,W,0.7246376811594203
pff,receptions,Javon Tracy,Receptions,2026-09-19,Minnesota,Akron,2,0.20905707196029777,-22.5,1,,4.88,5.0,4.5,0.523,0.5721476510067114,-0.13958064516129032,0.523,-155.0,4.5,espnbet,W,0.6451612903225806,0.04939999999999989,0.477,120.0,4.5,espnbet,L,-1.0
pff,receptions,Noah Jennings,Receptions,2026-09-19,Minnesota,Akron,2,0.1705955334987593,-22.5,1,,4.08,5.0,3.5,0.5635,0.4693877551020408,0.127,0.5635,100.0,3.5,espnbet,W,1.0,-0.22773076923076924,0.4365,-130.0,3.5,espnbet,L,-1.0
pff,receptions,Jalen Smith,Receptions,2026-09-19,Minnesota,Akron,2,0.13833746898263027,-22.5,1,,3.86,2.0,3.5,0.519,0.5051597457277305,-0.03358620689655173,0.519,-116.0,3.5,betonlineag,L,-1.0,-0.08566666666666667,0.481,-111.0,3.5,betonlineag,W,0.9009009009009009
pff,receptions,Marcel Williams,Receptions,2026-09-19,Akron,Minnesota,1,0.14285714285714285,22.5,1,,3.45,4.0,4.5,0.305,0.4693877551020408,-0.38999999999999996,0.305,100.0,4.5,hardrockbet,L,-1.0,0.2296153846153846,0.695,-130.0,4.5,hardrockbet,W,0.7692307692307693
pff,receptions,Jaron Tibbs,Receptions,2026-09-19,Kansas State,Tulane,2,0.14545454545454545,-20.5,1,,3.15,9.0,3.5,0.3525,0.43310875842155927,-0.23507500000000003,0.3525,117.0,3.5,betonlineag,W,1.17,0.07348684210526318,0.6475,-152.0,3.5,betonlineag,L,-1.0
pff,receptions,Tristen Brown,Receptions,2026-09-19,Vanderbilt,NC State,2,0.08496732026143791,-3.0,1,,2.52,4.0,2.5,0.424,0.5909989356849628,-0.3251124260355029,0.424,-169.0,2.5,betonlineag,W,0.591715976331361,0.32480000000000003,0.576,130.0,2.5,betonlineag,L,-1.0
pff,receptions,Junior Sherrill,Receptions,2026-09-19,Vanderbilt,NC State,2,0.25816993464052285,-3.0,1,,4.28,6.0,4.5,0.4155,0.5692871193108593,-0.31469480519480525,0.4155,-154.0,4.5,betonlineag,W,0.6493506493506493,0.27420999999999995,0.5845,118.0,4.5,betonlineag,L,-1.0
pff,receptions,Griffin Wilde,Receptions,2026-09-19,Northwestern,Colorado,1,0.21428571428571427,-3.5,1,,3.42,5.0,5.5,0.175,0.4677419354838709,-0.6499999999999999,0.175,100.0,5.5,fanduel,L,-1.0,0.45,0.825,-132.0,5.5,fanduel,W,0.7575757575757576
pff,receptions,Drew Wagner,Receptions,2026-09-19,Northwestern,Colorado,1,0.21428571428571427,-3.5,1,,3.75,2.0,2.5,0.673,0.5379072681704261,0.16785294117647065,0.673,-136.0,2.5,fanduel,L,-1.0,-0.33946000000000004,0.327,102.0,2.5,fanduel,W,1.02
pff,receptions,Brian Rowe Jr.,Receptions,2026-09-19,UCLA,Purdue,2,0.2857142857142857,-13.5,1,,3.23,2.0,3.5,0.4105,0.5379072681704261,-0.2876617647058824,0.4105,-136.0,3.5,fanduel,L,-1.0,0.19079000000000002,0.5895,102.0,3.5,fanduel,W,1.02
pff,receptions,Landon Ellis,Receptions,2026-09-19,UCLA,Purdue,1,0.07142857142857142,-13.5,1,,2.09,3.0,2.5,0.287,0.35364526659412404,-0.24232000000000004,0.287,164.0,2.5,fanduel,W,1.64,0.029888888888888854,0.713,-225.0,2.5,fanduel,L,-1.0
pff,receptions,Cataurus Hicks,Receptions,2026-09-19,Pittsburgh,Syracuse,2,0.1568627450980392,-10.5,1,,4.26,1.0,4.5,0.4125,0.40640759418570166,-0.05125000000000002,0.4125,130.0,4.5,fanduel,L,-1.0,-0.07485632183908042,0.5875,-174.0,4.5,fanduel,W,0.5747126436781609
pff,receptions,Donovan Olugbode,Receptions,2026-09-19,Missouri,Troy,2,0.3117408906882591,-26.5,1,,5.07,3.0,5.5,0.3885,0.47539370078740156,-0.24150000000000005,0.3885,-105.0,5.5,hardrockbet,L,-1.0,0.08188461538461544,0.6115,-130.0,5.5,hardrockbet,W,0.7692307692307693
pff,receptions,Cayden Lee,Receptions,2026-09-19,Missouri,Troy,2,0.23481781376518218,-26.5,1,,4.29,4.0,4.5,0.417,0.5101214574898786,-0.2355,0.417,-120.0,4.5,hardrockbet,L,-1.0,0.11299999999999993,0.583,-110.0,4.5,hardrockbet,W,0.9090909090909091
pff,receptions,Charlie Becker,Receptions,2026-09-19,Indiana,Western Kentucky,2,0.3205128205128205,-44.5,1,,3.59,5.0,3.5,0.4585,0.4414696667616063,-0.027979999999999894,0.4585,112.0,3.5,fanduel,W,1.12,-0.09262162162162169,0.5415,-148.0,3.5,fanduel,L,-1.0
pff,receptions,Carson Kent,Receptions,2026-09-19,Pittsburgh,Syracuse,2,0.05718954248366013,-10.5,1,,2.08,2.0,1.5,0.569,0.5486725663716815,-0.06390322580645164,0.569,-155.0,1.5,fliff,W,0.6451612903225806,-0.13799999999999996,0.431,100.0,1.5,fliff,L,-1.0
pff,receptions,Joshisa Trader,Receptions,2026-09-19,NC State,Vanderbilt,2,0.15,3.0,1,,2.11,2.0,2.5,0.287,0.4564539116366858,-0.40878,0.287,106.0,2.5,betonlineag,L,-1.0,0.23343795620437952,0.713,-137.0,2.5,betonlineag,W,0.7299270072992701
pff,receptions,Keenan Jackson,Receptions,2026-09-19,NC State,Vanderbilt,2,0.17777777777777776,3.0,1,,3.12,9.0,2.5,0.563,0.5692871193108593,-0.07141558441558443,0.563,-154.0,2.5,betonlineag,W,0.6493506493506493,-0.04733999999999994,0.437,118.0,2.5,betonlineag,L,-1.0
pff,receptions,Preston Douglas,Receptions,2026-09-19,NC State,Vanderbilt,2,0.15555555555555556,3.0,1,,2.12,4.0,1.5,0.569,0.5721476510067114,-0.06390322580645164,0.569,-155.0,1.5,hardrockbet,W,0.6451612903225806,-0.05179999999999996,0.431,120.0,1.5,hardrockbet,L,-1.0
pff,receptions,Lawayne McCoy,Receptions,2026-09-19,Louisville,SMU,2,0.12698412698412698,-3.0,1,,2.9,4.0,2.5,0.4755,0.5276888998277135,-0.153015625,0.4755,-128.0,2.5,betonlineag,W,0.78125,0.043806930693069346,0.5245,-101.0,2.5,betonlineag,L,-1.0
pff,receptions,Justus Ross-Simmons,Receptions,2026-09-19,Syracuse,Pittsburgh,1,0.24,10.5,1,,4.03,1.0,4.5,0.381,0.43734082725915513,-0.18085,0.381,115.0,4.5,betonlineag,L,-1.0,0.03443624161073827,0.619,-149.0,4.5,betonlineag,W,0.6711409395973155
pff,receptions,Sutton Smith,Receptions,2026-09-19,Arkansas,Georgia,2,0.10606060606060605,24.5,1,,1.94,1.0,1.5,0.569,0.5979557069846678,-0.13920512820512826,0.569,-195.0,1.5,fliff,L,-1.0,-0.03025,0.431,125.0,1.5,fliff,W,1.25
pff,receptions,Brett Eskildsen,Receptions,2026-09-19,Penn State,Buffalo,2,0.17261904761904762,-39.5,1,,2.93,2.0,2.5,0.488,0.4723111001722865,-0.028831683168316857,0.488,-101.0,2.5,betonlineag,L,-1.0,-0.08799999999999997,0.512,-128.0,2.5,betonlineag,W,0.78125
pff,receptions,Benjamin Brahmer,Receptions,2026-09-19,Penn State,Buffalo,2,0.14404761904761904,-39.5,1,,2.98,1.0,2.5,0.5055,0.46322988528598974,0.02616499999999994,0.5055,103.0,2.5,betonlineag,L,-1.0,-0.13369548872180448,0.4945,-133.0,2.5,betonlineag,W,0.7518796992481203
pff,receptions,Koby Howard,Receptions,2026-09-19,Penn State,Buffalo,2,0.22142857142857142,-39.5,1,,4.35,3.0,3.5,0.6035,0.4232164449818621,0.33976999999999996,0.6035,122.0,3.5,betonlineag,L,-1.0,-0.3541289308176101,0.3965,-159.0,3.5,betonlineag,W,0.6289308176100629
pff,receptions,Chase Sowell,Receptions,2026-09-19,Penn State,Buffalo,2,0.16904761904761906,-39.5,1,,3.51,1.0,2.5,0.6285,0.539576802507837,0.0940555555555555,0.6285,-135.0,2.5,betonlineag,L,-1.0,-0.2421399999999999,0.3715,104.0,2.5,betonlineag,W,1.04
pff,receptions,Carson Hansen,Receptions,2026-09-19,Penn State,Buffalo,2,0.047619047619047616,-39.5,1,,1.14,0.0,1.5,0.2445,0.5,-0.5428913043478261,0.2445,-115.0,1.5,hardrockbet,L,-1.0,0.41245652173913033,0.7555,-115.0,1.5,hardrockbet,W,0.8695652173913043
pff,receptions,Ryan Williams,Receptions,2026-09-19,Alabama,Florida State,2,0.256578947368421,-18.5,0,,3.79,3.0,5.5,0.204,0.4069160828737517,-0.4111737588652482,0.3445,-141.0,4.5,betonlineag,L,-1.0,0.36344000000000004,0.6555,108.0,4.5,betonlineag,W,1.08
pff,receptions,Kaleb Edwards,Receptions,2026-09-19,Alabama,Florida State,1,0.10526315789473684,-18.5,1,,2.07,2.0,1.5,0.569,0.516439256945586,0.0353934426229508,0.569,-122.0,1.5,betonlineag,W,0.819672131147541,-0.16239622641509427,0.431,-106.0,1.5,betonlineag,L,-1.0
pff,receptions,Daniel Hill,Receptions,2026-09-19,Alabama,Florida State,2,0.11513157894736842,-18.5,1,,1.66,1.0,1.5,0.388,0.5517241379310345,-0.3695,0.388,-160.0,1.5,fliff,L,-1.0,0.22399999999999998,0.612,100.0,1.5,fliff,W,1.0
pff,receptions,Reece Vander Zee,Receptions,2026-09-19,Iowa,Northern Iowa,2,0.11904761904761904,-37.5,1,,2.75,1.0,3.5,0.2715,0.43297422610118635,-0.41356000000000004,0.2715,116.0,3.5,fanduel,L,-1.0,0.20155194805194804,0.7285,-154.0,3.5,fanduel,W,0.6493506493506493
pff,receptions,Tony Diaz,Receptions,2026-09-19,Iowa,Northern Iowa,2,0.3571428571428571,-37.5,1,,6.01,2.0,4.5,0.725,0.5418848167539266,0.2503623188405797,0.725,-138.0,4.5,fanduel,L,-1.0,-0.43899999999999995,0.275,104.0,4.5,fanduel,W,1.04
pff,receptions,Sanfrisco Magee,Receptions,2026-09-19,Mississippi State,South Carolina,2,0.19907407407407407,3.0,1,,2.85,2.0,3.5,0.274,0.43310875842155927,-0.40541999999999995,0.274,117.0,3.5,betonlineag,L,-1.0,0.20363157894736844,0.726,-152.0,3.5,betonlineag,W,0.6578947368421053
pff,receptions,Fluff Bothwell,Receptions,2026-09-19,Mississippi State,South Carolina,2,0.04976851851851852,3.0,1,,1.47,1.0,2.5,0.1595,0.38873994638069703,-0.6172,0.1595,140.0,2.5,hardrockbet,L,-1.0,0.28286842105263155,0.8405,-190.0,2.5,hardrockbet,W,0.5263157894736842
pff,receptions,Micah Welch,Receptions,2026-09-19,Colorado,Northwestern,2,0.019230769230769232,3.5,1,,0.82,1.0,0.5,0.528,0.6333530455351862,-0.22057142857142853,0.528,-210.0,0.5,hardrockbet,W,0.47619047619047616,0.2036,0.472,155.0,0.5,hardrockbet,L,-1.0
pff,receptions,Semaj Morgan,Receptions,2026-09-19,UCLA,Purdue,2,0.2857142857142857,-13.5,1,,3.24,4.0,2.5,0.5875,0.5767835550181378,-0.043003144654088055,0.5875,-159.0,2.5,betonlineag,W,0.6289308176100629,-0.08425000000000005,0.4125,122.0,2.5,betonlineag,L,-1.0
pff,receptions,Anthony Woods,Receptions,2026-09-19,UCLA,Purdue,2,0.03571428571428571,-13.5,1,,0.62,1.0,0.5,0.4655,0.5633187772925765,-0.22416666666666663,0.4655,-150.0,0.5,hardrockbet,W,0.6666666666666666,0.14917499999999995,0.5345,115.0,0.5,hardrockbet,L,-1.0
pff,receptions,Nick Marsh,Receptions,2026-09-19,Indiana,Western Kentucky,2,0.18803418803418803,-44.5,1,,2.33,7.0,3.5,0.1555,0.4796954314720812,-0.696404761904762,0.1555,-105.0,3.5,hardrockbet,W,0.9523809523809523,0.5201000000000001,0.8445,-125.0,3.5,hardrockbet,L,-1.0
pff,receptions,Jeremiah Cobb,Receptions,2026-09-19,Auburn,Florida,2,0.06346153846153846,2.5,1,,1.52,1.0,1.5,0.385,0.4796954314720812,-0.24833333333333335,0.385,-105.0,1.5,hardrockbet,L,-1.0,0.10699999999999998,0.615,-125.0,1.5,hardrockbet,W,0.8
pff,receptions,Jake Johnson,Receptions,2026-09-19,Auburn,Florida,1,0.11538461538461539,2.5,1,,2.43,2.0,1.5,0.6545,0.5445920303605313,0.122,0.6545,-140.0,1.5,hardrockbet,W,0.7142857142857143,-0.29172499999999996,0.3455,105.0,1.5,hardrockbet,L,-1.0
pff,receptions,Josiah Freeman,Receptions,2026-09-19,Fresno State,San José State,1,0.23076923076923078,-4.0,1,,4.09,6.0,4.5,0.3905,0.4414696667616063,-0.17213999999999996,0.3905,112.0,4.5,fanduel,W,1.12,0.02132432432432435,0.6095,-148.0,4.5,fanduel,L,-1.0
pff,receptions,Carson Clark,Receptions,2026-09-19,San José State,Fresno State,3,0.28891398456615847,4.0,1,,5.16,5.0,4.5,0.577,0.4414696667616063,0.22324000000000005,0.577,112.0,4.5,fanduel,W,1.12,-0.2911891891891892,0.423,-148.0,4.5,fanduel,L,-1.0
pff,receptions,Cooper Hoch,Receptions,2026-09-19,San José State,Fresno State,3,0.21027040592257984,4.0,1,,4.16,2.0,3.5,0.577,0.45420136260408783,0.18861999999999995,0.577,106.0,3.5,fanduel,L,-1.0,-0.2748571428571428,0.423,-140.0,3.5,fanduel,W,0.7142857142857143
pff,receptions,Chris Brooks Jr.,Receptions,2026-09-19,Wisconsin,Eastern Michigan,2,0.16228070175438597,-23.5,1,,3.27,3.0,3.5,0.414,0.4053409632808775,-0.03952,0.414,132.0,3.5,betonlineag,L,-1.0,-0.07330232558139532,0.586,-172.0,3.5,betonlineag,W,0.5813953488372093
pff,receptions,Nick Devereaux,Receptions,2026-09-19,Eastern Michigan,Wisconsin,3,0.17824074074074073,23.5,1,,3.8,3.0,2.5,0.6835,0.5767835550181378,0.11337421383647794,0.6835,-159.0,2.5,betonlineag,W,0.6289308176100629,-0.29737,0.3165,122.0,2.5,betonlineag,L,-1.0
pff,receptions,Joshua Long,Receptions,2026-09-19,Eastern Michigan,Wisconsin,3,0.16435185185185186,23.5,1,,3.06,3.0,2.5,0.5375,0.4232164449818621,0.19324999999999992,0.5375,122.0,2.5,betonlineag,W,1.22,-0.2466194968553459,0.4625,-159.0,2.5,betonlineag,L,-1.0
pff,receptions,Eugene Hilton Jr.,Receptions,2026-09-19,Wisconsin,Eastern Michigan,2,0.20394736842105263,-23.5,1,,2.25,1.0,2.5,0.289,0.44351918899348297,-0.38731999999999994,0.289,112.0,2.5,betonlineag,L,-1.0,0.20134482758620692,0.711,-145.0,2.5,betonlineag,W,0.6896551724137931
pff,receptions,Tyrell Henry,Receptions,2026-09-19,Wisconsin,Eastern Michigan,2,0.27192982456140347,-23.5,1,,4.41,14.0,3.5,0.6135,0.4948402542722694,0.1662027027027027,0.6135,-111.0,3.5,betonlineag,W,0.9009009009009009,-0.28031034482758627,0.3865,-116.0,3.5,betonlineag,L,-1.0
pff,receptions,Jacob Harris,Receptions,2026-09-19,Wisconsin,Eastern Michigan,2,0.10964912280701754,-23.5,1,,1.93,3.0,1.5,0.569,0.41379310344827586,0.28024999999999994,0.569,125.0,1.5,hardrockbet,W,1.25,-0.31547058823529406,0.431,-170.0,1.5,hardrockbet,L,-1.0
pff,receptions,Amareon Blue,Receptions,2026-09-19,Eastern Michigan,Wisconsin,3,0.06635802469135803,23.5,1,,1.22,0.0,1.5,0.374,0.45920859794821695,-0.2333,0.374,105.0,1.5,hardrockbet,L,-1.0,0.08970370370370367,0.626,-135.0,1.5,hardrockbet,W,0.7407407407407407
pff,receptions,Tyler Morris,Receptions,2026-09-19,Indiana,Western Kentucky,1,0.23076923076923078,-44.5,1,,2.94,1.0,1.5,0.762,0.599271402550091,0.1974285714285714,0.762,-175.0,1.5,betonlineag,L,-1.0,-0.4407,0.238,135.0,1.5,betonlineag,W,1.35
pff,receptions,Vince Benetti,Receptions,2026-09-19,Iowa State,Bowling Green,2,0.15555555555555556,-22.5,1,,2.12,1.0,1.5,0.569,0.5203045685279188,0.0242,0.569,-125.0,1.5,hardrockbet,L,-1.0,-0.1585238095238095,0.431,-105.0,1.5,hardrockbet,W,0.9523809523809523
pff,receptions,Austyn Dendy,Receptions,2026-09-19,Bowling Green,Iowa State,2,0.0,22.5,1,,0.33,0.0,0.5,0.317,0.625,-0.5245000000000001,0.317,-200.0,0.5,hardrockbet,L,-1.0,0.7075000000000002,0.683,150.0,0.5,hardrockbet,W,1.5
pff,receptions,Aiden Flora,Receptions,2026-09-19,Iowa State,Bowling Green,2,0.05,-22.5,1,,0.81,2.0,0.5,0.524,0.641255605381166,-0.2378181818181818,0.524,-220.0,0.5,hardrockbet,W,0.45454545454545453,0.23760000000000003,0.476,160.0,0.5,hardrockbet,L,-1.0
pff,receptions,Jayvontay Conner,Receptions,2026-09-19,Vanderbilt,NC State,2,0.2875816993464052,-3.0,1,,3.85,1.0,2.5,0.692,0.5633187772925765,0.15333333333333327,0.692,-150.0,2.5,espnbet,L,-1.0,-0.3378,0.308,115.0,2.5,espnbet,W,1.15
pff,receptions,Braden Pegan,Receptions,2026-09-19,Utah,Utah State,2,0.1926470588235294,-26.5,1,,3.96,8.0,3.5,0.542,0.5585303332383936,-0.09178378378378377,0.542,-148.0,3.5,fanduel,W,0.6756756756756757,-0.029039999999999955,0.458,112.0,3.5,fanduel,L,-1.0
pff,receptions,Wayshawn Parker,Receptions,2026-09-19,Utah,Utah State,2,0.21323529411764708,-26.5,1,,2.82,2.0,2.5,0.4545,0.5457986373959122,-0.2208571428571428,0.4545,-140.0,2.5,fanduel,L,-1.0,0.12373,0.5455,106.0,2.5,fanduel,W,1.06
pff,receptions,Luke Hasz,Receptions,2026-09-19,Ole Miss,LSU,2,0.06084656084656084,3.0,1,,2.12,3.0,1.5,0.569,0.5,0.0242,0.569,-125.0,1.5,fliff,W,0.8,-0.22419999999999995,0.431,-125.0,1.5,fliff,L,-1.0
pff,receptions,Chris Hunter,Receptions,2026-09-19,Arizona,Northern Illinois,2,0.040257648953301126,-34.5,1,,2.32,5.0,3.5,0.153,0.46209273182957394,-0.69094,0.153,102.0,3.5,fanduel,W,1.02,0.4697941176470588,0.847,-136.0,3.5,fanduel,L,-1.0
pff,receptions,Tre Spivey,Receptions,2026-09-19,Arizona,Northern Illinois,2,0.11755233494363929,-34.5,1,,3.14,6.0,3.5,0.3495,0.5418848167539266,-0.3972391304347826,0.3495,-138.0,3.5,fanduel,W,0.7246376811594203,0.32702000000000003,0.6505,104.0,3.5,fanduel,L,-1.0
pff,receptions,Caden High,Receptions,2026-09-19,Stanford,Duke,1,0.2727272727272727,9.5,1,,3.86,5.0,3.5,0.5185,0.43734082725915513,0.1147749999999999,0.5185,115.0,3.5,betonlineag,W,1.15,-0.19534563758389256,0.4815,-149.0,3.5,betonlineag,L,-1.0
pff,receptions,Nahzae Cox,Receptions,2026-09-19,Kansas,Arizona State,2,0.06349206349206349,5.5,1,,2.34,2.0,1.5,0.65,0.4232164449818621,0.44300000000000006,0.65,122.0,1.5,betonlineag,W,1.22,-0.42987421383647806,0.35,-159.0,1.5,betonlineag,L,-1.0
pff,receptions,Ty Lockwood,Receptions,2026-09-19,Arkansas,Georgia,2,0.13257575757575757,24.5,1,,2.5,4.0,1.5,0.6665,0.6103896103896104,0.021021276595744653,0.6665,-188.0,1.5,fanduel,W,0.5319148936170213,-0.1996,0.3335,140.0,1.5,fanduel,L,-1.0
pff,receptions,Carver Cheeks,Receptions,2026-09-19,UTEP,Michigan,2,0.20714285714285713,34.5,1,,2.36,1.0,2.5,0.3925,0.48149290561381863,-0.23369047619047623,0.3925,-105.0,2.5,betonlineag,L,-1.0,0.10140243902439022,0.6075,-123.0,2.5,betonlineag,W,0.8130081300813008
pff,receptions,Jackson Harris,Receptions,2026-09-19,LSU,Ole Miss,2,0.07828282828282829,-3.0,1,,2.3,1.0,2.5,0.3155,0.46322988528598974,-0.359535,0.3155,103.0,2.5,betonlineag,L,-1.0,0.19916165413533826,0.6845,-133.0,2.5,betonlineag,W,0.7518796992481203
pff,receptions,Tanook Hines,Receptions,2026-09-19,USC,Rutgers,1,0.06896551724137931,-21.0,1,,2.04,3.0,3.5,0.133,0.4808467741935484,-0.7415283018867924,0.133,-106.0,3.5,fanduel,L,-1.0,0.5606,0.867,-125.0,3.5,fanduel,W,0.8
pff,receptions,Ben Black,Receptions,2026-09-19,Rutgers,USC,2,0.10101010101010101,21.0,1,,2.13,2.0,1.5,0.569,0.5060689431946916,0.05120338983050843,0.569,-118.0,1.5,fanduel,W,0.847457627118644,-0.18417857142857136,0.431,-112.0,1.5,fanduel,L,-1.0
pff,receptions,Eli Wood,Receptions,2026-09-19,Utah State,Utah,2,0.3264705882352941,26.5,1,,4.43,4.0,3.5,0.6155,0.5030953363598846,0.15071739130434786,0.6155,-115.0,3.5,betonlineag,W,0.8695652173913043,-0.2721964285714286,0.3845,-112.0,3.5,betonlineag,L,-1.0
pff,receptions,Larry Simmons,Receptions,2026-09-19,Utah,Utah State,2,0.08382352941176471,-26.5,1,,1.69,2.0,1.5,0.4005,0.539576802507837,-0.30283333333333334,0.4005,-135.0,1.5,betonlineag,W,0.7407407407407407,0.22298,0.5995,104.0,1.5,betonlineag,L,-1.0
pff,receptions,Ricky Johnson,Receptions,2026-09-19,Utah,Utah State,2,0.08382352941176471,-26.5,1,,2.4,4.0,1.5,0.643,0.5051597457277305,0.19731034482758625,0.643,-116.0,1.5,betonlineag,W,0.8620689655172413,-0.3213783783783784,0.357,-111.0,1.5,betonlineag,L,-1.0
pff,receptions,Javen Jacobs,Receptions,2026-09-19,Utah State,Utah,2,0.12941176470588237,26.5,1,,2.23,2.0,2.5,0.287,0.49179655455291227,-0.4520909090909091,0.287,-110.0,2.5,betonlineag,L,-1.0,0.3172372881355932,0.713,-118.0,2.5,betonlineag,W,0.847457627118644
pff,receptions,Anthony Garcia,Receptions,2026-09-19,Utah State,Utah,2,0.08382352941176471,26.5,1,,2.13,2.0,1.5,0.569,0.5867448807441689,-0.09028143712574854,0.569,-167.0,1.5,betonlineag,W,0.5988023952095808,-0.021629999999999927,0.431,127.0,1.5,betonlineag,L,-1.0
pff,receptions,Dawson Pendergrass,Receptions,2026-09-19,Baylor,Louisiana Tech,2,0.07703703703703704,-20.5,1,,1.71,1.0,1.5,0.4165,0.4554079696394688,-0.146175,0.4165,105.0,1.5,hardrockbet,L,-1.0,0.00028571428571433355,0.5835,-140.0,1.5,hardrockbet,W,0.7142857142857143
pff,receptions,Gavin Freeman,Receptions,2026-09-19,Baylor,Louisiana Tech,2,0.4222222222222222,-20.5,1,,6.42,7.0,7.5,0.3025,0.47539370078740156,-0.40940476190476194,0.3025,-105.0,7.5,hardrockbet,L,-1.0,0.23403846153846153,0.6975,-130.0,7.5,hardrockbet,W,0.7692307692307693
pff,receptions,Jalen Mickens,Receptions,2026-09-19,Louisiana Tech,Baylor,2,0.3025210084033613,20.5,1,,4.36,4.0,3.5,0.606,0.5203045685279188,0.09079999999999999,0.606,-125.0,3.5,hardrockbet,W,0.8,-0.23076190476190472,0.394,-105.0,3.5,hardrockbet,L,-1.0
pff,receptions,Eli Finley,Receptions,2026-09-19,Louisiana Tech,Baylor,2,0.18907563025210083,20.5,1,,2.88,8.0,2.5,0.469,0.5,-0.1231739130434783,0.469,-115.0,2.5,hardrockbet,W,0.8695652173913043,-0.007260869565217376,0.531,-115.0,2.5,hardrockbet,L,-1.0
pff,receptions,Terrence Smith Jr.,Receptions,2026-09-19,Colorado State,BYU,2,0.17424242424242425,17.5,1,,3.27,1.0,3.5,0.413,0.45132743362831856,-0.174,0.413,100.0,3.5,fliff,L,-1.0,-0.03429032258064518,0.587,-155.0,3.5,fliff,W,0.6451612903225806
pff,receptions,Kenny Darby,Receptions,2026-09-19,Kentucky,Texas A&M,2,0.2222222222222222,16.5,1,,3.4,2.0,3.5,0.4305,0.4414696667616063,-0.08733999999999997,0.4305,112.0,3.5,fanduel,L,-1.0,-0.04570270270270271,0.5695,-148.0,3.5,fanduel,W,0.6756756756756757
pff,receptions,Willie Rodriguez,Receptions,2026-09-19,Kentucky,Texas A&M,2,0.3333333333333333,16.5,1,,4.17,3.0,3.5,0.579,0.4939310568053083,0.09596428571428567,0.579,-112.0,3.5,fanduel,L,-1.0,-0.22222033898305082,0.421,-118.0,3.5,fanduel,W,0.847457627118644
pff,receptions,Antwan Raymond,Receptions,2026-09-19,Rutgers,USC,2,0.10101010101010101,21.0,1,,1.77,3.0,1.5,0.532,0.5486725663716815,-0.12477419354838709,0.532,-155.0,1.5,fliff,W,0.6451612903225806,-0.064,0.468,100.0,1.5,fliff,L,-1.0
pff,receptions,Kaleb Webb,Receptions,2026-09-19,Maryland,Virginia Tech,2,0.09142857142857143,2.5,1,,3.32,5.0,3.5,0.4215,0.43734082725915513,-0.09377500000000005,0.4215,115.0,3.5,betonlineag,W,1.15,-0.033244966442952995,0.5785,-149.0,3.5,betonlineag,L,-1.0
pff,receptions,Iverson Howard,Receptions,2026-09-19,Maryland,Virginia Tech,2,0.06285714285714286,2.5,1,,1.44,1.0,1.5,0.385,0.5,-0.30699999999999994,0.385,-125.0,1.5,fliff,L,-1.0,0.10699999999999998,0.615,-125.0,1.5,fliff,W,0.8
pff,receptions,George Burhenn,Receptions,2026-09-19,Purdue,UCLA,2,0.06828703703703703,13.5,1,,1.74,1.0,1.5,0.518,0.35576179427687554,0.3209000000000001,0.518,155.0,1.5,fliff,L,-1.0,-0.32126530612244897,0.482,-245.0,1.5,fliff,W,0.40816326530612246
pff,receptions,Jayce Brown,Receptions,2026-09-19,LSU,Ole Miss,1,0.045454545454545456,-3.0,1,,2.17,3.0,1.5,0.569,0.5,0.06812280701754381,0.569,-114.0,1.5,fanduel,W,0.8771929824561403,-0.1909298245614035,0.431,-114.0,1.5,fanduel,L,-1.0
pff,receptions,Braylon Staley,Receptions,2026-09-19,Tennessee,Kennesaw State,2,0.09761904761904762,-35.5,1,,2.59,4.0,3.5,0.2585,0.5306122448979592,-0.5426538461538462,0.2585,-130.0,3.5,betonlineag,W,0.7692307692307693,0.48300000000000004,0.7415,100.0,3.5,betonlineag,L,-1.0
pff,receptions,Mike Matthews,Receptions,2026-09-19,Tennessee,Kennesaw State,2,0.19523809523809524,-35.5,1,,2.97,4.0,4.5,0.1705,0.44351918899348297,-0.63854,0.1705,112.0,4.5,betonlineag,L,-1.0,0.4015689655172414,0.8295,-145.0,4.5,betonlineag,W,0.6896551724137931
pff,receptions,Deuce Alexander,Receptions,2026-09-26,Ole Miss,Florida,3,0.24883758217091548,4.0,1,,5.4,7.0,5.5,0.431,0.45420136260408783,-0.1121399999999999,0.431,106.0,5.5,fanduel,W,1.06,-0.024571428571428577,0.569,-140.0,5.5,fanduel,L,-1.0
pff,receptions,Traylon Ray,Receptions,2026-09-26,Ole Miss,Florida,3,0.12714446047779382,4.0,1,,3.18,2.0,3.5,0.3615,0.3993154592127781,-0.15408999999999995,0.3615,134.0,3.5,fanduel,L,-1.0,-0.0067777777777777715,0.6385,-180.0,3.5,fanduel,W,0.5555555555555556
pff,receptions,Caleb Odom,Receptions,2026-09-26,Ole Miss,Florida,2,0.1471861471861472,4.0,1,,3.23,5.0,3.5,0.411,0.5418848167539266,-0.2911739130434782,0.411,-138.0,3.5,fanduel,W,0.7246376811594203,0.20156000000000002,0.589,104.0,3.5,fanduel,L,-1.0
pff,receptions,Dallas Wilson,Receptions,2026-09-26,Florida,Ole Miss,3,0.2027777777777778,-4.0,1,,3.33,2.0,3.5,0.423,0.5457986373959122,-0.2748571428571428,0.423,-140.0,3.5,fanduel,L,-1.0,0.18861999999999995,0.577,106.0,3.5,fanduel,W,1.06
pff,receptions,Vernell Brown III,Receptions,2026-09-26,Florida,Ole Miss,3,0.24583333333333335,-4.0,1,,3.76,3.0,5.5,0.2015,0.5,-0.6217456140350877,0.2015,-114.0,5.5,fanduel,L,-1.0,0.49893859649122796,0.7985,-114.0,5.5,fanduel,W,0.8771929824561403
pff,receptions,Horatio Fields,Receptions,2026-09-26,Ole Miss,Florida,3,0.1792528459195126,4.0,1,,3.95,1.0,4.5,0.371,0.4718423169750603,-0.2652745098039216,0.371,-102.0,4.5,fanduel,L,-1.0,0.11284615384615387,0.629,-130.0,4.5,fanduel,W,0.7692307692307693
pff,receptions,Bailey Stockton,Receptions,2026-09-26,Florida,Ole Miss,3,0.14722222222222223,-4.0,1,,3.02,4.0,2.5,0.521,0.5,-0.02198245614035088,0.521,-114.0,2.5,fanduel,W,0.8771929824561403,-0.10082456140350882,0.479,-114.0,2.5,fanduel,L,-1.0
pff,receptions,Turbo Richard,Receptions,2026-09-26,Indiana,Northwestern,3,0.06267806267806268,-20.5,1,,0.76,0.0,1.5,0.195,0.43297422610118635,-0.5788000000000001,0.195,116.0,1.5,fanduel,L,-1.0,0.3277272727272727,0.805,-154.0,1.5,fanduel,W,0.6493506493506493
pff,receptions,Griffin Wilde,Receptions,2026-09-26,Northwestern,Indiana,2,0.2542016806722689,20.5,1,,3.68,6.0,4.5,0.3255,0.5,-0.3889736842105263,0.3255,-114.0,4.5,fanduel,W,0.8771929824561403,0.26616666666666666,0.6745,-114.0,4.5,fanduel,L,-1.0
pff,receptions,Caleb Komolafe,Receptions,2026-09-26,Northwestern,Indiana,2,0.15966386554621848,20.5,1,,1.96,1.0,1.5,0.569,0.5379072681704261,-0.012617647058823511,0.569,-136.0,1.5,fanduel,L,-1.0,-0.12937999999999994,0.431,102.0,1.5,fanduel,W,1.02
pff,receptions,Shazz Preston,Receptions,2026-09-26,Indiana,Northwestern,3,0.1153096416254311,-20.5,1,,1.89,2.0,1.5,0.569,0.5510744774801296,-0.03586111111111118,0.569,-144.0,1.5,fanduel,W,0.6944444444444444,-0.10351999999999995,0.431,108.0,1.5,fanduel,L,-1.0
pff,receptions,Nick Marsh,Receptions,2026-09-26,Indiana,Northwestern,3,0.248163142899985,-20.5,1,,3.25,5.0,5.5,0.161,0.4718423169750603,-0.681156862745098,0.161,-102.0,5.5,fanduel,L,-1.0,0.4843846153846154,0.839,-130.0,5.5,fanduel,W,0.7692307692307693
pff,receptions,Charlie Becker,Receptions,2026-09-26,Indiana,Northwestern,3,0.3013945119208277,-20.5,1,,3.76,7.0,5.5,0.2015,0.3831317764804003,-0.4002307692307692,0.339,-130.0,4.5,williamhill_us,W,0.7692307692307693,0.3090392156862745,0.661,-102.0,4.5,williamhill_us,L,-1.0
pff,receptions,Drew Wagner,Receptions,2026-09-26,Northwestern,Indiana,2,0.16596638655462184,20.5,1,,3.29,3.0,1.5,0.7735,0.5867448807441689,0.2366736526946107,0.7735,-167.0,1.5,betonlineag,W,0.5988023952095808,-0.48584499999999997,0.2265,127.0,1.5,betonlineag,L,-1.0
pff,receptions,Luke Dehnicke,Receptions,2026-09-26,Northwestern,Indiana,2,0.13025210084033612,20.5,1,,2.5,7.0,1.5,0.6665,0.6169989506820567,0.013635416666666678,0.6665,-192.0,1.5,betonlineag,W,0.5208333333333334,-0.18292499999999995,0.3335,145.0,1.5,betonlineag,L,-1.0
pff,receptions,Jeremiah Smith,Receptions,2026-09-26,Ohio State,Illinois,3,0.3186418262319591,-25.5,1,,5.57,12.0,7.5,0.1865,0.4808467741935484,-0.6375566037735849,0.1865,-106.0,7.5,fanduel,W,0.9433962264150944,0.46430000000000005,0.8135,-125.0,7.5,fanduel,L,-1.0
pff,receptions,TreyShun Hurry,Receptions,2026-09-26,Louisville,Wake Forest,3,0.12962962962962962,-11.5,1,,2.74,8.0,2.5,0.4545,0.5203045685279188,-0.18189999999999995,0.4545,-125.0,2.5,hardrockbet,W,0.8,0.06502380952380948,0.5455,-105.0,2.5,hardrockbet,L,-1.0
pff,receptions,Lawayne McCoy,Receptions,2026-09-26,Louisville,Wake Forest,3,0.17989417989417988,-11.5,1,,3.0,6.0,3.5,0.3125,0.42785234899328856,-0.3125,0.3125,120.0,3.5,hardrockbet,W,1.2,0.1310483870967742,0.6875,-155.0,3.5,hardrockbet,L,-1.0
pff,receptions,Tre Richardson,Receptions,2026-09-26,Louisville,Wake Forest,3,0.2804232804232804,-11.5,1,,4.02,5.0,4.5,0.379,0.5101214574898786,-0.30516666666666664,0.379,-120.0,4.5,hardrockbet,W,0.8333333333333334,0.18554545454545457,0.621,-110.0,4.5,hardrockbet,L,-1.0
pff,receptions,Mario Craver,Receptions,2026-09-26,Texas A&M,LSU,3,0.27435897435897433,8.5,1,,5.71,3.0,4.5,0.657,0.4718423169750603,0.30111764705882355,0.657,-102.0,4.5,fanduel,L,-1.0,-0.39315384615384613,0.343,-130.0,4.5,fanduel,W,0.7692307692307693
pff,receptions,Dilin Jones,Receptions,2026-09-26,LSU,Texas A&M,3,0.09385521885521886,-8.5,1,,1.92,3.0,2.5,0.287,0.4677419354838709,-0.426,0.287,100.0,2.5,fanduel,W,1.0,0.2531515151515152,0.713,-132.0,2.5,fanduel,L,-1.0
pff,receptions,Isaiah Horton,Receptions,2026-09-26,Texas A&M,LSU,3,0.18410256410256412,8.5,1,,3.88,3.0,4.5,0.3585,0.40640759418570166,-0.17544999999999994,0.3585,130.0,4.5,fanduel,L,-1.0,0.010178160919540213,0.6415,-174.0,4.5,fanduel,W,0.5747126436781609
pff,receptions,Mark Bowman,Receptions,2026-09-26,USC,Oregon,4,0.16336206896551725,3.5,1,,3.58,6.0,3.5,0.458,0.519675254742772,-0.16964227642276425,0.458,-123.0,3.5,betonlineag,W,0.8130081300813008,0.06315384615384617,0.542,-104.0,3.5,betonlineag,L,-1.0
pff,receptions,Dakorien Moore,Receptions,2026-09-26,Oregon,USC,3,0.1619047619047619,-3.5,1,,3.15,3.0,4.5,0.2005,0.48768472906403937,-0.6138518518518519,0.2005,-108.0,4.5,betonlineag,L,-1.0,0.46575,0.7995,-120.0,4.5,betonlineag,W,0.8333333333333334
pff,receptions,Evan Stewart,Receptions,2026-09-26,Oregon,USC,3,0.21904761904761905,-3.5,1,,4.38,7.0,4.5,0.4285,0.43310875842155927,-0.07015500000000008,0.4285,117.0,4.5,betonlineag,W,1.17,-0.05251315789473682,0.5715,-152.0,4.5,betonlineag,L,-1.0
pff,receptions,Caden High,Receptions,2026-09-26,Stanford,Georgia Tech,2,0.26136363636363635,3.0,1,,4.41,4.0,5.5,0.298,0.42785234899328856,-0.3444,0.298,120.0,5.5,hardrockbet,L,-1.0,0.1549032258064516,0.702,-155.0,5.5,hardrockbet,W,0.6451612903225806
pff,receptions,Adam Mohammed,Receptions,2026-09-26,California,Clemson,3,0.18815628815628815,2.5,1,,3.59,3.0,4.5,0.3205,0.4581151832460733,-0.34618,0.3205,104.0,4.5,fanduel,L,-1.0,0.17189130434782607,0.6795,-138.0,4.5,fanduel,W,0.7246376811594203
pff,receptions,T.J. Moore,Receptions,2026-09-26,Clemson,California,3,0.32857142857142857,-2.5,1,,4.66,3.0,5.5,0.3245,0.5141838223374939,-0.4095163934426229,0.3245,-122.0,5.5,fanduel,L,-1.0,0.300962962962963,0.6755,-108.0,5.5,fanduel,W,0.9259259259259259
pff,receptions,Mason Mini,Receptions,2026-09-26,California,Clemson,2,0.12454212454212454,2.5,1,,3.01,3.0,2.5,0.519,0.46209273182957394,0.04838000000000009,0.519,102.0,2.5,fanduel,W,1.02,-0.1653235294117647,0.481,-136.0,2.5,fanduel,L,-1.0
pff,receptions,Bryant Wesco Jr.,Receptions,2026-09-26,Clemson,California,3,0.23095238095238094,-2.5,1,,4.15,3.0,5.5,0.2615,0.43297422610118635,-0.43516000000000005,0.2615,116.0,5.5,fanduel,L,-1.0,0.21804545454545454,0.7385,-154.0,5.5,fanduel,W,0.6493506493506493
pff,receptions,Ian Strong,Receptions,2026-09-26,California,Clemson,3,0.16886446886446885,2.5,1,,4.43,3.0,4.5,0.4355,0.41703248463564524,-0.024480000000000057,0.4355,124.0,4.5,fanduel,L,-1.0,-0.09543975903614454,0.5645,-166.0,4.5,fanduel,W,0.6024096385542169
pff,receptions,Chase Hendricks,Receptions,2026-09-26,California,Clemson,3,0.242002442002442,2.5,1,,5.16,4.0,4.5,0.578,0.532258064516129,0.01587878787878788,0.578,-132.0,4.5,fanduel,L,-1.0,-0.15599999999999997,0.422,100.0,4.5,fanduel,W,1.0
pff,receptions,Micah Welch,Receptions,2026-09-26,Colorado,Baylor,3,0.030364372469635626,8.5,1,,0.88,0.0,0.5,0.5385,0.5751633986928104,-0.12493750000000003,0.5385,-160.0,0.5,hardrockbet,L,-1.0,0.01529999999999998,0.4615,120.0,0.5,hardrockbet,W,1.2
pff,receptions,Hudson Clement,Receptions,2026-09-26,Illinois,Ohio State,3,0.2049424005945745,25.5,1,,3.43,5.0,4.5,0.303,0.5276888998277135,-0.46028125,0.303,-128.0,4.5,betonlineag,W,0.78125,0.38709900990099005,0.697,-101.0,4.5,betonlineag,L,-1.0
pff,receptions,Brayden Trimble,Receptions,2026-09-26,Illinois,Ohio State,3,0.13977146042363434,25.5,1,,2.44,4.0,2.5,0.4075,0.539576802507837,-0.2906481481481482,0.4075,-135.0,2.5,betonlineag,W,0.7407407407407407,0.2087000000000001,0.5925,104.0,2.5,betonlineag,L,-1.0
pff,receptions,Devin McCuin,Receptions,2026-09-26,Ohio State,Illinois,3,0.11442700247254327,-25.5,1,,2.53,4.0,2.5,0.4265,0.48149290561381863,-0.16730952380952385,0.4265,-105.0,2.5,betonlineag,W,0.9523809523809523,0.039760162601626015,0.5735,-123.0,2.5,betonlineag,L,-1.0
pff,receptions,Bo Jackson,Receptions,2026-09-26,Ohio State,Illinois,3,0.10433557587257776,-25.5,1,,1.64,3.0,1.5,0.385,0.4653465346534653,-0.22999999999999998,0.385,100.0,1.5,hardrockbet,W,1.0,0.07055555555555554,0.615,-135.0,1.5,hardrockbet,L,-1.0
pff,receptions,Nate Roberts,Receptions,2026-09-26,Ohio State,Illinois,3,0.06066356161232822,-25.5,1,,2.16,4.0,1.5,0.569,0.5101214574898786,0.04316666666666663,0.569,-120.0,1.5,hardrockbet,W,0.8333333333333334,-0.17718181818181816,0.431,-110.0,1.5,hardrockbet,L,-1.0
pff,receptions,Ca'Lil Valentine,Receptions,2026-09-26,Illinois,Ohio State,3,0.03952991452991453,25.5,1,,0.93,1.0,0.5,0.5565,0.6456256921373201,-0.19054545454545457,0.5565,-220.0,0.5,hardrockbet,W,0.45454545454545453,0.17527499999999996,0.4435,165.0,0.5,hardrockbet,L,-1.0
pff,receptions,Braylon Staley,Receptions,2026-09-26,Tennessee,Texas,3,0.13915343915343914,5.5,1,,3.18,7.0,4.5,0.206,0.44351918899348297,-0.56328,0.206,112.0,4.5,betonlineag,W,1.12,0.34158620689655184,0.794,-145.0,4.5,betonlineag,L,-1.0
pff,receptions,Mike Matthews,Receptions,2026-09-26,Tennessee,Texas,3,0.20423280423280424,5.5,1,,3.56,4.0,4.5,0.319,0.4564539116366858,-0.34286000000000005,0.319,106.0,4.5,betonlineag,L,-1.0,0.17808029197080294,0.681,-137.0,4.5,betonlineag,W,0.7299270072992701
pff,receptions,Chris Durr Jr.,Receptions,2026-09-26,Maryland,UCLA,3,0.30857142857142855,2.5,1,,6.39,7.0,7.5,0.2955,0.4472667034787409,-0.37945,0.2955,110.0,7.5,betonlineag,L,-1.0,0.19715734265734264,0.7045,-143.0,7.5,betonlineag,W,0.6993006993006993
pff,receptions,Kaleb Webb,Receptions,2026-09-26,Maryland,UCLA,3,0.1165079365079365,2.5,1,,3.84,2.0,4.5,0.3535,0.4307128806891406,-0.22937000000000002,0.3535,118.0,4.5,betonlineag,L,-1.0,0.06630519480519481,0.6465,-154.0,4.5,betonlineag,W,0.6493506493506493
pff,receptions,Brian Rowe Jr.,Receptions,2026-09-26,UCLA,Maryland,3,0.2255639097744361,-2.5,1,,3.5,1.0,3.5,0.445,0.483560743054414,-0.13518867924528305,0.445,-106.0,3.5,betonlineag,L,-1.0,0.0099180327868853,0.555,-122.0,3.5,betonlineag,W,0.819672131147541
pff,receptions,Semaj Morgan,Receptions,2026-09-26,UCLA,Maryland,3,0.2606516290726817,-2.5,1,,3.9,2.0,3.5,0.527,0.5692871193108593,-0.13079220779220774,0.527,-154.0,3.5,betonlineag,L,-1.0,0.031139999999999946,0.473,118.0,3.5,betonlineag,W,1.18
pff,receptions,Wayne Knight,Receptions,2026-09-26,UCLA,Maryland,3,0.10025062656641603,-2.5,1,,1.73,3.0,1.5,0.42,0.5940959409594095,-0.33999999999999997,0.42,-175.0,1.5,hardrockbet,W,0.5714285714285714,0.334,0.58,130.0,1.5,hardrockbet,L,-1.0
pff,receptions,Iverson Howard,Receptions,2026-09-26,Maryland,UCLA,3,0.053015873015873016,2.5,1,,1.77,3.0,1.5,0.532,0.5306122448979592,-0.05876923076923074,0.532,-130.0,1.5,hardrockbet,W,0.7692307692307693,-0.064,0.468,100.0,1.5,hardrockbet,L,-1.0
pff,receptions,De'Nylon Morrissette,Receptions,2026-09-26,Purdue,Notre Dame,2,0.05625,27.5,1,,2.39,1.0,1.5,0.6415,0.5489256569588981,0.09646453900709218,0.6415,-141.0,1.5,betonlineag,L,-1.0,-0.25431999999999994,0.3585,108.0,1.5,betonlineag,W,1.08
pff,receptions,Chauncey Magwood,Receptions,2026-09-26,Purdue,Notre Dame,3,0.09776234567901236,27.5,1,,3.01,2.0,2.5,0.52,0.5867448807441689,-0.168622754491018,0.52,-167.0,2.5,betonlineag,L,-1.0,0.08960000000000001,0.48,127.0,2.5,betonlineag,W,1.27
pff,receptions,Asaad Waseem,Receptions,2026-09-26,Purdue,Notre Dame,3,0.26990740740740743,27.5,1,,5.17,4.0,3.5,0.754,0.559015193444145,0.2669251700680272,0.754,-147.0,3.5,betonlineag,W,0.6802721088435374,-0.47602000000000005,0.246,113.0,3.5,betonlineag,L,-1.0
pff,receptions,Xavier Townsend,Receptions,2026-09-26,Purdue,Notre Dame,3,0.24891975308641975,27.5,1,,4.78,5.0,3.5,0.679,0.539576802507837,0.18196296296296294,0.679,-135.0,3.5,betonlineag,W,0.7407407407407407,-0.34516,0.321,104.0,3.5,betonlineag,L,-1.0
pff,receptions,Fame Ijeboi,Receptions,2026-09-26,Purdue,Notre Dame,3,0.08719135802469136,27.5,1,,2.07,2.0,2.5,0.287,0.5,-0.46343478260869564,0.287,-115.0,2.5,hardrockbet,L,-1.0,0.333,0.713,-115.0,2.5,hardrockbet,W,0.8695652173913043
pff,receptions,JJ Buchanan,Receptions,2026-09-26,Michigan,Iowa,3,0.35185185185185186,-4.5,1,,4.72,5.0,3.5,0.6575,0.5862154150197628,0.04886904761904759,0.6575,-168.0,3.5,fanduel,W,0.5952380952380952,-0.22594999999999993,0.3425,126.0,3.5,fanduel,L,-1.0
pff,receptions,Tony Diaz,Receptions,2026-09-26,Iowa,Michigan,3,0.2751322751322751,4.5,1,,4.41,3.0,5.5,0.298,0.5281576830249397,-0.4727692307692307,0.298,-130.0,5.5,fanduel,L,-1.0,0.47818110236220474,0.827,-127.0,6.5,betonlineag,W,0.7874015748031497
pff,receptions,Andrew Marsh,Receptions,2026-09-26,Michigan,Iowa,3,0.32539682539682535,-4.5,1,,3.88,7.0,4.5,0.3585,0.42825841577584495,-0.21847,0.3585,118.0,4.5,fanduel,W,1.18,0.047512658227848115,0.6415,-158.0,4.5,fanduel,L,-1.0
pff,receptions,Reece Vander Zee,Receptions,2026-09-26,Iowa,Michigan,3,0.09788359788359786,4.5,1,,2.61,5.0,2.5,0.442,0.3977531934306569,0.04312000000000005,0.442,136.0,2.5,betonlineag,W,1.36,-0.130268156424581,0.558,-179.0,2.5,betonlineag,L,-1.0
pff,receptions,DJ Vonnahme,Receptions,2026-09-26,Iowa,Michigan,2,0.14285714285714285,4.5,1,,2.66,4.0,3.5,0.2675,0.41598386486827177,-0.39545,0.2675,126.0,3.5,betonlineag,W,1.26,0.17914634146341463,0.7325,-164.0,3.5,betonlineag,L,-1.0
pff,receptions,Jordan Marshall,Receptions,2026-09-26,Michigan,Iowa,3,0.07142857142857142,-4.5,1,,1.11,0.0,1.5,0.2375,0.34200046849379245,-0.370625,0.2375,165.0,1.5,fliff,L,-1.0,0.050235849056603776,0.7625,-265.0,1.5,fliff,W,0.37735849056603776
pff,receptions,Dominic Overby,Receptions,2026-09-26,Iowa State,Utah,2,0.19444444444444442,7.5,1,,1.92,3.0,1.5,0.569,0.5281576830249397,0.006692307692307664,0.569,-130.0,1.5,fanduel,W,0.7692307692307693,-0.14645098039215682,0.431,-102.0,1.5,fanduel,L,-1.0
pff,receptions,Braden Pegan,Receptions,2026-09-26,Utah,Iowa State,3,0.23509803921568628,-7.5,1,,4.53,2.0,3.5,0.6315,0.5904601300891351,-0.0013488372093023449,0.6315,-172.0,3.5,fanduel,L,-1.0,-0.15981999999999996,0.3685,128.0,3.5,fanduel,W,1.28
pff,receptions,Ricky Johnson,Receptions,2026-09-26,Utah,Iowa State,3,0.1092156862745098,-7.5,1,,2.74,2.0,2.5,0.4545,0.3831317764804003,0.10897999999999997,0.4545,144.0,2.5,fanduel,L,-1.0,-0.1733144329896908,0.5455,-194.0,2.5,fanduel,W,0.5154639175257731
pff,receptions,Omari Hayes,Receptions,2026-09-26,Iowa State,Utah,3,0.20185185185185184,7.5,1,,2.64,5.0,2.5,0.444,0.47591522157996147,-0.1290769230769231,0.444,-104.0,2.5,fanduel,W,0.9615384615384616,-0.00962499999999994,0.556,-128.0,2.5,fanduel,L,-1.0
pff,receptions,Noah Bennee,Receptions,2026-09-26,Utah,Iowa State,2,0.12941176470588237,-7.5,1,,2.45,2.0,2.5,0.4115,0.4808467741935484,-0.2002924528301887,0.4115,-106.0,2.5,fanduel,L,-1.0,0.059300000000000075,0.5885,-125.0,2.5,fanduel,W,0.8
pff,receptions,Wayshawn Parker,Receptions,2026-09-26,Utah,Iowa State,3,0.1688235294117647,-7.5,1,,2.57,5.0,3.5,0.2565,0.41703248463564524,-0.42544000000000004,0.2565,124.0,3.5,fanduel,W,1.24,0.19139156626506032,0.7435,-166.0,3.5,fanduel,L,-1.0
pff,receptions,Chris Brooks Jr.,Receptions,2026-09-26,Wisconsin,Penn State,3,0.1516653953724892,9.5,1,,3.27,2.0,3.5,0.414,0.4232164449818621,-0.08091999999999999,0.414,122.0,3.5,betonlineag,L,-1.0,-0.04544654088050315,0.586,-159.0,3.5,betonlineag,W,0.6289308176100629
pff,receptions,Eugene Hilton Jr.,Receptions,2026-09-26,Wisconsin,Penn State,3,0.15045766590389018,9.5,1,,2.55,2.0,2.5,0.4285,0.43310875842155927,-0.07015500000000008,0.4285,117.0,2.5,betonlineag,L,-1.0,-0.05251315789473682,0.5715,-152.0,2.5,betonlineag,W,0.6578947368421053
pff,receptions,Chase Sowell,Receptions,2026-09-26,Penn State,Wisconsin,3,0.1349206349206349,-9.5,1,,3.1,6.0,3.5,0.338,0.48768472906403937,-0.34903703703703703,0.338,-108.0,3.5,betonlineag,W,0.9259259259259259,0.21366666666666673,0.662,-120.0,3.5,betonlineag,L,-1.0
pff,receptions,Tyrell Henry,Receptions,2026-09-26,Wisconsin,Penn State,3,0.38418510043224,9.5,1,,6.08,2.0,4.5,0.7385,0.48768472906403937,0.42229629629629634,0.7385,-108.0,4.5,betonlineag,L,-1.0,-0.5205833333333334,0.2615,-120.0,4.5,betonlineag,W,0.8333333333333334
pff,receptions,Jacob Harris,Receptions,2026-09-26,Wisconsin,Penn State,3,0.11657767607424357,9.5,1,,2.33,5.0,1.5,0.6375,0.5203045685279188,0.14750000000000002,0.6375,-125.0,1.5,hardrockbet,W,0.8,-0.2922619047619047,0.3625,-105.0,1.5,hardrockbet,L,-1.0
pff,receptions,Carson Hansen,Receptions,2026-09-26,Penn State,Wisconsin,3,0.031746031746031744,-9.5,1,,0.88,0.0,1.5,0.197,0.381753477838887,-0.51735,0.197,145.0,1.5,hardrockbet,L,-1.0,0.21479487179487178,0.803,-195.0,1.5,hardrockbet,W,0.5128205128205128
pff,receptions,Benjamin Brahmer,Receptions,2026-09-26,Penn State,Wisconsin,3,0.11825396825396824,-9.5,1,,2.57,4.0,2.5,0.4325,0.5445920303605313,-0.25857142857142856,0.4325,-140.0,2.5,hardrockbet,W,0.7142857142857143,0.16337500000000005,0.5675,105.0,2.5,hardrockbet,L,-1.0
pff,receptions,Abu Sama III,Receptions,2026-09-26,Wisconsin,Penn State,2,0.041666666666666664,9.5,1,,0.6,1.0,1.5,0.1845,0.381753477838887,-0.547975,0.1845,145.0,1.5,hardrockbet,L,-1.0,0.23370512820512818,0.8155,-195.0,1.5,hardrockbet,W,0.5128205128205128
pff,receptions,Lotzeir Brooks,Receptions,2026-09-26,Alabama,South Carolina,3,0.2551964149504195,-12.5,1,,4.07,2.0,4.5,0.3885,0.5457986373959122,-0.334,0.3885,-140.0,4.5,fanduel,L,-1.0,0.25969000000000003,0.6115,106.0,4.5,fanduel,W,1.06
pff,receptions,Kaleb Edwards,Receptions,2026-09-26,Alabama,South Carolina,2,0.09610983981693363,-12.5,1,,2.16,4.0,2.5,0.287,0.3993154592127781,-0.32842,0.287,134.0,2.5,fanduel,W,1.34,0.10911111111111116,0.713,-180.0,2.5,fanduel,L,-1.0
pff,receptions,Nyck Harbor,Receptions,2026-09-26,South Carolina,Alabama,3,0.13566778900112234,12.5,1,,3.54,3.0,2.5,0.634,0.5379072681704261,0.10017647058823537,0.634,-136.0,2.5,fanduel,W,0.7352941176470589,-0.26068,0.366,102.0,2.5,fanduel,L,-1.0
pff,receptions,Rico Scott,Receptions,2026-09-26,Alabama,South Carolina,3,0.15555873379099924,-12.5,1,,3.05,3.0,3.5,0.324,0.46209273182957394,-0.34552000000000005,0.324,102.0,3.5,fanduel,L,-1.0,0.17305882352941182,0.676,-136.0,3.5,fanduel,W,0.7352941176470589
pff,receptions,Isaiah Johnson,Receptions,2026-09-26,Cincinnati,Kansas State,3,0.1758483452031839,6.0,1,,3.96,1.0,3.5,0.542,0.4693877551020408,0.08400000000000002,0.542,100.0,3.5,betonlineag,L,-1.0,-0.18969230769230772,0.458,-130.0,3.5,betonlineag,W,0.7692307692307693
pff,receptions,Cole Tabb,Receptions,2026-09-26,Cincinnati,Kansas State,3,0.04301075268817204,6.0,1,,1.13,0.0,1.5,0.2415,0.4693877551020408,-0.5169999999999999,0.2415,100.0,1.5,hardrockbet,L,-1.0,0.3419615384615385,0.7585,-130.0,1.5,hardrockbet,W,0.7692307692307693
pff,receptions,Jamari Johnson,Receptions,2026-09-26,Oregon,USC,1,0.14285714285714285,-3.5,1,,3.46,7.0,3.5,0.439,0.5,-0.17591228070175446,0.439,-114.0,3.5,fanduel,W,0.8771929824561403,0.053105263157894766,0.561,-114.0,3.5,fanduel,L,-1.0
pff,receptions,Tanook Hines,Receptions,2026-09-26,USC,Oregon,2,0.10948275862068965,3.5,1,,2.43,1.0,3.5,0.2395,0.4718423169750603,-0.5256960784313726,0.2395,-102.0,3.5,fanduel,L,-1.0,0.3455,0.7605,-130.0,3.5,fanduel,W,0.7692307692307693
pff,receptions,Dierre Hill Jr.,Receptions,2026-09-26,Oregon,USC,3,0.11190476190476191,-3.5,1,,1.9,4.0,2.5,0.287,0.45420136260408783,-0.40878,0.287,106.0,2.5,fanduel,W,1.06,0.22228571428571425,0.713,-140.0,2.5,fanduel,L,-1.0
pff,receptions,Messiah Hampton,Receptions,2026-09-26,Oregon,USC,2,0.19285714285714284,-3.5,1,,3.39,5.0,2.5,0.6105,0.578534199858439,-0.01264814814814813,0.6105,-162.0,2.5,fanduel,W,0.6172839506172839,-0.13531000000000004,0.3895,122.0,2.5,fanduel,L,-1.0
pff,receptions,Jordon Davison,Receptions,2026-09-26,Oregon,USC,3,0.021428571428571425,-3.5,1,,1.0,1.0,1.5,0.21,0.3927881519639408,-0.517,0.21,130.0,1.5,fliff,L,-1.0,0.1753658536585366,0.79,-205.0,1.5,fliff,W,0.4878048780487805
pff,receptions,Waymond Jordan,Receptions,2026-09-26,USC,Oregon,4,0.04224137931034483,3.5,1,,1.1,0.0,1.5,0.2315,0.38402925937214266,-0.4559749999999999,0.2315,135.0,1.5,fliff,L,-1.0,0.12594186046511627,0.7685,-215.0,1.5,fliff,W,0.46511627906976744
pff,receptions,King Miller,Receptions,2026-09-26,USC,Oregon,4,0.017241379310344827,3.5,1,,0.9,1.0,1.5,0.197,0.3617021276595745,-0.5075000000000001,0.197,150.0,1.5,fliff,L,-1.0,0.13758333333333334,0.803,-240.0,1.5,fliff,W,0.4166666666666667
pff,receptions,Cayden Lee,Receptions,2026-09-26,Missouri,Mississippi State,3,0.28987854251012146,3.5,1,,4.51,11.0,4.5,0.447,0.5,-0.1608947368421053,0.447,-114.0,4.5,fanduel,W,0.8771929824561403,0.038087719298245615,0.553,-114.0,4.5,fanduel,L,-1.0
pff,receptions,Donovan Olugbode,Receptions,2026-09-26,Missouri,Mississippi State,3,0.3078272604588394,3.5,1,,4.83,4.0,4.5,0.509,0.532258064516129,-0.10539393939393937,0.509,-132.0,4.5,fanduel,L,-1.0,-0.018000000000000016,0.491,100.0,4.5,fanduel,W,1.0
pff,receptions,Marquis Johnson,Receptions,2026-09-26,Mississippi State,Missouri,3,0.11050194931773878,-3.5,1,,2.48,4.0,2.5,0.417,0.46209273182957394,-0.15765999999999997,0.417,102.0,2.5,fanduel,W,1.02,0.011676470588235288,0.583,-136.0,2.5,fanduel,L,-1.0
pff,receptions,Anthony Evans III,Receptions,2026-09-26,Mississippi State,Missouri,3,0.3375162443144899,-3.5,1,,5.61,8.0,6.5,0.3205,0.38961038961038963,-0.2308,0.3205,140.0,6.5,fanduel,W,1.4,0.040936170212765965,0.6795,-188.0,6.5,fanduel,L,-1.0
pff,receptions,Sanfrisco Magee,Receptions,2026-09-26,Mississippi State,Missouri,3,0.16780376868096167,-3.5,1,,2.87,3.0,2.5,0.461,0.578534199858439,-0.25443209876543216,0.461,-162.0,2.5,fanduel,W,0.6172839506172839,0.19658000000000003,0.539,122.0,2.5,fanduel,L,-1.0
pff,receptions,Zion Ragins,Receptions,2026-09-26,Mississippi State,Missouri,3,0.13462475633528265,-3.5,1,,3.07,2.0,2.5,0.5415,0.4718423169750603,0.07238235294117645,0.5415,-102.0,2.5,fanduel,L,-1.0,-0.18880769230769223,0.4585,-130.0,2.5,fanduel,W,0.7692307692307693
pff,receptions,Carlos Hernandez,Receptions,2026-09-26,Wake Forest,Louisville,3,0.31570010449320796,11.5,1,,5.92,9.0,6.5,0.368,0.5,-0.30919298245614035,0.368,-114.0,6.5,betonlineag,W,0.8771929824561403,0.18638596491228065,0.632,-114.0,6.5,betonlineag,L,-1.0
pff,receptions,TyLyric Coleman,Receptions,2026-09-26,Virginia,Delaware,3,0.1455026455026455,-19.5,1,,2.27,1.0,2.5,0.3015,0.5281576830249397,-0.4665769230769231,0.3015,-130.0,2.5,fanduel,L,-1.0,0.38330392156862747,0.6985,-102.0,2.5,fanduel,W,0.9803921568627451
pff,receptions,Kameron Courtney,Receptions,2026-09-26,Virginia,Delaware,3,0.24603174603174602,-19.5,1,,3.42,4.0,4.5,0.303,0.4414696667616063,-0.3576399999999999,0.303,112.0,4.5,fanduel,L,-1.0,0.16794594594594592,0.697,-148.0,4.5,fanduel,W,0.6756756756756757
pff,receptions,Dakota Twitty,Receptions,2026-09-26,Virginia,Delaware,2,0.12301587301587301,-19.5,1,,2.41,2.0,3.5,0.2355,0.40640759418570166,-0.45835,0.2355,130.0,3.5,fanduel,L,-1.0,0.20386781609195398,0.7645,-174.0,3.5,fanduel,W,0.5747126436781609
pff,receptions,Gi'Bran Payne,Receptions,2026-09-26,Cincinnati,Kansas State,3,0.04531490015360983,6.0,1,,1.64,1.0,1.5,0.385,0.4796954314720812,-0.24833333333333335,0.385,-105.0,1.5,hardrockbet,L,-1.0,0.10699999999999998,0.615,-125.0,1.5,hardrockbet,W,0.8
pff,receptions,Joshisa Trader,Receptions,2026-09-26,NC State,App State,3,0.12564102564102564,-12.5,1,,2.35,4.0,3.5,0.2295,0.4307128806891406,-0.49968999999999997,0.2295,118.0,3.5,betonlineag,W,1.18,0.27082467532467525,0.7705,-154.0,3.5,betonlineag,L,-1.0
pff,receptions,Preston Douglas,Receptions,2026-09-26,NC State,App State,3,0.15498575498575498,-12.5,1,,2.36,5.0,2.5,0.394,0.5626591727408448,-0.3415704697986577,0.394,-149.0,2.5,betonlineag,W,0.6711409395973155,0.30289999999999995,0.606,115.0,2.5,betonlineag,L,-1.0
pff,receptions,Victor Snow,Receptions,2026-09-26,NC State,App State,3,0.053561253561253554,-12.5,1,,2.1,2.0,2.5,0.287,0.43734082725915513,-0.38295,0.287,115.0,2.5,betonlineag,L,-1.0,0.19152348993288593,0.713,-149.0,2.5,betonlineag,W,0.6711409395973155
pff,receptions,Dekalon Taylor,Receptions,2026-09-26,Colorado,Baylor,2,0.12406015037593984,8.5,1,,1.42,2.0,1.5,0.385,0.4695121951219513,-0.265,0.385,-110.0,1.5,fliff,W,0.9090909090909091,0.039137931034482765,0.615,-145.0,1.5,fliff,L,-1.0
pff,receptions,Jaden Greathouse,Receptions,2026-09-26,Notre Dame,Purdue,2,0.0863157894736842,-27.5,1,,2.18,2.0,2.5,0.287,0.42723631508678234,-0.3686,0.287,120.0,2.5,betonlineag,L,-1.0,0.17005128205128212,0.713,-156.0,2.5,betonlineag,W,0.6410256410256411
pff,receptions,Savion Hiter,Receptions,2026-09-26,Michigan,Iowa,3,0.13888888888888887,-4.5,1,,1.02,1.0,0.5,0.5935,0.6159707406278574,-0.13045348837209297,0.5935,-215.0,0.5,fliff,W,0.46511627906976744,-0.044725000000000015,0.4065,135.0,0.5,fliff,L,-1.0
pff,receptions,Jacory Barney Jr.,Receptions,2026-09-26,Nebraska,Michigan State,3,0.23219373219373218,-6.0,1,,4.25,1.0,4.5,0.4115,0.4693877551020408,-0.17700000000000005,0.4115,100.0,4.5,betonlineag,L,-1.0,0.04119230769230775,0.5885,-130.0,4.5,betonlineag,W,0.7692307692307693
pff,receptions,Jayden Savoury,Receptions,2026-09-26,Michigan State,Nebraska,3,0.23646723646723644,6.0,1,,3.12,2.0,2.5,0.563,0.5102580936358786,0.03610924369747898,0.563,-119.0,2.5,betonlineag,L,-1.0,-0.1620825688073394,0.437,-109.0,2.5,betonlineag,W,0.9174311926605505
pff,receptions,Chrishon McCray,Receptions,2026-09-26,Michigan State,Nebraska,3,0.17663817663817663,6.0,1,,3.38,4.0,2.5,0.61,0.5102580936358786,0.12260504201680666,0.61,-119.0,2.5,betonlineag,W,0.8403361344537815,-0.2522018348623853,0.39,-109.0,2.5,betonlineag,L,-1.0
pff,receptions,Luke Lindenmeyer,Receptions,2026-09-26,Nebraska,Michigan State,3,0.0811965811965812,-6.0,1,,2.2,4.0,2.5,0.287,0.46322988528598974,-0.41739,0.287,103.0,2.5,betonlineag,W,1.03,0.24909022556390975,0.713,-133.0,2.5,betonlineag,L,-1.0
pff,receptions,Rodney Bullard Jr.,Receptions,2026-09-26,Michigan State,Nebraska,3,0.21937321937321938,6.0,1,,4.05,2.0,3.5,0.558,0.4564539116366858,0.1494800000000001,0.558,106.0,3.5,betonlineag,L,-1.0,-0.2353722627737227,0.442,-137.0,3.5,betonlineag,W,0.7299270072992701
pff,receptions,Kwazi Gilmer,Receptions,2026-09-26,Nebraska,Michigan State,3,0.2250712250712251,-6.0,1,,4.11,4.0,4.5,0.394,0.48974190636412124,-0.24453211009174308,0.394,-109.0,4.5,betonlineag,L,-1.0,0.11524369747899155,0.606,-119.0,4.5,betonlineag,W,0.8403361344537815
pff,receptions,Nyziah Hunter,Receptions,2026-09-26,Nebraska,Michigan State,3,0.08689458689458689,-6.0,1,,2.46,1.0,2.5,0.414,0.5767835550181378,-0.32562264150943393,0.414,-159.0,2.5,betonlineag,L,-1.0,0.3009199999999999,0.586,122.0,2.5,betonlineag,W,1.22
pff,receptions,Fredrick Moore,Receptions,2026-09-26,Michigan State,Nebraska,3,0.13105413105413105,6.0,1,,2.65,4.0,1.5,0.701,0.611260053619303,0.06994736842105259,0.701,-190.0,1.5,hardrockbet,W,0.5263157894736842,-0.2824,0.299,140.0,1.5,hardrockbet,L,-1.0
pff,receptions,Mekhi Nelson,Receptions,2026-09-26,Nebraska,Michigan State,3,0.0811965811965812,-6.0,1,,1.5,0.0,0.5,0.8495,0.5834970530451867,0.3643484848484849,0.8495,-165.0,0.5,hardrockbet,L,-1.0,-0.661375,0.1505,125.0,0.5,hardrockbet,W,1.25
pff,receptions,Jamal Rule,Receptions,2026-09-26,Nebraska,Michigan State,3,0.07407407407407407,-6.0,1,,1.38,0.0,1.5,0.385,0.43348916277093075,-0.17225000000000001,0.385,115.0,1.5,hardrockbet,L,-1.0,0.011774193548387046,0.615,-155.0,1.5,hardrockbet,W,0.6451612903225806
pff,receptions,Sean Wilson,Receptions,2026-09-26,Delaware,Virginia,3,0.27499999999999997,19.5,1,,4.81,2.0,4.5,0.501,0.5030953363598846,-0.06334782608695655,0.501,-115.0,4.5,betonlineag,L,-1.0,-0.05546428571428569,0.499,-112.0,4.5,betonlineag,W,0.8928571428571429
pff,receptions,Da'Shawn Martin,Receptions,2026-09-26,Virginia,Delaware,3,0.07142857142857142,-19.5,1,,2.1,4.0,1.5,0.569,0.4498870615467902,0.18921000000000004,0.569,109.0,1.5,betonlineag,W,1.09,-0.2633262411347517,0.431,-141.0,1.5,betonlineag,L,-1.0
pff,receptions,Bryson Graves,Receptions,2026-09-26,Delaware,Virginia,3,0.1361111111111111,19.5,1,,2.77,1.0,2.5,0.4545,0.539576802507837,-0.20883333333333332,0.4545,-135.0,2.5,betonlineag,L,-1.0,0.11282000000000003,0.5455,104.0,2.5,betonlineag,W,1.04
pff,receptions,Jaron Tibbs,Receptions,2026-09-26,Kansas State,Cincinnati,3,0.23982683982683983,-6.0,1,,4.45,1.0,3.5,0.6185,0.5141838223374939,0.12546721311475412,0.6185,-122.0,3.5,fanduel,L,-1.0,-0.2652592592592593,0.3815,-108.0,3.5,fanduel,W,0.9259259259259259
pff,receptions,Dalen Penson,Receptions,2026-09-26,Georgia Tech,Stanford,3,0.20241327300150833,-3.0,1,,3.19,4.0,3.5,0.365,0.46209273182957394,-0.2627,0.365,102.0,3.5,fanduel,W,1.02,0.10191176470588242,0.635,-136.0,3.5,fanduel,L,-1.0
pff,receptions,Justice Haynes,Receptions,2026-09-26,Georgia Tech,Stanford,3,0.1409753645047763,-3.0,1,,2.66,2.0,2.5,0.4505,0.46209273182957394,-0.08998999999999996,0.4505,102.0,2.5,fanduel,L,-1.0,-0.04645588235294118,0.5495,-136.0,2.5,fanduel,W,0.7352941176470589
pff,receptions,Jordan Allen,Receptions,2026-09-26,Georgia Tech,Stanford,3,0.25258924082453493,-3.0,1,,4.21,4.0,4.5,0.4075,0.5347344777795604,-0.2837878787878788,0.4075,-132.0,4.5,betonlineag,L,-1.0,0.19685000000000008,0.5925,102.0,4.5,betonlineag,W,1.02
pff,receptions,Dezmen Roebuck,Receptions,2026-09-26,Washington,Minnesota,3,0.2904140878278809,-12.5,1,,5.78,7.0,5.5,0.4985,0.552733296521259,-0.15289860139860134,0.4985,-143.0,5.5,betonlineag,W,0.6993006993006993,0.053149999999999975,0.5015,110.0,5.5,betonlineag,L,-1.0
pff,receptions,Decker DeGraaf,Receptions,2026-09-26,Washington,Minnesota,3,0.10551134689065723,-12.5,1,,2.49,1.0,2.5,0.4175,0.5767835550181378,-0.31992138364779876,0.4175,-159.0,2.5,betonlineag,L,-1.0,0.29315,0.5825,122.0,2.5,betonlineag,W,1.22
pff,receptions,Jalen Smith,Receptions,2026-09-26,Minnesota,Washington,3,0.13144066559626333,12.5,1,,3.3,2.0,3.5,0.4185,0.43310875842155927,-0.09185500000000008,0.4185,117.0,3.5,betonlineag,L,-1.0,-0.035934210526315735,0.5815,-152.0,3.5,betonlineag,W,0.6578947368421053
pff,receptions,Chris Lawson,Receptions,2026-09-26,Washington,Minnesota,3,0.11700559976422047,-12.5,1,,3.16,4.0,3.5,0.3555,0.5,-0.3326578947368421,0.3555,-114.0,3.5,betonlineag,W,0.8771929824561403,0.2098508771929824,0.6445,-114.0,3.5,betonlineag,L,-1.0
pff,receptions,Noah Jennings,Receptions,2026-09-26,Minnesota,Washington,3,0.21176957135211405,12.5,1,,4.32,4.0,3.5,0.6005,0.5727636849132176,-0.01456410256410251,0.6005,-156.0,3.5,betonlineag,W,0.6410256410256411,-0.12110000000000004,0.3995,120.0,3.5,betonlineag,L,-1.0
pff,receptions,Rashid Williams,Receptions,2026-09-26,Washington,Minnesota,3,0.1234526967285588,-12.5,1,,2.9,1.0,2.5,0.4745,0.5727636849132176,-0.22133333333333327,0.4745,-156.0,2.5,betonlineag,L,-1.0,0.15609999999999996,0.5255,120.0,2.5,betonlineag,W,1.2
pff,receptions,Javon Tracy,Receptions,2026-09-26,Minnesota,Washington,3,0.2374105969931397,12.5,1,,4.5,7.0,4.5,0.447,0.4121896998888477,0.019159999999999955,0.447,128.0,4.5,betonlineag,W,1.28,-0.11586227544910183,0.553,-167.0,4.5,betonlineag,L,-1.0
pff,receptions,Brian Bonner Jr.,Receptions,2026-09-26,Washington,Minnesota,2,0.0,-12.5,1,,0.61,0.0,0.5,0.4575,0.6226415094339622,-0.33454545454545453,0.4575,-220.0,0.5,fliff,L,-1.0,0.30199999999999994,0.5425,140.0,0.5,fliff,W,1.4
pff,receptions,Junior Sherrill,Receptions,2026-09-26,Vanderbilt,Auburn,3,0.2721132897603486,10.0,1,,4.81,6.0,4.5,0.502,0.5256105556466153,-0.10272440944881889,0.502,-127.0,4.5,betonlineag,W,0.7874015748031497,-0.013764705882352957,0.498,-102.0,4.5,betonlineag,L,-1.0
pff,receptions,Tristen Brown,Receptions,2026-09-26,Vanderbilt,Auburn,3,0.12331154684095862,10.0,1,,3.08,1.0,2.5,0.5445,0.56575682382134,-0.09727631578947371,0.5445,-152.0,2.5,betonlineag,L,-1.0,-0.016120000000000023,0.4555,116.0,2.5,betonlineag,W,1.16
pff,receptions,Sedrick Alexander,Receptions,2026-09-26,Vanderbilt,Auburn,3,0.09106753812636166,10.0,1,,2.04,2.0,1.5,0.569,0.6182465221611129,-0.13920512820512826,0.569,-195.0,1.5,hardrockbet,W,0.5128205128205128,0.055950000000000055,0.431,145.0,1.5,hardrockbet,L,-1.0
pff,receptions,Chris Marshall,Receptions,2026-09-26,Arkansas,Tulsa,3,0.2534395680947405,-7.0,1,,4.74,9.0,4.5,0.4865,0.5306122448979592,-0.1392692307692307,0.4865,-130.0,4.5,hardrockbet,W,0.7692307692307693,0.02699999999999997,0.5135,100.0,4.5,hardrockbet,L,-1.0
pff,receptions,Darius Taylor,Receptions,2026-09-26,Minnesota,Washington,2,0.07382133995037221,12.5,1,,1.42,4.0,2.5,0.1595,0.4020442930153322,-0.6411250000000001,0.1595,125.0,2.5,fliff,W,1.25,0.27152564102564103,0.8405,-195.0,2.5,fliff,L,-1.0
pff,receptions,Tyler Brown,Receptions,2026-09-26,Clemson,California,3,0.14761904761904762,-2.5,1,,3.01,3.0,2.5,0.5165,0.5306122448979592,-0.08619230769230768,0.5165,-130.0,2.5,espnbet,W,0.7692307692307693,-0.032999999999999974,0.4835,100.0,2.5,espnbet,L,-1.0
pff,receptions,Olsen Patt-Henry,Receptions,2026-09-26,Clemson,California,3,0.09047619047619049,-2.5,1,,2.03,1.0,1.5,0.569,0.6110277057458715,-0.12343243243243246,0.569,-185.0,1.5,betonlineag,L,-1.0,0.04462790697674418,0.713,-215.0,2.5,fliff,W,0.46511627906976744
pff,receptions,Gideon Davidson,Receptions,2026-09-26,Clemson,California,3,0.04047619047619048,-2.5,1,,1.45,1.0,1.5,0.385,0.5,-0.30699999999999994,0.385,-125.0,1.5,fliff,L,-1.0,0.10699999999999998,0.615,-125.0,1.5,fliff,W,0.8
pff,receptions,Gavin Freeman,Receptions,2026-09-26,Baylor,Colorado,3,0.3925925925925926,-8.5,1,,6.36,6.0,7.5,0.292,0.48149290561381863,-0.4299047619047619,0.292,-105.0,7.5,betonlineag,L,-1.0,0.28360975609756095,0.708,-123.0,7.5,betonlineag,W,0.8130081300813008
pff,receptions,Dawson Pendergrass,Receptions,2026-09-26,Baylor,Colorado,3,0.0672310405643739,-8.5,1,,1.42,0.0,1.5,0.385,0.49110320284697506,-0.29416666666666663,0.385,-120.0,1.5,fliff,L,-1.0,0.08807692307692311,0.615,-130.0,1.5,fliff,W,0.7692307692307693
pff,receptions,Evan Dickens,Receptions,2026-09-26,Boston College,Virginia Tech,3,0.1349206349206349,14.5,1,,2.36,1.0,2.5,0.3935,0.5102580936358786,-0.275827731092437,0.3935,-119.0,2.5,betonlineag,L,-1.0,0.1629220183486239,0.6065,-109.0,2.5,betonlineag,W,0.9174311926605505
pff,receptions,Dawson Pough,Receptions,2026-09-26,Boston College,Virginia Tech,2,0.18253968253968253,14.5,1,,3.41,2.0,2.5,0.6135,0.4232164449818621,0.36197000000000007,0.6135,122.0,2.5,betonlineag,L,-1.0,-0.37041823899371074,0.3865,-159.0,2.5,betonlineag,W,0.6289308176100629
pff,receptions,Luke Reynolds,Receptions,2026-09-26,Virginia Tech,Boston College,3,0.2740939864595779,-14.5,1,,6.01,5.0,4.5,0.724,0.552733296521259,0.23029370629370627,0.724,-143.0,4.5,betonlineag,W,0.6993006993006993,-0.42039999999999994,0.276,110.0,4.5,betonlineag,L,-1.0
pff,receptions,Jaleel Skinner,Receptions,2026-09-26,Louisville,Wake Forest,3,0.15873015873015872,-11.5,1,,2.72,4.0,3.5,0.2715,0.4498870615467902,-0.432565,0.2715,109.0,3.5,betonlineag,W,1.09,0.2451666666666667,0.7285,-141.0,3.5,betonlineag,L,-1.0
pff,receptions,Deuce Lawrence,Receptions,2026-09-26,Wake Forest,Louisville,3,0.06263061650992685,11.5,1,,1.19,0.0,1.5,0.358,0.4193548387096774,-0.1945,0.358,125.0,1.5,hardrockbet,L,-1.0,0.04325000000000001,0.642,-160.0,1.5,hardrockbet,W,0.625
pff,receptions,J'Koby Williams,Receptions,2026-09-26,Texas Tech,Sam Houston,3,0.19313366372189902,-34.5,1,,2.73,3.0,2.5,0.4545,0.40175310445580714,0.06353000000000009,0.4545,134.0,2.5,betonlineag,W,1.34,-0.14278571428571435,0.5455,-175.0,2.5,betonlineag,L,-1.0
pff,receptions,Jordan Faison,Receptions,2026-09-26,Notre Dame,Purdue,3,0.21610136452241716,-27.5,1,,3.79,4.0,5.5,0.205,0.41598386486827177,-0.5367000000000001,0.205,126.0,5.5,betonlineag,L,-1.0,0.27975609756097564,0.795,-164.0,5.5,betonlineag,W,0.6097560975609756
pff,receptions,Micah Gilbert,Receptions,2026-09-26,Notre Dame,Purdue,3,0.22744639376218323,-27.5,1,,3.63,2.0,3.5,0.464,0.43734082725915513,-0.0024000000000000687,0.464,115.0,3.5,betonlineag,L,-1.0,-0.10426845637583892,0.536,-149.0,3.5,betonlineag,W,0.6711409395973155
pff,receptions,Luke Hasz,Receptions,2026-09-26,Ole Miss,Florida,3,0.07086740420073753,4.0,1,,2.16,1.0,1.5,0.569,0.5,0.0242,0.569,-125.0,1.5,fliff,L,-1.0,-0.22419999999999995,0.431,-125.0,1.5,fliff,W,0.8
pff,receptions,Makhi Hughes,Receptions,2026-09-26,Houston,Georgia Southern,3,0.05802469135802469,-17.5,1,,1.18,1.0,1.5,0.354,0.40847201210287454,-0.18580000000000002,0.354,130.0,1.5,hardrockbet,L,-1.0,0.026000000000000023,0.646,-170.0,1.5,hardrockbet,W,0.5882352941176471
pff,receptions,David Mbadinga,Receptions,2026-09-26,Georgia Southern,Houston,3,0.09715512614063337,17.5,1,,1.75,0.0,2.5,0.261,0.3982930298719773,-0.38664999999999994,0.261,135.0,2.5,hardrockbet,L,-1.0,0.14955555555555555,0.739,-180.0,2.5,hardrockbet,W,0.5555555555555556
pff,receptions,Ryan Williams,Receptions,2026-09-26,Alabama,South Carolina,3,0.21453089244851256,-12.5,0,,3.47,5.0,4.5,0.3095,0.5185070943861814,-0.4388739837398374,0.3095,-123.0,4.5,betonlineag,W,0.8130081300813008,0.34811904761904755,0.6905,-105.0,4.5,betonlineag,L,-1.0
pff,receptions,Garrett Oakley,Receptions,2026-09-26,Kansas State,Cincinnati,2,0.14523809523809522,-6.0,1,,2.38,7.0,2.5,0.3985,0.37753175858374566,-0.007735000000000047,0.3985,149.0,2.5,betonlineag,W,1.49,-0.09161224489795916,0.6015,-196.0,2.5,betonlineag,L,-1.0
pff,receptions,DJ Epps,Receptions,2026-09-26,West Virginia,Oklahoma State,3,0.27424242424242423,-1.5,1,,3.1,2.0,3.5,0.3385,0.4409848065558551,-0.278995,0.3385,113.0,3.5,betonlineag,L,-1.0,0.11149999999999993,0.6615,-147.0,3.5,betonlineag,W,0.6802721088435374
pff,receptions,John Neider,Receptions,2026-09-26,West Virginia,Oklahoma State,3,0.13863636363636364,-1.5,1,,2.17,2.0,2.5,0.287,0.5123152709359606,-0.47383333333333333,0.287,-120.0,2.5,betonlineag,L,-1.0,0.37318518518518523,0.713,-108.0,2.5,betonlineag,W,0.9259259259259259
pff,receptions,Cam Cook,Receptions,2026-09-26,West Virginia,Oklahoma State,3,0.1272727272727273,-1.5,1,,1.18,1.0,2.5,0.152,0.38581207218419417,-0.6427999999999999,0.152,135.0,2.5,fliff,L,-1.0,0.2518095238095238,0.848,-210.0,2.5,fliff,W,0.47619047619047616
pff,receptions,Ryan Ward,Receptions,2026-09-26,West Virginia,Oklahoma State,1,0.125,-1.5,1,,1.57,1.0,1.5,0.385,0.4306220095693781,-0.19149999999999995,0.385,110.0,1.5,fliff,L,-1.0,-0.023235294117647076,0.615,-170.0,1.5,fliff,W,0.5882352941176471
pff,receptions,Sam Pickett III,Receptions,2026-09-26,App State,NC State,3,0.1931034482758621,12.5,1,,3.91,5.0,4.5,0.3655,0.40900106431503724,-0.13631250000000006,0.5315,-160.0,3.5,hardrockbet,W,0.625,0.03070000000000006,0.4685,120.0,3.5,hardrockbet,L,-1.0
pff,receptions,Chris Lofton,Receptions,2026-09-26,App State,NC State,2,0.17844827586206896,12.5,1,,3.73,3.0,3.5,0.4845,0.4564539116366858,-0.0019299999999999873,0.4845,106.0,3.5,betonlineag,L,-1.0,-0.1082226277372263,0.5155,-137.0,3.5,betonlineag,W,0.7299270072992701
pff,receptions,Nate Branch,Receptions,2026-09-26,App State,NC State,3,0.1367816091954023,12.5,1,,3.08,9.0,3.5,0.336,0.3852511464220966,-0.11987878787878786,0.548,-165.0,2.5,hardrockbet,W,0.6060606060606061,0.017000000000000015,0.452,125.0,2.5,hardrockbet,L,-1.0
pff,receptions,Jamal Roberts,Receptions,2026-09-26,Missouri,Mississippi State,3,0.08421052631578947,3.5,1,,1.41,2.0,1.5,0.385,0.48215878679750224,-0.2802173913043478,0.385,-115.0,1.5,fliff,W,0.8695652173913043,0.07055555555555554,0.615,-135.0,1.5,fliff,L,-1.0
pff,receptions,Kevin Roche Jr.,Receptions,2026-09-26,Georgia Tech,Stanford,3,0.19979889391654096,-3.0,1,,3.2,6.0,2.5,0.584,0.5767835550181378,-0.04870440251572328,0.584,-159.0,2.5,betonlineag,W,0.6289308176100629,-0.07647999999999999,0.416,122.0,2.5,betonlineag,L,-1.0
pff,receptions,Colin Chase,Receptions,2026-09-26,Temple,Army,2,0.29166666666666663,4.0,1,,3.24,2.0,3.5,0.411,0.3675598766895897,0.04393999999999998,0.411,154.0,3.5,fanduel,L,-1.0,-0.13052380952380954,0.589,-210.0,3.5,fanduel,W,0.47619047619047616
pff,receptions,Collin Dixon,Receptions,2026-09-26,Illinois,Ohio State,3,0.4225659606094389,25.5,1,,6.14,5.0,5.5,0.575,0.46209273182957394,0.16149999999999992,0.575,102.0,5.5,fanduel,L,-1.0,-0.26249999999999996,0.425,-136.0,5.5,fanduel,W,0.7352941176470589
pff,receptions,Larenzo Fenner,Receptions,2026-09-26,Cincinnati,Kansas State,3,0.11667364893171345,6.0,1,,1.91,1.0,2.5,0.287,0.3977531934306569,-0.32267999999999997,0.287,136.0,2.5,betonlineag,L,-1.0,0.11132402234636868,0.713,-179.0,2.5,betonlineag,W,0.5586592178770949
pff,receptions,Davion Brown,Receptions,2026-09-26,Virginia Tech,Boston College,3,0.06862305854241338,-14.5,1,,2.06,2.0,1.5,0.569,0.48149290561381863,0.11090476190476178,0.569,-105.0,1.5,betonlineag,W,0.9523809523809523,-0.2185934959349593,0.431,-123.0,1.5,betonlineag,L,-1.0
pff,receptions,Aidan Laughery,Receptions,2026-09-26,Illinois,Ohio State,3,0.03952991452991453,25.5,1,,0.92,1.0,0.5,0.5535,0.6226415094339622,-0.19490909090909092,0.5535,-220.0,0.5,fliff,W,0.45454545454545453,0.0716,0.4465,140.0,0.5,fliff,L,-1.0
pff,receptions,Christian Abney,Receptions,2026-09-26,Illinois,Ohio State,2,0.04257246376811594,25.5,1,,1.54,1.0,0.5,0.8495,0.5693779904306221,0.34920588235294125,0.8495,-170.0,0.5,fliff,W,0.5882352941176471,-0.6839500000000001,0.1505,110.0,0.5,fliff,L,-1.0
pff,receptions,Cam Coleman,Receptions,2026-09-26,Texas,Tennessee,3,0.15601387340517775,-5.5,1,,3.81,1.0,4.5,0.3485,0.4548257786000617,-0.17330645161290326,0.5025,-155.0,3.5,fliff,L,-1.0,0.13054411764705887,0.6515,-136.0,4.5,fanduel,W,0.7352941176470589
pff,receptions,Ryan Wingo,Receptions,2026-09-26,Texas,Tennessee,3,0.1847516412733804,-5.5,1,,4.14,6.0,4.5,0.3975,0.4368658399098083,-0.09564285714285714,0.5755,-175.0,3.5,fliff,W,0.5714285714285714,0.009594594594594608,0.6025,-148.0,4.5,fanduel,L,-1.0
pff,receptions,Emmett Mosley V,Receptions,2026-09-26,Texas,Tennessee,3,0.16648086213303603,-5.5,1,,3.67,1.0,3.5,0.468,0.4368658399098083,0.01088,0.468,116.0,3.5,fanduel,L,-1.0,-0.10854054054054058,0.532,-148.0,3.5,fanduel,W,0.6756756756756757
pff,receptions,Raleek Brown,Receptions,2026-09-26,Texas,Tennessee,3,0.10782856435030348,-5.5,1,,1.8,2.0,1.5,0.5465,0.5,-0.01629999999999998,0.5465,-125.0,1.5,fliff,W,0.8,-0.18369999999999997,0.4535,-125.0,1.5,fliff,L,-1.0
pff,receptions,DeSean Bishop,Receptions,2026-09-26,Tennessee,Texas,3,0.05185185185185185,5.5,1,,0.95,3.0,1.5,0.203,0.45132743362831856,-0.5940000000000001,0.203,100.0,1.5,fliff,W,1.0,0.31119354838709673,0.797,-155.0,1.5,fliff,L,-1.0
pff,receptions,Willie Rodriguez,Receptions,2026-09-26,Kentucky,South Alabama,3,0.29365079365079366,-20.5,1,,3.97,2.0,4.5,0.3745,0.44943820224719105,-0.10440259740259739,0.543,-154.0,3.5,betonlineag,L,-1.0,0.07228571428571423,0.6255,-140.0,4.5,espnbet,W,0.7142857142857143
pff,receptions,Kenny Darby,Receptions,2026-09-26,Kentucky,South Alabama,3,0.19576719576719573,-20.5,1,,3.17,3.0,4.5,0.2045,0.43310875842155927,-0.556235,0.2045,117.0,4.5,betonlineag,L,-1.0,0.3188552631578947,0.7955,-152.0,4.5,betonlineag,W,0.6578947368421053
pff,receptions,Amir Jackson,Receptions,2026-09-26,Florida,Ole Miss,2,0.05625,-4.0,1,,1.72,2.0,1.5,0.4175,0.4605263157894737,-0.18488095238095242,0.4175,-105.0,1.5,fliff,W,0.9523809523809523,-0.029166666666666674,0.5825,-150.0,1.5,fliff,L,-1.0
pff,receptions,Jadan Baugh,Receptions,2026-09-26,Florida,Ole Miss,3,0.020833333333333332,-4.0,1,,0.71,1.0,1.5,0.1945,0.46393146979260597,-0.6202619047619048,0.1945,-105.0,1.5,fliff,L,-1.0,0.36101724137931035,0.8055,-145.0,1.5,fliff,W,0.6896551724137931
pff,receptions,Johntay Cook II,Receptions,2026-09-26,Ole Miss,Florida,2,0.05218855218855219,4.0,1,,1.86,4.0,1.5,0.569,0.4280155642023346,0.19490000000000002,0.569,110.0,1.5,fliff,W,1.1,-0.3227142857142857,0.431,-175.0,1.5,fliff,L,-1.0
pff,receptions,Rocky Beers,Receptions,2026-09-26,Oklahoma,Georgia,3,0.2082903336773306,11.5,1,,3.36,8.0,2.5,0.604,0.5101214574898786,0.10733333333333328,0.604,-120.0,2.5,fanduel,W,0.8333333333333334,-0.244,0.396,-110.0,2.5,fanduel,L,-1.0
pff,receptions,Lawson Luckie,Receptions,2026-09-26,Georgia,Oklahoma,2,0.11948529411764706,-11.5,1,,1.97,1.0,1.5,0.569,0.5806451612903226,-0.07537500000000003,0.569,-160.0,1.5,espnbet,L,-1.0,-0.03025,0.431,125.0,1.5,espnbet,W,1.25
pff,receptions,Lloyd Avant,Receptions,2026-09-26,Oklahoma,Georgia,3,0.08660130718954247,11.5,1,,1.12,2.0,1.5,0.239,0.4605263157894737,-0.5333809523809524,0.239,-105.0,1.5,fliff,W,0.9523809523809523,0.2683333333333333,0.761,-150.0,1.5,fliff,L,-1.0
pff,receptions,Kamari Moulton,Receptions,2026-09-26,Iowa,Michigan,2,0.14285714285714285,4.5,1,,1.77,2.0,1.5,0.529,0.588150289017341,-0.185054054054054,0.529,-185.0,1.5,fliff,W,0.5405405405405406,0.0361999999999999,0.471,120.0,1.5,fliff,L,-1.0
pff,receptions,Jeremy Scott,Receptions,2026-09-26,TCU,UCF,3,0.11785714285714284,-3.5,1,,3.13,5.0,2.5,0.566,0.5407914020517831,-0.014740740740740776,0.566,-135.0,2.5,espnbet,W,0.7407407407407407,-0.11029999999999995,0.434,105.0,2.5,espnbet,L,-1.0
pff,receptions,Ed Small,Receptions,2026-09-26,TCU,UCF,3,0.33055555555555555,-3.5,1,,5.64,3.0,5.5,0.465,0.4693877551020408,-0.07,0.465,100.0,5.5,espnbet,L,-1.0,-0.05346153846153845,0.535,-130.0,5.5,espnbet,W,0.7692307692307693
pff,receptions,Waden Charles,Receptions,2026-09-26,UCF,TCU,2,0.3142857142857143,3.5,1,,3.64,3.0,3.5,0.465,0.40847201210287454,0.0695,0.465,130.0,3.5,espnbet,L,-1.0,-0.1502941176470588,0.535,-170.0,3.5,espnbet,W,0.5882352941176471
pff,receptions,Dylan Wade,Receptions,2026-09-26,UCF,TCU,2,0.08333333333333334,3.5,1,,2.32,5.0,2.5,0.328,0.375,-0.0279189189189189,0.631,-185.0,1.5,betonlineag,W,0.5405405405405406,0.008000000000000007,0.672,-200.0,2.5,espnbet,L,-1.0
pff,receptions,Kari Ashley,Receptions,2026-09-26,TCU,UCF,3,0.2265873015873016,-3.5,1,,3.64,4.0,3.5,0.465,0.3852511464220966,0.13459999999999994,0.465,144.0,3.5,betonlineag,W,1.44,-0.18193121693121694,0.535,-189.0,3.5,betonlineag,L,-1.0
pff,receptions,Keshaun Singleton,Receptions,2026-09-26,Auburn,Vanderbilt,3,0.2564102564102564,-10.0,1,,4.55,5.0,5.5,0.318,0.4693877551020408,-0.36400000000000005,0.318,100.0,5.5,espnbet,L,-1.0,0.2066153846153847,0.682,-130.0,5.5,espnbet,W,0.7692307692307693
pff,receptions,Jeremiah Koger,Receptions,2026-09-26,Auburn,Vanderbilt,3,0.1141025641025641,-10.0,1,,2.53,2.0,3.5,0.251,0.4193548387096774,-0.2528233082706767,0.4265,-133.0,2.5,betonlineag,L,-1.0,0.217125,0.749,-160.0,3.5,espnbet,W,0.625
pff,receptions,Chas Nimrod,Receptions,2026-09-26,Auburn,Vanderbilt,3,0.26794871794871794,-10.0,1,,4.88,5.0,4.5,0.5225,0.45920859794821695,0.07112500000000005,0.5225,105.0,4.5,espnbet,W,1.05,-0.16879629629629628,0.4775,-135.0,4.5,espnbet,L,-1.0
pff,receptions,Jeremiah Cobb,Receptions,2026-09-26,Auburn,Vanderbilt,3,0.05897435897435898,-10.0,1,,1.39,2.0,1.5,0.385,0.5,-0.30699999999999994,0.385,-125.0,1.5,fliff,W,0.8,0.10699999999999998,0.615,-125.0,1.5,fliff,L,-1.0
pff,receptions,Jake Johnson,Receptions,2026-09-26,Auburn,Vanderbilt,2,0.1076923076923077,-10.0,1,,2.08,2.0,1.5,0.569,0.44217687074829937,0.16644999999999993,0.569,105.0,1.5,fliff,W,1.05,-0.299625,0.431,-160.0,1.5,fliff,L,-1.0
pff,receptions,Brady Hunt,Receptions,2026-09-26,South Carolina,Alabama,3,0.14325476992143657,12.5,1,,2.1,2.0,2.5,0.287,0.5203045685279188,-0.48339999999999994,0.287,-125.0,2.5,espnbet,L,-1.0,0.39204761904761903,0.713,-105.0,2.5,espnbet,W,0.9523809523809523
pff,receptions,Daniel Hill,Receptions,2026-09-26,Alabama,South Carolina,3,0.09124713958810067,-12.5,1,,1.66,1.0,1.5,0.386,0.4796954314720812,-0.24638095238095237,0.386,-105.0,1.5,hardrockbet,L,-1.0,0.10520000000000002,0.614,-125.0,1.5,hardrockbet,W,0.8
pff,receptions,Miles Coleman,Receptions,2026-09-26,Oklahoma State,West Virginia,3,0.1229000884173298,1.5,1,,3.02,2.0,3.5,0.315,0.4718423169750603,-0.37617647058823533,0.315,-102.0,3.5,fanduel,L,-1.0,0.21192307692307694,0.685,-130.0,3.5,fanduel,W,0.7692307692307693
pff,receptions,Wyatt Young,Receptions,2026-09-26,Oklahoma State,West Virginia,3,0.16887709991158265,1.5,1,,3.88,8.0,4.5,0.358,0.4718423169750603,-0.2910196078431373,0.358,-102.0,4.5,fanduel,W,0.9803921568627451,0.1358461538461539,0.642,-130.0,4.5,fanduel,L,-1.0
pff,receptions,Justin Bowick,Receptions,2026-09-26,Oklahoma State,West Virginia,3,0.20247568523430592,1.5,1,,4.95,4.0,4.5,0.541,0.45420136260408783,0.11446000000000006,0.541,106.0,4.5,fanduel,L,-1.0,-0.21314285714285713,0.459,-140.0,4.5,fanduel,W,0.7142857142857143
pff,receptions,Chris Barnes,Receptions,2026-09-26,Oklahoma State,West Virginia,2,0.12466843501326261,1.5,1,,3.01,2.0,2.5,0.518,0.5347344777795604,-0.08957575757575753,0.518,-132.0,2.5,betonlineag,L,-1.0,-0.02636000000000005,0.482,102.0,2.5,betonlineag,W,1.02
pff,receptions,Branden Ganashamoorthy,Receptions,2026-09-26,Washington State,Arizona,3,0.11546840958605664,11.5,1,,2.68,4.0,3.5,0.27,0.3675598766895897,-0.25284415584415587,0.453,-154.0,2.5,williamhill_us,W,0.6493506493506493,0.18699000000000005,0.547,117.0,2.5,williamhill_us,L,-1.0
pff,receptions,Darrius Clemons,Receptions,2026-09-26,Washington State,Arizona,3,0.2520424836601307,11.5,1,,3.52,4.0,3.5,0.4495,0.5670257738988136,-0.2586168831168831,0.4495,-154.0,3.5,fanduel,W,0.6493506493506493,0.18907999999999991,0.5505,116.0,3.5,fanduel,L,-1.0
pff,receptions,Tre Spivey,Receptions,2026-09-26,Arizona,Washington State,3,0.14086822329575951,-11.5,1,,3.65,7.0,4.5,0.3235,0.48581617766250607,-0.37696296296296294,0.3235,-108.0,4.5,fanduel,W,0.9259259259259259,0.23100819672131145,0.6765,-122.0,4.5,fanduel,L,-1.0
pff,receptions,Jackson Harris,Receptions,2026-09-26,LSU,Texas A&M,3,0.07302188552188553,-8.5,1,,2.54,6.0,2.5,0.4285,0.5915279878971256,-0.31944117647058823,0.4285,-170.0,2.5,espnbet,W,0.5882352941176471,0.31445,0.5715,130.0,2.5,espnbet,L,-1.0
pff,receptions,Brett Norfleet,Receptions,2026-09-26,Missouri,Mississippi State,2,0.11740890688259109,3.5,1,,2.1,2.0,2.5,0.287,0.3993154592127781,0.05120338983050843,0.569,-118.0,1.5,betonlineag,W,0.847457627118644,0.10911111111111116,0.713,-180.0,2.5,fanduel,W,0.5555555555555556
pff,receptions,Fluff Bothwell,Receptions,2026-09-26,Mississippi State,Missouri,3,0.05072287199480182,-3.5,1,,1.53,6.0,1.5,0.385,0.3953234081924468,-0.0875499999999999,0.385,137.0,1.5,williamhill_us,W,1.37,-0.047087912087912076,0.615,-182.0,1.5,williamhill_us,L,-1.0
pff,receptions,Sam West,Receptions,2026-09-26,Mississippi State,Missouri,2,0.09746588693957114,-3.5,1,,2.49,2.0,1.5,0.664,0.5607128056361377,0.06642424242424244,0.664,-165.0,1.5,fliff,W,0.6060606060606061,-0.3112,0.336,105.0,1.5,fliff,L,-1.0
pff,receptions,Jimmy Calloway,Receptions,2026-09-26,Tulsa,Arkansas,3,0.25875350140056025,7.0,1,,3.95,0.0,3.5,0.541,0.48768472906403937,0.04192592592592598,0.541,-108.0,3.5,betonlineag,L,-1.0,-0.15850000000000003,0.459,-120.0,3.5,betonlineag,W,0.8333333333333334
pff,receptions,Oran Singleton Jr.,Receptions,2026-09-26,Tulsa,Arkansas,3,0.18855042016806722,7.0,1,,3.72,6.0,2.5,0.659,0.5626591727408448,0.10128187919463089,0.659,-149.0,2.5,betonlineag,W,0.6711409395973155,-0.26685000000000003,0.341,115.0,2.5,betonlineag,L,-1.0
pff,receptions,Andrew Marsh,Receptions,2026-10-03,Michigan,Minnesota,4,0.34698879551820727,-6.5,1,,4.84,3.0,5.5,0.3515,0.483560743054414,-0.3168962264150943,0.3515,-106.0,5.5,betonlineag,L,-1.0,0.1800573770491803,0.6485,-122.0,5.5,betonlineag,W,0.819672131147541
pff,receptions,Dallas Wilson,Receptions,2026-10-03,Florida,Missouri,4,0.18333333333333335,-5.5,1,,3.56,4.0,3.5,0.455,0.43310875842155927,-0.01265000000000005,0.455,117.0,3.5,betonlineag,W,1.17,-0.09644736842105261,0.545,-152.0,3.5,betonlineag,L,-1.0
pff,receptions,Donovan Olugbode,Receptions,2026-10-03,Missouri,Florida,4,0.2743487062136948,5.5,1,,5.41,6.0,4.5,0.612,0.42723631508678234,0.34639999999999993,0.612,120.0,4.5,betonlineag,W,1.2,-0.36328205128205127,0.388,-156.0,4.5,betonlineag,L,-1.0
pff,receptions,Cayden Lee,Receptions,2026-10-03,Missouri,Florida,4,0.33697412427389545,5.5,1,,5.58,8.0,5.5,0.4575,0.5226570545829042,-0.17649999999999993,0.4575,-125.0,5.5,betonlineag,W,0.8,0.06919902912621356,0.5425,-103.0,5.5,betonlineag,L,-1.0
pff,receptions,Tony Diaz,Receptions,2026-10-03,Iowa,Ohio State,4,0.24206349206349204,14.5,1,,4.25,5.0,5.5,0.274,0.43734082725915513,-0.4109,0.274,115.0,5.5,betonlineag,L,-1.0,0.213248322147651,0.726,-149.0,5.5,betonlineag,W,0.6711409395973155
pff,receptions,Brandon Inniss,Receptions,2026-10-03,Ohio State,Iowa,3,0.11247196825944454,-14.5,1,,2.62,2.0,1.5,0.692,0.48974190636412124,0.32686238532110096,0.692,-109.0,1.5,betonlineag,W,0.9174311926605505,-0.4331764705882352,0.308,-119.0,1.5,betonlineag,L,-1.0
pff,receptions,Reece Vander Zee,Receptions,2026-10-03,Iowa,Ohio State,4,0.13293650793650794,14.5,1,,3.12,2.0,2.5,0.563,0.40175310445580714,0.31742,0.563,134.0,2.5,betonlineag,L,-1.0,-0.3132857142857143,0.437,-175.0,2.5,betonlineag,W,0.5714285714285714
pff,receptions,Nate Roberts,Receptions,2026-10-03,Ohio State,Iowa,4,0.0825347082462832,-14.5,1,,2.13,1.0,1.5,0.569,0.5626591727408448,-0.04912080536912755,0.569,-149.0,1.5,betonlineag,L,-1.0,-0.07334999999999997,0.431,115.0,1.5,betonlineag,W,1.15
pff,receptions,Jeremiah Smith,Receptions,2026-10-03,Ohio State,Iowa,4,0.3500924807850804,-14.5,1,,6.79,11.0,7.5,0.3445,0.5306122448979592,-0.39049999999999996,0.3445,-130.0,7.5,betonlineag,W,0.7692307692307693,0.311,0.6555,100.0,7.5,betonlineag,L,-1.0
pff,receptions,Devin McCuin,Receptions,2026-10-03,Ohio State,Iowa,4,0.12285728889144448,-14.5,1,,2.83,4.0,2.5,0.4545,0.5692871193108593,-0.25037012987012985,0.4545,-154.0,2.5,betonlineag,W,0.6493506493506493,0.18918999999999997,0.5455,118.0,2.5,betonlineag,L,-1.0
pff,receptions,DJ Vonnahme,Receptions,2026-10-03,Iowa,Ohio State,3,0.15873015873015872,14.5,1,,2.83,6.0,3.5,0.2715,0.4307128806891406,-0.40813000000000005,0.2715,118.0,3.5,betonlineag,W,1.18,0.20155194805194804,0.7285,-154.0,3.5,betonlineag,L,-1.0
pff,receptions,Malachi Toney,Receptions,2026-10-03,Miami,Clemson,4,0.2925925925925926,-14.0,1,,6.65,5.0,7.5,0.3245,0.5367701147140101,-0.43151503759398496,0.3245,-133.0,7.5,betonlineag,L,-1.0,0.37126499999999996,0.6755,103.0,7.5,betonlineag,W,1.03
pff,receptions,Cooper Barkate,Receptions,2026-10-03,Miami,Clemson,4,0.12222222222222222,-14.0,1,,3.28,5.0,3.5,0.416,0.5462570956657111,-0.28471942446043164,0.416,-139.0,3.5,betonlineag,W,0.7194244604316546,0.20888,0.584,107.0,3.5,betonlineag,L,-1.0
pff,receptions,Griffin Wilde,Receptions,2026-10-03,Northwestern,Penn State,3,0.26037687802393683,3.0,1,,4.25,2.0,4.5,0.411,0.519675254742772,-0.25485365853658537,0.411,-123.0,4.5,betonlineag,L,-1.0,0.15534615384615386,0.589,-104.0,4.5,betonlineag,W,0.9615384615384616
pff,receptions,Drew Wagner,Receptions,2026-10-03,Northwestern,Penn State,3,0.15609880315762667,3.0,1,,3.41,4.0,2.5,0.612,0.4498870615467902,0.27908,0.612,109.0,2.5,betonlineag,W,1.09,-0.336822695035461,0.388,-141.0,2.5,betonlineag,L,-1.0
pff,receptions,Lotzeir Brooks,Receptions,2026-10-03,Alabama,Mississippi State,4,0.21520683502233845,-5.5,1,,4.02,4.0,4.5,0.379,0.45920859794821695,-0.22304999999999997,0.379,105.0,4.5,hardrockbet,L,-1.0,0.08099999999999996,0.621,-135.0,4.5,hardrockbet,W,0.7407407407407407
pff,receptions,Jeremiah Koger,Receptions,2026-10-03,Auburn,Tennessee,4,0.11335470085470085,6.0,1,,2.34,1.0,2.5,0.3375,0.4693877551020408,-0.32499999999999996,0.3375,100.0,2.5,betonlineag,L,-1.0,0.17211538461538456,0.6625,-130.0,2.5,betonlineag,W,0.7692307692307693
pff,receptions,Keshaun Singleton,Receptions,2026-10-03,Auburn,Tennessee,4,0.2617521367521367,6.0,1,,4.89,7.0,4.5,0.523,0.5082034454470877,-0.033779661016949125,0.523,-118.0,4.5,betonlineag,W,0.847457627118644,-0.08936363636363642,0.477,-110.0,4.5,betonlineag,L,-1.0
pff,receptions,Mike Matthews,Receptions,2026-10-03,Tennessee,Auburn,4,0.2087301587301587,-6.0,1,,3.87,4.0,4.5,0.3575,0.4307128806891406,-0.22065,0.3575,118.0,4.5,betonlineag,L,-1.0,0.05970779220779221,0.6425,-154.0,4.5,betonlineag,W,0.6493506493506493
pff,receptions,Legend Glasker,Receptions,2026-10-03,BYU,TCU,3,0.2602124183006536,-5.5,1,,3.47,3.0,3.5,0.441,0.44351918899348297,-0.06508000000000003,0.441,112.0,3.5,betonlineag,L,-1.0,-0.055482758620689576,0.559,-145.0,3.5,betonlineag,W,0.6896551724137931
pff,receptions,Walker Lyons,Receptions,2026-10-03,BYU,TCU,3,0.15727124183006536,-5.5,1,,2.12,1.0,2.5,0.287,0.4773429454170958,-0.4343592233009709,0.287,-103.0,2.5,betonlineag,L,-1.0,0.28340000000000004,0.713,-125.0,2.5,betonlineag,W,0.8
pff,receptions,Kyler Kasper,Receptions,2026-10-03,BYU,TCU,3,0.1895424836601307,-5.5,1,,3.16,2.0,3.5,0.3575,0.516439256945586,-0.34946721311475404,0.3575,-122.0,3.5,betonlineag,L,-1.0,0.24863207547169813,0.6425,-106.0,3.5,betonlineag,W,0.9433962264150944
pff,receptions,LJ Martin,Receptions,2026-10-03,BYU,TCU,3,0.08905228758169935,-5.5,1,,1.42,1.0,2.5,0.1595,0.556480811006517,-0.7305,0.1595,-145.0,2.5,betonlineag,L,-1.0,0.7818600000000001,0.8405,112.0,2.5,betonlineag,W,1.12
pff,receptions,Jojo Phillips,Receptions,2026-10-03,BYU,TCU,3,0.11560457516339868,-5.5,1,,2.34,1.0,2.5,0.336,0.3977531934306569,-0.20703999999999995,0.336,136.0,2.5,betonlineag,L,-1.0,0.03494972067039104,0.664,-179.0,2.5,betonlineag,W,0.5586592178770949
pff,receptions,Luke Reynolds,Receptions,2026-10-03,Virginia Tech,Pittsburgh,4,0.2623886716628652,-1.5,1,,6.2,7.0,5.5,0.582,0.5,0.08808695652173909,0.582,-115.0,5.5,espnbet,W,0.8695652173913043,-0.21852173913043477,0.418,-115.0,5.5,espnbet,L,-1.0
pff,receptions,Cataurus Hicks,Receptions,2026-10-03,Pittsburgh,Virginia Tech,4,0.1221813725490196,1.5,1,,3.47,3.0,2.5,0.6225,0.5806451612903226,0.011562500000000031,0.6225,-160.0,2.5,espnbet,W,0.625,-0.15062500000000006,0.3775,125.0,2.5,espnbet,L,-1.0
pff,receptions,Censere Lee,Receptions,2026-10-03,Pittsburgh,Virginia Tech,4,0.12079248366013072,1.5,1,,3.43,5.0,3.5,0.435,0.46322988528598974,-0.11694999999999994,0.435,103.0,3.5,betonlineag,W,1.03,-0.01018796992481208,0.565,-133.0,3.5,betonlineag,L,-1.0
pff,receptions,Ayden Greene,Receptions,2026-10-03,Virginia Tech,Pittsburgh,3,0.09046445639187574,-1.5,1,,2.84,4.0,2.5,0.4545,0.5727636849132176,-0.2541538461538461,0.4545,-156.0,2.5,betonlineag,W,0.6410256410256411,0.20009999999999994,0.5455,120.0,2.5,betonlineag,L,-1.0
pff,receptions,Davion Brown,Receptions,2026-10-03,Virginia Tech,Pittsburgh,4,0.07419456663408276,-1.5,1,,2.24,2.0,1.5,0.569,0.5435460883633142,-0.015671532846715353,0.569,-137.0,1.5,betonlineag,W,0.7299270072992701,-0.1121399999999999,0.431,106.0,1.5,betonlineag,L,-1.0
pff,receptions,Amare Thomas,Receptions,2026-10-03,Houston,UCF,4,0.2883442265795207,-10.5,1,,5.27,4.0,5.5,0.414,0.46526552222043954,-0.16371999999999998,0.414,102.0,5.5,betonlineag,L,-1.0,0.029939393939393932,0.586,-132.0,5.5,betonlineag,W,0.7575757575757576
pff,receptions,JJ Buchanan,Receptions,2026-10-03,Michigan,Minnesota,4,0.3374183006535948,-6.5,1,,5.06,4.0,4.5,0.56,0.5347344777795604,-0.015757575757575748,0.56,-132.0,4.5,betonlineag,L,-1.0,-0.11120000000000002,0.44,102.0,4.5,betonlineag,W,1.02
pff,receptions,Javon Tracy,Receptions,2026-10-03,Minnesota,Michigan,4,0.2613912810781881,6.5,1,,4.79,3.0,4.5,0.5005,0.49179655455291227,-0.04450000000000004,0.5005,-110.0,4.5,betonlineag,L,-1.0,-0.07719491525423727,0.4995,-118.0,4.5,betonlineag,W,0.847457627118644
pff,receptions,Noah Jennings,Receptions,2026-10-03,Minnesota,Michigan,4,0.20644622613313315,6.5,1,,4.53,7.0,4.5,0.45,0.4198571520494176,0.008000000000000007,0.45,124.0,4.5,betonlineag,W,1.24,-0.1083850931677019,0.55,-161.0,4.5,betonlineag,L,-1.0
pff,receptions,Darius Taylor,Receptions,2026-10-03,Minnesota,Michigan,3,0.11270629012564497,6.5,1,,1.85,3.0,2.5,0.287,0.5407914020517831,-0.5004074074074074,0.287,-135.0,2.5,betonlineag,W,0.7407407407407407,0.46165000000000006,0.713,105.0,2.5,betonlineag,L,-1.0
pff,receptions,Junior Sherrill,Receptions,2026-10-03,Vanderbilt,Georgia,4,0.2722667855020796,25.5,1,,4.69,7.0,5.5,0.3255,0.4498870615467902,-0.31970499999999996,0.3255,109.0,5.5,betonlineag,W,1.09,0.15286879432624112,0.6745,-141.0,5.5,betonlineag,L,-1.0
pff,receptions,Braylon Staley,Receptions,2026-10-03,Tennessee,Auburn,4,0.2015873015873016,-6.0,1,,3.98,3.0,4.5,0.3765,0.46042319749216293,-0.23194000000000004,0.3765,104.0,4.5,betonlineag,L,-1.0,0.08535185185185185,0.6235,-135.0,4.5,betonlineag,W,0.7407407407407407
pff,receptions,Chas Nimrod,Receptions,2026-10-03,Auburn,Tennessee,4,0.2704059829059829,6.0,1,,5.13,3.0,4.5,0.573,0.3933164104995956,0.3694699999999999,0.573,139.0,4.5,betonlineag,L,-1.0,-0.3383846153846153,0.427,-182.0,4.5,betonlineag,W,0.5494505494505495
pff,receptions,Isaiah Horton,Receptions,2026-10-03,Texas A&M,Arkansas,4,0.21307692307692308,-13.5,1,,4.08,2.0,4.5,0.39,0.5,-0.26789473684210524,0.39,-114.0,4.5,betonlineag,L,-1.0,0.1450877192982456,0.61,-114.0,4.5,betonlineag,W,0.8771929824561403
pff,receptions,Chris Lawson,Receptions,2026-10-03,Washington,USC,4,0.1433097553787209,7.5,1,,3.84,5.0,3.5,0.5125,0.48768472906403937,-0.01296296296296301,0.5125,-108.0,3.5,betonlineag,W,0.9259259259259259,-0.10624999999999996,0.4875,-120.0,3.5,betonlineag,L,-1.0
pff,receptions,Dezmen Roebuck,Receptions,2026-10-03,Washington,USC,4,0.31503278809313295,7.5,1,,6.59,5.0,6.5,0.4585,0.516439256945586,-0.1656803278688524,0.4585,-122.0,6.5,betonlineag,L,-1.0,0.052349056603773536,0.5415,-106.0,6.5,betonlineag,W,0.9433962264150944
pff,receptions,Coy Eakin,Receptions,2026-10-03,Texas Tech,Colorado,4,0.19033254327371973,-13.5,1,,4.07,1.0,3.5,0.5615,0.47438944435338465,0.1119901960784313,0.5615,-102.0,3.5,betonlineag,L,-1.0,-0.21622440944881888,0.4385,-127.0,3.5,betonlineag,W,0.7874015748031497
pff,receptions,Kenny Johnson,Receptions,2026-10-03,Texas Tech,Colorado,4,0.19847554406377935,-13.5,1,,4.37,1.0,4.5,0.428,0.44351918899348297,-0.09263999999999989,0.428,112.0,4.5,betonlineag,L,-1.0,-0.033517241379310336,0.572,-145.0,4.5,betonlineag,W,0.6896551724137931
pff,receptions,J'Koby Williams,Receptions,2026-10-03,Texas Tech,Colorado,4,0.18651691445809093,-13.5,1,,2.26,3.0,2.5,0.2995,0.40175310445580714,-0.29917,0.2995,134.0,2.5,betonlineag,W,1.34,0.10078571428571426,0.7005,-175.0,2.5,betonlineag,L,-1.0
pff,receptions,Micah Hudson,Receptions,2026-10-03,Texas Tech,Colorado,3,0.07855107855107855,-13.5,1,,2.3,2.0,2.5,0.3155,0.4053409632808775,-0.26804,0.3155,132.0,2.5,betonlineag,L,-1.0,0.08246511627906977,0.6845,-172.0,2.5,betonlineag,W,0.5813953488372093
pff,receptions,Jonathan Stafford Jr.,Receptions,2026-10-03,Western Kentucky,New Mexico State,4,0.24448529411764708,1.5,1,,4.77,10.0,5.5,0.343,0.4693877551020408,-0.314,0.343,100.0,5.5,betonlineag,W,1.0,0.1623846153846154,0.657,-130.0,5.5,betonlineag,L,-1.0
pff,receptions,Josiah Thomas,Receptions,2026-10-03,New Mexico State,Western Kentucky,4,0.1202598888525662,-1.5,1,,3.26,4.0,2.5,0.59,0.5704089571423739,-0.026883116883116898,0.59,-154.0,2.5,betonlineag,W,0.6493506493506493,-0.10210000000000002,0.41,119.0,2.5,betonlineag,L,-1.0
pff,receptions,Qua'Vez Humphreys,Receptions,2026-10-03,Western Kentucky,New Mexico State,2,0.06944444444444445,1.5,1,,2.35,1.0,2.5,0.3905,0.4472667034787409,-0.17995,0.3905,110.0,2.5,betonlineag,L,-1.0,0.035723776223776205,0.6095,-143.0,2.5,betonlineag,W,0.6993006993006993
pff,receptions,Jahiem White,Receptions,2026-10-03,North Texas,Tulsa,4,0.17619639564622613,-3.0,1,,3.77,2.0,3.5,0.4945,0.5727636849132176,-0.18851282051282042,0.4945,-156.0,3.5,betonlineag,L,-1.0,0.11209999999999992,0.5055,120.0,3.5,betonlineag,W,1.2
pff,receptions,Justin Stevenson,Receptions,2026-10-03,North Texas,Tulsa,4,0.1592904300243859,-3.0,1,,4.23,5.0,4.5,0.41,0.4969046636401156,-0.22392857142857142,0.41,-112.0,4.5,betonlineag,W,0.8928571428571429,0.10304347826086951,0.59,-115.0,4.5,betonlineag,L,-1.0
pff,receptions,Corri Milliner,Receptions,2026-10-03,North Texas,Tulsa,4,0.1582935823469934,-3.0,1,,3.99,3.0,4.5,0.3765,0.4307128806891406,-0.17923000000000006,0.3765,118.0,4.5,betonlineag,L,-1.0,0.02837012987012988,0.6235,-154.0,4.5,betonlineag,W,0.6493506493506493
pff,receptions,Oran Singleton Jr.,Receptions,2026-10-03,Tulsa,North Texas,4,0.21641281512605043,3.0,1,,4.24,11.0,4.5,0.411,0.4121896998888477,-0.06291999999999998,0.411,128.0,4.5,betonlineag,W,1.28,-0.058305389221556925,0.589,-167.0,4.5,betonlineag,L,-1.0
pff,receptions,Anthony Evans III,Receptions,2026-10-03,Mississippi State,Alabama,4,0.3272112573099415,5.5,1,,6.14,12.0,6.5,0.395,0.43668122270742354,-0.15075,0.395,115.0,6.5,espnbet,W,1.15,0.008333333333333304,0.605,-150.0,6.5,espnbet,L,-1.0
pff,receptions,Marquis Johnson,Receptions,2026-10-03,Mississippi State,Alabama,4,0.11991349902534112,5.5,1,,2.72,2.0,2.5,0.4545,0.4796954314720812,-0.11264285714285716,0.4545,-105.0,2.5,espnbet,L,-1.0,-0.018100000000000005,0.5455,-125.0,2.5,espnbet,W,0.8
pff,receptions,Rico Scott,Receptions,2026-10-03,Alabama,Mississippi State,4,0.15238333605753512,-5.5,1,,3.4,4.0,3.5,0.431,0.4193548387096774,-0.03025,0.431,125.0,3.5,espnbet,W,1.25,-0.07537500000000003,0.569,-160.0,3.5,espnbet,L,-1.0
pff,receptions,Zion Ragins,Receptions,2026-10-03,Mississippi State,Alabama,4,0.1194870857699805,5.5,1,,3.18,1.0,2.5,0.5845,0.550561797752809,0.0020000000000000573,0.5845,-140.0,2.5,espnbet,L,-1.0,-0.12745,0.4155,110.0,2.5,espnbet,W,1.1
pff,receptions,Antonio Meeks,Receptions,2026-10-03,Wake Forest,Stanford,3,0.11010971786833856,-14.5,1,,2.68,1.0,2.5,0.4525,0.4232164449818621,0.004550000000000054,0.4525,122.0,2.5,betonlineag,L,-1.0,-0.1081603773584906,0.5475,-159.0,2.5,betonlineag,W,0.6289308176100629
pff,receptions,Nico Brown,Receptions,2026-10-03,Stanford,Wake Forest,2,0.13863636363636364,14.5,1,,2.42,4.0,3.5,0.2375,0.4198571520494176,-0.46799999999999997,0.2375,124.0,3.5,betonlineag,W,1.24,0.23610248447204962,0.7625,-161.0,3.5,betonlineag,L,-1.0
pff,receptions,Caden High,Receptions,2026-10-03,Stanford,Wake Forest,3,0.23484848484848486,14.5,1,,4.43,2.0,4.5,0.4355,0.43734082725915513,-0.06367500000000004,0.4355,115.0,4.5,betonlineag,L,-1.0,-0.05664093959731542,0.5645,-149.0,4.5,betonlineag,W,0.6711409395973155
pff,receptions,Carlos Hernandez,Receptions,2026-10-03,Wake Forest,Stanford,4,0.42427507836990597,-14.5,1,,6.71,7.0,7.5,0.3295,0.44351918899348297,-0.30145999999999995,0.3295,112.0,7.5,betonlineag,L,-1.0,0.1329137931034483,0.6705,-145.0,7.5,betonlineag,W,0.6896551724137931
pff,receptions,Jayden Savoury,Receptions,2026-10-03,Michigan State,Wisconsin,4,0.20366621682411157,8.5,1,,2.86,4.0,2.5,0.4605,0.5946590367191226,-0.2717674418604651,0.4605,-172.0,2.5,betonlineag,W,0.5813953488372093,0.25164,0.5395,132.0,2.5,betonlineag,L,-1.0
pff,receptions,Tyrell Henry,Receptions,2026-10-03,Wisconsin,Michigan State,4,0.3159166031019578,-8.5,1,,5.53,2.0,4.5,0.633,0.44351918899348297,0.34196000000000004,0.633,112.0,4.5,betonlineag,L,-1.0,-0.37989655172413794,0.367,-145.0,4.5,betonlineag,W,0.6896551724137931
pff,receptions,Chrishon McCray,Receptions,2026-10-03,Michigan State,Wisconsin,4,0.1851102114260009,8.5,1,,3.35,3.0,2.5,0.6025,0.5435460883633142,0.042281021897810245,0.6025,-137.0,2.5,betonlineag,W,0.7299270072992701,-0.18114999999999998,0.3975,106.0,2.5,betonlineag,L,-1.0
pff,receptions,Chris Brooks Jr.,Receptions,2026-10-03,Wisconsin,Michigan State,4,0.14152682430714467,-8.5,1,,3.07,1.0,2.5,0.543,0.5226570545829042,-0.022599999999999953,0.543,-125.0,2.5,betonlineag,L,-1.0,-0.09931067961165052,0.457,-103.0,2.5,betonlineag,W,0.970873786407767
pff,receptions,Jacob Harris,Receptions,2026-10-03,Wisconsin,Michigan State,4,0.15687770150012714,-8.5,1,,2.66,2.0,2.5,0.45,0.5489256569588981,-0.23085106382978726,0.45,-141.0,2.5,betonlineag,L,-1.0,0.14400000000000007,0.55,108.0,2.5,betonlineag,W,1.08
pff,receptions,Eugene Hilton Jr.,Receptions,2026-10-03,Wisconsin,Michigan State,4,0.1406210272056954,-8.5,1,,2.77,1.0,2.5,0.4545,0.5185070943861814,-0.17598780487804877,0.4545,-123.0,2.5,betonlineag,L,-1.0,0.06502380952380948,0.5455,-105.0,2.5,betonlineag,W,0.9523809523809523
pff,receptions,Rodney Bullard Jr.,Receptions,2026-10-03,Michigan State,Wisconsin,4,0.19084570400359874,8.5,1,,3.78,1.0,3.5,0.496,0.48149290561381863,-0.03161904761904766,0.496,-105.0,3.5,betonlineag,L,-1.0,-0.08624390243902441,0.504,-123.0,3.5,betonlineag,W,0.8130081300813008
pff,receptions,Radarious Jackson,Receptions,2026-10-03,Tennessee,Auburn,3,0.18465608465608466,-6.0,1,,2.39,1.0,2.5,0.4005,0.5276888998277135,-0.286609375,0.4005,-128.0,2.5,betonlineag,L,-1.0,0.1930643564356435,0.5995,-101.0,2.5,betonlineag,W,0.9900990099009901
pff,receptions,Chase Hendricks,Receptions,2026-10-03,California,UNLV,4,0.2403253609135962,1.5,1,,4.85,8.0,4.5,0.514,0.5256105556466153,-0.08127559055118105,0.514,-127.0,4.5,betonlineag,W,0.7874015748031497,-0.03752941176470592,0.486,-102.0,4.5,betonlineag,L,-1.0
pff,receptions,Duce Robinson,Receptions,2026-10-03,Florida State,Virginia,4,0.20973389355742297,1.5,1,,3.78,2.0,3.5,0.496,0.48768472906403937,-0.04474074074074075,0.496,-108.0,3.5,betonlineag,L,-1.0,-0.07599999999999996,0.504,-120.0,3.5,betonlineag,W,0.8333333333333334
pff,receptions,Micahi Danzy,Receptions,2026-10-03,Florida State,Virginia,4,0.18032212885154061,1.5,1,,3.08,4.0,3.5,0.336,0.46322988528598974,-0.31792,0.336,103.0,3.5,betonlineag,W,1.03,0.16324812030075186,0.664,-133.0,3.5,betonlineag,L,-1.0
pff,receptions,Jayvan Boggs,Receptions,2026-10-03,Florida State,Virginia,4,0.21376050420168066,1.5,1,,3.1,1.0,3.5,0.338,0.4053409632808775,-0.21583999999999998,0.338,132.0,3.5,betonlineag,L,-1.0,0.046883720930232575,0.662,-172.0,3.5,betonlineag,W,0.5813953488372093
pff,receptions,Tre Richardson,Receptions,2026-10-03,Louisville,NC State,4,0.2566137566137566,-5.5,1,,4.51,8.0,5.5,0.313,0.48768472906403937,-0.39718518518518525,0.313,-108.0,5.5,betonlineag,W,0.9259259259259259,0.2595000000000001,0.687,-120.0,5.5,betonlineag,L,-1.0
pff,receptions,TreyShun Hurry,Receptions,2026-10-03,Louisville,NC State,4,0.17129629629629628,-5.5,1,,3.62,4.0,3.5,0.4635,0.4723111001722865,-0.07758910891089105,0.4635,-101.0,3.5,betonlineag,W,0.9900990099009901,-0.044359375000000034,0.5365,-128.0,3.5,betonlineag,L,-1.0
pff,receptions,Jaleel Skinner,Receptions,2026-10-03,Louisville,NC State,4,0.15608465608465608,-5.5,1,,3.12,2.0,2.5,0.563,0.559015193444145,-0.05400680272108849,0.563,-147.0,2.5,betonlineag,L,-1.0,-0.06918999999999997,0.437,113.0,2.5,betonlineag,W,1.13
pff,receptions,Lawayne McCoy,Receptions,2026-10-03,Louisville,NC State,4,0.19047619047619047,-5.5,1,,3.88,2.0,3.5,0.523,0.5626591727408448,-0.125993288590604,0.523,-149.0,3.5,betonlineag,L,-1.0,0.02554999999999996,0.477,115.0,3.5,betonlineag,W,1.15
pff,receptions,Keenan Jackson,Receptions,2026-10-03,NC State,Louisville,4,0.21709401709401707,5.5,1,,4.59,3.0,4.5,0.4585,0.44351918899348297,-0.027979999999999894,0.4585,112.0,4.5,betonlineag,L,-1.0,-0.08505172413793105,0.5415,-145.0,4.5,betonlineag,W,0.6896551724137931
pff,receptions,Joshisa Trader,Receptions,2026-10-03,NC State,Louisville,4,0.1358974358974359,5.5,1,,2.52,5.0,2.5,0.426,0.5185070943861814,-0.22765853658536583,0.426,-123.0,2.5,betonlineag,W,0.8130081300813008,0.12066666666666664,0.574,-105.0,2.5,betonlineag,L,-1.0
pff,receptions,Preston Douglas,Receptions,2026-10-03,NC State,Louisville,4,0.16832264957264959,5.5,1,,3.25,5.0,3.5,0.411,0.43734082725915513,-0.11635000000000001,0.411,115.0,3.5,betonlineag,W,1.15,-0.01569798657718119,0.589,-149.0,3.5,betonlineag,L,-1.0
pff,receptions,Kwazi Gilmer,Receptions,2026-10-03,Nebraska,Maryland,4,0.23547008547008547,-15.5,1,,4.28,11.0,4.5,0.4155,0.5256105556466153,-0.2573346456692914,0.4155,-127.0,4.5,betonlineag,W,0.7874015748031497,0.1575392156862745,0.5845,-102.0,4.5,betonlineag,L,-1.0
pff,receptions,Luke Lindenmeyer,Receptions,2026-10-03,Nebraska,Maryland,4,0.12756410256410255,-15.5,1,,2.46,3.0,2.5,0.414,0.539576802507837,-0.2793333333333333,0.414,-135.0,2.5,betonlineag,W,0.7407407407407407,0.19544,0.586,104.0,2.5,betonlineag,L,-1.0
pff,receptions,Chris Durr Jr.,Receptions,2026-10-03,Maryland,Nebraska,4,0.3235338345864662,15.5,1,,6.53,7.0,7.5,0.316,0.4498870615467902,-0.33956000000000003,0.316,109.0,7.5,betonlineag,L,-1.0,0.16910638297872344,0.684,-141.0,7.5,betonlineag,W,0.7092198581560284
pff,receptions,Kaleb Webb,Receptions,2026-10-03,Maryland,Nebraska,4,0.11369674185463659,15.5,1,,3.61,4.0,3.5,0.462,0.556480811006517,-0.2193793103448276,0.462,-145.0,3.5,betonlineag,W,0.6896551724137931,0.14056000000000007,0.538,112.0,3.5,betonlineag,L,-1.0
pff,receptions,Asaad Waseem,Receptions,2026-10-03,Purdue,Illinois,4,0.24243055555555557,9.5,1,,5.09,3.0,4.5,0.565,0.552733296521259,-0.03989510489510495,0.565,-143.0,4.5,betonlineag,L,-1.0,-0.08649999999999991,0.435,110.0,4.5,betonlineag,W,1.1
pff,receptions,Xavier Townsend,Receptions,2026-10-03,Purdue,Illinois,4,0.23668981481481483,9.5,1,,4.78,4.0,3.5,0.6775,0.5878103001111523,0.08318862275449096,0.6775,-167.0,3.5,betonlineag,W,0.5988023952095808,-0.2647,0.3225,128.0,3.5,betonlineag,L,-1.0
pff,receptions,Chauncey Magwood,Receptions,2026-10-03,Purdue,Illinois,4,0.09332175925925926,9.5,1,,3.36,4.0,3.5,0.4265,0.552733296521259,-0.2752482517482518,0.4265,-143.0,3.5,betonlineag,W,0.6993006993006993,0.20435000000000003,0.5735,110.0,3.5,betonlineag,L,-1.0
pff,receptions,George Burhenn,Receptions,2026-10-03,Purdue,Illinois,3,0.062191358024691355,9.5,1,,1.79,1.0,1.5,0.541,0.539576802507837,-0.05825925925925929,0.541,-135.0,1.5,betonlineag,L,-1.0,-0.06363999999999997,0.459,104.0,1.5,betonlineag,W,1.04
pff,receptions,Fame Ijeboi,Receptions,2026-10-03,Purdue,Illinois,4,0.08539351851851852,9.5,1,,2.1,1.0,2.5,0.287,0.5626591727408448,-0.5203825503355705,0.287,-149.0,2.5,betonlineag,L,-1.0,0.5329499999999998,0.713,115.0,2.5,betonlineag,W,1.15
pff,receptions,Collin Dixon,Receptions,2026-10-03,Illinois,Purdue,4,0.3764482799808887,-9.5,1,,6.28,10.0,5.5,0.594,0.5102580936358786,0.0931596638655462,0.594,-119.0,5.5,betonlineag,W,0.8403361344537815,-0.22152293577981647,0.406,-109.0,5.5,betonlineag,L,-1.0
pff,receptions,Hudson Clement,Receptions,2026-10-03,Illinois,Purdue,4,0.21323060996974041,-9.5,1,,3.99,4.0,4.5,0.3765,0.5082034454470877,-0.30443220338983057,0.3765,-118.0,4.5,betonlineag,L,-1.0,0.1903181818181819,0.6235,-110.0,4.5,betonlineag,W,0.9090909090909091
pff,receptions,Willie Rodriguez,Receptions,2026-10-03,Kentucky,South Carolina,4,0.24655388471177944,2.5,1,,3.59,5.0,3.5,0.4605,0.46322988528598974,-0.06518499999999994,0.4605,103.0,3.5,betonlineag,W,1.03,-0.054860902255639166,0.5395,-133.0,3.5,betonlineag,L,-1.0
pff,receptions,Brady Hunt,Receptions,2026-10-03,South Carolina,Kentucky,4,0.13244107744107744,-2.5,1,,2.16,2.0,2.5,0.287,0.4564539116366858,-0.40878,0.287,106.0,2.5,betonlineag,L,-1.0,0.23343795620437952,0.713,-137.0,2.5,betonlineag,W,0.7299270072992701
pff,receptions,Kenny Darby,Receptions,2026-10-03,Kentucky,South Carolina,4,0.18629908103592313,2.5,1,,3.07,12.0,4.5,0.191,0.38995689950058143,-0.53969,0.191,141.0,4.5,betonlineag,W,1.41,0.24629729729729732,0.809,-185.0,4.5,betonlineag,L,-1.0
pff,receptions,Nic Anderson,Receptions,2026-10-03,Kentucky,South Carolina,3,0.07212475633528265,2.5,1,,2.41,5.0,2.5,0.405,0.4053409632808775,-0.0603999999999999,0.405,132.0,2.5,betonlineag,W,1.32,-0.05906976744186049,0.595,-172.0,2.5,betonlineag,L,-1.0
pff,receptions,DJ Black,Receptions,2026-10-03,South Carolina,Kentucky,2,0.10555555555555556,-2.5,1,,2.55,3.0,1.5,0.677,0.5626591727408448,0.13136241610738258,0.677,-149.0,1.5,betonlineag,W,0.6711409395973155,-0.30555000000000004,0.323,115.0,1.5,betonlineag,L,-1.0
pff,receptions,Nyck Harbor,Receptions,2026-10-03,South Carolina,Kentucky,4,0.13925084175084174,-2.5,1,,3.31,2.0,3.5,0.4185,0.43734082725915513,-0.10022500000000006,0.4185,115.0,3.5,betonlineag,L,-1.0,-0.028231543624161026,0.5815,-149.0,3.5,betonlineag,W,0.6711409395973155
pff,receptions,Chris Marshall,Receptions,2026-10-03,Arkansas,Texas A&M,4,0.28382967607105536,13.5,1,,5.82,7.0,5.5,0.506,0.483560743054414,-0.016641509433962254,0.506,-106.0,5.5,betonlineag,W,0.9433962264150944,-0.10108196721311474,0.494,-122.0,5.5,betonlineag,L,-1.0
pff,receptions,Baron Naone,Receptions,2026-10-03,Washington,USC,4,0.13983753315649866,7.5,1,,2.95,3.0,2.5,0.4955,0.4948402542722694,-0.05810360360360356,0.4955,-111.0,2.5,betonlineag,W,0.9009009009009009,-0.06058620689655181,0.5045,-116.0,2.5,betonlineag,L,-1.0
pff,receptions,Decker DeGraaf,Receptions,2026-10-03,Washington,USC,4,0.09302239905688181,7.5,1,,2.38,2.0,2.5,0.398,0.4498870615467902,-0.16817999999999994,0.398,109.0,2.5,betonlineag,L,-1.0,0.028950354609929063,0.602,-141.0,2.5,betonlineag,W,0.7092198581560284
pff,receptions,Jourdin Houston,Receptions,2026-10-03,Rutgers,Indiana,4,0.18808977937267413,24.5,1,,3.17,1.0,1.5,0.8535,0.5909989356849628,0.35852958579881666,0.8535,-169.0,1.5,betonlineag,L,-1.0,-0.66305,0.1465,130.0,1.5,betonlineag,W,1.3
pff,receptions,Shazz Preston,Receptions,2026-10-03,Indiana,Rutgers,4,0.11279802069275753,-24.5,1,,1.66,2.0,2.5,0.1595,0.5,-0.7005877192982457,0.1595,-114.0,2.5,betonlineag,L,-1.0,0.577780701754386,0.8405,-114.0,2.5,betonlineag,W,0.8771929824561403
pff,receptions,Nick Marsh,Receptions,2026-10-03,Indiana,Rutgers,4,0.25191183085919927,-24.5,1,,3.75,7.0,5.5,0.1975,0.4693877551020408,-0.605,0.1975,100.0,5.5,betonlineag,W,1.0,0.4198076923076923,0.8025,-130.0,5.5,betonlineag,L,-1.0
pff,receptions,KJ Duff,Receptions,2026-10-03,Rutgers,Indiana,4,0.38361410154173314,24.5,1,,6.23,4.0,4.5,0.761,0.5082034454470877,0.40591525423728814,0.761,-118.0,4.5,betonlineag,L,-1.0,-0.5437272727272727,0.239,-110.0,4.5,betonlineag,W,0.9090909090909091
pff,receptions,Charlie Becker,Receptions,2026-10-03,Indiana,Rutgers,4,0.3181511470985155,-24.5,1,,4.59,8.0,5.5,0.3205,0.4198571520494176,-0.28208,0.3205,124.0,5.5,betonlineag,W,1.24,0.10154968944099374,0.6795,-161.0,5.5,betonlineag,L,-1.0
pff,receptions,Tre Spivey,Receptions,2026-10-03,Arizona,Cincinnati,4,0.1851966220172742,-7.0,1,,4.6,3.0,5.5,0.3205,0.5,-0.398359649122807,0.3205,-114.0,5.5,betonlineag,L,-1.0,0.27555263157894727,0.6795,-114.0,5.5,betonlineag,W,0.8771929824561403
pff,receptions,Ryan Williams,Receptions,2026-10-03,Alabama,Mississippi State,4,0.22042197886019396,-5.5,0,,4.2,3.0,2.5,0.759,0.8470588235294118,-0.17775,0.759,-1200.0,2.5,espnbet,W,0.08333333333333333,0.44600000000000006,0.241,500.0,2.5,espnbet,L,-1.0
pff,receptions,Sanfrisco Magee,Receptions,2026-10-03,Mississippi State,Alabama,4,0.153630604288499,5.5,1,,3.1,3.0,3.5,0.3385,0.43928719436386243,-0.30607499999999993,0.3385,105.0,3.5,fliff,L,-1.0,0.06240909090909086,0.6615,-165.0,3.5,fliff,W,0.6060606060606061
pff,receptions,Fluff Bothwell,Receptions,2026-10-03,Mississippi State,Alabama,4,0.09359770955165692,5.5,1,,2.51,0.0,2.5,0.421,0.5,-0.24219999999999997,0.421,-125.0,2.5,fliff,L,-1.0,0.042200000000000015,0.579,-125.0,2.5,fliff,W,0.8
pff,receptions,Pierce Walsh,Receptions,2026-10-03,Minnesota,Michigan,2,0.0707196029776675,6.5,1,,2.11,2.0,1.5,0.569,0.44217687074829937,0.16644999999999993,0.569,105.0,1.5,fliff,W,1.05,-0.299625,0.431,-160.0,1.5,fliff,L,-1.0
pff,receptions,Savion Hiter,Receptions,2026-10-03,Michigan,Minnesota,4,0.11887254901960784,-6.5,1,,1.09,0.0,1.5,0.2265,0.4096045197740113,-0.5017,0.2265,120.0,1.5,fliff,L,-1.0,0.18060526315789469,0.7735,-190.0,1.5,fliff,W,0.5263157894736842
pff,receptions,Jordan Marshall,Receptions,2026-10-03,Michigan,Minnesota,4,0.05357142857142857,-6.5,1,,0.89,0.0,0.5,0.5425,0.6176821983273596,-0.21090909090909093,0.5425,-220.0,0.5,fliff,L,-1.0,0.07512500000000011,0.4575,135.0,0.5,fliff,W,1.35
pff,receptions,Jeremiah Cobb,Receptions,2026-10-03,Auburn,Tennessee,4,0.072008547008547,6.0,1,,1.37,2.0,1.5,0.385,0.5634599838318513,-0.3885294117647059,0.385,-170.0,1.5,fliff,W,0.5882352941176471,0.26075000000000004,0.615,105.0,1.5,fliff,L,-1.0
pff,receptions,Dasaahn Brame,Receptions,2026-10-03,Tennessee,Auburn,2,0.13333333333333333,-6.0,1,,2.08,2.0,1.5,0.569,0.5394736842105263,-0.051666666666666694,0.569,-150.0,1.5,fliff,W,0.6666666666666666,-0.1585238095238095,0.431,-105.0,1.5,fliff,L,-1.0
pff,receptions,DeSean Bishop,Receptions,2026-10-03,Tennessee,Auburn,4,0.08055555555555555,-6.0,1,,1.12,0.0,1.5,0.239,0.5088967971530249,-0.5771538461538461,0.239,-130.0,1.5,fliff,L,-1.0,0.39516666666666667,0.761,-120.0,1.5,fliff,W,0.8333333333333334
pff,receptions,Jadan Baugh,Receptions,2026-10-03,Florida,Missouri,4,0.03125,-5.5,1,,1.07,3.0,1.5,0.2205,0.4731182795698925,-0.5790454545454545,0.2205,-110.0,1.5,fliff,W,0.9090909090909091,0.3362857142857143,0.7795,-140.0,1.5,fliff,L,-1.0
pff,receptions,Jekail Middlebrook,Receptions,2026-10-03,Virginia,Florida State,4,0.05284992784992785,-1.5,1,,1.26,2.0,1.5,0.385,0.5360685302073941,-0.3494827586206896,0.385,-145.0,1.5,fliff,W,0.6896551724137931,0.20071428571428562,0.615,-105.0,1.5,fliff,L,-1.0
pff,receptions,Bo Jackson,Receptions,2026-10-03,Ohio State,Iowa,4,0.1060294596822111,-14.5,1,,1.71,0.0,2.5,0.171,0.3927881519639408,-0.6066999999999999,0.171,130.0,2.5,fliff,L,-1.0,0.23339024390243898,0.829,-205.0,2.5,fliff,W,0.4878048780487805
pff,receptions,Kamari Moulton,Receptions,2026-10-03,Iowa,Ohio State,3,0.12698412698412698,14.5,1,,2.11,0.0,1.5,0.569,0.5693779904306221,-0.09629411764705886,0.569,-170.0,1.5,fliff,L,-1.0,-0.09489999999999993,0.431,110.0,1.5,fliff,W,1.1
pff,receptions,Jason Patterson,Receptions,2026-10-03,Kentucky,South Carolina,4,0.027046783625730993,2.5,1,,0.71,0.0,0.5,0.505,0.6,-0.2425,0.505,-200.0,0.5,fliff,L,-1.0,0.11375000000000002,0.495,125.0,0.5,fliff,W,1.25
pff,receptions,Mark Fletcher Jr.,Receptions,2026-10-03,Miami,Clemson,3,0.022222222222222223,-14.0,1,,0.71,2.0,1.5,0.1945,0.360313315926893,-0.5137499999999999,0.1945,150.0,1.5,fliff,W,1.5,0.13427551020408163,0.8055,-245.0,1.5,fliff,L,-1.0
pff,receptions,King Miller,Receptions,2026-10-03,USC,Washington,5,0.022488755622188904,-7.5,1,,0.75,1.0,1.5,0.1945,0.43928719436386243,-0.601275,0.1945,105.0,1.5,fliff,L,-1.0,0.2936818181818182,0.8055,-165.0,1.5,fliff,W,0.6060606060606061
pff,receptions,Waymond Jordan,Receptions,2026-10-03,USC,Washington,5,0.033793103448275866,-7.5,1,,0.86,1.0,1.5,0.197,0.35576179427687554,-0.49765000000000004,0.197,155.0,1.5,fliff,L,-1.0,0.13075510204081636,0.803,-245.0,1.5,fliff,W,0.40816326530612246
pff,receptions,Cameron Dickey,Receptions,2026-10-03,Texas Tech,Colorado,4,0.06171442936148819,-13.5,1,,1.38,0.0,1.5,0.385,0.41184971098265893,-0.15300000000000002,0.385,120.0,1.5,fliff,L,-1.0,-0.052567567567567586,0.615,-185.0,1.5,fliff,W,0.5405405405405406
pff,receptions,Ja'Kyrian Turner,Receptions,2026-10-03,Pittsburgh,Virginia Tech,1,0.11764705882352941,1.5,1,,2.88,6.0,2.5,0.4645,0.4693877551020408,-0.07099999999999995,0.4645,100.0,2.5,betonlineag,W,1.0,-0.05257692307692308,0.5355,-130.0,2.5,betonlineag,L,-1.0
pff,receptions,Carson Kent,Receptions,2026-10-03,Pittsburgh,Virginia Tech,4,0.11609477124183007,1.5,1,,2.92,1.0,3.5,0.294,0.4537429043342889,-0.39141999999999993,0.294,107.0,3.5,betonlineag,L,-1.0,0.21391366906474812,0.706,-139.0,3.5,betonlineag,W,0.7194244604316546
pff,receptions,Jeffrey Overton Jr.,Receptions,2026-10-03,Virginia Tech,Pittsburgh,4,0.08953445747800587,-1.5,1,,2.44,5.0,2.5,0.4075,0.5867448807441689,-0.3484880239520959,0.4075,-167.0,2.5,betonlineag,W,0.5988023952095808,0.34497500000000003,0.5925,127.0,2.5,betonlineag,L,-1.0
pff,receptions,Javarius Green,Receptions,2026-10-03,Boston College,SMU,4,0.20616883116883117,21.5,1,,3.08,5.0,3.5,0.3345,0.46526552222043954,-0.32430999999999993,0.3345,102.0,3.5,betonlineag,W,1.02,0.16966666666666663,0.6655,-132.0,3.5,betonlineag,L,-1.0
pff,receptions,Makhi Hughes,Receptions,2026-10-03,Houston,UCF,4,0.05822440087145969,-10.5,1,,1.25,2.0,1.5,0.385,0.45132743362831856,-0.22999999999999998,0.385,100.0,1.5,fliff,W,1.0,0.011774193548387046,0.615,-155.0,1.5,fliff,L,-1.0
pff,receptions,DJ Epps,Receptions,2026-10-03,West Virginia,Iowa State,4,0.2556818181818182,3.0,1,,3.46,4.0,2.5,0.619,0.5318542641970282,0.09515384615384614,0.619,-130.0,2.5,betonlineag,W,0.7692307692307693,-0.23419,0.381,101.0,2.5,betonlineag,L,-1.0
pff,receptions,Jaden Bray,Receptions,2026-10-03,West Virginia,Iowa State,4,0.19090909090909092,3.0,1,,2.44,1.0,1.5,0.6565,0.5318542641970282,0.16149999999999998,0.6565,-130.0,1.5,betonlineag,L,-1.0,-0.3095649999999999,0.3435,101.0,1.5,betonlineag,W,1.01
pff,receptions,Cam Cook,Receptions,2026-10-03,West Virginia,Iowa State,4,0.12045454545454545,3.0,1,,1.52,2.0,1.5,0.385,0.5719844357976653,-0.395,0.385,-175.0,1.5,fliff,W,0.5714285714285714,0.2915,0.615,110.0,1.5,fliff,L,-1.0
pff,receptions,Fredrick Moore,Receptions,2026-10-03,Michigan State,Wisconsin,4,0.1509221772379667,8.5,1,,2.97,4.0,3.5,0.305,0.45132743362831856,-0.38999999999999996,0.305,100.0,3.5,fliff,W,1.0,0.14338709677419353,0.695,-155.0,3.5,fliff,L,-1.0
pff,receptions,Amir Jackson,Receptions,2026-10-03,Florida,Missouri,3,0.07916666666666666,-5.5,1,,1.73,1.0,1.5,0.421,0.4482758620689655,-0.15799999999999997,0.421,100.0,1.5,fliff,L,-1.0,-0.05912500000000004,0.579,-160.0,1.5,fliff,W,0.625
pff,receptions,Luke Harpring,Receptions,2026-10-03,Florida,Missouri,4,0.090625,-5.5,1,,1.6,3.0,1.5,0.385,0.44217687074829937,-0.21074999999999994,0.385,105.0,1.5,fliff,W,1.05,-0.0006249999999999867,0.615,-160.0,1.5,fliff,L,-1.0
pff,receptions,Jayden Scott,Receptions,2026-10-03,NC State,Louisville,4,0.030448717948717948,5.5,1,,1.18,0.0,1.5,0.35,0.5088967971530249,-0.3807692307692308,0.35,-130.0,1.5,fliff,L,-1.0,0.19166666666666676,0.65,-120.0,1.5,fliff,W,0.8333333333333334
pff,receptions,Mekhi Nelson,Receptions,2026-10-03,Nebraska,Maryland,4,0.060897435897435896,-15.5,1,,1.5,3.0,1.5,0.385,0.5802098950524738,-0.4011111111111111,0.385,-180.0,1.5,fliff,W,0.5555555555555556,0.3222499999999999,0.615,115.0,1.5,fliff,L,-1.0
pff,receptions,Ca'Lil Valentine,Receptions,2026-10-03,Illinois,Purdue,4,0.0415521978021978,-9.5,1,,1.02,0.0,1.5,0.215,0.3773584905660377,-0.48400000000000004,0.215,140.0,1.5,fliff,L,-1.0,0.14181818181818182,0.785,-220.0,1.5,fliff,W,0.45454545454545453
pff,receptions,Aidan Laughery,Receptions,2026-10-03,Illinois,Purdue,4,0.0415521978021978,-9.5,1,,0.95,1.0,0.5,0.5645,0.6525096525096524,-0.21838461538461537,0.5645,-260.0,0.5,fliff,W,0.38461538461538464,0.13230000000000008,0.4355,160.0,0.5,fliff,L,-1.0
pff,receptions,Tanook Hines,Receptions,2026-10-03,USC,Washington,3,0.08748125937031485,-7.5,1,,2.45,5.0,2.5,0.414,0.3933164104995956,-0.010539999999999994,0.414,139.0,2.5,betonlineag,W,1.39,-0.09202197802197798,0.586,-182.0,2.5,betonlineag,L,-1.0
pff,receptions,Benjamin Brahmer,Receptions,2026-10-03,Penn State,Northwestern,4,0.17202380952380952,-3.0,1,,2.83,5.0,3.5,0.2715,0.46322988528598974,-0.448855,0.2715,103.0,3.5,betonlineag,W,1.03,0.2762443609022556,0.7285,-133.0,3.5,betonlineag,L,-1.0
pff,receptions,Brett Eskildsen,Receptions,2026-10-03,Penn State,Northwestern,3,0.1595238095238095,-3.0,1,,2.54,6.0,2.5,0.4285,0.516439256945586,-0.22027049180327868,0.4285,-122.0,2.5,betonlineag,W,0.819672131147541,0.11065094339622639,0.5715,-106.0,2.5,betonlineag,L,-1.0
pff,receptions,Chase Sowell,Receptions,2026-10-03,Penn State,Northwestern,4,0.2261904761904762,-3.0,1,,3.58,5.0,3.5,0.4575,0.556480811006517,-0.22698275862068962,0.4575,-145.0,3.5,betonlineag,W,0.6896551724137931,0.1501,0.5425,112.0,3.5,betonlineag,L,-1.0
pff,receptions,Patrick Overmyer,Receptions,2026-10-03,Houston,UCF,4,0.22652505446623095,-10.5,1,,4.3,6.0,4.5,0.4185,0.5467012037178121,-0.27823913043478266,0.4185,-138.0,4.5,fanduel,W,0.7246376811594203,0.20952000000000004,0.5815,108.0,4.5,fanduel,L,-1.0
pff,receptions,Koby Young,Receptions,2026-10-03,Houston,UCF,4,0.0957244008714597,-10.5,1,,2.71,1.0,1.5,0.71,0.5946590367191226,0.12279069767441864,0.71,-172.0,1.5,betonlineag,L,-1.0,-0.3272,0.29,132.0,1.5,betonlineag,W,1.32
pff,receptions,Trent Walker,Receptions,2026-10-03,Houston,UCF,4,0.16508714596949892,-10.5,1,,2.88,2.0,1.5,0.732,0.5668912415784408,0.21357894736842103,0.732,-152.0,1.5,betonlineag,W,0.6578947368421053,-0.41844,0.268,117.0,1.5,betonlineag,L,-1.0
pff,receptions,Omari Hayes,Receptions,2026-10-03,Iowa State,West Virginia,4,0.21091269841269839,-3.0,1,,3.36,3.0,3.5,0.4275,0.45920859794821695,-0.12362499999999998,0.4275,105.0,3.5,espnbet,L,-1.0,-0.0034259259259259434,0.5725,-135.0,3.5,espnbet,W,0.7407407407407407
pff,receptions,Dominic Overby,Receptions,2026-10-03,Iowa State,West Virginia,3,0.17724867724867724,-3.0,1,,2.73,3.0,1.5,0.71,0.611260053619303,0.08368421052631575,0.71,-190.0,1.5,espnbet,W,0.5263157894736842,-0.304,0.29,140.0,1.5,espnbet,L,-1.0
pff,receptions,Cody Jackson,Receptions,2026-10-03,Iowa State,West Virginia,1,0.19047619047619047,-3.0,1,,2.89,6.0,1.5,0.737,0.4969046636401156,0.39503571428571427,0.737,-112.0,1.5,betonlineag,W,0.8928571428571429,-0.5083043478260869,0.263,-115.0,1.5,betonlineag,L,-1.0
pff,receptions,Vince Benetti,Receptions,2026-10-03,Iowa State,West Virginia,3,0.13148148148148148,-3.0,1,,2.02,2.0,1.5,0.569,0.5462570956657111,-0.02164748201438854,0.569,-139.0,1.5,betonlineag,W,0.7194244604316546,-0.10782999999999993,0.431,107.0,1.5,betonlineag,L,-1.0
pff,receptions,Aiden Flora,Receptions,2026-10-03,Iowa State,West Virginia,4,0.1261904761904762,-3.0,1,,1.91,0.0,1.5,0.569,0.5802098950524738,-0.11488888888888887,0.569,-180.0,1.5,fliff,L,-1.0,-0.07334999999999997,0.431,115.0,1.5,fliff,W,1.15
pff,receptions,Cam'ron Lacy,Receptions,2026-10-03,Middle Tennessee,Kansas,4,0.3670833333333333,21.5,1,,6.24,2.0,5.5,0.586,0.43668122270742354,0.25989999999999996,0.586,115.0,5.5,espnbet,L,-1.0,-0.31,0.414,-150.0,5.5,espnbet,W,0.6666666666666666
pff,receptions,Nik McMillan,Receptions,2026-10-03,Kansas,Middle Tennessee,3,0.2371615312791783,-21.5,1,,3.78,2.0,3.5,0.4955,0.5407914020517831,-0.13746296296296295,0.4955,-135.0,3.5,espnbet,L,-1.0,0.034225000000000005,0.5045,105.0,3.5,espnbet,W,1.05
pff,receptions,Keaton Kubecka,Receptions,2026-10-03,Kansas,Middle Tennessee,3,0.10955493308434484,-21.5,1,,2.6,1.0,2.5,0.441,0.4796954314720812,-0.13900000000000007,0.441,-105.0,2.5,espnbet,L,-1.0,0.006200000000000039,0.559,-125.0,2.5,espnbet,W,0.8
pff,receptions,Nahzae Cox,Receptions,2026-10-03,Kansas,Middle Tennessee,3,0.08154372860255213,-21.5,1,,2.15,2.0,1.5,0.569,0.6017069701280228,-0.11488888888888887,0.569,-180.0,1.5,espnbet,W,0.5555555555555556,0.012850000000000028,0.431,135.0,1.5,espnbet,L,-1.0
pff,receptions,Dylan Edwards,Receptions,2026-10-03,Kansas,Middle Tennessee,3,0.17631497043261748,-21.5,1,,2.13,1.0,2.5,0.287,0.4096045197740113,-0.3686,0.287,120.0,2.5,fliff,L,-1.0,0.08826315789473682,0.713,-190.0,2.5,fliff,W,0.5263157894736842
pff,receptions,Antonio Martin,Receptions,2026-10-03,Middle Tennessee,Kansas,4,0.040625,21.5,1,,1.0,0.0,0.5,0.5815,0.6052631578947368,-0.12774999999999997,0.5815,-200.0,0.5,fliff,L,-1.0,-0.03744999999999998,0.4185,130.0,0.5,fliff,W,1.3
pff,receptions,Hogan Hansen,Receptions,2026-10-03,Michigan,Minnesota,1,0.11764705882352941,-6.5,1,,1.52,3.0,0.5,0.8495,0.6226415094339622,0.23563636363636362,0.8495,-220.0,0.5,fliff,W,0.45454545454545453,-0.6388,0.1505,140.0,0.5,fliff,L,-1.0
pff,receptions,Cole Weaver,Receptions,2026-10-03,Syracuse,UConn,2,0.11818181818181818,-6.5,1,,2.18,1.0,2.5,0.287,0.38203893657106974,-0.29398,0.287,146.0,2.5,betonlineag,L,-1.0,0.08435416666666667,0.713,-192.0,2.5,betonlineag,W,0.5208333333333334
pff,receptions,Umari Hatcher,Receptions,2026-10-03,Syracuse,UConn,3,0.2512121212121212,-6.5,1,,4.93,12.0,5.5,0.368,0.49179655455291227,-0.29745454545454547,0.368,-110.0,5.5,betonlineag,W,0.9090909090909091,0.16759322033898305,0.632,-118.0,5.5,betonlineag,L,-1.0
pff,receptions,Javon Brown,Receptions,2026-10-03,UConn,Syracuse,3,0.1769498910675381,6.5,1,,2.96,3.0,2.5,0.5,0.44351918899348297,0.06000000000000005,0.5,112.0,2.5,betonlineag,W,1.12,-0.15517241379310343,0.5,-145.0,2.5,betonlineag,L,-1.0
pff,receptions,Ryder Treadway,Receptions,2026-10-03,UConn,Syracuse,4,0.11607843137254903,6.5,1,,2.24,3.0,2.5,0.287,0.41598386486827177,-0.35137999999999997,0.287,126.0,2.5,betonlineag,W,1.26,0.14775609756097563,0.713,-164.0,2.5,betonlineag,L,-1.0
pff,receptions,Xavier Watson,Receptions,2026-10-03,UConn,Syracuse,3,0.11703703703703705,6.5,1,,2.14,2.0,1.5,0.569,0.5829383886255923,-0.0840487804878049,0.569,-164.0,1.5,betonlineag,W,0.6097560975609756,-0.03025,0.431,125.0,1.5,betonlineag,L,-1.0
pff,receptions,Jordan Faison,Receptions,2026-10-03,Notre Dame,North Carolina,4,0.22457602339181287,-21.0,1,,4.2,8.0,5.5,0.2665,0.46691027202598456,-0.46167,0.2665,102.0,5.5,fanduel,W,1.02,0.2977307692307693,0.7335,-130.0,5.5,fanduel,L,-1.0
pff,receptions,Jordan Shipp,Receptions,2026-10-03,North Carolina,Notre Dame,3,0.2950498575498575,21.0,1,,3.9,7.0,3.5,0.528,0.4548257786000617,0.0982400000000001,0.528,108.0,3.5,fanduel,W,1.08,-0.18094117647058827,0.472,-136.0,3.5,fanduel,L,-1.0
pff,receptions,Micah Gilbert,Receptions,2026-10-03,Notre Dame,North Carolina,4,0.20183479532163742,-21.0,1,,3.88,3.0,3.5,0.5225,0.42847503373819157,0.1494999999999999,0.5225,120.0,3.5,fanduel,L,-1.0,-0.21243506493506492,0.4775,-154.0,3.5,fanduel,W,0.6493506493506493
pff,receptions,Jelani Thurman,Receptions,2026-10-03,North Carolina,Notre Dame,3,0.2343304843304843,21.0,1,,3.39,5.0,3.5,0.43,0.36038130667286683,0.12660000000000005,0.43,162.0,3.5,fanduel,W,1.62,-0.15857142857142859,0.57,-210.0,3.5,fanduel,L,-1.0
pff,receptions,Sam West,Receptions,2026-10-03,Mississippi State,Alabama,3,0.08966861598440545,5.5,1,,2.34,1.0,1.5,0.648,0.5925565555825832,0.03371428571428575,0.648,-168.0,1.5,fanduel,L,-1.0,-0.18336000000000002,0.352,132.0,1.5,fanduel,W,1.32
pff,receptions,Marshall Pritchett,Receptions,2026-10-03,Alabama,Mississippi State,3,0.08156487232574189,-5.5,1,,1.87,2.0,1.5,0.569,0.44563936358279316,0.20627999999999996,0.569,112.0,1.5,fanduel,W,1.12,-0.2654788732394366,0.431,-142.0,1.5,fanduel,L,-1.0
pff,receptions,Kaleb Edwards,Receptions,2026-10-03,Alabama,Mississippi State,3,0.1275652900366859,-5.5,1,,2.38,1.0,2.5,0.3985,0.5,-0.2456964285714286,0.3985,-112.0,2.5,fanduel,L,-1.0,0.13855357142857144,0.6015,-112.0,2.5,fanduel,W,0.8928571428571429
pff,receptions,Daniel Hill,Receptions,2026-10-03,Alabama,Mississippi State,4,0.08034011659583742,-5.5,1,,1.48,0.0,1.5,0.385,0.3909205548549811,-0.11449999999999994,0.385,130.0,1.5,fliff,L,-1.0,-0.09214285714285719,0.615,-210.0,1.5,fliff,W,0.47619047619047616
pff,receptions,Talyn Taylor,Receptions,2026-10-03,Georgia,Vanderbilt,3,0.17055555555555557,-25.5,1,,2.72,3.0,2.5,0.4545,0.4498870615467902,-0.050094999999999945,0.4545,109.0,2.5,betonlineag,W,1.09,-0.06762056737588656,0.5455,-141.0,2.5,betonlineag,L,-1.0
pff,receptions,Lawson Luckie,Receptions,2026-10-03,Georgia,Vanderbilt,3,0.10187908496732027,-25.5,1,,1.88,1.0,1.5,0.569,0.5123152709359606,0.04316666666666663,0.569,-120.0,1.5,betonlineag,L,-1.0,-0.16992592592592587,0.431,-108.0,1.5,betonlineag,W,0.9259259259259259
pff,receptions,Ian Strong,Receptions,2026-10-03,California,UNLV,4,0.17076599870717518,1.5,1,,4.49,6.0,4.5,0.445,0.40640759418570166,0.023499999999999965,0.445,130.0,4.5,fanduel,W,1.3,-0.12603448275862067,0.555,-174.0,4.5,fanduel,L,-1.0
pff,receptions,Jacory Barney Jr.,Receptions,2026-10-03,Nebraska,Maryland,4,0.19081196581196583,-15.5,1,,3.36,2.0,3.5,0.4265,0.4121896998888477,-0.02758000000000005,0.4265,128.0,3.5,betonlineag,L,-1.0,-0.08308682634730541,0.5735,-167.0,3.5,betonlineag,W,0.5988023952095808
pff,receptions,Dorian Fleming,Receptions,2026-10-03,Maryland,Nebraska,4,0.12090225563909775,15.5,1,,3.56,5.0,3.5,0.4555,0.48974190636412124,-0.1266100917431192,0.4555,-109.0,3.5,betonlineag,W,0.9174311926605505,0.002063025210084002,0.5445,-119.0,3.5,betonlineag,L,-1.0
pff,receptions,Nyziah Hunter,Receptions,2026-10-03,Nebraska,Maryland,4,0.08183760683760684,-15.5,1,,2.23,2.0,2.5,0.287,0.588150289017341,-0.5578648648648649,0.287,-185.0,2.5,fliff,L,-1.0,0.5686,0.713,120.0,2.5,fliff,W,1.2
pff,receptions,Iverson Howard,Receptions,2026-10-03,Maryland,Nebraska,4,0.07923558897243108,15.5,1,,2.12,0.0,2.5,0.287,0.43928719436386243,-0.41164999999999996,0.287,105.0,2.5,fliff,L,-1.0,0.14512121212121215,0.713,-165.0,2.5,fliff,W,0.6060606060606061
pff,receptions,Brayden Trimble,Receptions,2026-10-03,Illinois,Purdue,4,0.15244764293677338,-9.5,1,,2.97,2.0,3.5,0.307,0.4096045197740113,-0.32459999999999994,0.307,120.0,3.5,fliff,L,-1.0,0.05773684210526314,0.693,-190.0,3.5,fliff,W,0.5263157894736842
pff,receptions,Mario Craver,Receptions,2026-10-03,Texas A&M,Arkansas,4,0.28076923076923077,-13.5,1,,5.07,1.0,4.5,0.5615,0.552733296521259,-0.045842657342657356,0.5615,-143.0,4.5,betonlineag,L,-1.0,-0.03828571428571431,0.612,-175.0,5.5,fliff,W,0.5714285714285714
pff,receptions,Ed Small,Receptions,2026-10-03,TCU,BYU,4,0.2779166666666667,5.5,1,,5.44,4.0,3.5,0.795,0.48768472906403937,0.5311111111111112,0.795,-108.0,3.5,betonlineag,W,0.9259259259259259,-0.6241666666666668,0.205,-120.0,3.5,betonlineag,L,-1.0
pff,receptions,Jeremy Payne,Receptions,2026-10-03,TCU,BYU,4,0.15672619047619046,5.5,1,,2.94,4.0,2.5,0.493,0.41184971098265893,0.08460000000000001,0.493,120.0,2.5,fliff,W,1.2,-0.2189459459459459,0.507,-185.0,2.5,fliff,L,-1.0
pff,receptions,T.J. Moore,Receptions,2026-10-03,Clemson,Miami,4,0.3041208791208791,14.0,1,,4.68,4.0,4.5,0.468,0.5976612249623713,-0.26907865168539324,0.468,-178.0,4.5,fanduel,L,-1.0,0.23424000000000006,0.532,132.0,4.5,fanduel,W,1.32
pff,receptions,Bryant Wesco Jr.,Receptions,2026-10-03,Clemson,Miami,4,0.23090659340659342,14.0,1,,3.92,9.0,4.5,0.367,0.43297422610118635,-0.20728000000000002,0.367,116.0,4.5,fanduel,W,1.16,0.044038961038961044,0.633,-154.0,4.5,fanduel,L,-1.0
pff,receptions,Elija Lofton,Receptions,2026-10-03,Miami,Clemson,4,0.07777777777777778,-14.0,1,,2.52,3.0,2.5,0.424,0.539576802507837,-0.2619259259259259,0.424,-135.0,2.5,betonlineag,W,0.7407407407407407,0.17504000000000003,0.576,104.0,2.5,betonlineag,L,-1.0
pff,receptions,Dawson Pendergrass,Receptions,2026-10-03,Baylor,Arizona State,4,0.050423280423280425,3.5,1,,1.07,0.0,1.5,0.222,0.6,-0.667,0.222,-200.0,1.5,fliff,L,-1.0,0.7505000000000001,0.778,125.0,1.5,fliff,W,1.25
pff,receptions,Kyson Brown,Receptions,2026-10-03,Arizona State,Baylor,3,0.058996558996559,-3.5,1,,1.63,1.0,1.5,0.385,0.43928719436386243,-0.21074999999999994,0.385,105.0,1.5,fliff,L,-1.0,-0.012272727272727268,0.615,-165.0,1.5,fliff,W,0.6060606060606061
pff,receptions,Isaiah Johnson,Receptions,2026-10-03,Cincinnati,Arizona,4,0.16313625890238792,7.0,1,,3.51,6.0,3.5,0.447,0.48149290561381863,-0.12728571428571434,0.447,-105.0,3.5,betonlineag,W,0.9523809523809523,0.002593495934959389,0.553,-123.0,3.5,betonlineag,L,-1.0
pff,receptions,Malachi Henry,Receptions,2026-10-03,Cincinnati,Arizona,4,0.06610023041474654,7.0,1,,2.82,1.0,2.5,0.4545,0.47438944435338465,-0.09991176470588237,0.4545,-102.0,2.5,betonlineag,L,-1.0,-0.02497244094488188,0.5455,-127.0,2.5,betonlineag,W,0.7874015748031497
pff,receptions,Isaiah Mizell,Receptions,2026-10-03,Arizona,Cincinnati,3,0.107077721661055,-7.0,1,,2.48,4.0,2.5,0.417,0.38995689950058143,0.00497000000000003,0.417,141.0,2.5,betonlineag,W,1.41,-0.10186486486486485,0.583,-185.0,2.5,betonlineag,L,-1.0
pff,receptions,AJ Little,Receptions,2026-10-03,Southern Miss,Troy,4,0.18256888302260355,9.5,1,,3.16,1.0,3.5,0.3565,0.516439256945586,-0.3512868852459016,0.3565,-122.0,3.5,betonlineag,L,-1.0,0.2505754716981132,0.6435,-106.0,3.5,betonlineag,W,0.9433962264150944
pff,receptions,Howard Kinchen,Receptions,2026-10-03,Troy,Southern Miss,2,0.2588888888888889,-9.5,1,,4.1,2.0,4.5,0.3925,0.41703248463564524,-0.12080000000000002,0.3925,124.0,4.5,fanduel,L,-1.0,-0.026536144578313214,0.6075,-166.0,4.5,fanduel,W,0.6024096385542169
pff,receptions,Jace Petty,Receptions,2026-10-03,Troy,Southern Miss,4,0.1382142857142857,-9.5,1,,2.99,2.0,2.5,0.51,0.4248366013071895,0.122,0.51,120.0,2.5,fanduel,L,-1.0,-0.20375,0.49,-160.0,2.5,fanduel,W,0.625
pff,receptions,Noreel White,Receptions,2026-10-03,Troy,Southern Miss,4,0.1334126984126984,-9.5,1,,2.46,1.0,2.5,0.414,0.4248366013071895,-0.0892,0.414,120.0,2.5,fanduel,L,-1.0,-0.047750000000000015,0.586,-160.0,2.5,fanduel,W,0.625
pff,receptions,James Resar,Receptions,2026-10-10,Florida International,New Mexico State,3,0.16104594330400782,-7.0,1,,2.79,3.0,2.5,0.4545,0.48149290561381863,-0.11264285714285716,0.4545,-105.0,2.5,betonlineag,W,0.9523809523809523,-0.011004065040650435,0.5455,-123.0,2.5,betonlineag,L,-1.0
pff,receptions,Josiah Thomas,Receptions,2026-10-10,New Mexico State,Florida International,5,0.1495412444153863,7.0,1,,3.32,1.0,3.5,0.4215,0.4564539116366858,-0.13171,0.4215,106.0,3.5,betonlineag,L,-1.0,0.0007627737226277853,0.5785,-137.0,3.5,betonlineag,W,0.7299270072992701
pff,receptions,Maguire Anderson,Receptions,2026-10-10,Florida International,New Mexico State,4,0.2747434017595308,-7.0,1,,5.19,1.0,5.5,0.405,0.539576802507837,-0.295,0.405,-135.0,5.5,betonlineag,L,-1.0,0.2138,0.595,104.0,5.5,betonlineag,W,1.04
pff,receptions,Jonathan Stafford Jr.,Receptions,2026-10-10,Western Kentucky,Missouri State,5,0.26455375253549696,1.5,1,,5.41,6.0,6.5,0.298,0.5185070943861814,-0.45972357723577234,0.298,-123.0,6.5,betonlineag,L,-1.0,0.3705714285714285,0.702,-105.0,6.5,betonlineag,W,0.9523809523809523
pff,receptions,Mekhi Miller,Receptions,2026-10-10,Missouri State,Western Kentucky,3,0.12417027417027417,-1.5,1,,2.91,5.0,2.5,0.4795,0.5946590367191226,-0.24172093023255808,0.4795,-172.0,2.5,betonlineag,W,0.5813953488372093,0.20756000000000002,0.5205,132.0,2.5,betonlineag,L,-1.0
pff,receptions,Isaiah Myers,Receptions,2026-10-10,Missouri State,Western Kentucky,3,0.27178932178932175,-1.5,1,,4.41,3.0,5.5,0.2975,0.49179655455291227,-0.43204545454545457,0.2975,-110.0,5.5,betonlineag,L,-1.0,0.29783898305084744,0.7025,-118.0,5.5,betonlineag,W,0.847457627118644
pff,receptions,Jeremiah Jones-Thomas,Receptions,2026-10-10,South Alabama,Arkansas State,5,0.2467904076599729,3.0,1,,4.17,1.0,3.5,0.5785,0.46042319749216293,0.18014000000000008,0.5785,104.0,3.5,betonlineag,L,-1.0,-0.26627777777777784,0.4215,-135.0,3.5,betonlineag,W,0.7407407407407407
pff,receptions,Brendan Jenkins,Receptions,2026-10-10,South Alabama,Arkansas State,5,0.2130067999633217,3.0,1,,3.95,1.0,3.5,0.541,0.48149290561381863,0.056238095238095254,0.541,-105.0,3.5,betonlineag,L,-1.0,-0.16782926829268296,0.459,-123.0,3.5,betonlineag,W,0.8130081300813008
pff,receptions,AJ Wilson,Receptions,2026-10-10,UTSA,South Florida,5,0.13506281377424753,-5.5,1,,3.23,2.0,4.5,0.2725,0.44351918899348297,-0.4223,0.2725,112.0,4.5,betonlineag,L,-1.0,0.22922413793103452,0.7275,-145.0,4.5,betonlineag,W,0.6896551724137931
pff,receptions,Mekhi Anderson,Receptions,2026-10-10,UTSA,South Florida,5,0.1845100997006623,-5.5,1,,3.63,3.0,3.5,0.464,0.539576802507837,-0.19229629629629635,0.464,-135.0,3.5,betonlineag,L,-1.0,0.09344000000000002,0.536,104.0,3.5,betonlineag,W,1.04
pff,receptions,Anthony Carrie,Receptions,2026-10-10,Florida International,New Mexico State,4,0.045454545454545456,-7.0,1,,1.46,1.0,2.5,0.1595,0.4096045197740113,-0.6491,0.1595,120.0,2.5,fliff,L,-1.0,0.28286842105263155,0.8405,-190.0,2.5,fliff,W,0.5263157894736842
pff,receptions,Jackson Verdugo,Receptions,2026-10-10,Florida International,New Mexico State,4,0.06298875855327468,-7.0,1,,1.73,1.0,1.5,0.42,0.5178412132024978,-0.2688888888888889,0.42,-135.0,1.5,fliff,L,-1.0,0.08434782608695651,0.58,-115.0,1.5,fliff,W,0.8695652173913043
pff,receptions,James Jones,Receptions,2026-10-10,New Mexico State,Florida International,5,0.052729650212487746,7.0,1,,1.42,3.0,1.5,0.385,0.3408567480423768,0.02024999999999999,0.385,165.0,1.5,fliff,W,1.65,-0.15722222222222224,0.615,-270.0,1.5,fliff,L,-1.0
pff,receptions,Darius Cannon,Receptions,2026-10-10,Jacksonville State,Kennesaw State,5,0.17603939516309958,-3.0,1,,2.98,4.0,4.5,0.174,0.3993154592127781,-0.5928399999999999,0.174,134.0,4.5,fanduel,L,-1.0,0.2848888888888889,0.826,-180.0,4.5,fanduel,W,0.5555555555555556
pff,receptions,Deondre Johnson,Receptions,2026-10-10,Jacksonville State,Kennesaw State,5,0.1575977026966393,-3.0,1,,3.14,4.0,3.5,0.348,0.3993154592127781,-0.18568,0.348,134.0,3.5,fanduel,W,1.34,0.014222222222222303,0.652,-180.0,3.5,fanduel,L,-1.0
pff,receptions,Brayden Munroe,Receptions,2026-10-10,Kennesaw State,Jacksonville State,4,0.14957836281365694,3.0,1,,3.01,6.0,2.5,0.5175,0.5585303332383936,-0.13283783783783787,0.5175,-148.0,2.5,fanduel,W,0.6756756756756757,0.02290000000000003,0.4825,112.0,2.5,fanduel,L,-1.0
pff,receptions,Joshua Porter,Receptions,2026-10-10,South Florida,UTSA,5,0.21796244622250813,5.5,1,,3.6,2.0,3.5,0.4605,0.4564539116366858,-0.051369999999999916,0.4605,106.0,3.5,betonlineag,L,-1.0,-0.06670437956204384,0.5395,-137.0,3.5,betonlineag,W,0.7299270072992701
pff,receptions,Bryson Rodgers,Receptions,2026-10-10,South Florida,UTSA,5,0.27790502995456556,5.5,1,,4.1,5.0,3.5,0.5675,0.5347344777795604,-0.0025757575757575646,0.5675,-132.0,3.5,betonlineag,W,0.7575757575757576,-0.12635000000000002,0.4325,102.0,3.5,betonlineag,L,-1.0
pff,receptions,Hunter Summers,Receptions,2026-10-10,Arkansas State,South Alabama,5,0.2158824508824509,-3.0,1,,3.94,9.0,4.5,0.3685,0.4498870615467902,-0.2298349999999999,0.3685,109.0,4.5,betonlineag,W,1.09,0.07937234042553187,0.6315,-141.0,4.5,betonlineag,L,-1.0
pff,receptions,Chauncy Cobb,Receptions,2026-10-10,Arkansas State,South Alabama,5,0.28656010656010655,-3.0,1,,4.4,2.0,5.5,0.2975,0.44351918899348297,-0.3693,0.2975,112.0,5.5,betonlineag,L,-1.0,0.1869827586206897,0.7025,-145.0,5.5,betonlineag,W,0.6896551724137931
pff,receptions,Jaylen Bonelli,Receptions,2026-10-10,Arkansas State,South Alabama,5,0.15752247752247753,-3.0,1,,3.3,5.0,3.5,0.4175,0.46322988528598974,-0.15247500000000003,0.4175,103.0,3.5,betonlineag,W,1.03,0.020469924812030083,0.5825,-133.0,3.5,betonlineag,L,-1.0
pff,receptions,Jamari Person,Receptions,2026-10-10,Liberty,Sam Houston,5,0.1613499245852187,-13.5,1,,2.54,1.0,2.5,0.4275,0.5030953363598846,-0.20076086956521744,0.4275,-115.0,2.5,betonlineag,L,-1.0,0.08366071428571431,0.5725,-112.0,2.5,betonlineag,W,0.8928571428571429
pff,receptions,Makai Jackson,Receptions,2026-10-10,Liberty,Sam Houston,5,0.2955505279034691,-13.5,1,,3.68,3.0,3.5,0.468,0.5867448807441689,-0.25176047904191623,0.468,-167.0,3.5,betonlineag,L,-1.0,0.20764,0.532,127.0,3.5,betonlineag,W,1.27
pff,receptions,Tim Burns Jr.,Receptions,2026-10-10,Sam Houston,Liberty,3,0.0885814668423364,13.5,1,,2.87,2.0,2.5,0.4625,0.38961038961038963,0.10999999999999999,0.4625,140.0,2.5,fanduel,L,-1.0,-0.1765957446808511,0.5375,-188.0,2.5,fanduel,W,0.5319148936170213
pff,receptions,Grady O'Neill,Receptions,2026-10-10,Sam Houston,Liberty,4,0.221582674571805,13.5,1,,4.95,3.0,5.5,0.373,0.46209273182957394,-0.24653999999999998,0.373,102.0,5.5,fanduel,L,-1.0,0.08802941176470591,0.627,-136.0,5.5,fanduel,W,0.7352941176470589
pff,receptions,Chris Reed,Receptions,2026-10-10,Sam Houston,Liberty,4,0.11113306982872201,13.5,1,,3.36,3.0,3.5,0.4275,0.48768472906403937,-0.1766666666666667,0.4275,-108.0,3.5,betonlineag,L,-1.0,0.04958333333333337,0.5725,-120.0,3.5,betonlineag,W,0.8333333333333334
pff,receptions,Rod Gibbs,Receptions,2026-10-10,South Alabama,Arkansas State,4,0.11021164825512653,3.0,1,,2.14,2.0,1.5,0.569,0.5693779904306221,-0.09629411764705886,0.569,-170.0,1.5,fliff,W,0.5882352941176471,-0.09489999999999993,0.431,110.0,1.5,fliff,L,-1.0
pff,receptions,Keenan Phillips,Receptions,2026-10-10,South Alabama,Arkansas State,5,0.08506372854198942,3.0,1,,1.45,1.0,1.5,0.385,0.36933407946278674,-0.05674999999999997,0.385,145.0,1.5,fliff,L,-1.0,-0.11760869565217391,0.615,-230.0,1.5,fliff,W,0.43478260869565216
pff,receptions,D.J. Crowther,Receptions,2026-10-10,South Florida,UTSA,5,0.0668624502432552,5.5,1,,1.58,2.0,1.5,0.385,0.4731182795698925,-0.265,0.385,-110.0,1.5,fliff,W,0.9090909090909091,0.05428571428571427,0.615,-140.0,1.5,fliff,L,-1.0
matchup_core,receptions,Umari Hatcher,Receptions,2026-09-19,Syracuse,Pittsburgh,2,0.3018181818181818,10.5,1,,5.69,3.0,5.5,0.4565,0.4693877551020408,-0.08699999999999997,0.4565,100.0,5.5,betonlineag,L,-1.0,-0.03842307692307695,0.5435,-130.0,5.5,betonlineag,W,0.7692307692307693
matchup_core,receptions,Cooper Barkate,Receptions,2026-09-19,Miami,Wake Forest,2,0.1037037037037037,-20.5,1,,2.99,4.0,3.5,0.3185,0.5904601300891351,-0.4963255813953488,0.3185,-172.0,3.5,fanduel,W,0.5813953488372093,0.55382,0.6815,128.0,3.5,fanduel,L,-1.0
matchup_core,receptions,Carlos Hernandez,Receptions,2026-09-19,Wake Forest,Miami,2,0.30113636363636365,20.5,1,,4.86,10.0,4.5,0.4995,0.563470066518847,-0.17188157894736833,0.4995,-152.0,4.5,fanduel,W,0.6578947368421053,0.07106999999999991,0.5005,114.0,4.5,fanduel,L,-1.0
matchup_core,receptions,Malachi Toney,Receptions,2026-09-19,Miami,Wake Forest,2,0.2740740740740741,-20.5,1,,6.5,12.0,6.5,0.437,0.5141838223374939,-0.20480327868852455,0.437,-122.0,6.5,fanduel,W,0.819672131147541,0.08429629629629626,0.563,-108.0,6.5,fanduel,L,-1.0
matchup_core,receptions,Coy Eakin,Receptions,2026-09-19,Texas Tech,Houston,2,0.1813186813186813,-7.5,1,,3.3,3.0,3.5,0.4085,0.5,-0.23316666666666674,0.4085,-114.0,3.5,fanduel,L,-1.0,0.11035964912280705,0.5915,-114.0,3.5,fanduel,W,0.8771929824561403
matchup_core,receptions,Patrick Overmyer,Receptions,2026-09-19,Houston,Texas Tech,2,0.21666666666666667,7.5,1,,3.32,8.0,3.5,0.41,0.4391556877744723,-0.12260000000000004,0.41,114.0,3.5,fanduel,W,1.14,-0.011351351351351346,0.59,-148.0,3.5,fanduel,L,-1.0
matchup_core,receptions,Amare Thomas,Receptions,2026-09-19,Houston,Texas Tech,2,0.30000000000000004,7.5,1,,5.1,7.0,4.5,0.555,0.571741584224155,-0.09373417721518984,0.555,-158.0,4.5,fanduel,W,0.6329113924050633,0.20949999999999996,0.6195,-105.0,5.5,betonlineag,L,-1.0
matchup_core,receptions,Koby Young,Receptions,2026-09-19,Houston,Texas Tech,2,0.125,7.5,1,,2.81,2.0,1.5,0.7265,0.47591522157996147,0.42505769230769236,0.7265,-104.0,1.5,fanduel,W,0.9615384615384616,-0.06250787401574803,0.5245,-127.0,2.5,betonlineag,W,0.7874015748031497
matchup_core,receptions,Kenny Johnson,Receptions,2026-09-19,Texas Tech,Houston,2,0.19597069597069597,-7.5,1,,3.86,4.0,4.5,0.335,0.3993154592127781,-0.21609999999999996,0.335,134.0,4.5,fanduel,L,-1.0,0.034444444444444444,0.665,-180.0,4.5,fanduel,W,0.5555555555555556
matchup_core,receptions,Trent Walker,Receptions,2026-09-19,Houston,Texas Tech,2,0.11666666666666667,7.5,1,,2.48,2.0,2.5,0.4335,0.4451682953311618,-0.08964999999999995,0.4335,110.0,2.5,fanduel,L,-1.0,-0.045486301369863036,0.5665,-146.0,2.5,fanduel,W,0.684931506849315
matchup_core,receptions,J'Koby Williams,Receptions,2026-09-19,Texas Tech,Houston,2,0.20146520146520147,-7.5,1,,2.97,3.0,2.5,0.5165,0.48987854251012153,-0.013954545454545497,0.5165,-110.0,2.5,espnbet,W,0.9090909090909091,-0.11358333333333331,0.4835,-120.0,2.5,espnbet,L,-1.0
matchup_core,receptions,Cameron Dickey,Receptions,2026-09-19,Texas Tech,Houston,2,0.038461538461538464,-7.5,1,,1.38,1.0,1.5,0.367,0.35443037974683544,-0.06415000000000004,0.367,155.0,1.5,fliff,L,-1.0,-0.11379999999999996,0.633,-250.0,1.5,fliff,W,0.4
matchup_core,receptions,Omarion Miller,Receptions,2026-09-19,Arizona State,Kansas,2,0.36813186813186816,-5.5,1,,6.31,3.0,5.5,0.5885,0.4414696667616063,0.24762000000000006,0.5885,112.0,5.5,fanduel,L,-1.0,-0.3104594594594595,0.4115,-148.0,5.5,fanduel,W,0.6756756756756757
matchup_core,receptions,Keaton Kubecka,Receptions,2026-09-19,Kansas,Arizona State,2,0.1349206349206349,5.5,1,,2.71,1.0,3.5,0.285,0.40640759418570166,-0.3445,0.285,130.0,3.5,fanduel,L,-1.0,0.12591954022988505,0.715,-174.0,3.5,fanduel,W,0.5747126436781609
matchup_core,receptions,Reed Harris,Receptions,2026-09-19,Arizona State,Kansas,2,0.32967032967032966,-5.5,1,,5.81,4.0,4.5,0.6745,0.4718423169750603,0.33577450980392154,0.6745,-102.0,4.5,fanduel,L,-1.0,-0.42411538461538456,0.3255,-130.0,4.5,fanduel,W,0.7692307692307693
matchup_core,receptions,Nik McMillan,Receptions,2026-09-19,Kansas,Arizona State,2,0.23809523809523808,5.5,1,,3.34,4.0,3.5,0.4125,0.41703248463564524,-0.07600000000000007,0.4125,124.0,3.5,fanduel,W,1.24,-0.0585843373493975,0.5875,-166.0,3.5,fanduel,L,-1.0
matchup_core,receptions,Omari Hayes,Receptions,2026-09-19,Iowa State,Bowling Green,2,0.26111111111111107,-22.5,1,,2.75,1.0,2.5,0.4755,0.5306122448979592,-0.15873076923076918,0.4755,-130.0,2.5,betonlineag,L,-1.0,0.04899999999999999,0.5245,100.0,2.5,betonlineag,W,1.0
matchup_core,receptions,Jordan Shipp,Receptions,2026-09-19,North Carolina,Clemson,2,0.21180555555555555,3.0,1,,3.78,6.0,5.5,0.2065,0.40640759418570166,-0.52505,0.2065,130.0,5.5,fanduel,W,1.3,0.24953448275862064,0.7935,-174.0,5.5,fanduel,L,-1.0
matchup_core,receptions,T.J. Moore,Receptions,2026-09-19,Clemson,North Carolina,2,0.31785714285714284,-3.0,1,,4.64,7.0,3.5,0.634,0.5281576830249397,0.12169230769230771,0.634,-130.0,3.5,fanduel,W,0.7692307692307693,-0.2751764705882353,0.366,-102.0,3.5,fanduel,L,-1.0
matchup_core,receptions,Jelani Thurman,Receptions,2026-09-19,North Carolina,Clemson,2,0.2361111111111111,3.0,1,,3.77,3.0,3.5,0.48,0.48581617766250607,-0.0755555555555556,0.48,-108.0,3.5,fanduel,L,-1.0,-0.05377049180327864,0.52,-122.0,3.5,fanduel,W,0.819672131147541
matchup_core,receptions,Mason Humphrey,Receptions,2026-09-19,North Carolina,Clemson,2,0.059027777777777776,3.0,1,,1.99,1.0,2.5,0.2975,0.4718423169750603,-0.4108333333333334,0.2975,-102.0,2.5,fanduel,L,-1.0,0.24288461538461548,0.7025,-130.0,2.5,fanduel,W,0.7692307692307693
matchup_core,receptions,Bryant Wesco Jr.,Receptions,2026-09-19,Clemson,North Carolina,2,0.22142857142857142,-3.0,1,,3.83,5.0,3.5,0.493,0.5585303332383936,-0.17389189189189191,0.493,-148.0,3.5,fanduel,W,0.6756756756756757,0.07484000000000002,0.507,112.0,3.5,fanduel,L,-1.0
matchup_core,receptions,Trech Kekahuna,Receptions,2026-09-19,North Carolina,Clemson,2,0.12152777777777778,3.0,1,,2.34,2.0,2.5,0.358,0.42825841577584495,-0.21956000000000003,0.358,118.0,2.5,fanduel,L,-1.0,0.048329113924050704,0.642,-158.0,2.5,fanduel,W,0.6329113924050633
matchup_core,receptions,Lotzeir Brooks,Receptions,2026-09-19,Alabama,Florida State,2,0.20888157894736842,-18.5,1,,3.14,8.0,3.5,0.3575,0.5418848167539266,-0.3834420289855072,0.3575,-138.0,3.5,fanduel,W,0.7246376811594203,0.31070000000000003,0.6425,104.0,3.5,fanduel,L,-1.0
matchup_core,receptions,Rico Scott,Receptions,2026-09-19,Alabama,Florida State,2,0.14638157894736842,-18.5,1,,2.93,4.0,2.5,0.5055,0.5510744774801296,-0.14345833333333335,0.5055,-144.0,2.5,fanduel,W,0.6944444444444444,0.02856000000000003,0.4945,108.0,2.5,fanduel,L,-1.0
matchup_core,receptions,Duce Robinson,Receptions,2026-09-19,Florida State,Alabama,2,0.1715686274509804,18.5,1,,3.09,6.0,3.5,0.347,0.42146580014156115,-0.2296600000000001,0.347,122.0,3.5,fanduel,W,1.22,0.056086419753086425,0.653,-162.0,3.5,fanduel,L,-1.0
matchup_core,receptions,Micahi Danzy,Receptions,2026-09-19,Florida State,Alabama,2,0.20098039215686275,18.5,1,,2.93,3.0,2.5,0.5045,0.43297422610118635,0.08971999999999986,0.5045,116.0,2.5,fanduel,W,1.16,-0.1827467532467532,0.4955,-154.0,2.5,fanduel,L,-1.0
matchup_core,receptions,Jayvan Boggs,Receptions,2026-09-19,Florida State,Alabama,2,0.15441176470588236,18.5,1,,2.4,2.0,1.5,0.662,0.47438944435338465,0.31101960784313726,0.662,-102.0,1.5,betonlineag,W,0.9803921568627451,-0.39585826771653543,0.338,-127.0,1.5,betonlineag,L,-1.0
matchup_core,receptions,Mario Craver,Receptions,2026-09-19,Texas A&M,Kentucky,2,0.2,-16.5,1,,3.57,11.0,4.5,0.2995,0.48768472906403937,-0.4231851851851852,0.2995,-108.0,4.5,betonlineag,W,0.9259259259259259,0.28425,0.7005,-120.0,4.5,betonlineag,L,-1.0
matchup_core,receptions,Isaiah Horton,Receptions,2026-09-19,Texas A&M,Kentucky,2,0.18,-16.5,1,,3.89,5.0,2.5,0.692,0.5767835550181378,0.12722012578616348,0.692,-159.0,2.5,betonlineag,W,0.6289308176100629,-0.31623999999999997,0.308,122.0,2.5,betonlineag,L,-1.0
matchup_core,receptions,TreyShun Hurry,Receptions,2026-09-19,Louisville,SMU,2,0.15873015873015872,-3.0,1,,3.34,1.0,3.5,0.4125,0.3993154592127781,-0.03475000000000006,0.4125,134.0,3.5,fanduel,L,-1.0,-0.08611111111111108,0.5875,-180.0,3.5,fanduel,W,0.5555555555555556
matchup_core,receptions,Jaleel Skinner,Receptions,2026-09-19,Louisville,SMU,2,0.13095238095238093,-3.0,1,,2.74,3.0,2.5,0.4755,0.5,-0.10739473684210527,0.4755,-114.0,2.5,fanduel,W,0.8771929824561403,-0.015412280701754433,0.5245,-114.0,2.5,fanduel,L,-1.0
matchup_core,receptions,Yamir Knight,Receptions,2026-09-19,SMU,Louisville,2,0.17094017094017094,3.0,1,,4.05,7.0,5.5,0.241,0.5379072681704261,-0.5817941176470588,0.241,-136.0,5.5,fanduel,W,0.7352941176470589,0.53318,0.759,102.0,5.5,fanduel,L,-1.0
matchup_core,receptions,Jalen Cooper,Receptions,2026-09-19,SMU,Louisville,2,0.09544159544159544,3.0,1,,2.67,1.0,3.5,0.281,0.5,-0.47250877192982454,0.281,-114.0,3.5,fanduel,L,-1.0,0.34970175438596485,0.719,-114.0,3.5,fanduel,W,0.8771929824561403
matchup_core,receptions,Tre Richardson,Receptions,2026-09-19,Louisville,SMU,2,0.2777777777777778,-3.0,1,,4.52,4.0,4.5,0.4385,0.5281576830249397,-0.2241923076923077,0.4385,-130.0,4.5,fanduel,L,-1.0,0.1119901960784313,0.5615,-102.0,4.5,fanduel,W,0.9803921568627451
matchup_core,receptions,Mark Bowman,Receptions,2026-09-19,USC,Rutgers,3,0.167816091954023,-21.0,1,,3.47,3.0,2.5,0.6125,0.5256105556466153,0.09478346456692921,0.6125,-127.0,2.5,betonlineag,W,0.7874015748031497,-0.23259803921568634,0.3875,-102.0,2.5,betonlineag,L,-1.0
matchup_core,receptions,KJ Duff,Receptions,2026-09-19,Rutgers,USC,2,0.4267676767676768,21.0,1,,5.9,7.0,6.5,0.341,0.5051597457277305,-0.3650344827586207,0.341,-116.0,6.5,betonlineag,W,0.8620689655172413,0.2526936936936937,0.659,-111.0,6.5,betonlineag,L,-1.0
matchup_core,receptions,Jourdin Houston,Receptions,2026-09-19,Rutgers,USC,2,0.2297979797979798,21.0,1,,4.25,2.0,2.5,0.758,0.5318542641970282,0.34107692307692317,0.758,-130.0,2.5,betonlineag,L,-1.0,-0.51358,0.242,101.0,2.5,betonlineag,W,1.01
matchup_core,receptions,Jonanthony Hall,Receptions,2026-09-19,Stanford,Duke,2,0.06818181818181818,9.5,1,,2.42,2.0,2.5,0.42,0.5191532258064516,-0.24399999999999994,0.42,-125.0,2.5,fanduel,L,-1.0,0.12716981132075472,0.58,-106.0,2.5,fanduel,W,0.9433962264150944
matchup_core,receptions,Jonah Burton,Receptions,2026-09-19,Duke,Stanford,2,0.24871794871794872,-9.5,1,,3.08,1.0,4.5,0.195,0.3993154592127781,-0.5437000000000001,0.195,134.0,4.5,fanduel,L,-1.0,0.25222222222222224,0.805,-180.0,4.5,fanduel,W,0.5555555555555556
matchup_core,receptions,Nate Sheppard,Receptions,2026-09-19,Duke,Stanford,2,0.28205128205128205,-9.5,1,,2.65,1.0,3.5,0.277,0.4581151832460733,-0.4349199999999999,0.277,104.0,3.5,fanduel,L,-1.0,0.24691304347826082,0.723,-138.0,3.5,fanduel,W,0.7246376811594203
matchup_core,receptions,Jeremiah Hasley,Receptions,2026-09-19,Duke,Stanford,2,0.17692307692307693,-9.5,1,,2.96,5.0,4.5,0.1775,0.5,-0.6667982456140351,0.1775,-114.0,4.5,fanduel,W,0.8771929824561403,0.5439912280701754,0.8225,-114.0,4.5,fanduel,L,-1.0
matchup_core,receptions,Vernell Brown III,Receptions,2026-09-19,Florida,Auburn,2,0.2125,-2.5,1,,3.82,5.0,5.5,0.2135,0.5457986373959122,-0.634,0.2135,-140.0,5.5,fanduel,L,-1.0,0.62019,0.7865,106.0,5.5,fanduel,W,1.06
matchup_core,receptions,Dallas Wilson,Receptions,2026-09-19,Florida,Auburn,2,0.17916666666666667,-2.5,1,,3.43,4.0,3.5,0.43,0.46209273182957394,-0.13139999999999996,0.43,102.0,3.5,fanduel,W,1.02,-0.010882352941176454,0.57,-136.0,3.5,fanduel,L,-1.0
matchup_core,receptions,Keshaun Singleton,Receptions,2026-09-19,Auburn,Florida,2,0.2096153846153846,2.5,1,,4.12,7.0,3.5,0.556,0.43297422610118635,0.20095999999999997,0.556,116.0,3.5,fanduel,W,1.16,-0.26768831168831175,0.444,-154.0,3.5,fanduel,L,-1.0
matchup_core,receptions,Jeremiah Koger,Receptions,2026-09-19,Auburn,Florida,2,0.14615384615384616,2.5,1,,3.39,1.0,3.5,0.421,0.4414696667616063,-0.10747999999999991,0.421,112.0,3.5,fanduel,L,-1.0,-0.029783783783783824,0.579,-148.0,3.5,fanduel,W,0.6756756756756757
matchup_core,receptions,Chas Nimrod,Receptions,2026-09-19,Auburn,Florida,2,0.2519230769230769,2.5,1,,4.46,6.0,3.5,0.611,0.5,0.14696491228070174,0.611,-114.0,3.5,fanduel,W,0.8771929824561403,-0.2697719298245614,0.389,-114.0,3.5,fanduel,L,-1.0
matchup_core,receptions,Jadan Baugh,Receptions,2026-09-19,Florida,Auburn,2,0.0,-2.5,1,,0.67,1.0,2.5,0.0835,0.4489255225198705,-0.8263199999999999,0.0835,108.0,2.5,fanduel,L,-1.0,0.5529583333333333,0.9165,-144.0,2.5,fanduel,W,0.6944444444444444
matchup_core,receptions,Legend Glasker,Receptions,2026-09-19,BYU,Colorado State,2,0.18198529411764708,-17.5,1,,2.75,5.0,3.5,0.285,0.49110320284697506,-0.4775,0.285,-120.0,3.5,fliff,W,0.8333333333333334,0.26500000000000007,0.715,-130.0,3.5,fliff,L,-1.0
matchup_core,receptions,Kyler Kasper,Receptions,2026-09-19,BYU,Colorado State,2,0.2426470588235294,-17.5,1,,3.74,1.0,3.5,0.4695,0.41184971098265893,0.03289999999999993,0.4695,120.0,3.5,fliff,L,-1.0,-0.1827432432432432,0.5305,-185.0,3.5,fliff,W,0.5405405405405406
matchup_core,receptions,LJ Martin,Receptions,2026-09-19,BYU,Colorado State,2,0.09191176470588236,-17.5,1,,1.64,1.0,2.5,0.1555,0.5802098950524738,-0.7581111111111112,0.1555,-180.0,2.5,fliff,L,-1.0,0.815675,0.8445,115.0,2.5,fliff,W,1.15
matchup_core,receptions,Walker Lyons,Receptions,2026-09-19,BYU,Colorado State,2,0.15257352941176472,-17.5,1,,2.16,2.0,2.5,0.2975,0.5394736842105263,-0.5041666666666667,0.2975,-150.0,2.5,fliff,L,-1.0,0.371547619047619,0.7025,-105.0,2.5,fliff,W,0.9523809523809523
matchup_core,receptions,DeAndre Moore Jr.,Receptions,2026-09-19,Colorado,Northwestern,2,0.21978021978021978,3.5,1,,3.82,7.0,3.5,0.4905,0.4693877551020408,-0.01899999999999996,0.4905,100.0,3.5,betonlineag,W,1.0,-0.09857692307692306,0.5095,-130.0,3.5,betonlineag,L,-1.0
matchup_core,receptions,Dekalon Taylor,Receptions,2026-09-19,Colorado,Northwestern,1,0.14285714285714285,3.5,1,,1.42,2.0,1.5,0.367,0.40590405904059046,-0.15589999999999998,0.367,130.0,1.5,hardrockbet,W,1.3,-0.0052857142857142825,0.633,-175.0,1.5,hardrockbet,L,-1.0
matchup_core,receptions,Deuce Alexander,Receptions,2026-09-19,Ole Miss,LSU,2,0.2671957671957672,3.0,1,,4.68,7.0,4.5,0.4555,0.563470066518847,-0.24482894736842098,0.4555,-152.0,4.5,fanduel,W,0.6578947368421053,0.16522999999999988,0.5445,114.0,4.5,fanduel,L,-1.0
matchup_core,receptions,Kewan Lacy,Receptions,2026-09-19,Ole Miss,LSU,2,0.11375661375661375,3.0,1,,2.36,2.0,2.5,0.405,0.45420136260408783,-0.1656999999999999,0.405,106.0,2.5,fanduel,L,-1.0,0.019999999999999962,0.595,-140.0,2.5,fanduel,W,0.7142857142857143
matchup_core,receptions,Horatio Fields,Receptions,2026-09-19,Ole Miss,LSU,2,0.1931216931216931,3.0,1,,3.82,5.0,4.5,0.3265,0.41703248463564524,-0.26864,0.3265,124.0,4.5,fanduel,W,1.24,0.07922289156626505,0.6735,-166.0,4.5,fanduel,L,-1.0
matchup_core,receptions,Trey'Dez Green,Receptions,2026-09-19,LSU,Ole Miss,2,0.20202020202020202,-3.0,1,,3.95,4.0,4.5,0.3495,0.4489255225198705,-0.27303999999999995,0.3495,108.0,4.5,fanduel,L,-1.0,0.10223611111111108,0.6505,-144.0,4.5,fanduel,W,0.6944444444444444
matchup_core,receptions,Caleb Odom,Receptions,2026-09-19,Ole Miss,LSU,1,0.14285714285714285,3.0,1,,2.52,5.0,2.5,0.4435,0.5,-0.16746491228070176,0.4435,-114.0,2.5,fanduel,W,0.8771929824561403,0.04465789473684206,0.5565,-114.0,2.5,fanduel,L,-1.0
matchup_core,receptions,Chris Durr Jr.,Receptions,2026-09-19,Maryland,Virginia Tech,2,0.26285714285714284,2.5,1,,5.94,12.0,5.5,0.522,0.43734082725915513,0.12229999999999996,0.522,115.0,5.5,betonlineag,W,1.15,-0.20119463087248324,0.478,-149.0,5.5,betonlineag,L,-1.0
matchup_core,receptions,Dorian Fleming,Receptions,2026-09-19,Maryland,Virginia Tech,2,0.06285714285714286,2.5,1,,1.89,6.0,2.5,0.2975,0.3852511464220966,-0.27410000000000007,0.2975,144.0,2.5,betonlineag,W,1.44,0.0741931216931217,0.7025,-189.0,2.5,betonlineag,L,-1.0
matchup_core,receptions,Aneyas Williams,Receptions,2026-09-19,Notre Dame,Michigan State,2,0.02631578947368421,-28.5,1,,1.14,2.0,2.5,0.1015,0.46209273182957394,-0.79497,0.1015,102.0,2.5,fanduel,L,-1.0,0.5591617647058823,0.8985,-136.0,2.5,fanduel,W,0.7352941176470589
matchup_core,receptions,Micah Gilbert,Receptions,2026-09-19,Notre Dame,Michigan State,2,0.11894736842105263,-28.5,1,,2.76,8.0,2.5,0.4755,0.5060689431946916,-0.12153389830508476,0.4755,-118.0,2.5,fanduel,W,0.847457627118644,-0.007196428571428548,0.5245,-112.0,2.5,fanduel,L,-1.0
matchup_core,receptions,Jordan Faison,Receptions,2026-09-19,Notre Dame,Michigan State,2,0.18526315789473685,-28.5,1,,3.51,5.0,5.5,0.181,0.532258064516129,-0.6818787878787879,0.181,-132.0,5.5,fanduel,L,-1.0,0.6379999999999999,0.819,100.0,5.5,fanduel,W,1.0
matchup_core,receptions,Chauncey Magwood,Receptions,2026-09-19,Purdue,UCLA,2,0.09664351851851852,13.5,1,,2.98,2.0,3.5,0.316,0.5767835550181378,-0.4852578616352202,0.316,-159.0,3.5,betonlineag,L,-1.0,0.51848,0.684,122.0,3.5,betonlineag,W,1.22
matchup_core,receptions,Fame Ijeboi,Receptions,2026-09-19,Purdue,UCLA,2,0.13078703703703703,13.5,1,,2.76,0.0,2.5,0.4755,0.5692871193108593,-0.21573376623376622,0.4755,-154.0,2.5,betonlineag,L,-1.0,0.14340999999999998,0.5245,118.0,2.5,betonlineag,W,1.18
matchup_core,receptions,Xavier Townsend,Receptions,2026-09-19,Purdue,UCLA,2,0.22337962962962962,13.5,1,,4.52,6.0,3.5,0.6215,0.4693877551020408,0.24300000000000005,0.6215,100.0,3.5,betonlineag,W,1.0,-0.3303461538461539,0.3785,-130.0,3.5,betonlineag,L,-1.0
matchup_core,receptions,De'Nylon Morrissette,Receptions,2026-09-19,Purdue,UCLA,1,0.0625,13.5,1,,2.63,1.0,2.5,0.461,0.4472667034787409,-0.03189999999999993,0.461,110.0,2.5,betonlineag,L,-1.0,-0.0840769230769231,0.539,-143.0,2.5,betonlineag,W,0.6993006993006993
matchup_core,receptions,Asaad Waseem,Receptions,2026-09-19,Purdue,UCLA,2,0.2048611111111111,13.5,1,,4.37,8.0,3.5,0.5965,0.5,0.11974561403508771,0.5965,-114.0,3.5,betonlineag,W,0.8771929824561403,-0.2425526315789474,0.4035,-114.0,3.5,betonlineag,L,-1.0
matchup_core,receptions,Wayne Knight,Receptions,2026-09-19,UCLA,Purdue,2,0.07142857142857142,-13.5,1,,1.44,3.0,1.5,0.367,0.4947698744769875,-0.2993636363636364,0.367,-110.0,1.5,hardrockbet,W,0.9090909090909091,0.1834347826086956,0.633,-115.0,1.5,hardrockbet,L,-1.0
matchup_core,receptions,Censere Lee,Receptions,2026-09-19,Pittsburgh,Syracuse,2,0.12908496732026142,-10.5,1,,3.68,1.0,3.5,0.456,0.5626591727408448,-0.23795973154362415,0.456,-149.0,3.5,betonlineag,L,-1.0,0.16960000000000003,0.544,115.0,3.5,betonlineag,W,1.15
matchup_core,receptions,Antonio Meeks,Receptions,2026-09-19,Wake Forest,Miami,2,0.13068181818181818,20.5,1,,2.79,2.0,2.5,0.4755,0.35622780599631415,0.25532,0.4755,164.0,2.5,betonlineag,L,-1.0,-0.23379493087557604,0.5245,-217.0,2.5,betonlineag,W,0.4608294930875576
matchup_core,receptions,CJ Brown,Receptions,2026-09-19,Arkansas,Georgia,1,0.125,24.5,1,,2.86,2.0,1.5,0.7305,0.5489256569588981,0.24858510638297876,0.7305,-141.0,1.5,betonlineag,W,0.7092198581560284,-0.43944,0.2695,108.0,1.5,betonlineag,L,-1.0
matchup_core,receptions,Chris Marshall,Receptions,2026-09-19,Arkansas,Georgia,2,0.25946969696969696,24.5,1,,4.09,7.0,3.5,0.553,0.519675254742772,0.002593495934959389,0.553,-123.0,3.5,betonlineag,W,0.8130081300813008,-0.12319230769230771,0.447,-104.0,3.5,betonlineag,L,-1.0
matchup_core,receptions,Nate Frazier,Receptions,2026-09-19,Georgia,Arkansas,2,0.03125,-24.5,1,,0.7,0.0,1.5,0.206,0.39999999999999997,-0.5365,0.206,125.0,1.5,fliff,L,-1.0,0.19100000000000003,0.794,-200.0,1.5,fliff,W,0.5
matchup_core,receptions,Tyler Brown,Receptions,2026-09-19,Clemson,North Carolina,2,0.17142857142857143,-3.0,1,,3.09,2.0,2.5,0.566,0.4969046636401156,0.07135714285714284,0.566,-112.0,2.5,betonlineag,L,-1.0,-0.18860869565217386,0.434,-115.0,2.5,betonlineag,W,0.8695652173913043
matchup_core,receptions,Jeremiah Smith,Receptions,2026-09-19,Ohio State,Kent State,2,0.36432637571157495,-52.5,1,,6.27,5.0,6.5,0.405,0.45420136260408783,-0.1656999999999999,0.405,106.0,6.5,fanduel,L,-1.0,0.019999999999999962,0.595,-140.0,6.5,fanduel,W,0.7142857142857143
matchup_core,receptions,Devin McCuin,Receptions,2026-09-19,Ohio State,Kent State,2,0.12618595825426945,-52.5,1,,3.61,2.0,3.5,0.449,0.4458598726114649,-0.057099999999999984,0.449,110.0,3.5,hardrockbet,L,-1.0,-0.06899999999999995,0.551,-145.0,3.5,hardrockbet,W,0.6896551724137931
matchup_core,receptions,Andrew Marsh,Receptions,2026-09-19,Michigan,UTEP,2,0.25,-34.5,1,,3.0,10.0,4.5,0.1825,0.4023387750376288,-0.4338461538461539,0.32,-130.0,3.5,hardrockbet,W,0.7692307692307693,0.36000000000000004,0.68,100.0,3.5,hardrockbet,L,-1.0
matchup_core,receptions,JJ Buchanan,Receptions,2026-09-19,Michigan,UTEP,2,0.3611111111111111,-34.5,1,,4.33,7.0,4.5,0.4115,0.43297422610118635,-0.11116000000000009,0.4115,116.0,4.5,fanduel,W,1.16,-0.029357142857142804,0.5885,-154.0,4.5,fanduel,L,-1.0
matchup_core,receptions,Jordan Marshall,Receptions,2026-09-19,Michigan,UTEP,2,0.08333333333333333,-34.5,1,,1.01,1.0,1.5,0.224,0.4796954314720812,-0.5626666666666666,0.224,-105.0,1.5,hardrockbet,L,-1.0,0.39680000000000004,0.776,-125.0,1.5,hardrockbet,W,0.8
matchup_core,receptions,Savion Hiter,Receptions,2026-09-19,Michigan,UTEP,2,0.20833333333333331,-34.5,1,,1.18,0.0,1.5,0.345,0.48987854251012153,-0.3413636363636364,0.345,-110.0,1.5,hardrockbet,L,-1.0,0.20083333333333342,0.655,-120.0,1.5,hardrockbet,W,0.8333333333333334
matchup_core,receptions,Corey Simms,Receptions,2026-09-19,USC,Rutgers,3,0.1007662835249042,-21.0,1,,2.4,4.0,2.5,0.4165,0.559015193444145,-0.3001666666666667,0.4165,-147.0,2.5,betonlineag,W,0.6802721088435374,0.24285499999999993,0.5835,113.0,2.5,betonlineag,L,-1.0
matchup_core,receptions,Micah Ford,Receptions,2026-09-19,Stanford,Duke,2,0.045454545454545456,9.5,1,,1.84,4.0,1.5,0.5805,0.48987854251012153,0.10822727272727273,0.5805,-110.0,1.5,hardrockbet,W,0.9090909090909091,-0.23091666666666666,0.4195,-120.0,1.5,hardrockbet,L,-1.0
matchup_core,receptions,Zion Ragins,Receptions,2026-09-19,Mississippi State,South Carolina,2,0.14930555555555555,3.0,1,,3.32,2.0,2.5,0.5895,0.5585303332383936,-0.012189189189189154,0.5895,-148.0,2.5,fanduel,L,-1.0,-0.12974000000000002,0.4105,112.0,2.5,fanduel,W,1.12
matchup_core,receptions,Anthony Evans III,Receptions,2026-09-19,Mississippi State,South Carolina,2,0.34837962962962965,3.0,1,,5.96,6.0,5.5,0.5265,0.45420136260408783,0.08459,0.5265,106.0,5.5,fanduel,W,1.06,-0.18828571428571428,0.4735,-140.0,5.5,fanduel,L,-1.0
matchup_core,receptions,Nyck Harbor,Receptions,2026-09-19,South Carolina,Mississippi State,2,0.1835016835016835,-3.0,1,,3.56,1.0,4.5,0.2965,0.45420136260408783,-0.38921,0.2965,106.0,4.5,fanduel,L,-1.0,0.20600000000000007,0.7035,-140.0,4.5,fanduel,W,0.7142857142857143
matchup_core,receptions,Ayden Greene,Receptions,2026-09-19,Virginia Tech,Maryland,2,0.07118055555555555,-2.5,1,,2.65,4.0,2.5,0.4645,0.3977531934306569,0.09622000000000008,0.4645,136.0,2.5,betonlineag,W,1.36,-0.16533798882681572,0.5355,-179.0,2.5,betonlineag,L,-1.0
matchup_core,receptions,Luke Reynolds,Receptions,2026-09-19,Virginia Tech,Maryland,2,0.2175925925925926,-2.5,1,,4.77,12.0,4.5,0.479,0.5051597457277305,-0.10806896551724143,0.479,-116.0,4.5,betonlineag,W,0.8620689655172413,-0.009630630630630577,0.521,-111.0,4.5,betonlineag,L,-1.0
matchup_core,receptions,Rocky Beers,Receptions,2026-09-19,Oklahoma,New Mexico,2,0.25980392156862747,-21.5,1,,3.38,2.0,3.5,0.421,0.48987854251012153,-0.19627272727272727,0.421,-110.0,3.5,fanduel,L,-1.0,0.0615,0.579,-120.0,3.5,fanduel,W,0.8333333333333334
matchup_core,receptions,Kameron Courtney,Receptions,2026-09-19,Virginia,West Virginia,2,0.25,-10.5,1,,2.85,5.0,3.5,0.2855,0.4808467741935484,-0.4451603773584906,0.2855,-106.0,3.5,fanduel,W,0.9433962264150944,0.2861,0.7145,-125.0,3.5,fanduel,L,-1.0
matchup_core,receptions,TyLyric Coleman,Receptions,2026-09-19,Virginia,West Virginia,2,0.19444444444444442,-10.5,1,,2.82,1.0,3.5,0.285,0.40953986991086483,-0.3502,0.285,128.0,3.5,fanduel,L,-1.0,0.1306976744186047,0.715,-172.0,3.5,fanduel,W,0.5813953488372093
matchup_core,receptions,Cam Coleman,Receptions,2026-09-19,Texas,UTSA,2,0.12290969899665552,-29.5,1,,3.42,4.0,4.5,0.2805,0.5191532258064516,-0.4951,0.2805,-125.0,4.5,fanduel,L,-1.0,0.3982735849056604,0.7195,-106.0,4.5,fanduel,W,0.9433962264150944
matchup_core,receptions,Emmett Mosley V,Receptions,2026-09-19,Texas,UTSA,2,0.16638795986622074,-29.5,1,,3.66,3.0,3.5,0.453,0.43297422610118635,-0.021520000000000095,0.453,116.0,3.5,fanduel,L,-1.0,-0.09780519480519478,0.547,-154.0,3.5,fanduel,W,0.6493506493506493
matchup_core,receptions,Ryan Wingo,Receptions,2026-09-19,Texas,UTSA,2,0.22157190635451504,-29.5,1,,4.67,2.0,5.5,0.307,0.4581151832460733,-0.37371999999999994,0.307,104.0,5.5,fanduel,L,-1.0,0.19517391304347825,0.693,-138.0,5.5,fanduel,W,0.7246376811594203
matchup_core,receptions,Javon Tracy,Receptions,2026-09-19,Minnesota,Akron,2,0.20905707196029777,-22.5,1,,4.86,5.0,4.5,0.503,0.5721476510067114,-0.17248387096774193,0.503,-155.0,4.5,espnbet,W,0.6451612903225806,0.09339999999999993,0.497,120.0,4.5,espnbet,L,-1.0
matchup_core,receptions,Noah Jennings,Receptions,2026-09-19,Minnesota,Akron,2,0.1705955334987593,-22.5,1,,4.24,5.0,3.5,0.577,0.4693877551020408,0.15399999999999997,0.577,100.0,3.5,espnbet,W,1.0,-0.2516153846153846,0.423,-130.0,3.5,espnbet,L,-1.0
matchup_core,receptions,Jalen Smith,Receptions,2026-09-19,Minnesota,Akron,2,0.13833746898263027,-22.5,1,,3.94,2.0,3.5,0.5215,0.5051597457277305,-0.02893103448275869,0.5215,-116.0,3.5,betonlineag,L,-1.0,-0.0904189189189189,0.4785,-111.0,3.5,betonlineag,W,0.9009009009009009
matchup_core,receptions,Marcel Williams,Receptions,2026-09-19,Akron,Minnesota,1,0.14285714285714285,22.5,1,,3.31,4.0,4.5,0.269,0.4693877551020408,-0.46199999999999997,0.269,100.0,4.5,hardrockbet,L,-1.0,0.29330769230769227,0.731,-130.0,4.5,hardrockbet,W,0.7692307692307693
matchup_core,receptions,Jaron Tibbs,Receptions,2026-09-19,Kansas State,Tulane,2,0.14545454545454545,-20.5,1,,3.22,9.0,3.5,0.3975,0.43310875842155927,-0.13742500000000002,0.3975,117.0,3.5,betonlineag,W,1.17,-0.0011184210526315463,0.6025,-152.0,3.5,betonlineag,L,-1.0
matchup_core,receptions,Tristen Brown,Receptions,2026-09-19,Vanderbilt,NC State,2,0.08496732026143791,-3.0,1,,2.5,4.0,2.5,0.44,0.5909989356849628,-0.29964497041420124,0.44,-169.0,2.5,betonlineag,W,0.591715976331361,0.2880000000000001,0.56,130.0,2.5,betonlineag,L,-1.0
matchup_core,receptions,Junior Sherrill,Receptions,2026-09-19,Vanderbilt,NC State,2,0.25816993464052285,-3.0,1,,4.16,6.0,4.5,0.388,0.5692871193108593,-0.360051948051948,0.388,-154.0,4.5,betonlineag,W,0.6493506493506493,0.3341599999999999,0.612,118.0,4.5,betonlineag,L,-1.0
matchup_core,receptions,Griffin Wilde,Receptions,2026-09-19,Northwestern,Colorado,1,0.21428571428571427,-3.5,1,,3.44,5.0,5.5,0.1775,0.4677419354838709,-0.645,0.1775,100.0,5.5,fanduel,L,-1.0,0.44560606060606056,0.8225,-132.0,5.5,fanduel,W,0.7575757575757576
matchup_core,receptions,Drew Wagner,Receptions,2026-09-19,Northwestern,Colorado,1,0.21428571428571427,-3.5,1,,3.81,2.0,2.5,0.6735,0.5379072681704261,0.16872058823529412,0.6735,-136.0,2.5,fanduel,L,-1.0,-0.34047,0.3265,102.0,2.5,fanduel,W,1.02
matchup_core,receptions,Brian Rowe Jr.,Receptions,2026-09-19,UCLA,Purdue,2,0.2857142857142857,-13.5,1,,3.18,2.0,3.5,0.365,0.5379072681704261,-0.36661764705882355,0.365,-136.0,3.5,fanduel,L,-1.0,0.28270000000000006,0.635,102.0,3.5,fanduel,W,1.02
matchup_core,receptions,Landon Ellis,Receptions,2026-09-19,UCLA,Purdue,1,0.07142857142857142,-13.5,1,,2.05,3.0,2.5,0.2975,0.35364526659412404,-0.21460000000000007,0.2975,164.0,2.5,fanduel,W,1.64,0.014722222222222248,0.7025,-225.0,2.5,fanduel,L,-1.0
matchup_core,receptions,Cataurus Hicks,Receptions,2026-09-19,Pittsburgh,Syracuse,2,0.1568627450980392,-10.5,1,,4.07,1.0,4.5,0.37,0.40640759418570166,-0.14900000000000002,0.37,130.0,4.5,fanduel,L,-1.0,-0.007931034482758614,0.63,-174.0,4.5,fanduel,W,0.5747126436781609
matchup_core,receptions,Donovan Olugbode,Receptions,2026-09-19,Missouri,Troy,2,0.3117408906882591,-26.5,1,,5.13,3.0,5.5,0.3855,0.47539370078740156,-0.24735714285714294,0.3855,-105.0,5.5,hardrockbet,L,-1.0,0.08719230769230774,0.6145,-130.0,5.5,hardrockbet,W,0.7692307692307693
matchup_core,receptions,Cayden Lee,Receptions,2026-09-19,Missouri,Troy,2,0.23481781376518218,-26.5,1,,4.42,4.0,4.5,0.4285,0.5101214574898786,-0.21441666666666664,0.4285,-120.0,4.5,hardrockbet,L,-1.0,0.09104545454545454,0.5715,-110.0,4.5,hardrockbet,W,0.9090909090909091
matchup_core,receptions,Charlie Becker,Receptions,2026-09-19,Indiana,Western Kentucky,2,0.3205128205128205,-44.5,1,,3.29,5.0,3.5,0.4075,0.4414696667616063,-0.1361,0.4075,112.0,3.5,fanduel,W,1.12,-0.0071621621621621445,0.5925,-148.0,3.5,fanduel,L,-1.0
matchup_core,receptions,Carson Kent,Receptions,2026-09-19,Pittsburgh,Syracuse,2,0.05718954248366013,-10.5,1,,2.09,2.0,1.5,0.582,0.5486725663716815,-0.0425161290322581,0.582,-155.0,1.5,fliff,W,0.6451612903225806,-0.16399999999999998,0.418,100.0,1.5,fliff,L,-1.0
matchup_core,receptions,Joshisa Trader,Receptions,2026-09-19,NC State,Vanderbilt,2,0.15,3.0,1,,2.17,2.0,2.5,0.2975,0.4564539116366858,-0.38715,0.2975,106.0,2.5,betonlineag,L,-1.0,0.21527372262773725,0.7025,-137.0,2.5,betonlineag,W,0.7299270072992701
matchup_core,receptions,Keenan Jackson,Receptions,2026-09-19,NC State,Vanderbilt,2,0.17777777777777776,3.0,1,,3.09,9.0,2.5,0.5665,0.5692871193108593,-0.06564285714285711,0.5665,-154.0,2.5,betonlineag,W,0.6493506493506493,-0.054970000000000074,0.4335,118.0,2.5,betonlineag,L,-1.0
matchup_core,receptions,Preston Douglas,Receptions,2026-09-19,NC State,Vanderbilt,2,0.15555555555555556,3.0,1,,2.13,4.0,1.5,0.582,0.5721476510067114,-0.0425161290322581,0.582,-155.0,1.5,hardrockbet,W,0.6451612903225806,-0.08040000000000003,0.418,120.0,1.5,hardrockbet,L,-1.0
matchup_core,receptions,Lawayne McCoy,Receptions,2026-09-19,Louisville,SMU,2,0.12698412698412698,-3.0,1,,2.98,4.0,2.5,0.5205,0.5276888998277135,-0.072859375,0.5205,-128.0,2.5,betonlineag,W,0.78125,-0.04574752475247523,0.4795,-101.0,2.5,betonlineag,L,-1.0
matchup_core,receptions,Justus Ross-Simmons,Receptions,2026-09-19,Syracuse,Pittsburgh,1,0.24,10.5,1,,3.96,1.0,4.5,0.352,0.43734082725915513,-0.24320000000000008,0.352,115.0,4.5,betonlineag,L,-1.0,0.08289932885906048,0.648,-149.0,4.5,betonlineag,W,0.6711409395973155
matchup_core,receptions,Sutton Smith,Receptions,2026-09-19,Arkansas,Georgia,2,0.10606060606060605,24.5,1,,1.9,1.0,1.5,0.582,0.5979557069846678,-0.1195384615384616,0.582,-195.0,1.5,fliff,L,-1.0,-0.0595,0.418,125.0,1.5,fliff,W,1.25
matchup_core,receptions,Brett Eskildsen,Receptions,2026-09-19,Penn State,Buffalo,2,0.17261904761904762,-39.5,1,,2.99,2.0,2.5,0.527,0.4723111001722865,0.048782178217821826,0.527,-101.0,2.5,betonlineag,L,-1.0,-0.15746875000000005,0.473,-128.0,2.5,betonlineag,W,0.78125
matchup_core,receptions,Benjamin Brahmer,Receptions,2026-09-19,Penn State,Buffalo,2,0.14404761904761904,-39.5,1,,2.95,1.0,2.5,0.509,0.46322988528598974,0.03327000000000002,0.509,103.0,2.5,betonlineag,L,-1.0,-0.13982706766917297,0.491,-133.0,2.5,betonlineag,W,0.7518796992481203
matchup_core,receptions,Koby Howard,Receptions,2026-09-19,Penn State,Buffalo,2,0.22142857142857142,-39.5,1,,4.24,3.0,3.5,0.577,0.4232164449818621,0.2809399999999999,0.577,122.0,3.5,betonlineag,L,-1.0,-0.31096226415094336,0.423,-159.0,3.5,betonlineag,W,0.6289308176100629
matchup_core,receptions,Chase Sowell,Receptions,2026-09-19,Penn State,Buffalo,2,0.16904761904761906,-39.5,1,,3.47,1.0,2.5,0.6125,0.539576802507837,0.06620370370370371,0.6125,-135.0,2.5,betonlineag,L,-1.0,-0.20950000000000002,0.3875,104.0,2.5,betonlineag,W,1.04
matchup_core,receptions,Carson Hansen,Receptions,2026-09-19,Penn State,Buffalo,2,0.047619047619047616,-39.5,1,,1.06,0.0,1.5,0.2335,0.5,-0.5634565217391304,0.2335,-115.0,1.5,hardrockbet,L,-1.0,0.43302173913043474,0.7665,-115.0,1.5,hardrockbet,W,0.8695652173913043
matchup_core,receptions,Ryan Williams,Receptions,2026-09-19,Alabama,Florida State,2,0.256578947368421,-18.5,0,,3.82,3.0,5.5,0.2135,0.4069160828737517,-0.43937588652482273,0.328,-141.0,4.5,betonlineag,L,-1.0,0.39776000000000006,0.672,108.0,4.5,betonlineag,W,1.08
matchup_core,receptions,Kaleb Edwards,Receptions,2026-09-19,Alabama,Florida State,1,0.10526315789473684,-18.5,1,,2.06,2.0,1.5,0.582,0.516439256945586,0.05904918032786888,0.582,-122.0,1.5,betonlineag,W,0.819672131147541,-0.18766037735849056,0.418,-106.0,1.5,betonlineag,L,-1.0
matchup_core,receptions,Daniel Hill,Receptions,2026-09-19,Alabama,Florida State,2,0.11513157894736842,-18.5,1,,1.6,1.0,1.5,0.367,0.5517241379310345,-0.403625,0.367,-160.0,1.5,fliff,L,-1.0,0.266,0.633,100.0,1.5,fliff,W,1.0
matchup_core,receptions,Reece Vander Zee,Receptions,2026-09-19,Iowa,Northern Iowa,2,0.11904761904761904,-37.5,1,,2.77,1.0,3.5,0.285,0.43297422610118635,-0.3844,0.285,116.0,3.5,fanduel,L,-1.0,0.17928571428571427,0.715,-154.0,3.5,fanduel,W,0.6493506493506493
matchup_core,receptions,Tony Diaz,Receptions,2026-09-19,Iowa,Northern Iowa,2,0.3571428571428571,-37.5,1,,5.73,2.0,4.5,0.651,0.5418848167539266,0.12273913043478263,0.651,-138.0,4.5,fanduel,L,-1.0,-0.28804,0.349,104.0,4.5,fanduel,W,1.04
matchup_core,receptions,Sanfrisco Magee,Receptions,2026-09-19,Mississippi State,South Carolina,2,0.19907407407407407,3.0,1,,2.91,2.0,3.5,0.297,0.43310875842155927,-0.35551,0.297,117.0,3.5,betonlineag,L,-1.0,0.16550000000000004,0.703,-152.0,3.5,betonlineag,W,0.6578947368421053
matchup_core,receptions,Fluff Bothwell,Receptions,2026-09-19,Mississippi State,South Carolina,2,0.04976851851851852,3.0,1,,1.46,1.0,2.5,0.1555,0.38873994638069703,-0.6268,0.1555,140.0,2.5,hardrockbet,L,-1.0,0.28897368421052627,0.8445,-190.0,2.5,hardrockbet,W,0.5263157894736842
matchup_core,receptions,Micah Welch,Receptions,2026-09-19,Colorado,Northwestern,2,0.019230769230769232,3.5,1,,0.8,1.0,0.5,0.5325,0.6333530455351862,-0.21392857142857147,0.5325,-210.0,0.5,hardrockbet,W,0.47619047619047616,0.1921250000000001,0.4675,155.0,0.5,hardrockbet,L,-1.0
matchup_core,receptions,Semaj Morgan,Receptions,2026-09-19,UCLA,Purdue,2,0.2857142857142857,-13.5,1,,3.2,4.0,2.5,0.6045,0.5767835550181378,-0.015311320754716973,0.6045,-159.0,2.5,betonlineag,W,0.6289308176100629,-0.12199000000000004,0.3955,122.0,2.5,betonlineag,L,-1.0
matchup_core,receptions,Anthony Woods,Receptions,2026-09-19,UCLA,Purdue,2,0.03571428571428571,-13.5,1,,0.61,1.0,0.5,0.465,0.5633187772925765,-0.22500000000000003,0.465,-150.0,0.5,hardrockbet,W,0.6666666666666666,0.15024999999999994,0.535,115.0,0.5,hardrockbet,L,-1.0
matchup_core,receptions,Nick Marsh,Receptions,2026-09-19,Indiana,Western Kentucky,2,0.18803418803418803,-44.5,1,,2.3,7.0,3.5,0.1665,0.4796954314720812,-0.6749285714285714,0.1665,-105.0,3.5,hardrockbet,W,0.9523809523809523,0.5003000000000001,0.8335,-125.0,3.5,hardrockbet,L,-1.0
matchup_core,receptions,Jeremiah Cobb,Receptions,2026-09-19,Auburn,Florida,2,0.06346153846153846,2.5,1,,1.55,1.0,1.5,0.367,0.4796954314720812,-0.2834761904761905,0.367,-105.0,1.5,hardrockbet,L,-1.0,0.13940000000000008,0.633,-125.0,1.5,hardrockbet,W,0.8
matchup_core,receptions,Jake Johnson,Receptions,2026-09-19,Auburn,Florida,1,0.11538461538461539,2.5,1,,2.42,2.0,1.5,0.669,0.5445920303605313,0.14685714285714285,0.669,-140.0,1.5,hardrockbet,W,0.7142857142857143,-0.32145,0.331,105.0,1.5,hardrockbet,L,-1.0
matchup_core,receptions,Josiah Freeman,Receptions,2026-09-19,Fresno State,San José State,1,0.23076923076923078,-4.0,1,,4.22,6.0,4.5,0.3975,0.4414696667616063,-0.1573,0.3975,112.0,4.5,fanduel,W,1.12,0.009594594594594608,0.6025,-148.0,4.5,fanduel,L,-1.0
matchup_core,receptions,Carson Clark,Receptions,2026-09-19,San José State,Fresno State,3,0.28891398456615847,4.0,1,,5.03,5.0,4.5,0.541,0.4414696667616063,0.1469200000000001,0.541,112.0,4.5,fanduel,W,1.12,-0.2308648648648649,0.459,-148.0,4.5,fanduel,L,-1.0
matchup_core,receptions,Cooper Hoch,Receptions,2026-09-19,San José State,Fresno State,3,0.21027040592257984,4.0,1,,4.19,2.0,3.5,0.568,0.45420136260408783,0.17007999999999995,0.568,106.0,3.5,fanduel,L,-1.0,-0.2594285714285714,0.432,-140.0,3.5,fanduel,W,0.7142857142857143
matchup_core,receptions,Chris Brooks Jr.,Receptions,2026-09-19,Wisconsin,Eastern Michigan,2,0.16228070175438597,-23.5,1,,3.29,3.0,3.5,0.4075,0.4053409632808775,-0.05459999999999998,0.4075,132.0,3.5,betonlineag,L,-1.0,-0.0630232558139534,0.5925,-172.0,3.5,betonlineag,W,0.5813953488372093
matchup_core,receptions,Nick Devereaux,Receptions,2026-09-19,Eastern Michigan,Wisconsin,3,0.17824074074074073,23.5,1,,3.6,3.0,2.5,0.6285,0.5767835550181378,0.0237830188679245,0.6285,-159.0,2.5,betonlineag,W,0.6289308176100629,-0.17526999999999998,0.3715,122.0,2.5,betonlineag,L,-1.0
matchup_core,receptions,Joshua Long,Receptions,2026-09-19,Eastern Michigan,Wisconsin,3,0.16435185185185186,23.5,1,,3.13,3.0,2.5,0.5815,0.4232164449818621,0.29093,0.5815,122.0,2.5,betonlineag,W,1.22,-0.3182924528301887,0.4185,-159.0,2.5,betonlineag,L,-1.0
matchup_core,receptions,Eugene Hilton Jr.,Receptions,2026-09-19,Wisconsin,Eastern Michigan,2,0.20394736842105263,-23.5,1,,2.28,1.0,2.5,0.319,0.44351918899348297,-0.32372,0.319,112.0,2.5,betonlineag,L,-1.0,0.15065517241379317,0.681,-145.0,2.5,betonlineag,W,0.6896551724137931
matchup_core,receptions,Tyrell Henry,Receptions,2026-09-19,Wisconsin,Eastern Michigan,2,0.27192982456140347,-23.5,1,,4.32,14.0,3.5,0.5895,0.4948402542722694,0.12058108108108112,0.5895,-111.0,3.5,betonlineag,W,0.9009009009009009,-0.23562068965517247,0.4105,-116.0,3.5,betonlineag,L,-1.0
matchup_core,receptions,Jacob Harris,Receptions,2026-09-19,Wisconsin,Eastern Michigan,2,0.10964912280701754,-23.5,1,,1.98,3.0,1.5,0.582,0.41379310344827586,0.30949999999999994,0.582,125.0,1.5,hardrockbet,W,1.25,-0.3361176470588235,0.418,-170.0,1.5,hardrockbet,L,-1.0
matchup_core,receptions,Amareon Blue,Receptions,2026-09-19,Eastern Michigan,Wisconsin,3,0.06635802469135803,23.5,1,,1.27,0.0,1.5,0.367,0.45920859794821695,-0.24764999999999998,0.367,105.0,1.5,hardrockbet,L,-1.0,0.10188888888888886,0.633,-135.0,1.5,hardrockbet,W,0.7407407407407407
matchup_core,receptions,Tyler Morris,Receptions,2026-09-19,Indiana,Western Kentucky,1,0.23076923076923078,-44.5,1,,2.86,1.0,1.5,0.732,0.599271402550091,0.15028571428571424,0.732,-175.0,1.5,betonlineag,L,-1.0,-0.3701999999999999,0.268,135.0,1.5,betonlineag,W,1.35
matchup_core,receptions,Vince Benetti,Receptions,2026-09-19,Iowa State,Bowling Green,2,0.15555555555555556,-22.5,1,,2.17,1.0,1.5,0.582,0.5203045685279188,0.04760000000000003,0.582,-125.0,1.5,hardrockbet,L,-1.0,-0.1839047619047619,0.418,-105.0,1.5,hardrockbet,W,0.9523809523809523
matchup_core,receptions,Austyn Dendy,Receptions,2026-09-19,Bowling Green,Iowa State,2,0.0,22.5,1,,0.36,0.0,0.5,0.337,0.625,-0.49450000000000005,0.337,-200.0,0.5,hardrockbet,L,-1.0,0.6575,0.663,150.0,0.5,hardrockbet,W,1.5
matchup_core,receptions,Aiden Flora,Receptions,2026-09-19,Iowa State,Bowling Green,2,0.05,-22.5,1,,0.79,2.0,0.5,0.531,0.641255605381166,-0.2276363636363636,0.531,-220.0,0.5,hardrockbet,W,0.45454545454545453,0.21939999999999993,0.469,160.0,0.5,hardrockbet,L,-1.0
matchup_core,receptions,Jayvontay Conner,Receptions,2026-09-19,Vanderbilt,NC State,2,0.2875816993464052,-3.0,1,,3.84,1.0,2.5,0.6835,0.5633187772925765,0.13916666666666666,0.6835,-150.0,2.5,espnbet,L,-1.0,-0.319525,0.3165,115.0,2.5,espnbet,W,1.15
matchup_core,receptions,Braden Pegan,Receptions,2026-09-19,Utah,Utah State,2,0.1926470588235294,-26.5,1,,3.98,8.0,3.5,0.531,0.5585303332383936,-0.11021621621621619,0.531,-148.0,3.5,fanduel,W,0.6756756756756757,-0.005720000000000058,0.469,112.0,3.5,fanduel,L,-1.0
matchup_core,receptions,Wayshawn Parker,Receptions,2026-09-19,Utah,Utah State,2,0.21323529411764708,-26.5,1,,2.67,2.0,2.5,0.4685,0.5457986373959122,-0.1968571428571428,0.4685,-140.0,2.5,fanduel,L,-1.0,0.09488999999999992,0.5315,106.0,2.5,fanduel,W,1.06
matchup_core,receptions,Luke Hasz,Receptions,2026-09-19,Ole Miss,LSU,2,0.06084656084656084,3.0,1,,2.11,3.0,1.5,0.582,0.5,0.04760000000000003,0.582,-125.0,1.5,fliff,W,0.8,-0.24759999999999993,0.418,-125.0,1.5,fliff,L,-1.0
matchup_core,receptions,Chris Hunter,Receptions,2026-09-19,Arizona,Northern Illinois,2,0.040257648953301126,-34.5,1,,2.46,5.0,3.5,0.252,0.46209273182957394,-0.49096,0.252,102.0,3.5,fanduel,W,1.02,0.29800000000000004,0.748,-136.0,3.5,fanduel,L,-1.0
matchup_core,receptions,Tre Spivey,Receptions,2026-09-19,Arizona,Northern Illinois,2,0.11755233494363929,-34.5,1,,3.38,6.0,3.5,0.421,0.5418848167539266,-0.27392753623188404,0.421,-138.0,3.5,fanduel,W,0.7246376811594203,0.18116000000000004,0.579,104.0,3.5,fanduel,L,-1.0
matchup_core,receptions,Caden High,Receptions,2026-09-19,Stanford,Duke,1,0.2727272727272727,9.5,1,,3.93,5.0,3.5,0.518,0.43734082725915513,0.11370000000000002,0.518,115.0,3.5,betonlineag,W,1.15,-0.19451006711409397,0.482,-149.0,3.5,betonlineag,L,-1.0
matchup_core,receptions,Nahzae Cox,Receptions,2026-09-19,Kansas,Arizona State,2,0.06349206349206349,5.5,1,,2.29,2.0,1.5,0.6175,0.4232164449818621,0.37085000000000007,0.6175,122.0,1.5,betonlineag,W,1.22,-0.376933962264151,0.3825,-159.0,1.5,betonlineag,L,-1.0
matchup_core,receptions,Ty Lockwood,Receptions,2026-09-19,Arkansas,Georgia,2,0.13257575757575757,24.5,1,,2.58,4.0,1.5,0.7015,0.6103896103896104,0.07463829787234044,0.7015,-188.0,1.5,fanduel,W,0.5319148936170213,-0.2836000000000001,0.2985,140.0,1.5,fanduel,L,-1.0
matchup_core,receptions,Carver Cheeks,Receptions,2026-09-19,UTEP,Michigan,2,0.20714285714285713,34.5,1,,2.59,1.0,2.5,0.456,0.48149290561381863,-0.10971428571428576,0.456,-105.0,2.5,betonlineag,L,-1.0,-0.013723577235772333,0.544,-123.0,2.5,betonlineag,W,0.8130081300813008
matchup_core,receptions,Jackson Harris,Receptions,2026-09-19,LSU,Ole Miss,2,0.07828282828282829,-3.0,1,,2.32,1.0,2.5,0.344,0.46322988528598974,-0.30168000000000006,0.344,103.0,2.5,betonlineag,L,-1.0,0.14923308270676694,0.656,-133.0,2.5,betonlineag,W,0.7518796992481203
matchup_core,receptions,Tanook Hines,Receptions,2026-09-19,USC,Rutgers,1,0.06896551724137931,-21.0,1,,2.08,3.0,3.5,0.1485,0.4808467741935484,-0.7114056603773585,0.1485,-106.0,3.5,fanduel,L,-1.0,0.5327000000000001,0.8515,-125.0,3.5,fanduel,W,0.8
matchup_core,receptions,Ben Black,Receptions,2026-09-19,Rutgers,USC,2,0.10101010101010101,21.0,1,,2.13,2.0,1.5,0.582,0.5060689431946916,0.0752203389830508,0.582,-118.0,1.5,fanduel,W,0.847457627118644,-0.20878571428571424,0.418,-112.0,1.5,fanduel,L,-1.0
matchup_core,receptions,Eli Wood,Receptions,2026-09-19,Utah State,Utah,2,0.3264705882352941,26.5,1,,4.53,4.0,3.5,0.622,0.5030953363598846,0.16286956521739127,0.622,-115.0,3.5,betonlineag,W,0.8695652173913043,-0.2845,0.378,-112.0,3.5,betonlineag,L,-1.0
matchup_core,receptions,Larry Simmons,Receptions,2026-09-19,Utah,Utah State,2,0.08382352941176471,-26.5,1,,1.73,2.0,1.5,0.412,0.539576802507837,-0.2828148148148148,0.412,-135.0,1.5,betonlineag,W,0.7407407407407407,0.19951999999999998,0.588,104.0,1.5,betonlineag,L,-1.0
matchup_core,receptions,Ricky Johnson,Receptions,2026-09-19,Utah,Utah State,2,0.08382352941176471,-26.5,1,,2.49,4.0,1.5,0.6855,0.5051597457277305,0.2764482758620689,0.6855,-116.0,1.5,betonlineag,W,0.8620689655172413,-0.4021666666666667,0.3145,-111.0,1.5,betonlineag,L,-1.0
matchup_core,receptions,Javen Jacobs,Receptions,2026-09-19,Utah State,Utah,2,0.12941176470588237,26.5,1,,2.2,2.0,2.5,0.2975,0.49179655455291227,-0.43204545454545457,0.2975,-110.0,2.5,betonlineag,L,-1.0,0.29783898305084744,0.7025,-118.0,2.5,betonlineag,W,0.847457627118644
matchup_core,receptions,Anthony Garcia,Receptions,2026-09-19,Utah State,Utah,2,0.08382352941176471,26.5,1,,2.18,2.0,1.5,0.582,0.5867448807441689,-0.069497005988024,0.582,-167.0,1.5,betonlineag,W,0.5988023952095808,-0.05113999999999996,0.418,127.0,1.5,betonlineag,L,-1.0
matchup_core,receptions,Dawson Pendergrass,Receptions,2026-09-19,Baylor,Louisiana Tech,2,0.07703703703703704,-20.5,1,,1.75,1.0,1.5,0.5395,0.4554079696394688,0.10597499999999993,0.5395,105.0,1.5,hardrockbet,L,-1.0,-0.21057142857142852,0.4605,-140.0,1.5,hardrockbet,W,0.7142857142857143
matchup_core,receptions,Gavin Freeman,Receptions,2026-09-19,Baylor,Louisiana Tech,2,0.4222222222222222,-20.5,1,,6.07,7.0,7.5,0.243,0.47539370078740156,-0.5255714285714286,0.243,-105.0,7.5,hardrockbet,L,-1.0,0.3393076923076923,0.757,-130.0,7.5,hardrockbet,W,0.7692307692307693
matchup_core,receptions,Jalen Mickens,Receptions,2026-09-19,Louisiana Tech,Baylor,2,0.3025210084033613,20.5,1,,4.38,4.0,3.5,0.5985,0.5203045685279188,0.07730000000000004,0.5985,-125.0,3.5,hardrockbet,W,0.8,-0.21611904761904766,0.4015,-105.0,3.5,hardrockbet,L,-1.0
matchup_core,receptions,Eli Finley,Receptions,2026-09-19,Louisiana Tech,Baylor,2,0.18907563025210083,20.5,1,,2.87,8.0,2.5,0.483,0.5,-0.09700000000000003,0.483,-115.0,2.5,hardrockbet,W,0.8695652173913043,-0.033434782608695646,0.517,-115.0,2.5,hardrockbet,L,-1.0
matchup_core,receptions,Terrence Smith Jr.,Receptions,2026-09-19,Colorado State,BYU,2,0.17424242424242425,17.5,1,,3.11,1.0,3.5,0.3545,0.45132743362831856,-0.291,0.3545,100.0,3.5,fliff,L,-1.0,0.06195161290322582,0.6455,-155.0,3.5,fliff,W,0.6451612903225806
matchup_core,receptions,Kenny Darby,Receptions,2026-09-19,Kentucky,Texas A&M,2,0.2222222222222222,16.5,1,,3.43,2.0,3.5,0.43,0.4414696667616063,-0.08839999999999992,0.43,112.0,3.5,fanduel,L,-1.0,-0.044864864864864906,0.57,-148.0,3.5,fanduel,W,0.6756756756756757
matchup_core,receptions,Willie Rodriguez,Receptions,2026-09-19,Kentucky,Texas A&M,2,0.3333333333333333,16.5,1,,4.08,3.0,3.5,0.5495,0.4939310568053083,0.04012500000000002,0.5495,-112.0,3.5,fanduel,L,-1.0,-0.16772033898305083,0.4505,-118.0,3.5,fanduel,W,0.847457627118644
matchup_core,receptions,Antwan Raymond,Receptions,2026-09-19,Rutgers,USC,2,0.10101010101010101,21.0,1,,1.73,3.0,1.5,0.4145,0.5486725663716815,-0.31808064516129037,0.4145,-155.0,1.5,fliff,W,0.6451612903225806,0.17100000000000004,0.5855,100.0,1.5,fliff,L,-1.0
matchup_core,receptions,Kaleb Webb,Receptions,2026-09-19,Maryland,Virginia Tech,2,0.09142857142857143,2.5,1,,3.35,5.0,3.5,0.416,0.43734082725915513,-0.10560000000000003,0.416,115.0,3.5,betonlineag,W,1.15,-0.024053691275167766,0.584,-149.0,3.5,betonlineag,L,-1.0
matchup_core,receptions,Iverson Howard,Receptions,2026-09-19,Maryland,Virginia Tech,2,0.06285714285714286,2.5,1,,1.41,1.0,1.5,0.367,0.5,-0.3394,0.367,-125.0,1.5,fliff,L,-1.0,0.13940000000000008,0.633,-125.0,1.5,fliff,W,0.8
matchup_core,receptions,George Burhenn,Receptions,2026-09-19,Purdue,UCLA,2,0.06828703703703703,13.5,1,,1.82,1.0,1.5,0.572,0.35576179427687554,0.45859999999999995,0.572,155.0,1.5,fliff,L,-1.0,-0.39730612244897956,0.428,-245.0,1.5,fliff,W,0.40816326530612246
matchup_core,receptions,Jayce Brown,Receptions,2026-09-19,LSU,Ole Miss,1,0.045454545454545456,-3.0,1,,2.18,3.0,1.5,0.582,0.5,0.09252631578947362,0.582,-114.0,1.5,fanduel,W,0.8771929824561403,-0.21533333333333332,0.418,-114.0,1.5,fanduel,L,-1.0
matchup_core,receptions,Braylon Staley,Receptions,2026-09-19,Tennessee,Kennesaw State,2,0.09761904761904762,-35.5,1,,2.56,4.0,3.5,0.266,0.5306122448979592,-0.5293846153846153,0.266,-130.0,3.5,betonlineag,W,0.7692307692307693,0.46799999999999997,0.734,100.0,3.5,betonlineag,L,-1.0
matchup_core,receptions,Mike Matthews,Receptions,2026-09-19,Tennessee,Kennesaw State,2,0.19523809523809524,-35.5,1,,2.89,4.0,4.5,0.1585,0.44351918899348297,-0.66398,0.1585,112.0,4.5,betonlineag,L,-1.0,0.421844827586207,0.8415,-145.0,4.5,betonlineag,W,0.6896551724137931
matchup_core,receptions,Deuce Alexander,Receptions,2026-09-26,Ole Miss,Florida,3,0.24883758217091548,4.0,1,,5.45,7.0,5.5,0.4325,0.45420136260408783,-0.10904999999999998,0.4325,106.0,5.5,fanduel,W,1.06,-0.027142857142857135,0.5675,-140.0,5.5,fanduel,L,-1.0
matchup_core,receptions,Traylon Ray,Receptions,2026-09-26,Ole Miss,Florida,3,0.12714446047779382,4.0,1,,3.24,2.0,3.5,0.401,0.3993154592127781,-0.06165999999999994,0.401,134.0,3.5,fanduel,L,-1.0,-0.06822222222222224,0.599,-180.0,3.5,fanduel,W,0.5555555555555556
matchup_core,receptions,Caleb Odom,Receptions,2026-09-26,Ole Miss,Florida,2,0.1471861471861472,4.0,1,,3.2,5.0,3.5,0.3675,0.5418848167539266,-0.366195652173913,0.3675,-138.0,3.5,fanduel,W,0.7246376811594203,0.29029999999999995,0.6325,104.0,3.5,fanduel,L,-1.0
matchup_core,receptions,Dallas Wilson,Receptions,2026-09-26,Florida,Ole Miss,3,0.2027777777777778,-4.0,1,,3.33,2.0,3.5,0.4115,0.5457986373959122,-0.2945714285714286,0.4115,-140.0,3.5,fanduel,L,-1.0,0.2123100000000001,0.5885,106.0,3.5,fanduel,W,1.06
matchup_core,receptions,Vernell Brown III,Receptions,2026-09-26,Florida,Ole Miss,3,0.24583333333333335,-4.0,1,,3.77,3.0,5.5,0.204,0.5,-0.6170526315789474,0.204,-114.0,5.5,fanduel,L,-1.0,0.4942456140350877,0.796,-114.0,5.5,fanduel,W,0.8771929824561403
matchup_core,receptions,Horatio Fields,Receptions,2026-09-26,Ole Miss,Florida,3,0.1792528459195126,4.0,1,,4.06,1.0,4.5,0.3685,0.4718423169750603,-0.2702254901960784,0.3685,-102.0,4.5,fanduel,L,-1.0,0.11726923076923074,0.6315,-130.0,4.5,fanduel,W,0.7692307692307693
matchup_core,receptions,Bailey Stockton,Receptions,2026-09-26,Florida,Ole Miss,3,0.14722222222222223,-4.0,1,,3.0,4.0,2.5,0.531,0.5,-0.0032105263157894415,0.531,-114.0,2.5,fanduel,W,0.8771929824561403,-0.11959649122807026,0.469,-114.0,2.5,fanduel,L,-1.0
matchup_core,receptions,Turbo Richard,Receptions,2026-09-26,Indiana,Northwestern,3,0.06267806267806268,-20.5,1,,0.8,0.0,1.5,0.207,0.43297422610118635,-0.55288,0.207,116.0,1.5,fanduel,L,-1.0,0.30793506493506495,0.793,-154.0,1.5,fanduel,W,0.6493506493506493
matchup_core,receptions,Griffin Wilde,Receptions,2026-09-26,Northwestern,Indiana,2,0.2542016806722689,20.5,1,,3.55,6.0,4.5,0.2955,0.5,-0.44528947368421057,0.2955,-114.0,4.5,fanduel,W,0.8771929824561403,0.32248245614035087,0.7045,-114.0,4.5,fanduel,L,-1.0
matchup_core,receptions,Caleb Komolafe,Receptions,2026-09-26,Northwestern,Indiana,2,0.15966386554621848,20.5,1,,1.95,1.0,1.5,0.582,0.5379072681704261,0.009941176470588231,0.582,-136.0,1.5,fanduel,L,-1.0,-0.15563999999999995,0.418,102.0,1.5,fanduel,W,1.02
matchup_core,receptions,Shazz Preston,Receptions,2026-09-26,Indiana,Northwestern,3,0.1153096416254311,-20.5,1,,1.97,2.0,1.5,0.582,0.5510744774801296,-0.013833333333333364,0.582,-144.0,1.5,fanduel,W,0.6944444444444444,-0.13055999999999995,0.418,108.0,1.5,fanduel,L,-1.0
matchup_core,receptions,Nick Marsh,Receptions,2026-09-26,Indiana,Northwestern,3,0.248163142899985,-20.5,1,,3.42,5.0,5.5,0.176,0.4718423169750603,-0.6514509803921569,0.176,-102.0,5.5,fanduel,L,-1.0,0.45784615384615385,0.824,-130.0,5.5,fanduel,W,0.7692307692307693
matchup_core,receptions,Charlie Becker,Receptions,2026-09-26,Indiana,Northwestern,3,0.3013945119208277,-20.5,1,,3.96,7.0,5.5,0.2295,0.3831317764804003,-0.37723076923076926,0.352,-130.0,4.5,williamhill_us,W,0.7692307692307693,0.2832941176470588,0.648,-102.0,4.5,williamhill_us,L,-1.0
matchup_core,receptions,Drew Wagner,Receptions,2026-09-26,Northwestern,Indiana,2,0.16596638655462184,20.5,1,,3.31,3.0,1.5,0.767,0.5867448807441689,0.22628143712574847,0.767,-167.0,1.5,betonlineag,W,0.5988023952095808,-0.47109,0.233,127.0,1.5,betonlineag,L,-1.0
matchup_core,receptions,Luke Dehnicke,Receptions,2026-09-26,Northwestern,Indiana,2,0.13025210084033612,20.5,1,,2.57,7.0,1.5,0.699,0.6169989506820567,0.06306250000000002,0.699,-192.0,1.5,betonlineag,W,0.5208333333333334,-0.26255,0.301,145.0,1.5,betonlineag,L,-1.0
matchup_core,receptions,Jeremiah Smith,Receptions,2026-09-26,Ohio State,Illinois,3,0.3186418262319591,-25.5,1,,5.74,12.0,7.5,0.2015,0.4808467741935484,-0.6084056603773584,0.2015,-106.0,7.5,fanduel,W,0.9433962264150944,0.4373,0.7985,-125.0,7.5,fanduel,L,-1.0
matchup_core,receptions,TreyShun Hurry,Receptions,2026-09-26,Louisville,Wake Forest,3,0.12962962962962962,-11.5,1,,2.91,8.0,2.5,0.495,0.5203045685279188,-0.10899999999999999,0.495,-125.0,2.5,hardrockbet,W,0.8,-0.014047619047619087,0.505,-105.0,2.5,hardrockbet,L,-1.0
matchup_core,receptions,Lawayne McCoy,Receptions,2026-09-26,Louisville,Wake Forest,3,0.17989417989417988,-11.5,1,,3.18,6.0,3.5,0.3635,0.42785234899328856,-0.20029999999999998,0.3635,120.0,3.5,hardrockbet,W,1.2,0.047145161290322535,0.6365,-155.0,3.5,hardrockbet,L,-1.0
matchup_core,receptions,Tre Richardson,Receptions,2026-09-26,Louisville,Wake Forest,3,0.2804232804232804,-11.5,1,,4.11,5.0,4.5,0.3825,0.5101214574898786,-0.29875,0.3825,-120.0,4.5,hardrockbet,W,0.8333333333333334,0.1788636363636364,0.6175,-110.0,4.5,hardrockbet,L,-1.0
matchup_core,receptions,Mario Craver,Receptions,2026-09-26,Texas A&M,LSU,3,0.27435897435897433,8.5,1,,5.46,3.0,4.5,0.6125,0.4718423169750603,0.21299019607843134,0.6125,-102.0,4.5,fanduel,L,-1.0,-0.3144230769230769,0.3875,-130.0,4.5,fanduel,W,0.7692307692307693
matchup_core,receptions,Dilin Jones,Receptions,2026-09-26,LSU,Texas A&M,3,0.09385521885521886,-8.5,1,,1.88,3.0,2.5,0.2975,0.4677419354838709,-0.405,0.2975,100.0,2.5,fanduel,W,1.0,0.23469696969696974,0.7025,-132.0,2.5,fanduel,L,-1.0
matchup_core,receptions,Isaiah Horton,Receptions,2026-09-26,Texas A&M,LSU,3,0.18410256410256412,8.5,1,,3.73,3.0,4.5,0.312,0.40640759418570166,-0.28239999999999993,0.312,130.0,4.5,fanduel,L,-1.0,0.08340229885057465,0.688,-174.0,4.5,fanduel,W,0.5747126436781609
matchup_core,receptions,Mark Bowman,Receptions,2026-09-26,USC,Oregon,4,0.16336206896551725,3.5,1,,3.49,6.0,3.5,0.436,0.519675254742772,-0.20952845528455277,0.436,-123.0,3.5,betonlineag,W,0.8130081300813008,0.10630769230769227,0.564,-104.0,3.5,betonlineag,L,-1.0
matchup_core,receptions,Dakorien Moore,Receptions,2026-09-26,Oregon,USC,3,0.1619047619047619,-3.5,1,,3.02,3.0,4.5,0.188,0.48768472906403937,-0.637925925925926,0.188,-108.0,4.5,betonlineag,L,-1.0,0.48866666666666675,0.812,-120.0,4.5,betonlineag,W,0.8333333333333334
matchup_core,receptions,Evan Stewart,Receptions,2026-09-26,Oregon,USC,3,0.21904761904761905,-3.5,1,,4.2,7.0,4.5,0.3965,0.43310875842155927,-0.13959500000000002,0.3965,117.0,4.5,betonlineag,W,1.17,0.0005394736842105341,0.6035,-152.0,4.5,betonlineag,L,-1.0
matchup_core,receptions,Caden High,Receptions,2026-09-26,Stanford,Georgia Tech,2,0.26136363636363635,3.0,1,,4.4,4.0,5.5,0.2785,0.42785234899328856,-0.38730000000000003,0.2785,120.0,5.5,hardrockbet,L,-1.0,0.18698387096774194,0.7215,-155.0,5.5,hardrockbet,W,0.6451612903225806
matchup_core,receptions,Adam Mohammed,Receptions,2026-09-26,California,Clemson,3,0.18815628815628815,2.5,1,,3.53,3.0,4.5,0.294,0.4581151832460733,-0.40024,0.294,104.0,4.5,fanduel,L,-1.0,0.21759420289855075,0.706,-138.0,4.5,fanduel,W,0.7246376811594203
matchup_core,receptions,T.J. Moore,Receptions,2026-09-26,Clemson,California,3,0.32857142857142857,-2.5,1,,4.73,3.0,5.5,0.312,0.5141838223374939,-0.4322622950819672,0.312,-122.0,5.5,fanduel,L,-1.0,0.32503703703703696,0.688,-108.0,5.5,fanduel,W,0.9259259259259259
matchup_core,receptions,Mason Mini,Receptions,2026-09-26,California,Clemson,2,0.12454212454212454,2.5,1,,3.06,3.0,2.5,0.5515,0.46209273182957394,0.11402999999999996,0.5515,102.0,2.5,fanduel,W,1.02,-0.22172058823529406,0.4485,-136.0,2.5,fanduel,L,-1.0
matchup_core,receptions,Bryant Wesco Jr.,Receptions,2026-09-26,Clemson,California,3,0.23095238095238094,-2.5,1,,4.24,3.0,5.5,0.2615,0.43297422610118635,-0.43516000000000005,0.2615,116.0,5.5,fanduel,L,-1.0,0.21804545454545454,0.7385,-154.0,5.5,fanduel,W,0.6493506493506493
matchup_core,receptions,Ian Strong,Receptions,2026-09-26,California,Clemson,3,0.16886446886446885,2.5,1,,4.51,3.0,4.5,0.437,0.41703248463564524,-0.021119999999999917,0.437,124.0,4.5,fanduel,L,-1.0,-0.09784337349397593,0.563,-166.0,4.5,fanduel,W,0.6024096385542169
matchup_core,receptions,Chase Hendricks,Receptions,2026-09-26,California,Clemson,3,0.242002442002442,2.5,1,,5.25,4.0,4.5,0.577,0.532258064516129,0.01412121212121209,0.577,-132.0,4.5,fanduel,L,-1.0,-0.15399999999999997,0.423,100.0,4.5,fanduel,W,1.0
matchup_core,receptions,Micah Welch,Receptions,2026-09-26,Colorado,Baylor,3,0.030364372469635626,8.5,1,,0.93,0.0,0.5,0.566,0.5751633986928104,-0.08025000000000004,0.566,-160.0,0.5,hardrockbet,L,-1.0,-0.04520000000000002,0.434,120.0,0.5,hardrockbet,W,1.2
matchup_core,receptions,Hudson Clement,Receptions,2026-09-26,Illinois,Ohio State,3,0.2049424005945745,25.5,1,,3.41,5.0,4.5,0.279,0.5276888998277135,-0.5030312499999999,0.279,-128.0,4.5,betonlineag,W,0.78125,0.4348613861386138,0.721,-101.0,4.5,betonlineag,L,-1.0
matchup_core,receptions,Brayden Trimble,Receptions,2026-09-26,Illinois,Ohio State,3,0.13977146042363434,25.5,1,,2.43,4.0,2.5,0.422,0.539576802507837,-0.26540740740740737,0.422,-135.0,2.5,betonlineag,W,0.7407407407407407,0.17912,0.578,104.0,2.5,betonlineag,L,-1.0
matchup_core,receptions,Devin McCuin,Receptions,2026-09-26,Ohio State,Illinois,3,0.11442700247254327,-25.5,1,,2.61,4.0,2.5,0.456,0.48149290561381863,-0.10971428571428576,0.456,-105.0,2.5,betonlineag,W,0.9523809523809523,-0.013723577235772333,0.544,-123.0,2.5,betonlineag,L,-1.0
matchup_core,receptions,Bo Jackson,Receptions,2026-09-26,Ohio State,Illinois,3,0.10433557587257776,-25.5,1,,1.66,3.0,1.5,0.3685,0.4653465346534653,-0.26299999999999996,0.3685,100.0,1.5,hardrockbet,W,1.0,0.09927777777777774,0.6315,-135.0,1.5,hardrockbet,L,-1.0
matchup_core,receptions,Nate Roberts,Receptions,2026-09-26,Ohio State,Illinois,3,0.06066356161232822,-25.5,1,,2.25,4.0,1.5,0.591,0.5101214574898786,0.08350000000000002,0.591,-120.0,1.5,hardrockbet,W,0.8333333333333334,-0.2191818181818182,0.409,-110.0,1.5,hardrockbet,L,-1.0
matchup_core,receptions,Ca'Lil Valentine,Receptions,2026-09-26,Illinois,Ohio State,3,0.03952991452991453,25.5,1,,0.94,1.0,0.5,0.571,0.6456256921373201,-0.16945454545454547,0.571,-220.0,0.5,hardrockbet,W,0.45454545454545453,0.13685000000000003,0.429,165.0,0.5,hardrockbet,L,-1.0
matchup_core,receptions,Braylon Staley,Receptions,2026-09-26,Tennessee,Texas,3,0.13915343915343914,5.5,1,,3.18,7.0,4.5,0.21,0.44351918899348297,-0.5548,0.21,112.0,4.5,betonlineag,W,1.12,0.3348275862068967,0.79,-145.0,4.5,betonlineag,L,-1.0
matchup_core,receptions,Mike Matthews,Receptions,2026-09-26,Tennessee,Texas,3,0.20423280423280424,5.5,1,,3.5,4.0,4.5,0.29,0.4564539116366858,-0.40259999999999996,0.29,106.0,4.5,betonlineag,L,-1.0,0.2282481751824817,0.71,-137.0,4.5,betonlineag,W,0.7299270072992701
matchup_core,receptions,Chris Durr Jr.,Receptions,2026-09-26,Maryland,UCLA,3,0.30857142857142855,2.5,1,,6.32,7.0,7.5,0.2715,0.4472667034787409,-0.42985,0.2715,110.0,7.5,betonlineag,L,-1.0,0.23794055944055942,0.7285,-143.0,7.5,betonlineag,W,0.6993006993006993
matchup_core,receptions,Kaleb Webb,Receptions,2026-09-26,Maryland,UCLA,3,0.1165079365079365,2.5,1,,3.67,2.0,4.5,0.307,0.4307128806891406,-0.33074,0.307,118.0,4.5,betonlineag,L,-1.0,0.14299999999999996,0.693,-154.0,4.5,betonlineag,W,0.6493506493506493
matchup_core,receptions,Brian Rowe Jr.,Receptions,2026-09-26,UCLA,Maryland,3,0.2255639097744361,-2.5,1,,3.44,1.0,3.5,0.431,0.483560743054414,-0.16239622641509427,0.431,-106.0,3.5,betonlineag,L,-1.0,0.0353934426229508,0.569,-122.0,3.5,betonlineag,W,0.819672131147541
matchup_core,receptions,Semaj Morgan,Receptions,2026-09-26,UCLA,Maryland,3,0.2606516290726817,-2.5,1,,3.85,2.0,3.5,0.499,0.5692871193108593,-0.176974025974026,0.499,-154.0,3.5,betonlineag,L,-1.0,0.09217999999999993,0.501,118.0,3.5,betonlineag,W,1.18
matchup_core,receptions,Wayne Knight,Receptions,2026-09-26,UCLA,Maryland,3,0.10025062656641603,-2.5,1,,1.71,3.0,1.5,0.4005,0.5940959409594095,-0.37064285714285716,0.4005,-175.0,1.5,hardrockbet,W,0.5714285714285714,0.3788500000000001,0.5995,130.0,1.5,hardrockbet,L,-1.0
matchup_core,receptions,Iverson Howard,Receptions,2026-09-26,Maryland,UCLA,3,0.053015873015873016,2.5,1,,1.74,3.0,1.5,0.416,0.5306122448979592,-0.26399999999999996,0.416,-130.0,1.5,hardrockbet,W,0.7692307692307693,0.16799999999999998,0.584,100.0,1.5,hardrockbet,L,-1.0
matchup_core,receptions,De'Nylon Morrissette,Receptions,2026-09-26,Purdue,Notre Dame,2,0.05625,27.5,1,,2.37,1.0,1.5,0.6545,0.5489256569588981,0.11868439716312057,0.6545,-141.0,1.5,betonlineag,L,-1.0,-0.28136,0.3455,108.0,1.5,betonlineag,W,1.08
matchup_core,receptions,Chauncey Magwood,Receptions,2026-09-26,Purdue,Notre Dame,3,0.09776234567901236,27.5,1,,3.18,2.0,2.5,0.597,0.5867448807441689,-0.04551497005988031,0.597,-167.0,2.5,betonlineag,L,-1.0,-0.08518999999999999,0.403,127.0,2.5,betonlineag,W,1.27
matchup_core,receptions,Asaad Waseem,Receptions,2026-09-26,Purdue,Notre Dame,3,0.26990740740740743,27.5,1,,5.24,4.0,3.5,0.757,0.559015193444145,0.2719659863945578,0.757,-147.0,3.5,betonlineag,W,0.6802721088435374,-0.48241000000000006,0.243,113.0,3.5,betonlineag,L,-1.0
matchup_core,receptions,Xavier Townsend,Receptions,2026-09-26,Purdue,Notre Dame,3,0.24891975308641975,27.5,1,,4.79,5.0,3.5,0.667,0.539576802507837,0.16107407407407404,0.667,-135.0,3.5,betonlineag,W,0.7407407407407407,-0.32068,0.333,104.0,3.5,betonlineag,L,-1.0
matchup_core,receptions,Fame Ijeboi,Receptions,2026-09-26,Purdue,Notre Dame,3,0.08719135802469136,27.5,1,,2.0,2.0,2.5,0.2975,0.5,-0.44380434782608696,0.2975,-115.0,2.5,hardrockbet,L,-1.0,0.31336956521739134,0.7025,-115.0,2.5,hardrockbet,W,0.8695652173913043
matchup_core,receptions,JJ Buchanan,Receptions,2026-09-26,Michigan,Iowa,3,0.35185185185185186,-4.5,1,,4.55,5.0,3.5,0.6245,0.5862154150197628,-0.0037738095238095126,0.6245,-168.0,3.5,fanduel,W,0.5952380952380952,-0.15137000000000006,0.3755,126.0,3.5,fanduel,L,-1.0
matchup_core,receptions,Tony Diaz,Receptions,2026-09-26,Iowa,Michigan,3,0.2751322751322751,4.5,1,,4.53,3.0,5.5,0.2945,0.5281576830249397,-0.47896153846153844,0.2945,-130.0,5.5,fanduel,L,-1.0,0.4620944881889764,0.818,-127.0,6.5,betonlineag,W,0.7874015748031497
matchup_core,receptions,Andrew Marsh,Receptions,2026-09-26,Michigan,Iowa,3,0.32539682539682535,-4.5,1,,4.02,7.0,4.5,0.3635,0.42825841577584495,-0.20756999999999998,0.3635,118.0,4.5,fanduel,W,1.18,0.03934810126582278,0.6365,-158.0,4.5,fanduel,L,-1.0
matchup_core,receptions,Reece Vander Zee,Receptions,2026-09-26,Iowa,Michigan,3,0.09788359788359786,4.5,1,,2.64,5.0,2.5,0.4615,0.3977531934306569,0.08914000000000011,0.4615,136.0,2.5,betonlineag,W,1.36,-0.1606620111731844,0.5385,-179.0,2.5,betonlineag,L,-1.0
matchup_core,receptions,DJ Vonnahme,Receptions,2026-09-26,Iowa,Michigan,2,0.14285714285714285,4.5,1,,2.72,4.0,3.5,0.285,0.41598386486827177,-0.3559,0.285,126.0,3.5,betonlineag,W,1.26,0.15097560975609758,0.715,-164.0,3.5,betonlineag,L,-1.0
matchup_core,receptions,Jordan Marshall,Receptions,2026-09-26,Michigan,Iowa,3,0.07142857142857142,-4.5,1,,1.07,0.0,1.5,0.238,0.34200046849379245,-0.3693000000000001,0.238,165.0,1.5,fliff,L,-1.0,0.04954716981132079,0.762,-265.0,1.5,fliff,W,0.37735849056603776
matchup_core,receptions,Dominic Overby,Receptions,2026-09-26,Iowa State,Utah,2,0.19444444444444442,7.5,1,,1.93,3.0,1.5,0.582,0.5281576830249397,0.029692307692307685,0.582,-130.0,1.5,fanduel,W,0.7692307692307693,-0.17219607843137252,0.418,-102.0,1.5,fanduel,L,-1.0
matchup_core,receptions,Braden Pegan,Receptions,2026-09-26,Utah,Iowa State,3,0.23509803921568628,-7.5,1,,4.68,2.0,3.5,0.638,0.5904601300891351,0.008930232558139573,0.638,-172.0,3.5,fanduel,L,-1.0,-0.17464000000000002,0.362,128.0,3.5,fanduel,W,1.28
matchup_core,receptions,Ricky Johnson,Receptions,2026-09-26,Utah,Iowa State,3,0.1092156862745098,-7.5,1,,2.8,2.0,2.5,0.4755,0.3831317764804003,0.16022000000000003,0.4755,144.0,2.5,fanduel,L,-1.0,-0.205139175257732,0.5245,-194.0,2.5,fanduel,W,0.5154639175257731
matchup_core,receptions,Omari Hayes,Receptions,2026-09-26,Iowa State,Utah,3,0.20185185185185184,7.5,1,,2.66,5.0,2.5,0.4675,0.47591522157996147,-0.08298076923076919,0.4675,-104.0,2.5,fanduel,W,0.9615384615384616,-0.05148437500000003,0.5325,-128.0,2.5,fanduel,L,-1.0
matchup_core,receptions,Noah Bennee,Receptions,2026-09-26,Utah,Iowa State,2,0.12941176470588237,-7.5,1,,2.42,2.0,2.5,0.42,0.4808467741935484,-0.18377358490566037,0.42,-106.0,2.5,fanduel,L,-1.0,0.043999999999999984,0.58,-125.0,2.5,fanduel,W,0.8
matchup_core,receptions,Wayshawn Parker,Receptions,2026-09-26,Utah,Iowa State,3,0.1688235294117647,-7.5,1,,2.56,5.0,3.5,0.266,0.41703248463564524,-0.40415999999999996,0.266,124.0,3.5,fanduel,W,1.24,0.1761686746987952,0.734,-166.0,3.5,fanduel,L,-1.0
matchup_core,receptions,Chris Brooks Jr.,Receptions,2026-09-26,Wisconsin,Penn State,3,0.1516653953724892,9.5,1,,3.22,2.0,3.5,0.3975,0.4232164449818621,-0.11755000000000004,0.3975,122.0,3.5,betonlineag,L,-1.0,-0.0185691823899371,0.6025,-159.0,3.5,betonlineag,W,0.6289308176100629
matchup_core,receptions,Eugene Hilton Jr.,Receptions,2026-09-26,Wisconsin,Penn State,3,0.15045766590389018,9.5,1,,2.51,2.0,2.5,0.4415,0.43310875842155927,-0.04194500000000001,0.4415,117.0,2.5,betonlineag,L,-1.0,-0.0740657894736842,0.5585,-152.0,2.5,betonlineag,W,0.6578947368421053
matchup_core,receptions,Chase Sowell,Receptions,2026-09-26,Penn State,Wisconsin,3,0.1349206349206349,-9.5,1,,2.9,6.0,3.5,0.294,0.48768472906403937,-0.43377777777777776,0.294,-108.0,3.5,betonlineag,W,0.9259259259259259,0.2943333333333334,0.706,-120.0,3.5,betonlineag,L,-1.0
matchup_core,receptions,Tyrell Henry,Receptions,2026-09-26,Wisconsin,Penn State,3,0.38418510043224,9.5,1,,6.03,2.0,4.5,0.722,0.48768472906403937,0.3905185185185185,0.722,-108.0,4.5,betonlineag,L,-1.0,-0.4903333333333333,0.278,-120.0,4.5,betonlineag,W,0.8333333333333334
matchup_core,receptions,Jacob Harris,Receptions,2026-09-26,Wisconsin,Penn State,3,0.11657767607424357,9.5,1,,2.41,5.0,1.5,0.6645,0.5203045685279188,0.19609999999999994,0.6645,-125.0,1.5,hardrockbet,W,0.8,-0.34497619047619044,0.3355,-105.0,1.5,hardrockbet,L,-1.0
matchup_core,receptions,Carson Hansen,Receptions,2026-09-26,Penn State,Wisconsin,3,0.031746031746031744,-9.5,1,,0.91,0.0,1.5,0.214,0.381753477838887,-0.47570000000000007,0.214,145.0,1.5,hardrockbet,L,-1.0,0.18907692307692306,0.786,-195.0,1.5,hardrockbet,W,0.5128205128205128
matchup_core,receptions,Benjamin Brahmer,Receptions,2026-09-26,Penn State,Wisconsin,3,0.11825396825396824,-9.5,1,,2.63,4.0,2.5,0.4615,0.5445920303605313,-0.2088571428571428,0.4615,-140.0,2.5,hardrockbet,W,0.7142857142857143,0.10392499999999993,0.5385,105.0,2.5,hardrockbet,L,-1.0
matchup_core,receptions,Abu Sama III,Receptions,2026-09-26,Wisconsin,Penn State,2,0.041666666666666664,9.5,1,,0.62,1.0,1.5,0.1965,0.381753477838887,-0.518575,0.1965,145.0,1.5,hardrockbet,L,-1.0,0.215551282051282,0.8035,-195.0,1.5,hardrockbet,W,0.5128205128205128
matchup_core,receptions,Lotzeir Brooks,Receptions,2026-09-26,Alabama,South Carolina,3,0.2551964149504195,-12.5,1,,4.11,2.0,4.5,0.382,0.5457986373959122,-0.34514285714285714,0.382,-140.0,4.5,fanduel,L,-1.0,0.27308,0.618,106.0,4.5,fanduel,W,1.06
matchup_core,receptions,Kaleb Edwards,Receptions,2026-09-26,Alabama,South Carolina,2,0.09610983981693363,-12.5,1,,2.2,4.0,2.5,0.2975,0.3993154592127781,-0.30385,0.2975,134.0,2.5,fanduel,W,1.34,0.09277777777777779,0.7025,-180.0,2.5,fanduel,L,-1.0
matchup_core,receptions,Nyck Harbor,Receptions,2026-09-26,South Carolina,Alabama,3,0.13566778900112234,12.5,1,,3.59,3.0,2.5,0.6285,0.5379072681704261,0.09063235294117644,0.6285,-136.0,2.5,fanduel,W,0.7352941176470589,-0.24956999999999996,0.3715,102.0,2.5,fanduel,L,-1.0
matchup_core,receptions,Rico Scott,Receptions,2026-09-26,Alabama,South Carolina,3,0.15555873379099924,-12.5,1,,3.15,3.0,3.5,0.3595,0.46209273182957394,-0.27380999999999994,0.3595,102.0,3.5,fanduel,L,-1.0,0.11145588235294118,0.6405,-136.0,3.5,fanduel,W,0.7352941176470589
matchup_core,receptions,Isaiah Johnson,Receptions,2026-09-26,Cincinnati,Kansas State,3,0.1758483452031839,6.0,1,,3.89,1.0,3.5,0.51,0.4693877551020408,0.020000000000000018,0.51,100.0,3.5,betonlineag,L,-1.0,-0.1330769230769231,0.49,-130.0,3.5,betonlineag,W,0.7692307692307693
matchup_core,receptions,Cole Tabb,Receptions,2026-09-26,Cincinnati,Kansas State,3,0.04301075268817204,6.0,1,,1.12,0.0,1.5,0.2515,0.4693877551020408,-0.49700000000000005,0.2515,100.0,1.5,hardrockbet,L,-1.0,0.3242692307692308,0.7485,-130.0,1.5,hardrockbet,W,0.7692307692307693
matchup_core,receptions,Jamari Johnson,Receptions,2026-09-26,Oregon,USC,1,0.14285714285714285,-3.5,1,,3.34,7.0,3.5,0.4125,0.5,-0.22565789473684217,0.4125,-114.0,3.5,fanduel,W,0.8771929824561403,0.10285087719298247,0.5875,-114.0,3.5,fanduel,L,-1.0
matchup_core,receptions,Tanook Hines,Receptions,2026-09-26,USC,Oregon,2,0.10948275862068965,3.5,1,,2.41,1.0,3.5,0.2455,0.4718423169750603,-0.513813725490196,0.2455,-102.0,3.5,fanduel,L,-1.0,0.3348846153846154,0.7545,-130.0,3.5,fanduel,W,0.7692307692307693
matchup_core,receptions,Dierre Hill Jr.,Receptions,2026-09-26,Oregon,USC,3,0.11190476190476191,-3.5,1,,1.93,4.0,2.5,0.2975,0.45420136260408783,-0.38715,0.2975,106.0,2.5,fanduel,W,1.06,0.2042857142857143,0.7025,-140.0,2.5,fanduel,L,-1.0
matchup_core,receptions,Messiah Hampton,Receptions,2026-09-26,Oregon,USC,2,0.19285714285714284,-3.5,1,,3.29,5.0,2.5,0.584,0.578534199858439,-0.05550617283950621,0.584,-162.0,2.5,fanduel,W,0.6172839506172839,-0.07647999999999999,0.416,122.0,2.5,fanduel,L,-1.0
matchup_core,receptions,Jordon Davison,Receptions,2026-09-26,Oregon,USC,3,0.021428571428571425,-3.5,1,,1.01,1.0,1.5,0.222,0.3927881519639408,-0.4894,0.222,130.0,1.5,fliff,L,-1.0,0.15751219512195122,0.778,-205.0,1.5,fliff,W,0.4878048780487805
matchup_core,receptions,Waymond Jordan,Receptions,2026-09-26,USC,Oregon,4,0.04224137931034483,3.5,1,,1.11,0.0,1.5,0.2475,0.38402925937214266,-0.41837499999999994,0.2475,135.0,1.5,fliff,L,-1.0,0.10249999999999998,0.7525,-215.0,1.5,fliff,W,0.46511627906976744
matchup_core,receptions,King Miller,Receptions,2026-09-26,USC,Oregon,4,0.017241379310344827,3.5,1,,0.86,1.0,1.5,0.211,0.3617021276595745,-0.47250000000000003,0.211,150.0,1.5,fliff,L,-1.0,0.11775000000000005,0.789,-240.0,1.5,fliff,W,0.4166666666666667
matchup_core,receptions,Cayden Lee,Receptions,2026-09-26,Missouri,Mississippi State,3,0.28987854251012146,3.5,1,,4.61,11.0,4.5,0.449,0.5,-0.15714035087719302,0.449,-114.0,4.5,fanduel,W,0.8771929824561403,0.03433333333333333,0.551,-114.0,4.5,fanduel,L,-1.0
matchup_core,receptions,Donovan Olugbode,Receptions,2026-09-26,Missouri,Mississippi State,3,0.3078272604588394,3.5,1,,4.88,4.0,4.5,0.508,0.532258064516129,-0.10715151515151516,0.508,-132.0,4.5,fanduel,L,-1.0,-0.016000000000000014,0.492,100.0,4.5,fanduel,W,1.0
matchup_core,receptions,Marquis Johnson,Receptions,2026-09-26,Mississippi State,Missouri,3,0.11050194931773878,-3.5,1,,2.54,4.0,2.5,0.4455,0.46209273182957394,-0.10008999999999996,0.4455,102.0,2.5,fanduel,W,1.02,-0.03777941176470584,0.5545,-136.0,2.5,fanduel,L,-1.0
matchup_core,receptions,Anthony Evans III,Receptions,2026-09-26,Mississippi State,Missouri,3,0.3375162443144899,-3.5,1,,5.61,8.0,6.5,0.3045,0.38961038961038963,-0.26920000000000005,0.3045,140.0,6.5,fanduel,W,1.4,0.06544680851063828,0.6955,-188.0,6.5,fanduel,L,-1.0
matchup_core,receptions,Sanfrisco Magee,Receptions,2026-09-26,Mississippi State,Missouri,3,0.16780376868096167,-3.5,1,,2.93,3.0,2.5,0.5045,0.578534199858439,-0.18408024691358027,0.5045,-162.0,2.5,fanduel,W,0.6172839506172839,0.10001000000000004,0.4955,122.0,2.5,fanduel,L,-1.0
matchup_core,receptions,Zion Ragins,Receptions,2026-09-26,Mississippi State,Missouri,3,0.13462475633528265,-3.5,1,,3.15,2.0,2.5,0.5885,0.4718423169750603,0.16546078431372546,0.5885,-102.0,2.5,fanduel,L,-1.0,-0.2719615384615385,0.4115,-130.0,2.5,fanduel,W,0.7692307692307693
matchup_core,receptions,Carlos Hernandez,Receptions,2026-09-26,Wake Forest,Louisville,3,0.31570010449320796,11.5,1,,5.84,9.0,6.5,0.3325,0.5,-0.3758333333333333,0.3325,-114.0,6.5,betonlineag,W,0.8771929824561403,0.25302631578947365,0.6675,-114.0,6.5,betonlineag,L,-1.0
matchup_core,receptions,TyLyric Coleman,Receptions,2026-09-26,Virginia,Delaware,3,0.1455026455026455,-19.5,1,,2.29,1.0,2.5,0.3265,0.5281576830249397,-0.4223461538461538,0.3265,-130.0,2.5,fanduel,L,-1.0,0.3337941176470588,0.6735,-102.0,2.5,fanduel,W,0.9803921568627451
matchup_core,receptions,Kameron Courtney,Receptions,2026-09-26,Virginia,Delaware,3,0.24603174603174602,-19.5,1,,3.48,4.0,4.5,0.2885,0.4414696667616063,-0.38838,0.2885,112.0,4.5,fanduel,L,-1.0,0.19224324324324327,0.7115,-148.0,4.5,fanduel,W,0.6756756756756757
matchup_core,receptions,Dakota Twitty,Receptions,2026-09-26,Virginia,Delaware,2,0.12301587301587301,-19.5,1,,2.45,2.0,3.5,0.2495,0.40640759418570166,-0.4261499999999999,0.2495,130.0,3.5,fanduel,L,-1.0,0.18182183908045974,0.7505,-174.0,3.5,fanduel,W,0.5747126436781609
matchup_core,receptions,Gi'Bran Payne,Receptions,2026-09-26,Cincinnati,Kansas State,3,0.04531490015360983,6.0,1,,1.6,1.0,1.5,0.367,0.4796954314720812,-0.2834761904761905,0.367,-105.0,1.5,hardrockbet,L,-1.0,0.13940000000000008,0.633,-125.0,1.5,hardrockbet,W,0.8
matchup_core,receptions,Joshisa Trader,Receptions,2026-09-26,NC State,App State,3,0.12564102564102564,-12.5,1,,2.38,4.0,3.5,0.2395,0.4307128806891406,-0.47789,0.2395,118.0,3.5,betonlineag,W,1.18,0.2543311688311688,0.7605,-154.0,3.5,betonlineag,L,-1.0
matchup_core,receptions,Preston Douglas,Receptions,2026-09-26,NC State,App State,3,0.15498575498575498,-12.5,1,,2.4,5.0,2.5,0.4165,0.5626591727408448,-0.3039697986577181,0.4165,-149.0,2.5,betonlineag,W,0.6711409395973155,0.254525,0.5835,115.0,2.5,betonlineag,L,-1.0
matchup_core,receptions,Victor Snow,Receptions,2026-09-26,NC State,App State,3,0.053561253561253554,-12.5,1,,2.14,2.0,2.5,0.2975,0.43734082725915513,-0.36037500000000006,0.2975,115.0,2.5,betonlineag,L,-1.0,0.17397651006711412,0.7025,-149.0,2.5,betonlineag,W,0.6711409395973155
matchup_core,receptions,Dekalon Taylor,Receptions,2026-09-26,Colorado,Baylor,2,0.12406015037593984,8.5,1,,1.48,2.0,1.5,0.367,0.4695121951219513,-0.2993636363636364,0.367,-110.0,1.5,fliff,W,0.9090909090909091,0.06955172413793109,0.633,-145.0,1.5,fliff,L,-1.0
matchup_core,receptions,Jaden Greathouse,Receptions,2026-09-26,Notre Dame,Purdue,2,0.0863157894736842,-27.5,1,,2.18,2.0,2.5,0.2975,0.42723631508678234,-0.34550000000000003,0.2975,120.0,2.5,betonlineag,L,-1.0,0.1528205128205129,0.7025,-156.0,2.5,betonlineag,W,0.6410256410256411
matchup_core,receptions,Savion Hiter,Receptions,2026-09-26,Michigan,Iowa,3,0.13888888888888887,-4.5,1,,0.99,1.0,0.5,0.5935,0.6159707406278574,-0.13045348837209297,0.5935,-215.0,0.5,fliff,W,0.46511627906976744,-0.044725000000000015,0.4065,135.0,0.5,fliff,L,-1.0
matchup_core,receptions,Jacory Barney Jr.,Receptions,2026-09-26,Nebraska,Michigan State,3,0.23219373219373218,-6.0,1,,4.18,1.0,4.5,0.3915,0.4693877551020408,-0.21700000000000003,0.3915,100.0,4.5,betonlineag,L,-1.0,0.0765769230769231,0.6085,-130.0,4.5,betonlineag,W,0.7692307692307693
matchup_core,receptions,Jayden Savoury,Receptions,2026-09-26,Michigan State,Nebraska,3,0.23646723646723644,6.0,1,,3.11,2.0,2.5,0.5725,0.5102580936358786,0.053592436974789937,0.5725,-119.0,2.5,betonlineag,L,-1.0,-0.18029816513761465,0.4275,-109.0,2.5,betonlineag,W,0.9174311926605505
matchup_core,receptions,Chrishon McCray,Receptions,2026-09-26,Michigan State,Nebraska,3,0.17663817663817663,6.0,1,,3.35,4.0,2.5,0.5945,0.5102580936358786,0.09407983193277314,0.5945,-119.0,2.5,betonlineag,W,0.8403361344537815,-0.22248165137614678,0.4055,-109.0,2.5,betonlineag,L,-1.0
matchup_core,receptions,Luke Lindenmeyer,Receptions,2026-09-26,Nebraska,Michigan State,3,0.0811965811965812,-6.0,1,,2.18,4.0,2.5,0.2975,0.46322988528598974,-0.396075,0.2975,103.0,2.5,betonlineag,W,1.03,0.23069548872180445,0.7025,-133.0,2.5,betonlineag,L,-1.0
matchup_core,receptions,Rodney Bullard Jr.,Receptions,2026-09-26,Michigan State,Nebraska,3,0.21937321937321938,6.0,1,,4.03,2.0,3.5,0.541,0.4564539116366858,0.11446000000000006,0.541,106.0,3.5,betonlineag,L,-1.0,-0.20596350364963506,0.459,-137.0,3.5,betonlineag,W,0.7299270072992701
matchup_core,receptions,Kwazi Gilmer,Receptions,2026-09-26,Nebraska,Michigan State,3,0.2250712250712251,-6.0,1,,4.03,4.0,4.5,0.364,0.48974190636412124,-0.3020550458715596,0.364,-109.0,4.5,betonlineag,L,-1.0,0.17045378151260504,0.636,-119.0,4.5,betonlineag,W,0.8403361344537815
matchup_core,receptions,Nyziah Hunter,Receptions,2026-09-26,Nebraska,Michigan State,3,0.08689458689458689,-6.0,1,,2.45,1.0,2.5,0.429,0.5767835550181378,-0.301188679245283,0.429,-159.0,2.5,betonlineag,L,-1.0,0.2676199999999999,0.571,122.0,2.5,betonlineag,W,1.22
matchup_core,receptions,Fredrick Moore,Receptions,2026-09-26,Michigan State,Nebraska,3,0.13105413105413105,6.0,1,,2.59,4.0,1.5,0.703,0.611260053619303,0.07299999999999995,0.703,-190.0,1.5,hardrockbet,W,0.5263157894736842,-0.2872,0.297,140.0,1.5,hardrockbet,L,-1.0
matchup_core,receptions,Mekhi Nelson,Receptions,2026-09-26,Nebraska,Michigan State,3,0.0811965811965812,-6.0,1,,1.51,0.0,0.5,0.836,0.5834970530451867,0.3426666666666667,0.836,-165.0,0.5,hardrockbet,L,-1.0,-0.631,0.164,125.0,0.5,hardrockbet,W,1.25
matchup_core,receptions,Jamal Rule,Receptions,2026-09-26,Nebraska,Michigan State,3,0.07407407407407407,-6.0,1,,1.37,0.0,1.5,0.367,0.43348916277093075,-0.21095000000000003,0.367,115.0,1.5,hardrockbet,L,-1.0,0.041387096774193555,0.633,-155.0,1.5,hardrockbet,W,0.6451612903225806
matchup_core,receptions,Sean Wilson,Receptions,2026-09-26,Delaware,Virginia,3,0.27499999999999997,19.5,1,,4.66,2.0,4.5,0.4535,0.5030953363598846,-0.15215217391304348,0.4535,-115.0,4.5,betonlineag,L,-1.0,0.034446428571428545,0.5465,-112.0,4.5,betonlineag,W,0.8928571428571429
matchup_core,receptions,Da'Shawn Martin,Receptions,2026-09-26,Virginia,Delaware,3,0.07142857142857142,-19.5,1,,2.14,4.0,1.5,0.582,0.4498870615467902,0.21638000000000007,0.582,109.0,1.5,betonlineag,W,1.09,-0.2855460992907801,0.418,-141.0,1.5,betonlineag,L,-1.0
matchup_core,receptions,Bryson Graves,Receptions,2026-09-26,Delaware,Virginia,3,0.1361111111111111,19.5,1,,2.78,1.0,2.5,0.4755,0.539576802507837,-0.1722777777777778,0.4755,-135.0,2.5,betonlineag,L,-1.0,0.06997999999999999,0.5245,104.0,2.5,betonlineag,W,1.04
matchup_core,receptions,Jaron Tibbs,Receptions,2026-09-26,Kansas State,Cincinnati,3,0.23982683982683983,-6.0,1,,4.51,1.0,3.5,0.62,0.5141838223374939,0.12819672131147541,0.62,-122.0,3.5,fanduel,L,-1.0,-0.26814814814814814,0.38,-108.0,3.5,fanduel,W,0.9259259259259259
matchup_core,receptions,Dalen Penson,Receptions,2026-09-26,Georgia Tech,Stanford,3,0.20241327300150833,-3.0,1,,3.3,4.0,3.5,0.409,0.46209273182957394,-0.17381999999999997,0.409,102.0,3.5,fanduel,W,1.02,0.0255588235294118,0.591,-136.0,3.5,fanduel,L,-1.0
matchup_core,receptions,Justice Haynes,Receptions,2026-09-26,Georgia Tech,Stanford,3,0.1409753645047763,-3.0,1,,2.63,2.0,2.5,0.46,0.46209273182957394,-0.07080000000000003,0.46,102.0,2.5,fanduel,L,-1.0,-0.06294117647058822,0.54,-136.0,2.5,fanduel,W,0.7352941176470589
matchup_core,receptions,Jordan Allen,Receptions,2026-09-26,Georgia Tech,Stanford,3,0.25258924082453493,-3.0,1,,4.25,4.0,4.5,0.4015,0.5347344777795604,-0.29433333333333334,0.4015,-132.0,4.5,betonlineag,L,-1.0,0.20897000000000004,0.5985,102.0,4.5,betonlineag,W,1.02
matchup_core,receptions,Dezmen Roebuck,Receptions,2026-09-26,Washington,Minnesota,3,0.2904140878278809,-12.5,1,,5.7,7.0,5.5,0.458,0.552733296521259,-0.22172027972027974,0.458,-143.0,5.5,betonlineag,W,0.6993006993006993,0.13820000000000005,0.542,110.0,5.5,betonlineag,L,-1.0
matchup_core,receptions,Decker DeGraaf,Receptions,2026-09-26,Washington,Minnesota,3,0.10551134689065723,-12.5,1,,2.48,1.0,2.5,0.433,0.5767835550181378,-0.2946729559748427,0.433,-159.0,2.5,betonlineag,L,-1.0,0.2587399999999999,0.567,122.0,2.5,betonlineag,W,1.22
matchup_core,receptions,Jalen Smith,Receptions,2026-09-26,Minnesota,Washington,3,0.13144066559626333,12.5,1,,3.27,2.0,3.5,0.4045,0.43310875842155927,-0.12223500000000004,0.4045,117.0,3.5,betonlineag,L,-1.0,-0.012723684210526276,0.5955,-152.0,3.5,betonlineag,W,0.6578947368421053
matchup_core,receptions,Chris Lawson,Receptions,2026-09-26,Washington,Minnesota,3,0.11700559976422047,-12.5,1,,3.08,4.0,3.5,0.3425,0.5,-0.3570614035087719,0.3425,-114.0,3.5,betonlineag,W,0.8771929824561403,0.23425438596491222,0.6575,-114.0,3.5,betonlineag,L,-1.0
matchup_core,receptions,Noah Jennings,Receptions,2026-09-26,Minnesota,Washington,3,0.21176957135211405,12.5,1,,4.23,4.0,3.5,0.5755,0.5727636849132176,-0.05558974358974356,0.5755,-156.0,3.5,betonlineag,W,0.6410256410256411,-0.06610000000000005,0.4245,120.0,3.5,betonlineag,L,-1.0
matchup_core,receptions,Rashid Williams,Receptions,2026-09-26,Washington,Minnesota,3,0.1234526967285588,-12.5,1,,2.88,1.0,2.5,0.4875,0.5727636849132176,-0.19999999999999996,0.4875,-156.0,2.5,betonlineag,L,-1.0,0.1274999999999999,0.5125,120.0,2.5,betonlineag,W,1.2
matchup_core,receptions,Javon Tracy,Receptions,2026-09-26,Minnesota,Washington,3,0.2374105969931397,12.5,1,,4.5,7.0,4.5,0.437,0.4121896998888477,-0.0036399999999999766,0.437,128.0,4.5,betonlineag,W,1.28,-0.09987425149700607,0.563,-167.0,4.5,betonlineag,L,-1.0
matchup_core,receptions,Brian Bonner Jr.,Receptions,2026-09-26,Washington,Minnesota,2,0.0,-12.5,1,,0.59,0.0,0.5,0.4495,0.6226415094339622,-0.34618181818181815,0.4495,-220.0,0.5,fliff,L,-1.0,0.32119999999999993,0.5505,140.0,0.5,fliff,W,1.4
matchup_core,receptions,Junior Sherrill,Receptions,2026-09-26,Vanderbilt,Auburn,3,0.2721132897603486,10.0,1,,4.82,6.0,4.5,0.4895,0.5256105556466153,-0.1250669291338582,0.4895,-127.0,4.5,betonlineag,W,0.7874015748031497,0.010990196078431269,0.5105,-102.0,4.5,betonlineag,L,-1.0
matchup_core,receptions,Tristen Brown,Receptions,2026-09-26,Vanderbilt,Auburn,3,0.12331154684095862,10.0,1,,3.14,1.0,2.5,0.5825,0.56575682382134,-0.034276315789473655,0.5825,-152.0,2.5,betonlineag,L,-1.0,-0.09820000000000007,0.4175,116.0,2.5,betonlineag,W,1.16
matchup_core,receptions,Sedrick Alexander,Receptions,2026-09-26,Vanderbilt,Auburn,3,0.09106753812636166,10.0,1,,2.03,2.0,1.5,0.582,0.6182465221611129,-0.1195384615384616,0.582,-195.0,1.5,hardrockbet,W,0.5128205128205128,0.02410000000000001,0.418,145.0,1.5,hardrockbet,L,-1.0
matchup_core,receptions,Chris Marshall,Receptions,2026-09-26,Arkansas,Tulsa,3,0.2534395680947405,-7.0,1,,4.79,9.0,4.5,0.482,0.5306122448979592,-0.14723076923076922,0.482,-130.0,4.5,hardrockbet,W,0.7692307692307693,0.03600000000000003,0.518,100.0,4.5,hardrockbet,L,-1.0
matchup_core,receptions,Darius Taylor,Receptions,2026-09-26,Minnesota,Washington,2,0.07382133995037221,12.5,1,,1.41,4.0,2.5,0.1555,0.4020442930153322,-0.6501250000000001,0.1555,125.0,2.5,fliff,W,1.25,0.27757692307692305,0.8445,-195.0,2.5,fliff,L,-1.0
matchup_core,receptions,Tyler Brown,Receptions,2026-09-26,Clemson,California,3,0.14761904761904762,-2.5,1,,3.11,3.0,2.5,0.5745,0.5306122448979592,0.016423076923076985,0.5745,-130.0,2.5,espnbet,W,0.7692307692307693,-0.14900000000000002,0.4255,100.0,2.5,espnbet,L,-1.0
matchup_core,receptions,Olsen Patt-Henry,Receptions,2026-09-26,Clemson,California,3,0.09047619047619049,-2.5,1,,2.14,1.0,1.5,0.582,0.6110277057458715,-0.10340540540540538,0.582,-185.0,1.5,betonlineag,L,-1.0,0.029244186046511633,0.7025,-215.0,2.5,fliff,W,0.46511627906976744
matchup_core,receptions,Gideon Davidson,Receptions,2026-09-26,Clemson,California,3,0.04047619047619048,-2.5,1,,1.44,1.0,1.5,0.367,0.5,-0.3394,0.367,-125.0,1.5,fliff,L,-1.0,0.13940000000000008,0.633,-125.0,1.5,fliff,W,0.8
matchup_core,receptions,Gavin Freeman,Receptions,2026-09-26,Baylor,Colorado,3,0.3925925925925926,-8.5,1,,6.42,6.0,7.5,0.2805,0.48149290561381863,-0.4523571428571429,0.2805,-105.0,7.5,betonlineag,L,-1.0,0.3044593495934959,0.7195,-123.0,7.5,betonlineag,W,0.8130081300813008
matchup_core,receptions,Dawson Pendergrass,Receptions,2026-09-26,Baylor,Colorado,3,0.0672310405643739,-8.5,1,,1.4,0.0,1.5,0.367,0.49110320284697506,-0.32716666666666666,0.367,-120.0,1.5,fliff,L,-1.0,0.11992307692307697,0.633,-130.0,1.5,fliff,W,0.7692307692307693
matchup_core,receptions,Evan Dickens,Receptions,2026-09-26,Boston College,Virginia Tech,3,0.1349206349206349,14.5,1,,2.27,1.0,2.5,0.318,0.5102580936358786,-0.41477310924369754,0.318,-119.0,2.5,betonlineag,L,-1.0,0.3076880733944955,0.682,-109.0,2.5,betonlineag,W,0.9174311926605505
matchup_core,receptions,Dawson Pough,Receptions,2026-09-26,Boston College,Virginia Tech,2,0.18253968253968253,14.5,1,,3.46,2.0,2.5,0.611,0.4232164449818621,0.35641999999999996,0.611,122.0,2.5,betonlineag,L,-1.0,-0.3663459119496855,0.389,-159.0,2.5,betonlineag,W,0.6289308176100629
matchup_core,receptions,Luke Reynolds,Receptions,2026-09-26,Virginia Tech,Boston College,3,0.2740939864595779,-14.5,1,,5.81,5.0,4.5,0.6775,0.552733296521259,0.15127622377622374,0.6775,-143.0,4.5,betonlineag,W,0.6993006993006993,-0.3227499999999999,0.3225,110.0,4.5,betonlineag,L,-1.0
matchup_core,receptions,Jaleel Skinner,Receptions,2026-09-26,Louisville,Wake Forest,3,0.15873015873015872,-11.5,1,,2.83,4.0,3.5,0.285,0.4498870615467902,-0.40435,0.285,109.0,3.5,betonlineag,W,1.09,0.22209219858156032,0.715,-141.0,3.5,betonlineag,L,-1.0
matchup_core,receptions,Deuce Lawrence,Receptions,2026-09-26,Wake Forest,Louisville,3,0.06263061650992685,11.5,1,,1.19,0.0,1.5,0.3505,0.4193548387096774,-0.21137499999999998,0.3505,125.0,1.5,hardrockbet,L,-1.0,0.05543749999999997,0.6495,-160.0,1.5,hardrockbet,W,0.625
matchup_core,receptions,J'Koby Williams,Receptions,2026-09-26,Texas Tech,Sam Houston,3,0.19313366372189902,-34.5,1,,2.73,3.0,2.5,0.4755,0.40175310445580714,0.11267000000000005,0.4755,134.0,2.5,betonlineag,W,1.34,-0.17578571428571432,0.5245,-175.0,2.5,betonlineag,L,-1.0
matchup_core,receptions,Jordan Faison,Receptions,2026-09-26,Notre Dame,Purdue,3,0.21610136452241716,-27.5,1,,3.67,4.0,5.5,0.1935,0.41598386486827177,-0.56269,0.1935,126.0,5.5,betonlineag,L,-1.0,0.2982682926829268,0.8065,-164.0,5.5,betonlineag,W,0.6097560975609756
matchup_core,receptions,Micah Gilbert,Receptions,2026-09-26,Notre Dame,Purdue,3,0.22744639376218323,-27.5,1,,3.57,2.0,3.5,0.447,0.43734082725915513,-0.03895000000000004,0.447,115.0,3.5,betonlineag,L,-1.0,-0.07585906040268453,0.553,-149.0,3.5,betonlineag,W,0.6711409395973155
matchup_core,receptions,Luke Hasz,Receptions,2026-09-26,Ole Miss,Florida,3,0.07086740420073753,4.0,1,,2.16,1.0,1.5,0.582,0.5,0.04760000000000003,0.582,-125.0,1.5,fliff,L,-1.0,-0.24759999999999993,0.418,-125.0,1.5,fliff,W,0.8
matchup_core,receptions,Makhi Hughes,Receptions,2026-09-26,Houston,Georgia Southern,3,0.05802469135802469,-17.5,1,,1.15,1.0,1.5,0.2665,0.40847201210287454,-0.38705,0.2665,130.0,1.5,hardrockbet,L,-1.0,0.16497058823529415,0.7335,-170.0,1.5,hardrockbet,W,0.5882352941176471
matchup_core,receptions,David Mbadinga,Receptions,2026-09-26,Georgia Southern,Houston,3,0.09715512614063337,17.5,1,,1.7,0.0,2.5,0.164,0.3982930298719773,-0.6145999999999999,0.164,135.0,2.5,hardrockbet,L,-1.0,0.3004444444444444,0.836,-180.0,2.5,hardrockbet,W,0.5555555555555556
matchup_core,receptions,Ryan Williams,Receptions,2026-09-26,Alabama,South Carolina,3,0.21453089244851256,-12.5,0,,3.54,5.0,4.5,0.2945,0.5185070943861814,-0.466069105691057,0.2945,-123.0,4.5,betonlineag,W,0.8130081300813008,0.3774047619047619,0.7055,-105.0,4.5,betonlineag,L,-1.0
matchup_core,receptions,Garrett Oakley,Receptions,2026-09-26,Kansas State,Cincinnati,2,0.14523809523809522,-6.0,1,,2.39,7.0,2.5,0.415,0.37753175858374566,0.03334999999999999,0.415,149.0,2.5,betonlineag,W,1.49,-0.11653061224489797,0.585,-196.0,2.5,betonlineag,L,-1.0
matchup_core,receptions,DJ Epps,Receptions,2026-09-26,West Virginia,Oklahoma State,3,0.27424242424242423,-1.5,1,,3.19,2.0,3.5,0.365,0.4409848065558551,-0.22255000000000008,0.365,113.0,3.5,betonlineag,L,-1.0,0.06697278911564625,0.635,-147.0,3.5,betonlineag,W,0.6802721088435374
matchup_core,receptions,John Neider,Receptions,2026-09-26,West Virginia,Oklahoma State,3,0.13863636363636364,-1.5,1,,2.13,2.0,2.5,0.2975,0.5123152709359606,-0.45458333333333334,0.2975,-120.0,2.5,betonlineag,L,-1.0,0.35296296296296303,0.7025,-108.0,2.5,betonlineag,W,0.9259259259259259
matchup_core,receptions,Cam Cook,Receptions,2026-09-26,West Virginia,Oklahoma State,3,0.1272727272727273,-1.5,1,,1.18,1.0,2.5,0.1465,0.38581207218419417,-0.655725,0.1465,135.0,2.5,fliff,L,-1.0,0.2599285714285714,0.8535,-210.0,2.5,fliff,W,0.47619047619047616
matchup_core,receptions,Ryan Ward,Receptions,2026-09-26,West Virginia,Oklahoma State,1,0.125,-1.5,1,,1.6,1.0,1.5,0.367,0.4306220095693781,-0.2293,0.367,110.0,1.5,fliff,L,-1.0,0.005352941176470616,0.633,-170.0,1.5,fliff,W,0.5882352941176471
matchup_core,receptions,Sam Pickett III,Receptions,2026-09-26,App State,NC State,3,0.1931034482758621,12.5,1,,3.86,5.0,4.5,0.335,0.40900106431503724,-0.18506250000000002,0.5015,-160.0,3.5,hardrockbet,W,0.625,0.09670000000000001,0.4985,120.0,3.5,hardrockbet,L,-1.0
matchup_core,receptions,Chris Lofton,Receptions,2026-09-26,App State,NC State,2,0.17844827586206896,12.5,1,,3.73,3.0,3.5,0.4655,0.4564539116366858,-0.04106999999999994,0.4655,106.0,3.5,betonlineag,L,-1.0,-0.07535401459854019,0.5345,-137.0,3.5,betonlineag,W,0.7299270072992701
matchup_core,receptions,Nate Branch,Receptions,2026-09-26,App State,NC State,3,0.1367816091954023,12.5,1,,3.11,9.0,3.5,0.3545,0.3852511464220966,-0.07651515151515154,0.575,-165.0,2.5,hardrockbet,W,0.6060606060606061,-0.012965608465608514,0.6455,-189.0,3.5,betonlineag,L,-1.0
matchup_core,receptions,Jamal Roberts,Receptions,2026-09-26,Missouri,Mississippi State,3,0.08421052631578947,3.5,1,,1.44,2.0,1.5,0.367,0.48215878679750224,-0.31386956521739134,0.367,-115.0,1.5,fliff,W,0.8695652173913043,0.10188888888888886,0.633,-135.0,1.5,fliff,L,-1.0
matchup_core,receptions,Kevin Roche Jr.,Receptions,2026-09-26,Georgia Tech,Stanford,3,0.19979889391654096,-3.0,1,,3.27,6.0,2.5,0.5805,0.5767835550181378,-0.0544056603773585,0.5805,-159.0,2.5,betonlineag,W,0.6289308176100629,-0.06871000000000005,0.4195,122.0,2.5,betonlineag,L,-1.0
matchup_core,receptions,Colin Chase,Receptions,2026-09-26,Temple,Army,2,0.29166666666666663,4.0,1,,3.38,2.0,3.5,0.421,0.3675598766895897,0.06934000000000007,0.421,154.0,3.5,fanduel,L,-1.0,-0.1452857142857143,0.579,-210.0,3.5,fanduel,W,0.47619047619047616
matchup_core,receptions,Collin Dixon,Receptions,2026-09-26,Illinois,Ohio State,3,0.4225659606094389,25.5,1,,6.31,5.0,5.5,0.589,0.46209273182957394,0.18978,0.589,102.0,5.5,fanduel,L,-1.0,-0.2867941176470588,0.411,-136.0,5.5,fanduel,W,0.7352941176470589
matchup_core,receptions,Larenzo Fenner,Receptions,2026-09-26,Cincinnati,Kansas State,3,0.11667364893171345,6.0,1,,1.94,1.0,2.5,0.2975,0.3977531934306569,-0.2979,0.2975,136.0,2.5,betonlineag,L,-1.0,0.09495810055865922,0.7025,-179.0,2.5,betonlineag,W,0.5586592178770949
matchup_core,receptions,Davion Brown,Receptions,2026-09-26,Virginia Tech,Boston College,3,0.06862305854241338,-14.5,1,,2.07,2.0,1.5,0.582,0.48149290561381863,0.1362857142857143,0.582,-105.0,1.5,betonlineag,W,0.9523809523809523,-0.24216260162601622,0.418,-123.0,1.5,betonlineag,L,-1.0
matchup_core,receptions,Aidan Laughery,Receptions,2026-09-26,Illinois,Ohio State,3,0.03952991452991453,25.5,1,,0.96,1.0,0.5,0.5765,0.6226415094339622,-0.16145454545454546,0.5765,-220.0,0.5,fliff,W,0.45454545454545453,0.01639999999999997,0.4235,140.0,0.5,fliff,L,-1.0
matchup_core,receptions,Christian Abney,Receptions,2026-09-26,Illinois,Ohio State,2,0.04257246376811594,25.5,1,,1.61,1.0,0.5,0.836,0.5693779904306221,0.32776470588235296,0.836,-170.0,0.5,fliff,W,0.5882352941176471,-0.6556,0.164,110.0,0.5,fliff,L,-1.0
matchup_core,receptions,Cam Coleman,Receptions,2026-09-26,Texas,Tennessee,3,0.15601387340517775,-5.5,1,,3.65,1.0,4.5,0.306,0.4548257786000617,-0.25720967741935485,0.4515,-155.0,3.5,fliff,L,-1.0,0.2042941176470588,0.694,-136.0,4.5,fanduel,W,0.7352941176470589
matchup_core,receptions,Ryan Wingo,Receptions,2026-09-26,Texas,Tennessee,3,0.1847516412733804,-5.5,1,,4.26,6.0,4.5,0.404,0.4368658399098083,-0.09092857142857141,0.5785,-175.0,3.5,fliff,W,0.5714285714285714,-0.0012972972972973285,0.596,-148.0,4.5,fanduel,L,-1.0
matchup_core,receptions,Emmett Mosley V,Receptions,2026-09-26,Texas,Tennessee,3,0.16648086213303603,-5.5,1,,3.77,1.0,3.5,0.48,0.4368658399098083,0.036799999999999944,0.48,116.0,3.5,fanduel,L,-1.0,-0.1286486486486486,0.52,-148.0,3.5,fanduel,W,0.6756756756756757
matchup_core,receptions,Raleek Brown,Receptions,2026-09-26,Texas,Tennessee,3,0.10782856435030348,-5.5,1,,1.9,2.0,1.5,0.582,0.5,0.04760000000000003,0.582,-125.0,1.5,fliff,W,0.8,-0.24759999999999993,0.418,-125.0,1.5,fliff,L,-1.0
matchup_core,receptions,DeSean Bishop,Receptions,2026-09-26,Tennessee,Texas,3,0.05185185185185185,5.5,1,,0.99,3.0,1.5,0.22,0.45132743362831856,-0.56,0.22,100.0,1.5,fliff,W,1.0,0.2832258064516129,0.78,-155.0,1.5,fliff,L,-1.0
matchup_core,receptions,Willie Rodriguez,Receptions,2026-09-26,Kentucky,South Alabama,3,0.29365079365079366,-20.5,1,,4.08,2.0,4.5,0.3745,0.44943820224719105,-0.0936818181818182,0.5495,-154.0,3.5,betonlineag,L,-1.0,0.07228571428571423,0.6255,-140.0,4.5,espnbet,W,0.7142857142857143
matchup_core,receptions,Kenny Darby,Receptions,2026-09-26,Kentucky,South Alabama,3,0.19576719576719573,-20.5,1,,3.26,3.0,4.5,0.263,0.43310875842155927,-0.42929,0.263,117.0,4.5,betonlineag,L,-1.0,0.2218684210526316,0.737,-152.0,4.5,betonlineag,W,0.6578947368421053
matchup_core,receptions,Amir Jackson,Receptions,2026-09-26,Florida,Ole Miss,2,0.05625,-4.0,1,,1.73,2.0,1.5,0.4145,0.4605263157894737,-0.19073809523809532,0.4145,-105.0,1.5,fliff,W,0.9523809523809523,-0.02416666666666667,0.5855,-150.0,1.5,fliff,L,-1.0
matchup_core,receptions,Jadan Baugh,Receptions,2026-09-26,Florida,Ole Miss,3,0.020833333333333332,-4.0,1,,0.74,1.0,1.5,0.2065,0.46393146979260597,-0.5968333333333333,0.2065,-105.0,1.5,fliff,L,-1.0,0.34074137931034487,0.7935,-145.0,1.5,fliff,W,0.6896551724137931
matchup_core,receptions,Johntay Cook II,Receptions,2026-09-26,Ole Miss,Florida,2,0.05218855218855219,4.0,1,,1.92,4.0,1.5,0.582,0.4280155642023346,0.2222,0.582,110.0,1.5,fliff,W,1.1,-0.34314285714285714,0.418,-175.0,1.5,fliff,L,-1.0
matchup_core,receptions,Rocky Beers,Receptions,2026-09-26,Oklahoma,Georgia,3,0.2082903336773306,11.5,1,,3.46,8.0,2.5,0.611,0.5101214574898786,0.12016666666666664,0.611,-120.0,2.5,fanduel,W,0.8333333333333334,-0.25736363636363635,0.389,-110.0,2.5,fanduel,L,-1.0
matchup_core,receptions,Lawson Luckie,Receptions,2026-09-26,Georgia,Oklahoma,2,0.11948529411764706,-11.5,1,,2.04,1.0,1.5,0.582,0.5806451612903226,-0.05425000000000002,0.582,-160.0,1.5,espnbet,L,-1.0,-0.0595,0.418,125.0,1.5,espnbet,W,1.25
matchup_core,receptions,Lloyd Avant,Receptions,2026-09-26,Oklahoma,Georgia,3,0.08660130718954247,11.5,1,,1.1,2.0,1.5,0.2455,0.4605263157894737,-0.5206904761904761,0.2455,-105.0,1.5,fliff,W,0.9523809523809523,0.2574999999999999,0.7545,-150.0,1.5,fliff,L,-1.0
matchup_core,receptions,Kamari Moulton,Receptions,2026-09-26,Iowa,Michigan,2,0.14285714285714285,4.5,1,,1.82,2.0,1.5,0.572,0.588150289017341,-0.1188108108108108,0.572,-185.0,1.5,fliff,W,0.5405405405405406,-0.05840000000000001,0.428,120.0,1.5,fliff,L,-1.0
matchup_core,receptions,Jeremy Scott,Receptions,2026-09-26,TCU,UCF,3,0.11785714285714284,-3.5,1,,3.04,5.0,2.5,0.545,0.5407914020517831,-0.051296296296296284,0.545,-135.0,2.5,espnbet,W,0.7407407407407407,-0.06724999999999998,0.455,105.0,2.5,espnbet,L,-1.0
matchup_core,receptions,Ed Small,Receptions,2026-09-26,TCU,UCF,3,0.33055555555555555,-3.5,1,,5.63,3.0,5.5,0.4505,0.4693877551020408,-0.09899999999999998,0.4505,100.0,5.5,espnbet,L,-1.0,-0.02780769230769231,0.5495,-130.0,5.5,espnbet,W,0.7692307692307693
matchup_core,receptions,Waden Charles,Receptions,2026-09-26,UCF,TCU,2,0.3142857142857143,3.5,1,,3.56,3.0,3.5,0.4465,0.40847201210287454,0.02695000000000003,0.4465,130.0,3.5,espnbet,L,-1.0,-0.12091176470588233,0.5535,-170.0,3.5,espnbet,W,0.5882352941176471
matchup_core,receptions,Dylan Wade,Receptions,2026-09-26,UCF,TCU,2,0.08333333333333334,3.5,1,,2.37,5.0,2.5,0.408,0.375,0.020000000000000018,0.408,150.0,2.5,espnbet,W,1.5,-0.11199999999999999,0.592,-200.0,2.5,espnbet,L,-1.0
matchup_core,receptions,Kari Ashley,Receptions,2026-09-26,TCU,UCF,3,0.2265873015873016,-3.5,1,,3.82,4.0,3.5,0.4895,0.3852511464220966,0.19438,0.4895,144.0,3.5,betonlineag,W,1.44,-0.21939417989417992,0.5105,-189.0,3.5,betonlineag,L,-1.0
matchup_core,receptions,Keshaun Singleton,Receptions,2026-09-26,Auburn,Vanderbilt,3,0.2564102564102564,-10.0,1,,4.61,5.0,5.5,0.304,0.4693877551020408,-0.39199999999999996,0.304,100.0,5.5,espnbet,L,-1.0,0.23138461538461536,0.696,-130.0,5.5,espnbet,W,0.7692307692307693
matchup_core,receptions,Jeremiah Koger,Receptions,2026-09-26,Auburn,Vanderbilt,3,0.1141025641025641,-10.0,1,,2.59,2.0,3.5,0.2705,0.4193548387096774,-0.20114285714285718,0.456,-133.0,2.5,betonlineag,L,-1.0,0.18543749999999998,0.7295,-160.0,3.5,espnbet,W,0.625
matchup_core,receptions,Chas Nimrod,Receptions,2026-09-26,Auburn,Vanderbilt,3,0.26794871794871794,-10.0,1,,4.82,5.0,4.5,0.4895,0.45920859794821695,0.003475000000000006,0.4895,105.0,4.5,espnbet,W,1.05,-0.11135185185185192,0.5105,-135.0,4.5,espnbet,L,-1.0
matchup_core,receptions,Jeremiah Cobb,Receptions,2026-09-26,Auburn,Vanderbilt,3,0.05897435897435898,-10.0,1,,1.42,2.0,1.5,0.367,0.5,-0.3394,0.367,-125.0,1.5,fliff,W,0.8,0.13940000000000008,0.633,-125.0,1.5,fliff,L,-1.0
matchup_core,receptions,Jake Johnson,Receptions,2026-09-26,Auburn,Vanderbilt,2,0.1076923076923077,-10.0,1,,2.1,2.0,1.5,0.582,0.44217687074829937,0.1931,0.582,105.0,1.5,fliff,W,1.05,-0.32075,0.418,-160.0,1.5,fliff,L,-1.0
matchup_core,receptions,Brady Hunt,Receptions,2026-09-26,South Carolina,Alabama,3,0.14325476992143657,12.5,1,,2.16,2.0,2.5,0.2975,0.5203045685279188,-0.4645,0.2975,-125.0,2.5,espnbet,L,-1.0,0.371547619047619,0.7025,-105.0,2.5,espnbet,W,0.9523809523809523
matchup_core,receptions,Daniel Hill,Receptions,2026-09-26,Alabama,South Carolina,3,0.09124713958810067,-12.5,1,,1.59,1.0,1.5,0.367,0.4796954314720812,-0.2834761904761905,0.367,-105.0,1.5,hardrockbet,L,-1.0,0.13940000000000008,0.633,-125.0,1.5,hardrockbet,W,0.8
matchup_core,receptions,Miles Coleman,Receptions,2026-09-26,Oklahoma State,West Virginia,3,0.1229000884173298,1.5,1,,3.13,2.0,3.5,0.356,0.4718423169750603,-0.2949803921568628,0.356,-102.0,3.5,fanduel,L,-1.0,0.13938461538461544,0.644,-130.0,3.5,fanduel,W,0.7692307692307693
matchup_core,receptions,Wyatt Young,Receptions,2026-09-26,Oklahoma State,West Virginia,3,0.16887709991158265,1.5,1,,4.0,8.0,4.5,0.3595,0.4718423169750603,-0.2880490196078431,0.3595,-102.0,4.5,fanduel,W,0.9803921568627451,0.13319230769230772,0.6405,-130.0,4.5,fanduel,L,-1.0
matchup_core,receptions,Justin Bowick,Receptions,2026-09-26,Oklahoma State,West Virginia,3,0.20247568523430592,1.5,1,,4.98,4.0,4.5,0.5305,0.45420136260408783,0.09283000000000002,0.5305,106.0,4.5,fanduel,L,-1.0,-0.19514285714285712,0.4695,-140.0,4.5,fanduel,W,0.7142857142857143
matchup_core,receptions,Chris Barnes,Receptions,2026-09-26,Oklahoma State,West Virginia,2,0.12466843501326261,1.5,1,,3.06,2.0,2.5,0.5525,0.5347344777795604,-0.02893939393939393,0.5525,-132.0,2.5,betonlineag,L,-1.0,-0.09604999999999997,0.4475,102.0,2.5,betonlineag,W,1.02
matchup_core,receptions,Branden Ganashamoorthy,Receptions,2026-09-26,Washington State,Arizona,3,0.11546840958605664,11.5,1,,2.75,4.0,3.5,0.285,0.3675598766895897,-0.21573376623376622,0.4755,-154.0,2.5,williamhill_us,W,0.6493506493506493,0.13816499999999993,0.5245,117.0,2.5,williamhill_us,L,-1.0
matchup_core,receptions,Darrius Clemons,Receptions,2026-09-26,Washington State,Arizona,3,0.2520424836601307,11.5,1,,3.64,4.0,3.5,0.451,0.5670257738988136,-0.25614285714285717,0.451,-154.0,3.5,fanduel,W,0.6493506493506493,0.18583999999999995,0.549,116.0,3.5,fanduel,L,-1.0
matchup_core,receptions,Tre Spivey,Receptions,2026-09-26,Arizona,Washington State,3,0.14086822329575951,-11.5,1,,3.6,7.0,4.5,0.3035,0.48581617766250607,-0.4154814814814815,0.3035,-108.0,4.5,fanduel,W,0.9259259259259259,0.2674016393442623,0.6965,-122.0,4.5,fanduel,L,-1.0
matchup_core,receptions,Jackson Harris,Receptions,2026-09-26,LSU,Texas A&M,3,0.07302188552188553,-8.5,1,,2.59,6.0,2.5,0.4535,0.5915279878971256,-0.279735294117647,0.4535,-170.0,2.5,espnbet,W,0.5882352941176471,0.25695,0.5465,130.0,2.5,espnbet,L,-1.0
matchup_core,receptions,Brett Norfleet,Receptions,2026-09-26,Missouri,Mississippi State,2,0.11740890688259109,3.5,1,,2.2,2.0,2.5,0.2975,0.3993154592127781,0.0752203389830508,0.582,-118.0,1.5,betonlineag,W,0.847457627118644,0.09277777777777779,0.7025,-180.0,2.5,fanduel,W,0.5555555555555556
matchup_core,receptions,Fluff Bothwell,Receptions,2026-09-26,Mississippi State,Missouri,3,0.05072287199480182,-3.5,1,,1.55,6.0,1.5,0.367,0.3953234081924468,-0.13020999999999994,0.367,137.0,1.5,williamhill_us,W,1.37,-0.01919780219780215,0.633,-182.0,1.5,williamhill_us,L,-1.0
matchup_core,receptions,Sam West,Receptions,2026-09-26,Mississippi State,Missouri,2,0.09746588693957114,-3.5,1,,2.57,2.0,1.5,0.7005,0.5607128056361377,0.12504545454545457,0.7005,-165.0,1.5,fliff,W,0.6060606060606061,-0.386025,0.2995,105.0,1.5,fliff,L,-1.0
matchup_core,receptions,Jimmy Calloway,Receptions,2026-09-26,Tulsa,Arkansas,3,0.25875350140056025,7.0,1,,3.8,0.0,3.5,0.486,0.48768472906403937,-0.064,0.486,-108.0,3.5,betonlineag,L,-1.0,-0.057666666666666644,0.514,-120.0,3.5,betonlineag,W,0.8333333333333334
matchup_core,receptions,Oran Singleton Jr.,Receptions,2026-09-26,Tulsa,Arkansas,3,0.18855042016806722,7.0,1,,3.5,6.0,2.5,0.6175,0.5626591727408448,0.031929530201342315,0.6175,-149.0,2.5,betonlineag,W,0.6711409395973155,-0.1776250000000001,0.3825,115.0,2.5,betonlineag,L,-1.0
matchup_core,receptions,Andrew Marsh,Receptions,2026-10-03,Michigan,Minnesota,4,0.34698879551820727,-6.5,1,,4.76,3.0,5.5,0.3165,0.483560743054414,-0.3849150943396226,0.3165,-106.0,5.5,betonlineag,L,-1.0,0.2437459016393443,0.6835,-122.0,5.5,betonlineag,W,0.819672131147541
matchup_core,receptions,Dallas Wilson,Receptions,2026-10-03,Florida,Missouri,4,0.18333333333333335,-5.5,1,,3.55,4.0,3.5,0.4445,0.43310875842155927,-0.035434999999999994,0.4445,117.0,3.5,betonlineag,W,1.17,-0.07903947368421049,0.5555,-152.0,3.5,betonlineag,L,-1.0
matchup_core,receptions,Donovan Olugbode,Receptions,2026-10-03,Missouri,Florida,4,0.2743487062136948,5.5,1,,5.48,6.0,4.5,0.613,0.42723631508678234,0.3485999999999999,0.613,120.0,4.5,betonlineag,W,1.2,-0.3649230769230769,0.387,-156.0,4.5,betonlineag,L,-1.0
matchup_core,receptions,Cayden Lee,Receptions,2026-10-03,Missouri,Florida,4,0.33697412427389545,5.5,1,,5.7,8.0,5.5,0.458,0.5226570545829042,-0.17559999999999998,0.458,-125.0,5.5,betonlineag,W,0.8,0.06821359223300977,0.542,-103.0,5.5,betonlineag,L,-1.0
matchup_core,receptions,Tony Diaz,Receptions,2026-10-03,Iowa,Ohio State,4,0.24206349206349204,14.5,1,,4.15,5.0,5.5,0.2535,0.43734082725915513,-0.4549750000000001,0.2535,115.0,5.5,betonlineag,L,-1.0,0.247506711409396,0.7465,-149.0,5.5,betonlineag,W,0.6711409395973155
matchup_core,receptions,Brandon Inniss,Receptions,2026-10-03,Ohio State,Iowa,3,0.11247196825944454,-14.5,1,,2.56,2.0,1.5,0.6975,0.48974190636412124,0.33740825688073395,0.6975,-109.0,1.5,betonlineag,W,0.9174311926605505,-0.4432983193277311,0.3025,-119.0,1.5,betonlineag,L,-1.0
matchup_core,receptions,Reece Vander Zee,Receptions,2026-10-03,Iowa,Ohio State,4,0.13293650793650794,14.5,1,,2.98,2.0,2.5,0.525,0.40175310445580714,0.22850000000000015,0.525,134.0,2.5,betonlineag,L,-1.0,-0.2535714285714286,0.475,-175.0,2.5,betonlineag,W,0.5714285714285714
matchup_core,receptions,Nate Roberts,Receptions,2026-10-03,Ohio State,Iowa,4,0.0825347082462832,-14.5,1,,2.13,1.0,1.5,0.582,0.5626591727408448,-0.02739597315436243,0.582,-149.0,1.5,betonlineag,L,-1.0,-0.1013,0.418,115.0,1.5,betonlineag,W,1.15
matchup_core,receptions,Jeremiah Smith,Receptions,2026-10-03,Ohio State,Iowa,4,0.3500924807850804,-14.5,1,,6.82,11.0,7.5,0.328,0.5306122448979592,-0.4196923076923077,0.328,-130.0,7.5,betonlineag,W,0.7692307692307693,0.34400000000000003,0.672,100.0,7.5,betonlineag,L,-1.0
matchup_core,receptions,Devin McCuin,Receptions,2026-10-03,Ohio State,Iowa,4,0.12285728889144448,-14.5,1,,2.84,4.0,2.5,0.4755,0.5692871193108593,-0.21573376623376622,0.4755,-154.0,2.5,betonlineag,W,0.6493506493506493,0.14340999999999998,0.5245,118.0,2.5,betonlineag,L,-1.0
matchup_core,receptions,DJ Vonnahme,Receptions,2026-10-03,Iowa,Ohio State,3,0.15873015873015872,14.5,1,,2.84,6.0,3.5,0.285,0.4307128806891406,-0.37870000000000004,0.285,118.0,3.5,betonlineag,W,1.18,0.17928571428571427,0.715,-154.0,3.5,betonlineag,L,-1.0
matchup_core,receptions,Malachi Toney,Receptions,2026-10-03,Miami,Clemson,4,0.2925925925925926,-14.0,1,,6.59,5.0,7.5,0.302,0.5367701147140101,-0.47093233082706765,0.302,-133.0,7.5,betonlineag,L,-1.0,0.41694000000000003,0.698,103.0,7.5,betonlineag,W,1.03
matchup_core,receptions,Cooper Barkate,Receptions,2026-10-03,Miami,Clemson,4,0.12222222222222222,-14.0,1,,3.24,5.0,3.5,0.4,0.5462570956657111,-0.3122302158273381,0.4,-139.0,3.5,betonlineag,W,0.7194244604316546,0.242,0.6,107.0,3.5,betonlineag,L,-1.0
matchup_core,receptions,Griffin Wilde,Receptions,2026-10-03,Northwestern,Penn State,3,0.26037687802393683,3.0,1,,4.06,2.0,4.5,0.369,0.519675254742772,-0.331,0.369,-123.0,4.5,betonlineag,L,-1.0,0.2377307692307693,0.631,-104.0,4.5,betonlineag,W,0.9615384615384616
matchup_core,receptions,Drew Wagner,Receptions,2026-10-03,Northwestern,Penn State,3,0.15609880315762667,3.0,1,,3.32,4.0,2.5,0.5905,0.4498870615467902,0.23414500000000005,0.5905,109.0,2.5,betonlineag,W,1.09,-0.3000744680851064,0.4095,-141.0,2.5,betonlineag,L,-1.0
matchup_core,receptions,Lotzeir Brooks,Receptions,2026-10-03,Alabama,Mississippi State,4,0.21520683502233845,-5.5,1,,4.13,4.0,4.5,0.385,0.45920859794821695,-0.21074999999999994,0.385,105.0,4.5,hardrockbet,L,-1.0,0.07055555555555554,0.615,-135.0,4.5,hardrockbet,W,0.7407407407407407
matchup_core,receptions,Jeremiah Koger,Receptions,2026-10-03,Auburn,Tennessee,4,0.11335470085470085,6.0,1,,2.34,1.0,2.5,0.362,0.4693877551020408,-0.276,0.362,100.0,2.5,betonlineag,L,-1.0,0.1287692307692308,0.638,-130.0,2.5,betonlineag,W,0.7692307692307693
matchup_core,receptions,Keshaun Singleton,Receptions,2026-10-03,Auburn,Tennessee,4,0.2617521367521367,6.0,1,,4.73,7.0,4.5,0.4655,0.5082034454470877,-0.14000847457627114,0.4655,-118.0,4.5,betonlineag,W,0.847457627118644,0.02040909090909082,0.5345,-110.0,4.5,betonlineag,L,-1.0
matchup_core,receptions,Mike Matthews,Receptions,2026-10-03,Tennessee,Auburn,4,0.2087301587301587,-6.0,1,,3.92,4.0,4.5,0.3445,0.4307128806891406,-0.24899000000000004,0.3445,118.0,4.5,betonlineag,L,-1.0,0.08114935064935064,0.6555,-154.0,4.5,betonlineag,W,0.6493506493506493
matchup_core,receptions,Legend Glasker,Receptions,2026-10-03,BYU,TCU,3,0.2602124183006536,-5.5,1,,3.39,3.0,3.5,0.421,0.44351918899348297,-0.10747999999999991,0.421,112.0,3.5,betonlineag,L,-1.0,-0.02168965517241378,0.579,-145.0,3.5,betonlineag,W,0.6896551724137931
matchup_core,receptions,Walker Lyons,Receptions,2026-10-03,BYU,TCU,3,0.15727124183006536,-5.5,1,,2.14,1.0,2.5,0.2975,0.4773429454170958,-0.41366504854368935,0.2975,-103.0,2.5,betonlineag,L,-1.0,0.26450000000000007,0.7025,-125.0,2.5,betonlineag,W,0.8
matchup_core,receptions,Kyler Kasper,Receptions,2026-10-03,BYU,TCU,3,0.1895424836601307,-5.5,1,,3.03,2.0,3.5,0.3285,0.516439256945586,-0.40223770491803273,0.3285,-122.0,3.5,betonlineag,L,-1.0,0.3049905660377358,0.6715,-106.0,3.5,betonlineag,W,0.9433962264150944
matchup_core,receptions,LJ Martin,Receptions,2026-10-03,BYU,TCU,3,0.08905228758169935,-5.5,1,,1.37,1.0,2.5,0.1555,0.556480811006517,-0.7372586206896552,0.1555,-145.0,2.5,betonlineag,L,-1.0,0.7903400000000002,0.8445,112.0,2.5,betonlineag,W,1.12
matchup_core,receptions,Jojo Phillips,Receptions,2026-10-03,BYU,TCU,3,0.11560457516339868,-5.5,1,,2.24,1.0,2.5,0.3015,0.3977531934306569,-0.28846,0.3015,136.0,2.5,betonlineag,L,-1.0,0.08872346368715084,0.6985,-179.0,2.5,betonlineag,W,0.5586592178770949
matchup_core,receptions,Luke Reynolds,Receptions,2026-10-03,Virginia Tech,Pittsburgh,4,0.2623886716628652,-1.5,1,,6.23,7.0,5.5,0.5755,0.5,0.07593478260869568,0.5755,-115.0,5.5,espnbet,W,0.8695652173913043,-0.20636956521739136,0.4245,-115.0,5.5,espnbet,L,-1.0
matchup_core,receptions,Cataurus Hicks,Receptions,2026-10-03,Pittsburgh,Virginia Tech,4,0.1221813725490196,1.5,1,,3.57,3.0,2.5,0.626,0.5806451612903226,0.017249999999999988,0.626,-160.0,2.5,espnbet,W,0.625,-0.15849999999999997,0.374,125.0,2.5,espnbet,L,-1.0
matchup_core,receptions,Censere Lee,Receptions,2026-10-03,Pittsburgh,Virginia Tech,4,0.12079248366013072,1.5,1,,3.54,5.0,3.5,0.4395,0.46322988528598974,-0.107815,0.4395,103.0,3.5,betonlineag,W,1.03,-0.01807142857142857,0.5605,-133.0,3.5,betonlineag,L,-1.0
matchup_core,receptions,Ayden Greene,Receptions,2026-10-03,Virginia Tech,Pittsburgh,3,0.09046445639187574,-1.5,1,,2.76,4.0,2.5,0.4755,0.5727636849132176,-0.21969230769230763,0.4755,-156.0,2.5,betonlineag,W,0.6410256410256411,0.15389999999999998,0.5245,120.0,2.5,betonlineag,L,-1.0
matchup_core,receptions,Davion Brown,Receptions,2026-10-03,Virginia Tech,Pittsburgh,4,0.07419456663408276,-1.5,1,,2.2,2.0,1.5,0.582,0.5435460883633142,0.0068175182481751695,0.582,-137.0,1.5,betonlineag,W,0.7299270072992701,-0.13891999999999993,0.418,106.0,1.5,betonlineag,L,-1.0
matchup_core,receptions,Amare Thomas,Receptions,2026-10-03,Houston,UCF,4,0.2883442265795207,-10.5,1,,5.3,4.0,5.5,0.4085,0.46526552222043954,-0.17483000000000004,0.4085,102.0,5.5,betonlineag,L,-1.0,0.039606060606060645,0.5915,-132.0,5.5,betonlineag,W,0.7575757575757576
matchup_core,receptions,JJ Buchanan,Receptions,2026-10-03,Michigan,Minnesota,4,0.3374183006535948,-6.5,1,,4.91,4.0,4.5,0.513,0.5347344777795604,-0.09836363636363632,0.513,-132.0,4.5,betonlineag,L,-1.0,-0.016259999999999997,0.487,102.0,4.5,betonlineag,W,1.02
matchup_core,receptions,Javon Tracy,Receptions,2026-10-03,Minnesota,Michigan,4,0.2613912810781881,6.5,1,,4.88,3.0,4.5,0.508,0.49179655455291227,-0.0301818181818182,0.508,-110.0,4.5,betonlineag,L,-1.0,-0.09105084745762715,0.492,-118.0,4.5,betonlineag,W,0.847457627118644
matchup_core,receptions,Noah Jennings,Receptions,2026-10-03,Minnesota,Michigan,4,0.20644622613313315,6.5,1,,4.65,7.0,4.5,0.453,0.4198571520494176,0.014719999999999955,0.453,124.0,4.5,betonlineag,W,1.24,-0.11324844720496896,0.547,-161.0,4.5,betonlineag,L,-1.0
matchup_core,receptions,Darius Taylor,Receptions,2026-10-03,Minnesota,Michigan,3,0.11270629012564497,6.5,1,,1.85,3.0,2.5,0.2975,0.5407914020517831,-0.4821296296296297,0.2975,-135.0,2.5,betonlineag,W,0.7407407407407407,0.4401250000000001,0.7025,105.0,2.5,betonlineag,L,-1.0
matchup_core,receptions,Junior Sherrill,Receptions,2026-10-03,Vanderbilt,Georgia,4,0.2722667855020796,25.5,1,,4.81,7.0,5.5,0.3245,0.4498870615467902,-0.32179499999999994,0.3245,109.0,5.5,betonlineag,W,1.09,0.15457801418439715,0.6755,-141.0,5.5,betonlineag,L,-1.0
matchup_core,receptions,Braylon Staley,Receptions,2026-10-03,Tennessee,Auburn,4,0.2015873015873016,-6.0,1,,4.0,3.0,4.5,0.3595,0.46042319749216293,-0.26661999999999997,0.3595,104.0,4.5,betonlineag,L,-1.0,0.1149444444444444,0.6405,-135.0,4.5,betonlineag,W,0.7407407407407407
matchup_core,receptions,Chas Nimrod,Receptions,2026-10-03,Auburn,Tennessee,4,0.2704059829059829,6.0,1,,5.18,3.0,4.5,0.5655,0.3933164104995956,0.351545,0.5655,139.0,4.5,betonlineag,L,-1.0,-0.3267637362637362,0.4345,-182.0,4.5,betonlineag,W,0.5494505494505495
matchup_core,receptions,Isaiah Horton,Receptions,2026-10-03,Texas A&M,Arkansas,4,0.21307692307692308,-13.5,1,,3.91,2.0,4.5,0.3425,0.5,-0.3570614035087719,0.3425,-114.0,4.5,betonlineag,L,-1.0,0.23425438596491222,0.6575,-114.0,4.5,betonlineag,W,0.8771929824561403
matchup_core,receptions,Chris Lawson,Receptions,2026-10-03,Washington,USC,4,0.1433097553787209,7.5,1,,3.58,5.0,3.5,0.448,0.48768472906403937,-0.13718518518518524,0.448,-108.0,3.5,betonlineag,W,0.9259259259259259,0.012000000000000066,0.552,-120.0,3.5,betonlineag,L,-1.0
matchup_core,receptions,Dezmen Roebuck,Receptions,2026-10-03,Washington,USC,4,0.31503278809313295,7.5,1,,6.48,5.0,6.5,0.435,0.516439256945586,-0.2084426229508196,0.435,-122.0,6.5,betonlineag,L,-1.0,0.09801886792452824,0.565,-106.0,6.5,betonlineag,W,0.9433962264150944
matchup_core,receptions,Coy Eakin,Receptions,2026-10-03,Texas Tech,Colorado,4,0.19033254327371973,-13.5,1,,4.1,1.0,3.5,0.555,0.47438944435338465,0.09911764705882359,0.555,-102.0,3.5,betonlineag,L,-1.0,-0.20460629921259843,0.445,-127.0,3.5,betonlineag,W,0.7874015748031497
matchup_core,receptions,Kenny Johnson,Receptions,2026-10-03,Texas Tech,Colorado,4,0.19847554406377935,-13.5,1,,4.39,1.0,4.5,0.421,0.44351918899348297,-0.10747999999999991,0.421,112.0,4.5,betonlineag,L,-1.0,-0.02168965517241378,0.579,-145.0,4.5,betonlineag,W,0.6896551724137931
matchup_core,receptions,J'Koby Williams,Receptions,2026-10-03,Texas Tech,Colorado,4,0.18651691445809093,-13.5,1,,2.32,3.0,2.5,0.35,0.40175310445580714,-0.18100000000000005,0.35,134.0,2.5,betonlineag,W,1.34,0.021428571428571463,0.65,-175.0,2.5,betonlineag,L,-1.0
matchup_core,receptions,Micah Hudson,Receptions,2026-10-03,Texas Tech,Colorado,3,0.07855107855107855,-13.5,1,,2.34,2.0,2.5,0.359,0.4053409632808775,-0.16712,0.359,132.0,2.5,betonlineag,L,-1.0,0.013674418604651184,0.641,-172.0,2.5,betonlineag,W,0.5813953488372093
matchup_core,receptions,Jonathan Stafford Jr.,Receptions,2026-10-03,Western Kentucky,New Mexico State,4,0.24448529411764708,1.5,1,,4.87,10.0,5.5,0.3365,0.4693877551020408,-0.32699999999999996,0.3365,100.0,5.5,betonlineag,W,1.0,0.17388461538461542,0.6635,-130.0,5.5,betonlineag,L,-1.0
matchup_core,receptions,Josiah Thomas,Receptions,2026-10-03,New Mexico State,Western Kentucky,4,0.1202598888525662,-1.5,1,,3.18,4.0,2.5,0.599,0.5704089571423739,-0.012038961038961071,0.599,-154.0,2.5,betonlineag,W,0.6493506493506493,-0.12180999999999997,0.401,119.0,2.5,betonlineag,L,-1.0
matchup_core,receptions,Qua'Vez Humphreys,Receptions,2026-10-03,Western Kentucky,New Mexico State,2,0.06944444444444445,1.5,1,,2.43,1.0,2.5,0.4215,0.4472667034787409,-0.11485000000000001,0.4215,110.0,2.5,betonlineag,L,-1.0,-0.016954545454545444,0.5785,-143.0,2.5,betonlineag,W,0.6993006993006993
matchup_core,receptions,Jahiem White,Receptions,2026-10-03,North Texas,Tulsa,4,0.17619639564622613,-3.0,1,,3.83,2.0,3.5,0.494,0.5727636849132176,-0.1893333333333333,0.494,-156.0,3.5,betonlineag,L,-1.0,0.11319999999999997,0.506,120.0,3.5,betonlineag,W,1.2
matchup_core,receptions,Justin Stevenson,Receptions,2026-10-03,North Texas,Tulsa,4,0.1592904300243859,-3.0,1,,4.25,5.0,4.5,0.4015,0.4969046636401156,-0.24001785714285712,0.4015,-112.0,4.5,betonlineag,W,0.8928571428571429,0.11893478260869567,0.5985,-115.0,4.5,betonlineag,L,-1.0
matchup_core,receptions,Corri Milliner,Receptions,2026-10-03,North Texas,Tulsa,4,0.1582935823469934,-3.0,1,,4.0,3.0,4.5,0.3585,0.4307128806891406,-0.21847,0.3585,118.0,4.5,betonlineag,L,-1.0,0.05805844155844153,0.6415,-154.0,4.5,betonlineag,W,0.6493506493506493
matchup_core,receptions,Oran Singleton Jr.,Receptions,2026-10-03,Tulsa,North Texas,4,0.21641281512605043,3.0,1,,4.18,11.0,4.5,0.3935,0.4121896998888477,-0.10282000000000002,0.3935,128.0,4.5,betonlineag,W,1.28,-0.030326347305389245,0.6065,-167.0,4.5,betonlineag,L,-1.0
matchup_core,receptions,Anthony Evans III,Receptions,2026-10-03,Mississippi State,Alabama,4,0.3272112573099415,5.5,1,,6.21,12.0,6.5,0.397,0.43668122270742354,-0.14644999999999997,0.397,115.0,6.5,espnbet,W,1.15,0.004999999999999949,0.603,-150.0,6.5,espnbet,L,-1.0
matchup_core,receptions,Marquis Johnson,Receptions,2026-10-03,Mississippi State,Alabama,4,0.11991349902534112,5.5,1,,2.71,2.0,2.5,0.4755,0.4796954314720812,-0.07164285714285717,0.4755,-105.0,2.5,espnbet,L,-1.0,-0.055900000000000005,0.5245,-125.0,2.5,espnbet,W,0.8
matchup_core,receptions,Rico Scott,Receptions,2026-10-03,Alabama,Mississippi State,4,0.15238333605753512,-5.5,1,,3.41,4.0,3.5,0.4255,0.4193548387096774,-0.042625000000000024,0.4255,125.0,3.5,espnbet,W,1.25,-0.06643749999999998,0.5745,-160.0,3.5,espnbet,L,-1.0
matchup_core,receptions,Zion Ragins,Receptions,2026-10-03,Mississippi State,Alabama,4,0.1194870857699805,5.5,1,,3.15,1.0,2.5,0.5875,0.550561797752809,0.007142857142857173,0.5875,-140.0,2.5,espnbet,L,-1.0,-0.13375000000000004,0.4125,110.0,2.5,espnbet,W,1.1
matchup_core,receptions,Antonio Meeks,Receptions,2026-10-03,Wake Forest,Stanford,3,0.11010971786833856,-14.5,1,,2.68,1.0,2.5,0.47,0.4232164449818621,0.04339999999999988,0.47,122.0,2.5,betonlineag,L,-1.0,-0.13666666666666666,0.53,-159.0,2.5,betonlineag,W,0.6289308176100629
matchup_core,receptions,Nico Brown,Receptions,2026-10-03,Stanford,Wake Forest,2,0.13863636363636364,14.5,1,,2.4,4.0,3.5,0.2435,0.4198571520494176,-0.45455999999999996,0.2435,124.0,3.5,betonlineag,W,1.24,0.2263757763975155,0.7565,-161.0,3.5,betonlineag,L,-1.0
matchup_core,receptions,Caden High,Receptions,2026-10-03,Stanford,Wake Forest,3,0.23484848484848486,14.5,1,,4.44,2.0,4.5,0.431,0.43734082725915513,-0.07334999999999997,0.431,115.0,4.5,betonlineag,L,-1.0,-0.04912080536912755,0.569,-149.0,4.5,betonlineag,W,0.6711409395973155
matchup_core,receptions,Carlos Hernandez,Receptions,2026-10-03,Wake Forest,Stanford,4,0.42427507836990597,-14.5,1,,6.68,7.0,7.5,0.3075,0.44351918899348297,-0.34809999999999997,0.3075,112.0,7.5,betonlineag,L,-1.0,0.17008620689655174,0.6925,-145.0,7.5,betonlineag,W,0.6896551724137931
matchup_core,receptions,Jayden Savoury,Receptions,2026-10-03,Michigan State,Wisconsin,4,0.20366621682411157,8.5,1,,2.89,4.0,2.5,0.4915,0.5946590367191226,-0.22274418604651158,0.4915,-172.0,2.5,betonlineag,W,0.5813953488372093,0.17971999999999994,0.5085,132.0,2.5,betonlineag,L,-1.0
matchup_core,receptions,Tyrell Henry,Receptions,2026-10-03,Wisconsin,Michigan State,4,0.3159166031019578,-8.5,1,,5.26,2.0,4.5,0.5795,0.44351918899348297,0.22854000000000008,0.5795,112.0,4.5,betonlineag,L,-1.0,-0.2895,0.4205,-145.0,4.5,betonlineag,W,0.6896551724137931
matchup_core,receptions,Chrishon McCray,Receptions,2026-10-03,Michigan State,Wisconsin,4,0.1851102114260009,8.5,1,,3.29,3.0,2.5,0.584,0.5435460883633142,0.010277372262773699,0.584,-137.0,2.5,betonlineag,W,0.7299270072992701,-0.14303999999999994,0.416,106.0,2.5,betonlineag,L,-1.0
matchup_core,receptions,Chris Brooks Jr.,Receptions,2026-10-03,Wisconsin,Michigan State,4,0.14152682430714467,-8.5,1,,2.94,1.0,2.5,0.507,0.5226570545829042,-0.08739999999999998,0.507,-125.0,2.5,betonlineag,L,-1.0,-0.028359223300970904,0.493,-103.0,2.5,betonlineag,W,0.970873786407767
matchup_core,receptions,Jacob Harris,Receptions,2026-10-03,Wisconsin,Michigan State,4,0.15687770150012714,-8.5,1,,2.61,2.0,2.5,0.456,0.5489256569588981,-0.22059574468085108,0.456,-141.0,2.5,betonlineag,L,-1.0,0.13152000000000003,0.544,108.0,2.5,betonlineag,W,1.08
matchup_core,receptions,Eugene Hilton Jr.,Receptions,2026-10-03,Wisconsin,Michigan State,4,0.1406210272056954,-8.5,1,,2.63,1.0,2.5,0.461,0.5185070943861814,-0.16420325203252034,0.461,-123.0,2.5,betonlineag,L,-1.0,0.05233333333333329,0.539,-105.0,2.5,betonlineag,W,0.9523809523809523
matchup_core,receptions,Rodney Bullard Jr.,Receptions,2026-10-03,Michigan State,Wisconsin,4,0.19084570400359874,8.5,1,,3.75,1.0,3.5,0.4705,0.48149290561381863,-0.08140476190476192,0.4705,-105.0,3.5,betonlineag,L,-1.0,-0.0400121951219512,0.5295,-123.0,3.5,betonlineag,W,0.8130081300813008
matchup_core,receptions,Radarious Jackson,Receptions,2026-10-03,Tennessee,Auburn,3,0.18465608465608466,-6.0,1,,2.39,1.0,2.5,0.4135,0.5276888998277135,-0.26345312500000007,0.4135,-128.0,2.5,betonlineag,L,-1.0,0.16719306930693068,0.5865,-101.0,2.5,betonlineag,W,0.9900990099009901
matchup_core,receptions,Chase Hendricks,Receptions,2026-10-03,California,UNLV,4,0.2403253609135962,1.5,1,,4.71,8.0,4.5,0.4615,0.5256105556466153,-0.17511417322834638,0.4615,-127.0,4.5,betonlineag,W,0.7874015748031497,0.06644117647058823,0.5385,-102.0,4.5,betonlineag,L,-1.0
matchup_core,receptions,Duce Robinson,Receptions,2026-10-03,Florida State,Virginia,4,0.20973389355742297,1.5,1,,3.63,2.0,3.5,0.4505,0.48768472906403937,-0.13237037037037036,0.4505,-108.0,3.5,betonlineag,L,-1.0,0.0074166666666666825,0.5495,-120.0,3.5,betonlineag,W,0.8333333333333334
matchup_core,receptions,Micahi Danzy,Receptions,2026-10-03,Florida State,Virginia,4,0.18032212885154061,1.5,1,,3.02,4.0,3.5,0.326,0.46322988528598974,-0.33822,0.326,103.0,3.5,betonlineag,W,1.03,0.18076691729323308,0.674,-133.0,3.5,betonlineag,L,-1.0
matchup_core,receptions,Jayvan Boggs,Receptions,2026-10-03,Florida State,Virginia,4,0.21376050420168066,1.5,1,,2.99,1.0,3.5,0.317,0.4053409632808775,-0.26456,0.317,132.0,3.5,betonlineag,L,-1.0,0.08009302325581402,0.683,-172.0,3.5,betonlineag,W,0.5813953488372093
matchup_core,receptions,Tre Richardson,Receptions,2026-10-03,Louisville,NC State,4,0.2566137566137566,-5.5,1,,4.4,8.0,5.5,0.2785,0.48768472906403937,-0.4636296296296296,0.2785,-108.0,5.5,betonlineag,W,0.9259259259259259,0.32275000000000004,0.7215,-120.0,5.5,betonlineag,L,-1.0
matchup_core,receptions,TreyShun Hurry,Receptions,2026-10-03,Louisville,NC State,4,0.17129629629629628,-5.5,1,,3.49,4.0,3.5,0.437,0.4723111001722865,-0.13032673267326728,0.437,-101.0,3.5,betonlineag,W,0.9900990099009901,0.0028437499999999782,0.563,-128.0,3.5,betonlineag,L,-1.0
matchup_core,receptions,Jaleel Skinner,Receptions,2026-10-03,Louisville,NC State,4,0.15608465608465608,-5.5,1,,3.08,2.0,2.5,0.5585,0.559015193444145,-0.06156802721088439,0.5585,-147.0,2.5,betonlineag,L,-1.0,-0.05960500000000002,0.4415,113.0,2.5,betonlineag,W,1.13
matchup_core,receptions,Lawayne McCoy,Receptions,2026-10-03,Louisville,NC State,4,0.19047619047619047,-5.5,1,,3.72,2.0,3.5,0.465,0.5626591727408448,-0.2229194630872483,0.465,-149.0,3.5,betonlineag,L,-1.0,0.15024999999999994,0.535,115.0,3.5,betonlineag,W,1.15
matchup_core,receptions,Keenan Jackson,Receptions,2026-10-03,NC State,Louisville,4,0.21709401709401707,5.5,1,,4.33,3.0,4.5,0.4115,0.44351918899348297,-0.12762,0.4115,112.0,4.5,betonlineag,L,-1.0,-0.005637931034482679,0.5885,-145.0,4.5,betonlineag,W,0.6896551724137931
matchup_core,receptions,Joshisa Trader,Receptions,2026-10-03,NC State,Louisville,4,0.1358974358974359,5.5,1,,2.46,5.0,2.5,0.4305,0.5185070943861814,-0.21950000000000003,0.4305,-123.0,2.5,betonlineag,W,0.8130081300813008,0.11188095238095241,0.5695,-105.0,2.5,betonlineag,L,-1.0
matchup_core,receptions,Preston Douglas,Receptions,2026-10-03,NC State,Louisville,4,0.16832264957264959,5.5,1,,3.28,5.0,3.5,0.406,0.43734082725915513,-0.1271,0.406,115.0,3.5,betonlineag,W,1.15,-0.007342281879194668,0.594,-149.0,3.5,betonlineag,L,-1.0
matchup_core,receptions,Kwazi Gilmer,Receptions,2026-10-03,Nebraska,Maryland,4,0.23547008547008547,-15.5,1,,4.18,11.0,4.5,0.3935,0.5256105556466153,-0.29665748031496064,0.3935,-127.0,4.5,betonlineag,W,0.7874015748031497,0.20110784313725488,0.6065,-102.0,4.5,betonlineag,L,-1.0
matchup_core,receptions,Luke Lindenmeyer,Receptions,2026-10-03,Nebraska,Maryland,4,0.12756410256410255,-15.5,1,,2.54,3.0,2.5,0.445,0.539576802507837,-0.22537037037037044,0.445,-135.0,2.5,betonlineag,W,0.7407407407407407,0.13220000000000004,0.555,104.0,2.5,betonlineag,L,-1.0
matchup_core,receptions,Chris Durr Jr.,Receptions,2026-10-03,Maryland,Nebraska,4,0.3235338345864662,15.5,1,,6.53,7.0,7.5,0.2945,0.4498870615467902,-0.38449500000000003,0.2945,109.0,7.5,betonlineag,L,-1.0,0.20585460992907811,0.7055,-141.0,7.5,betonlineag,W,0.7092198581560284
matchup_core,receptions,Kaleb Webb,Receptions,2026-10-03,Maryland,Nebraska,4,0.11369674185463659,15.5,1,,3.46,4.0,3.5,0.434,0.556480811006517,-0.2666896551724137,0.434,-145.0,3.5,betonlineag,W,0.6896551724137931,0.19992000000000004,0.566,112.0,3.5,betonlineag,L,-1.0
matchup_core,receptions,Asaad Waseem,Receptions,2026-10-03,Purdue,Illinois,4,0.24243055555555557,9.5,1,,5.15,3.0,4.5,0.5615,0.552733296521259,-0.045842657342657356,0.5615,-143.0,4.5,betonlineag,L,-1.0,-0.07914999999999994,0.4385,110.0,4.5,betonlineag,W,1.1
matchup_core,receptions,Xavier Townsend,Receptions,2026-10-03,Purdue,Illinois,4,0.23668981481481483,9.5,1,,4.86,4.0,3.5,0.687,0.5878103001111523,0.09837724550898203,0.687,-167.0,3.5,betonlineag,W,0.5988023952095808,-0.28636000000000006,0.313,128.0,3.5,betonlineag,L,-1.0
matchup_core,receptions,Chauncey Magwood,Receptions,2026-10-03,Purdue,Illinois,4,0.09332175925925926,9.5,1,,3.45,4.0,3.5,0.4325,0.552733296521259,-0.26505244755244756,0.4325,-143.0,3.5,betonlineag,W,0.6993006993006993,0.1917500000000001,0.5675,110.0,3.5,betonlineag,L,-1.0
matchup_core,receptions,George Burhenn,Receptions,2026-10-03,Purdue,Illinois,3,0.062191358024691355,9.5,1,,1.84,1.0,1.5,0.581,0.539576802507837,0.011370370370370309,0.581,-135.0,1.5,betonlineag,L,-1.0,-0.14523999999999998,0.419,104.0,1.5,betonlineag,W,1.04
matchup_core,receptions,Fame Ijeboi,Receptions,2026-10-03,Purdue,Illinois,4,0.08539351851851852,9.5,1,,2.15,1.0,2.5,0.2975,0.5626591727408448,-0.5028355704697987,0.2975,-149.0,2.5,betonlineag,L,-1.0,0.5103749999999999,0.7025,115.0,2.5,betonlineag,W,1.15
matchup_core,receptions,Collin Dixon,Receptions,2026-10-03,Illinois,Purdue,4,0.3764482799808887,-9.5,1,,6.1,10.0,5.5,0.555,0.5102580936358786,0.021386554621848797,0.555,-119.0,5.5,betonlineag,W,0.8403361344537815,-0.14674311926605504,0.445,-109.0,5.5,betonlineag,L,-1.0
matchup_core,receptions,Hudson Clement,Receptions,2026-10-03,Illinois,Purdue,4,0.21323060996974041,-9.5,1,,3.91,4.0,4.5,0.3425,0.5082034454470877,-0.3672457627118644,0.3425,-118.0,4.5,betonlineag,L,-1.0,0.25522727272727264,0.6575,-110.0,4.5,betonlineag,W,0.9090909090909091
matchup_core,receptions,Willie Rodriguez,Receptions,2026-10-03,Kentucky,South Carolina,4,0.24655388471177944,2.5,1,,3.8,5.0,3.5,0.4875,0.46322988528598974,-0.010374999999999912,0.4875,103.0,3.5,betonlineag,W,1.03,-0.1021616541353384,0.5125,-133.0,3.5,betonlineag,L,-1.0
matchup_core,receptions,Brady Hunt,Receptions,2026-10-03,South Carolina,Kentucky,4,0.13244107744107744,-2.5,1,,2.22,2.0,2.5,0.2975,0.4564539116366858,-0.38715,0.2975,106.0,2.5,betonlineag,L,-1.0,0.21527372262773725,0.7025,-137.0,2.5,betonlineag,W,0.7299270072992701
matchup_core,receptions,Kenny Darby,Receptions,2026-10-03,Kentucky,South Carolina,4,0.18629908103592313,2.5,1,,3.13,12.0,4.5,0.201,0.38995689950058143,-0.51559,0.201,141.0,4.5,betonlineag,W,1.41,0.2308918918918919,0.799,-185.0,4.5,betonlineag,L,-1.0
matchup_core,receptions,Nic Anderson,Receptions,2026-10-03,Kentucky,South Carolina,3,0.07212475633528265,2.5,1,,2.4,5.0,2.5,0.4155,0.4053409632808775,-0.03604000000000007,0.4155,132.0,2.5,betonlineag,W,1.32,-0.07567441860465113,0.5845,-172.0,2.5,betonlineag,L,-1.0
matchup_core,receptions,DJ Black,Receptions,2026-10-03,South Carolina,Kentucky,2,0.10555555555555556,-2.5,1,,2.57,3.0,1.5,0.699,0.5626591727408448,0.1681275167785235,0.699,-149.0,1.5,betonlineag,W,0.6711409395973155,-0.35285,0.301,115.0,1.5,betonlineag,L,-1.0
matchup_core,receptions,Nyck Harbor,Receptions,2026-10-03,South Carolina,Kentucky,4,0.13925084175084174,-2.5,1,,3.37,2.0,3.5,0.42,0.43734082725915513,-0.09700000000000003,0.42,115.0,3.5,betonlineag,L,-1.0,-0.030738255033557038,0.58,-149.0,3.5,betonlineag,W,0.6711409395973155
matchup_core,receptions,Chris Marshall,Receptions,2026-10-03,Arkansas,Texas A&M,4,0.28382967607105536,13.5,1,,5.94,7.0,5.5,0.5215,0.483560743054414,0.013481132075471691,0.5215,-106.0,5.5,betonlineag,W,0.9433962264150944,-0.1292868852459016,0.4785,-122.0,5.5,betonlineag,L,-1.0
matchup_core,receptions,Baron Naone,Receptions,2026-10-03,Washington,USC,4,0.13983753315649866,7.5,1,,2.96,3.0,2.5,0.5115,0.4948402542722694,-0.027689189189189223,0.5115,-111.0,2.5,betonlineag,W,0.9009009009009009,-0.0903793103448276,0.4885,-116.0,2.5,betonlineag,L,-1.0
matchup_core,receptions,Decker DeGraaf,Receptions,2026-10-03,Washington,USC,4,0.09302239905688181,7.5,1,,2.39,2.0,2.5,0.4115,0.4498870615467902,-0.139965,0.4115,109.0,2.5,betonlineag,L,-1.0,0.005875886524822738,0.5885,-141.0,2.5,betonlineag,W,0.7092198581560284
matchup_core,receptions,Jourdin Houston,Receptions,2026-10-03,Rutgers,Indiana,4,0.18808977937267413,24.5,1,,3.24,1.0,1.5,0.757,0.5909989356849628,0.20492899408284027,0.757,-169.0,1.5,betonlineag,L,-1.0,-0.4411,0.243,130.0,1.5,betonlineag,W,1.3
matchup_core,receptions,Shazz Preston,Receptions,2026-10-03,Indiana,Rutgers,4,0.11279802069275753,-24.5,1,,1.7,2.0,2.5,0.1635,0.5,-0.6930789473684211,0.1635,-114.0,2.5,betonlineag,L,-1.0,0.5702719298245614,0.8365,-114.0,2.5,betonlineag,W,0.8771929824561403
matchup_core,receptions,Nick Marsh,Receptions,2026-10-03,Indiana,Rutgers,4,0.25191183085919927,-24.5,1,,3.82,7.0,5.5,0.2135,0.4693877551020408,-0.573,0.2135,100.0,5.5,betonlineag,W,1.0,0.39149999999999996,0.7865,-130.0,5.5,betonlineag,L,-1.0
matchup_core,receptions,KJ Duff,Receptions,2026-10-03,Rutgers,Indiana,4,0.38361410154173314,24.5,1,,5.96,4.0,4.5,0.7085,0.5082034454470877,0.30892372881355934,0.7085,-118.0,4.5,betonlineag,L,-1.0,-0.44350000000000006,0.2915,-110.0,4.5,betonlineag,W,0.9090909090909091
matchup_core,receptions,Charlie Becker,Receptions,2026-10-03,Indiana,Rutgers,4,0.3181511470985155,-24.5,1,,4.71,8.0,5.5,0.3095,0.4198571520494176,-0.30672,0.3095,124.0,5.5,betonlineag,W,1.24,0.11938198757763974,0.6905,-161.0,5.5,betonlineag,L,-1.0
matchup_core,receptions,Tre Spivey,Receptions,2026-10-03,Arizona,Cincinnati,4,0.1851966220172742,-7.0,1,,4.7,3.0,5.5,0.3085,0.5,-0.4208859649122807,0.3085,-114.0,5.5,betonlineag,L,-1.0,0.298078947368421,0.6915,-114.0,5.5,betonlineag,W,0.8771929824561403
matchup_core,receptions,Ryan Williams,Receptions,2026-10-03,Alabama,Mississippi State,4,0.22042197886019396,-5.5,0,,4.25,3.0,2.5,0.758,0.8470588235294118,-0.17883333333333334,0.758,-1200.0,2.5,espnbet,W,0.08333333333333333,0.45199999999999996,0.242,500.0,2.5,espnbet,L,-1.0
matchup_core,receptions,Sanfrisco Magee,Receptions,2026-10-03,Mississippi State,Alabama,4,0.153630604288499,5.5,1,,3.13,3.0,3.5,0.356,0.43928719436386243,-0.2702,0.356,105.0,3.5,fliff,L,-1.0,0.034303030303030335,0.644,-165.0,3.5,fliff,W,0.6060606060606061
matchup_core,receptions,Fluff Bothwell,Receptions,2026-10-03,Mississippi State,Alabama,4,0.09359770955165692,5.5,1,,2.51,0.0,2.5,0.4425,0.5,-0.20349999999999996,0.4425,-125.0,2.5,fliff,L,-1.0,0.003500000000000003,0.5575,-125.0,2.5,fliff,W,0.8
matchup_core,receptions,Pierce Walsh,Receptions,2026-10-03,Minnesota,Michigan,2,0.0707196029776675,6.5,1,,2.14,2.0,1.5,0.582,0.44217687074829937,0.1931,0.582,105.0,1.5,fliff,W,1.05,-0.32075,0.418,-160.0,1.5,fliff,L,-1.0
matchup_core,receptions,Savion Hiter,Receptions,2026-10-03,Michigan,Minnesota,4,0.11887254901960784,-6.5,1,,1.12,0.0,1.5,0.251,0.4096045197740113,-0.44780000000000003,0.251,120.0,1.5,fliff,L,-1.0,0.14321052631578945,0.749,-190.0,1.5,fliff,W,0.5263157894736842
matchup_core,receptions,Jordan Marshall,Receptions,2026-10-03,Michigan,Minnesota,4,0.05357142857142857,-6.5,1,,0.92,0.0,0.5,0.5645,0.6176821983273596,-0.1789090909090909,0.5645,-220.0,0.5,fliff,L,-1.0,0.02342500000000003,0.4355,135.0,0.5,fliff,W,1.35
matchup_core,receptions,Jeremiah Cobb,Receptions,2026-10-03,Auburn,Tennessee,4,0.072008547008547,6.0,1,,1.4,2.0,1.5,0.367,0.5634599838318513,-0.41711764705882354,0.367,-170.0,1.5,fliff,W,0.5882352941176471,0.2976500000000001,0.633,105.0,1.5,fliff,L,-1.0
matchup_core,receptions,Dasaahn Brame,Receptions,2026-10-03,Tennessee,Auburn,2,0.13333333333333333,-6.0,1,,2.12,2.0,1.5,0.582,0.5394736842105263,-0.030000000000000027,0.582,-150.0,1.5,fliff,W,0.6666666666666666,-0.1839047619047619,0.418,-105.0,1.5,fliff,L,-1.0
matchup_core,receptions,DeSean Bishop,Receptions,2026-10-03,Tennessee,Auburn,4,0.08055555555555555,-6.0,1,,1.19,0.0,1.5,0.347,0.5088967971530249,-0.3860769230769231,0.347,-130.0,1.5,fliff,L,-1.0,0.1971666666666667,0.653,-120.0,1.5,fliff,W,0.8333333333333334
matchup_core,receptions,Jadan Baugh,Receptions,2026-10-03,Florida,Missouri,4,0.03125,-5.5,1,,1.19,3.0,1.5,0.35,0.4731182795698925,-0.33181818181818185,0.35,-110.0,1.5,fliff,W,0.9090909090909091,0.11428571428571432,0.65,-140.0,1.5,fliff,L,-1.0
matchup_core,receptions,Jekail Middlebrook,Receptions,2026-10-03,Virginia,Florida State,4,0.05284992784992785,-1.5,1,,1.22,2.0,1.5,0.362,0.5360685302073941,-0.3883448275862069,0.362,-145.0,1.5,fliff,W,0.6896551724137931,0.24561904761904763,0.638,-105.0,1.5,fliff,L,-1.0
matchup_core,receptions,Bo Jackson,Receptions,2026-10-03,Ohio State,Iowa,4,0.1060294596822111,-14.5,1,,1.68,0.0,2.5,0.159,0.3927881519639408,-0.6343,0.159,130.0,2.5,fliff,L,-1.0,0.2512439024390244,0.841,-205.0,2.5,fliff,W,0.4878048780487805
matchup_core,receptions,Kamari Moulton,Receptions,2026-10-03,Iowa,Ohio State,3,0.12698412698412698,14.5,1,,2.17,0.0,1.5,0.582,0.5693779904306221,-0.0756470588235294,0.582,-170.0,1.5,fliff,L,-1.0,-0.12219999999999992,0.418,110.0,1.5,fliff,W,1.1
matchup_core,receptions,Jason Patterson,Receptions,2026-10-03,Kentucky,South Carolina,4,0.027046783625730993,2.5,1,,0.71,0.0,0.5,0.5155,0.6,-0.22675,0.5155,-200.0,0.5,fliff,L,-1.0,0.09012500000000001,0.4845,125.0,0.5,fliff,W,1.25
matchup_core,receptions,Mark Fletcher Jr.,Receptions,2026-10-03,Miami,Clemson,3,0.022222222222222223,-14.0,1,,0.67,2.0,1.5,0.206,0.360313315926893,-0.48500000000000004,0.206,150.0,1.5,fliff,W,1.5,0.11808163265306124,0.794,-245.0,1.5,fliff,L,-1.0
matchup_core,receptions,King Miller,Receptions,2026-10-03,USC,Washington,5,0.022488755622188904,-7.5,1,,0.77,1.0,1.5,0.207,0.43928719436386243,-0.57565,0.207,105.0,1.5,fliff,L,-1.0,0.27360606060606063,0.793,-165.0,1.5,fliff,W,0.6060606060606061
matchup_core,receptions,Waymond Jordan,Receptions,2026-10-03,USC,Washington,5,0.033793103448275866,-7.5,1,,0.9,1.0,1.5,0.213,0.35576179427687554,-0.45685000000000003,0.213,155.0,1.5,fliff,L,-1.0,0.1082244897959184,0.787,-245.0,1.5,fliff,W,0.40816326530612246
matchup_core,receptions,Cameron Dickey,Receptions,2026-10-03,Texas Tech,Colorado,4,0.06171442936148819,-13.5,1,,1.4,0.0,1.5,0.367,0.41184971098265893,-0.19260000000000005,0.367,120.0,1.5,fliff,L,-1.0,-0.02483783783783783,0.633,-185.0,1.5,fliff,W,0.5405405405405406
matchup_core,receptions,Ja'Kyrian Turner,Receptions,2026-10-03,Pittsburgh,Virginia Tech,1,0.11764705882352941,1.5,1,,2.75,6.0,2.5,0.4755,0.4693877551020408,-0.04899999999999999,0.4755,100.0,2.5,betonlineag,W,1.0,-0.0720384615384615,0.5245,-130.0,2.5,betonlineag,L,-1.0
matchup_core,receptions,Carson Kent,Receptions,2026-10-03,Pittsburgh,Virginia Tech,4,0.11609477124183007,1.5,1,,2.98,1.0,3.5,0.316,0.4537429043342889,-0.34588,0.316,107.0,3.5,betonlineag,L,-1.0,0.17608633093525183,0.684,-139.0,3.5,betonlineag,W,0.7194244604316546
matchup_core,receptions,Jeffrey Overton Jr.,Receptions,2026-10-03,Virginia Tech,Pittsburgh,4,0.08953445747800587,-1.5,1,,2.48,5.0,2.5,0.4345,0.5867448807441689,-0.30532035928143714,0.4345,-167.0,2.5,betonlineag,W,0.5988023952095808,0.28368499999999996,0.5655,127.0,2.5,betonlineag,L,-1.0
matchup_core,receptions,Javarius Green,Receptions,2026-10-03,Boston College,SMU,4,0.20616883116883117,21.5,1,,3.17,5.0,3.5,0.361,0.46526552222043954,-0.27078,0.361,102.0,3.5,betonlineag,W,1.02,0.12309090909090908,0.639,-132.0,3.5,betonlineag,L,-1.0
matchup_core,receptions,Makhi Hughes,Receptions,2026-10-03,Houston,UCF,4,0.05822440087145969,-10.5,1,,1.32,2.0,1.5,0.367,0.45132743362831856,-0.266,0.367,100.0,1.5,fliff,W,1.0,0.041387096774193555,0.633,-155.0,1.5,fliff,L,-1.0
matchup_core,receptions,DJ Epps,Receptions,2026-10-03,West Virginia,Iowa State,4,0.2556818181818182,3.0,1,,3.53,4.0,2.5,0.622,0.5318542641970282,0.10046153846153849,0.622,-130.0,2.5,betonlineag,W,0.7692307692307693,-0.24022,0.378,101.0,2.5,betonlineag,L,-1.0
matchup_core,receptions,Jaden Bray,Receptions,2026-10-03,West Virginia,Iowa State,4,0.19090909090909092,3.0,1,,2.38,1.0,1.5,0.657,0.5318542641970282,0.1623846153846154,0.657,-130.0,1.5,betonlineag,L,-1.0,-0.31057,0.343,101.0,1.5,betonlineag,W,1.01
matchup_core,receptions,Cam Cook,Receptions,2026-10-03,West Virginia,Iowa State,4,0.12045454545454545,3.0,1,,1.59,2.0,1.5,0.367,0.5719844357976653,-0.4232857142857143,0.367,-175.0,1.5,fliff,W,0.5714285714285714,0.32930000000000004,0.633,110.0,1.5,fliff,L,-1.0
matchup_core,receptions,Fredrick Moore,Receptions,2026-10-03,Michigan State,Wisconsin,4,0.1509221772379667,8.5,1,,2.88,4.0,3.5,0.29,0.45132743362831856,-0.42,0.29,100.0,3.5,fliff,W,1.0,0.16806451612903223,0.71,-155.0,3.5,fliff,L,-1.0
matchup_core,receptions,Amir Jackson,Receptions,2026-10-03,Florida,Missouri,3,0.07916666666666666,-5.5,1,,1.75,1.0,1.5,0.5385,0.4482758620689655,0.07699999999999996,0.5385,100.0,1.5,fliff,L,-1.0,-0.25006249999999997,0.4615,-160.0,1.5,fliff,W,0.625
matchup_core,receptions,Luke Harpring,Receptions,2026-10-03,Florida,Missouri,4,0.090625,-5.5,1,,1.64,3.0,1.5,0.367,0.44217687074829937,-0.24764999999999998,0.367,105.0,1.5,fliff,W,1.05,0.02862500000000001,0.633,-160.0,1.5,fliff,L,-1.0
matchup_core,receptions,Jayden Scott,Receptions,2026-10-03,NC State,Louisville,4,0.030448717948717948,5.5,1,,1.18,0.0,1.5,0.3435,0.5088967971530249,-0.3922692307692307,0.3435,-130.0,1.5,fliff,L,-1.0,0.20358333333333334,0.6565,-120.0,1.5,fliff,W,0.8333333333333334
matchup_core,receptions,Mekhi Nelson,Receptions,2026-10-03,Nebraska,Maryland,4,0.060897435897435896,-15.5,1,,1.51,3.0,1.5,0.367,0.5802098950524738,-0.4291111111111111,0.367,-180.0,1.5,fliff,W,0.5555555555555556,0.36095,0.633,115.0,1.5,fliff,L,-1.0
matchup_core,receptions,Ca'Lil Valentine,Receptions,2026-10-03,Illinois,Purdue,4,0.0415521978021978,-9.5,1,,1.05,0.0,1.5,0.2325,0.3773584905660377,-0.44199999999999995,0.2325,140.0,1.5,fliff,L,-1.0,0.11636363636363631,0.7675,-220.0,1.5,fliff,W,0.45454545454545453
matchup_core,receptions,Aidan Laughery,Receptions,2026-10-03,Illinois,Purdue,4,0.0415521978021978,-9.5,1,,0.98,1.0,0.5,0.588,0.6525096525096524,-0.18584615384615383,0.588,-260.0,0.5,fliff,W,0.38461538461538464,0.07120000000000004,0.412,160.0,0.5,fliff,L,-1.0
matchup_core,receptions,Tanook Hines,Receptions,2026-10-03,USC,Washington,3,0.08748125937031485,-7.5,1,,2.4,5.0,2.5,0.416,0.3933164104995956,-0.005759999999999987,0.416,139.0,2.5,betonlineag,W,1.39,-0.09512087912087908,0.584,-182.0,2.5,betonlineag,L,-1.0
matchup_core,receptions,Benjamin Brahmer,Receptions,2026-10-03,Penn State,Northwestern,4,0.17202380952380952,-3.0,1,,2.94,5.0,3.5,0.3035,0.46322988528598974,-0.383895,0.3035,103.0,3.5,betonlineag,W,1.03,0.22018421052631576,0.6965,-133.0,3.5,betonlineag,L,-1.0
matchup_core,receptions,Brett Eskildsen,Receptions,2026-10-03,Penn State,Northwestern,3,0.1595238095238095,-3.0,1,,2.7,6.0,2.5,0.475,0.516439256945586,-0.13565573770491807,0.475,-122.0,2.5,betonlineag,W,0.819672131147541,0.02028301886792455,0.525,-106.0,2.5,betonlineag,L,-1.0
matchup_core,receptions,Chase Sowell,Receptions,2026-10-03,Penn State,Northwestern,4,0.2261904761904762,-3.0,1,,3.73,5.0,3.5,0.467,0.556480811006517,-0.21093103448275863,0.467,-145.0,3.5,betonlineag,W,0.6896551724137931,0.12996000000000002,0.533,112.0,3.5,betonlineag,L,-1.0
matchup_core,receptions,Patrick Overmyer,Receptions,2026-10-03,Houston,UCF,4,0.22652505446623095,-10.5,1,,4.38,6.0,4.5,0.421,0.5467012037178121,-0.27392753623188404,0.421,-138.0,4.5,fanduel,W,0.7246376811594203,0.20432,0.579,108.0,4.5,fanduel,L,-1.0
matchup_core,receptions,Koby Young,Receptions,2026-10-03,Houston,UCF,4,0.0957244008714597,-10.5,1,,2.79,1.0,1.5,0.7265,0.5946590367191226,0.14888372093023255,0.7265,-172.0,1.5,betonlineag,L,-1.0,-0.36547999999999997,0.2735,132.0,1.5,betonlineag,W,1.32
matchup_core,receptions,Trent Walker,Receptions,2026-10-03,Houston,UCF,4,0.16508714596949892,-10.5,1,,2.94,2.0,1.5,0.773,0.5668912415784408,0.2815526315789474,0.773,-152.0,1.5,betonlineag,W,0.6578947368421053,-0.50741,0.227,117.0,1.5,betonlineag,L,-1.0
matchup_core,receptions,Omari Hayes,Receptions,2026-10-03,Iowa State,West Virginia,4,0.21091269841269839,-3.0,1,,3.5,3.0,3.5,0.437,0.45920859794821695,-0.10414999999999991,0.437,105.0,3.5,espnbet,L,-1.0,-0.019962962962963016,0.563,-135.0,3.5,espnbet,W,0.7407407407407407
matchup_core,receptions,Dominic Overby,Receptions,2026-10-03,Iowa State,West Virginia,3,0.17724867724867724,-3.0,1,,2.73,3.0,1.5,0.7265,0.611260053619303,0.10886842105263156,0.7265,-190.0,1.5,espnbet,W,0.5263157894736842,-0.3436,0.2735,140.0,1.5,espnbet,L,-1.0
matchup_core,receptions,Cody Jackson,Receptions,2026-10-03,Iowa State,West Virginia,1,0.19047619047619047,-3.0,1,,2.78,6.0,1.5,0.7265,0.4969046636401156,0.37516071428571435,0.7265,-112.0,1.5,betonlineag,W,0.8928571428571429,-0.4886739130434783,0.2735,-115.0,1.5,betonlineag,L,-1.0
matchup_core,receptions,Vince Benetti,Receptions,2026-10-03,Iowa State,West Virginia,3,0.13148148148148148,-3.0,1,,2.12,2.0,1.5,0.582,0.5462570956657111,0.0007050359712230114,0.582,-139.0,1.5,betonlineag,W,0.7194244604316546,-0.13473999999999997,0.418,107.0,1.5,betonlineag,L,-1.0
matchup_core,receptions,Aiden Flora,Receptions,2026-10-03,Iowa State,West Virginia,4,0.1261904761904762,-3.0,1,,1.89,0.0,1.5,0.582,0.5802098950524738,-0.09466666666666668,0.582,-180.0,1.5,fliff,L,-1.0,-0.1013,0.418,115.0,1.5,fliff,W,1.15
matchup_core,receptions,Cam'ron Lacy,Receptions,2026-10-03,Middle Tennessee,Kansas,4,0.3670833333333333,21.5,1,,6.18,2.0,5.5,0.566,0.43668122270742354,0.21689999999999993,0.566,115.0,5.5,espnbet,L,-1.0,-0.2766666666666666,0.434,-150.0,5.5,espnbet,W,0.6666666666666666
matchup_core,receptions,Nik McMillan,Receptions,2026-10-03,Kansas,Middle Tennessee,3,0.2371615312791783,-21.5,1,,3.71,2.0,3.5,0.4605,0.5407914020517831,-0.1983888888888889,0.4605,-135.0,3.5,espnbet,L,-1.0,0.10597499999999993,0.5395,105.0,3.5,espnbet,W,1.05
matchup_core,receptions,Keaton Kubecka,Receptions,2026-10-03,Kansas,Middle Tennessee,3,0.10955493308434484,-21.5,1,,2.6,1.0,2.5,0.456,0.4796954314720812,-0.10971428571428576,0.456,-105.0,2.5,espnbet,L,-1.0,-0.020799999999999985,0.544,-125.0,2.5,espnbet,W,0.8
matchup_core,receptions,Nahzae Cox,Receptions,2026-10-03,Kansas,Middle Tennessee,3,0.08154372860255213,-21.5,1,,2.19,2.0,1.5,0.582,0.6017069701280228,-0.09466666666666668,0.582,-180.0,1.5,espnbet,W,0.5555555555555556,-0.017699999999999938,0.418,135.0,1.5,espnbet,L,-1.0
matchup_core,receptions,Dylan Edwards,Receptions,2026-10-03,Kansas,Middle Tennessee,3,0.17631497043261748,-21.5,1,,2.11,1.0,2.5,0.2975,0.4096045197740113,-0.34550000000000003,0.2975,120.0,2.5,fliff,L,-1.0,0.07223684210526315,0.7025,-190.0,2.5,fliff,W,0.5263157894736842
matchup_core,receptions,Antonio Martin,Receptions,2026-10-03,Middle Tennessee,Kansas,4,0.040625,21.5,1,,0.94,0.0,0.5,0.5705,0.6052631578947368,-0.14425,0.5705,-200.0,0.5,fliff,L,-1.0,-0.012149999999999994,0.4295,130.0,0.5,fliff,W,1.3
matchup_core,receptions,Hogan Hansen,Receptions,2026-10-03,Michigan,Minnesota,1,0.11764705882352941,-6.5,1,,1.49,3.0,0.5,0.836,0.6226415094339622,0.21599999999999994,0.836,-220.0,0.5,fliff,W,0.45454545454545453,-0.6063999999999999,0.164,140.0,0.5,fliff,L,-1.0
matchup_core,receptions,Cole Weaver,Receptions,2026-10-03,Syracuse,UConn,2,0.11818181818181818,-6.5,1,,2.2,1.0,2.5,0.2975,0.38203893657106974,-0.26815000000000005,0.2975,146.0,2.5,betonlineag,L,-1.0,0.0683854166666667,0.7025,-192.0,2.5,betonlineag,W,0.5208333333333334
matchup_core,receptions,Umari Hatcher,Receptions,2026-10-03,Syracuse,UConn,3,0.2512121212121212,-6.5,1,,4.94,12.0,5.5,0.3485,0.49179655455291227,-0.3346818181818182,0.3485,-110.0,5.5,betonlineag,W,0.9090909090909091,0.20361864406779656,0.6515,-118.0,5.5,betonlineag,L,-1.0
matchup_core,receptions,Javon Brown,Receptions,2026-10-03,UConn,Syracuse,3,0.1769498910675381,6.5,1,,2.99,3.0,2.5,0.5265,0.44351918899348297,0.11618,0.5265,112.0,2.5,betonlineag,W,1.12,-0.19994827586206892,0.4735,-145.0,2.5,betonlineag,L,-1.0
matchup_core,receptions,Ryder Treadway,Receptions,2026-10-03,UConn,Syracuse,4,0.11607843137254903,6.5,1,,2.22,3.0,2.5,0.2975,0.41598386486827177,-0.32765000000000005,0.2975,126.0,2.5,betonlineag,W,1.26,0.13085365853658537,0.7025,-164.0,2.5,betonlineag,L,-1.0
matchup_core,receptions,Xavier Watson,Receptions,2026-10-03,UConn,Syracuse,3,0.11703703703703705,6.5,1,,2.15,2.0,1.5,0.582,0.5829383886255923,-0.0631219512195122,0.582,-164.0,1.5,betonlineag,W,0.6097560975609756,-0.0595,0.418,125.0,1.5,betonlineag,L,-1.0
matchup_core,receptions,Jordan Faison,Receptions,2026-10-03,Notre Dame,North Carolina,4,0.22457602339181287,-21.0,1,,4.14,8.0,5.5,0.2525,0.46691027202598456,-0.48995000000000005,0.2525,102.0,5.5,fanduel,W,1.02,0.32250000000000006,0.7475,-130.0,5.5,fanduel,L,-1.0
matchup_core,receptions,Jordan Shipp,Receptions,2026-10-03,North Carolina,Notre Dame,3,0.2950498575498575,21.0,1,,3.97,7.0,3.5,0.5295,0.4548257786000617,0.10136000000000006,0.5295,108.0,3.5,fanduel,W,1.08,-0.1835441176470588,0.4705,-136.0,3.5,fanduel,L,-1.0
matchup_core,receptions,Micah Gilbert,Receptions,2026-10-03,Notre Dame,North Carolina,4,0.20183479532163742,-21.0,1,,3.87,3.0,3.5,0.504,0.42847503373819157,0.10880000000000001,0.504,120.0,3.5,fanduel,L,-1.0,-0.18192207792207793,0.496,-154.0,3.5,fanduel,W,0.6493506493506493
matchup_core,receptions,Jelani Thurman,Receptions,2026-10-03,North Carolina,Notre Dame,3,0.2343304843304843,21.0,1,,3.4,5.0,3.5,0.4245,0.36038130667286683,0.11219000000000001,0.4245,162.0,3.5,fanduel,W,1.62,-0.15045238095238095,0.5755,-210.0,3.5,fanduel,L,-1.0
matchup_core,receptions,Sam West,Receptions,2026-10-03,Mississippi State,Alabama,3,0.08966861598440545,5.5,1,,2.37,1.0,1.5,0.6525,0.5925565555825832,0.04089285714285712,0.6525,-168.0,1.5,fanduel,L,-1.0,-0.19379999999999997,0.3475,132.0,1.5,fanduel,W,1.32
matchup_core,receptions,Marshall Pritchett,Receptions,2026-10-03,Alabama,Mississippi State,3,0.08156487232574189,-5.5,1,,1.88,2.0,1.5,0.582,0.44563936358279316,0.23384,0.582,112.0,1.5,fanduel,W,1.12,-0.28763380281690143,0.418,-142.0,1.5,fanduel,L,-1.0
matchup_core,receptions,Kaleb Edwards,Receptions,2026-10-03,Alabama,Mississippi State,3,0.1275652900366859,-5.5,1,,2.41,1.0,2.5,0.417,0.5,-0.21067857142857138,0.417,-112.0,2.5,fanduel,L,-1.0,0.10353571428571434,0.583,-112.0,2.5,fanduel,W,0.8928571428571429
matchup_core,receptions,Daniel Hill,Receptions,2026-10-03,Alabama,Mississippi State,4,0.08034011659583742,-5.5,1,,1.55,0.0,1.5,0.367,0.3909205548549811,-0.15589999999999998,0.367,130.0,1.5,fliff,L,-1.0,-0.06557142857142856,0.633,-210.0,1.5,fliff,W,0.47619047619047616
matchup_core,receptions,Talyn Taylor,Receptions,2026-10-03,Georgia,Vanderbilt,3,0.17055555555555557,-25.5,1,,2.69,3.0,2.5,0.4735,0.4498870615467902,-0.010384999999999978,0.4735,109.0,2.5,betonlineag,W,1.09,-0.10009574468085103,0.5265,-141.0,2.5,betonlineag,L,-1.0
matchup_core,receptions,Lawson Luckie,Receptions,2026-10-03,Georgia,Vanderbilt,3,0.10187908496732027,-25.5,1,,1.82,1.0,1.5,0.5715,0.5123152709359606,0.047750000000000015,0.5715,-120.0,1.5,betonlineag,L,-1.0,-0.17474074074074075,0.4285,-108.0,1.5,betonlineag,W,0.9259259259259259
matchup_core,receptions,Ian Strong,Receptions,2026-10-03,California,UNLV,4,0.17076599870717518,1.5,1,,4.28,6.0,4.5,0.4075,0.40640759418570166,-0.06275000000000008,0.4075,130.0,4.5,fanduel,W,1.3,-0.06698275862068964,0.5925,-174.0,4.5,fanduel,L,-1.0
matchup_core,receptions,Jacory Barney Jr.,Receptions,2026-10-03,Nebraska,Maryland,4,0.19081196581196583,-15.5,1,,3.3,2.0,3.5,0.4085,0.4121896998888477,-0.06862000000000001,0.4085,128.0,3.5,betonlineag,L,-1.0,-0.05430838323353293,0.5915,-167.0,3.5,betonlineag,W,0.5988023952095808
matchup_core,receptions,Dorian Fleming,Receptions,2026-10-03,Maryland,Nebraska,4,0.12090225563909775,15.5,1,,3.44,5.0,3.5,0.432,0.48974190636412124,-0.17166972477064213,0.432,-109.0,3.5,betonlineag,W,0.9174311926605505,0.045310924369747874,0.568,-119.0,3.5,betonlineag,L,-1.0
matchup_core,receptions,Nyziah Hunter,Receptions,2026-10-03,Nebraska,Maryland,4,0.08183760683760684,-15.5,1,,2.17,2.0,2.5,0.2975,0.588150289017341,-0.5416891891891892,0.2975,-185.0,2.5,fliff,L,-1.0,0.5455,0.7025,120.0,2.5,fliff,W,1.2
matchup_core,receptions,Iverson Howard,Receptions,2026-10-03,Maryland,Nebraska,4,0.07923558897243108,15.5,1,,2.04,0.0,2.5,0.2975,0.43928719436386243,-0.390125,0.2975,105.0,2.5,fliff,L,-1.0,0.1282575757575758,0.7025,-165.0,2.5,fliff,W,0.6060606060606061
matchup_core,receptions,Brayden Trimble,Receptions,2026-10-03,Illinois,Purdue,4,0.15244764293677338,-9.5,1,,2.93,2.0,3.5,0.303,0.4096045197740113,-0.3334,0.303,120.0,3.5,fliff,L,-1.0,0.06384210526315787,0.697,-190.0,3.5,fliff,W,0.5263157894736842
matchup_core,receptions,Mario Craver,Receptions,2026-10-03,Texas A&M,Arkansas,4,0.28076923076923077,-13.5,1,,5.15,1.0,4.5,0.5615,0.552733296521259,-0.045842657342657356,0.5615,-143.0,4.5,betonlineag,L,-1.0,-0.03749999999999998,0.6125,-175.0,5.5,fliff,W,0.5714285714285714
matchup_core,receptions,Ed Small,Receptions,2026-10-03,TCU,BYU,4,0.2779166666666667,5.5,1,,5.44,4.0,3.5,0.786,0.48768472906403937,0.5137777777777779,0.786,-108.0,3.5,betonlineag,W,0.9259259259259259,-0.6076666666666667,0.214,-120.0,3.5,betonlineag,L,-1.0
matchup_core,receptions,Jeremy Payne,Receptions,2026-10-03,TCU,BYU,4,0.15672619047619046,5.5,1,,3.01,4.0,2.5,0.5315,0.41184971098265893,0.1692999999999999,0.5315,120.0,2.5,fliff,W,1.2,-0.2782567567567567,0.4685,-185.0,2.5,fliff,L,-1.0
matchup_core,receptions,T.J. Moore,Receptions,2026-10-03,Clemson,Miami,4,0.3041208791208791,14.0,1,,4.81,4.0,4.5,0.489,0.5976612249623713,-0.23628089887640447,0.489,-178.0,4.5,fanduel,L,-1.0,0.18552000000000002,0.511,132.0,4.5,fanduel,W,1.32
matchup_core,receptions,Bryant Wesco Jr.,Receptions,2026-10-03,Clemson,Miami,4,0.23090659340659342,14.0,1,,4.07,9.0,4.5,0.3695,0.43297422610118635,-0.20188,0.3695,116.0,4.5,fanduel,W,1.16,0.039915584415584404,0.6305,-154.0,4.5,fanduel,L,-1.0
matchup_core,receptions,Elija Lofton,Receptions,2026-10-03,Miami,Clemson,4,0.07777777777777778,-14.0,1,,2.57,3.0,2.5,0.4505,0.539576802507837,-0.21579629629629632,0.4505,-135.0,2.5,betonlineag,W,0.7407407407407407,0.12097999999999998,0.5495,104.0,2.5,betonlineag,L,-1.0
matchup_core,receptions,Dawson Pendergrass,Receptions,2026-10-03,Baylor,Arizona State,4,0.050423280423280425,3.5,1,,1.12,0.0,1.5,0.2535,0.6,-0.61975,0.2535,-200.0,1.5,fliff,L,-1.0,0.6796250000000001,0.7465,125.0,1.5,fliff,W,1.25
matchup_core,receptions,Kyson Brown,Receptions,2026-10-03,Arizona State,Baylor,3,0.058996558996559,-3.5,1,,1.68,1.0,1.5,0.382,0.43928719436386243,-0.21689999999999998,0.382,105.0,1.5,fliff,L,-1.0,-0.007454545454545436,0.618,-165.0,1.5,fliff,W,0.6060606060606061
matchup_core,receptions,Isaiah Johnson,Receptions,2026-10-03,Cincinnati,Arizona,4,0.16313625890238792,7.0,1,,3.62,6.0,3.5,0.4495,0.48149290561381863,-0.1224047619047619,0.4495,-105.0,3.5,betonlineag,W,0.9523809523809523,-0.0019390243902439042,0.5505,-123.0,3.5,betonlineag,L,-1.0
matchup_core,receptions,Malachi Henry,Receptions,2026-10-03,Cincinnati,Arizona,4,0.06610023041474654,7.0,1,,2.91,1.0,2.5,0.4975,0.47438944435338465,-0.014754901960784272,0.4975,-102.0,2.5,betonlineag,L,-1.0,-0.10183070866141736,0.5025,-127.0,2.5,betonlineag,W,0.7874015748031497
matchup_core,receptions,Isaiah Mizell,Receptions,2026-10-03,Arizona,Cincinnati,3,0.107077721661055,-7.0,1,,2.43,4.0,2.5,0.4215,0.38995689950058143,0.015814999999999912,0.4215,141.0,2.5,betonlineag,W,1.41,-0.10879729729729726,0.5785,-185.0,2.5,betonlineag,L,-1.0
matchup_core,receptions,AJ Little,Receptions,2026-10-03,Southern Miss,Troy,4,0.18256888302260355,9.5,1,,3.24,1.0,3.5,0.3995,0.516439256945586,-0.2730409836065574,0.3995,-122.0,3.5,betonlineag,L,-1.0,0.16700943396226414,0.6005,-106.0,3.5,betonlineag,W,0.9433962264150944
matchup_core,receptions,Howard Kinchen,Receptions,2026-10-03,Troy,Southern Miss,2,0.2588888888888889,-9.5,1,,4.08,2.0,4.5,0.3725,0.41703248463564524,-0.16559999999999997,0.3725,124.0,4.5,fanduel,L,-1.0,0.0055120481927710685,0.6275,-166.0,4.5,fanduel,W,0.6024096385542169
matchup_core,receptions,Jace Petty,Receptions,2026-10-03,Troy,Southern Miss,4,0.1382142857142857,-9.5,1,,2.93,2.0,2.5,0.505,0.4248366013071895,0.11099999999999999,0.505,120.0,2.5,fanduel,L,-1.0,-0.195625,0.495,-160.0,2.5,fanduel,W,0.625
matchup_core,receptions,Noreel White,Receptions,2026-10-03,Troy,Southern Miss,4,0.1334126984126984,-9.5,1,,2.53,1.0,2.5,0.4445,0.4248366013071895,-0.02210000000000001,0.4445,120.0,2.5,fanduel,L,-1.0,-0.09731250000000002,0.5555,-160.0,2.5,fanduel,W,0.625
matchup_core,receptions,James Resar,Receptions,2026-10-10,Florida International,New Mexico State,3,0.16104594330400782,-7.0,1,,2.74,3.0,2.5,0.4755,0.48149290561381863,-0.07164285714285717,0.4755,-105.0,2.5,betonlineag,W,0.9523809523809523,-0.04907723577235773,0.5245,-123.0,2.5,betonlineag,L,-1.0
matchup_core,receptions,Josiah Thomas,Receptions,2026-10-10,New Mexico State,Florida International,5,0.1495412444153863,7.0,1,,3.43,1.0,3.5,0.43,0.4564539116366858,-0.11419999999999991,0.43,106.0,3.5,betonlineag,L,-1.0,-0.013941605839416116,0.57,-137.0,3.5,betonlineag,W,0.7299270072992701
matchup_core,receptions,Maguire Anderson,Receptions,2026-10-10,Florida International,New Mexico State,4,0.2747434017595308,-7.0,1,,5.19,1.0,5.5,0.395,0.539576802507837,-0.3124074074074074,0.395,-135.0,5.5,betonlineag,L,-1.0,0.23419999999999996,0.605,104.0,5.5,betonlineag,W,1.04
matchup_core,receptions,Jonathan Stafford Jr.,Receptions,2026-10-10,Western Kentucky,Missouri State,5,0.26455375253549696,1.5,1,,5.43,6.0,6.5,0.2815,0.5185070943861814,-0.4896382113821139,0.2815,-123.0,6.5,betonlineag,L,-1.0,0.4027857142857143,0.7185,-105.0,6.5,betonlineag,W,0.9523809523809523
matchup_core,receptions,Mekhi Miller,Receptions,2026-10-10,Missouri State,Western Kentucky,3,0.12417027417027417,-1.5,1,,2.83,5.0,2.5,0.4755,0.5946590367191226,-0.24804651162790692,0.4755,-172.0,2.5,betonlineag,W,0.5813953488372093,0.21683999999999998,0.5245,132.0,2.5,betonlineag,L,-1.0
matchup_core,receptions,Isaiah Myers,Receptions,2026-10-10,Missouri State,Western Kentucky,3,0.27178932178932175,-1.5,1,,4.21,3.0,5.5,0.2585,0.49179655455291227,-0.5065000000000001,0.2585,-110.0,5.5,betonlineag,L,-1.0,0.3698898305084746,0.7415,-118.0,5.5,betonlineag,W,0.847457627118644
matchup_core,receptions,Jeremiah Jones-Thomas,Receptions,2026-10-10,South Alabama,Arkansas State,5,0.2467904076599729,3.0,1,,4.08,1.0,3.5,0.5505,0.46042319749216293,0.12302000000000002,0.5505,104.0,3.5,betonlineag,L,-1.0,-0.21753703703703703,0.4495,-135.0,3.5,betonlineag,W,0.7407407407407407
matchup_core,receptions,Brendan Jenkins,Receptions,2026-10-10,South Alabama,Arkansas State,5,0.2130067999633217,3.0,1,,3.8,1.0,3.5,0.4865,0.48149290561381863,-0.05016666666666664,0.4865,-105.0,3.5,betonlineag,L,-1.0,-0.06902032520325208,0.5135,-123.0,3.5,betonlineag,W,0.8130081300813008
matchup_core,receptions,AJ Wilson,Receptions,2026-10-10,UTSA,South Florida,5,0.13506281377424753,-5.5,1,,3.42,2.0,4.5,0.2795,0.44351918899348297,-0.40746,0.2795,112.0,4.5,betonlineag,L,-1.0,0.21739655172413797,0.7205,-145.0,4.5,betonlineag,W,0.6896551724137931
matchup_core,receptions,Mekhi Anderson,Receptions,2026-10-10,UTSA,South Florida,5,0.1845100997006623,-5.5,1,,3.79,3.0,3.5,0.482,0.539576802507837,-0.16096296296296303,0.482,-135.0,3.5,betonlineag,L,-1.0,0.056720000000000104,0.518,104.0,3.5,betonlineag,W,1.04
matchup_core,receptions,Anthony Carrie,Receptions,2026-10-10,Florida International,New Mexico State,4,0.045454545454545456,-7.0,1,,1.45,1.0,2.5,0.1555,0.4096045197740113,-0.6579,0.1555,120.0,2.5,fliff,L,-1.0,0.28897368421052627,0.8445,-190.0,2.5,fliff,W,0.5263157894736842
matchup_core,receptions,Jackson Verdugo,Receptions,2026-10-10,Florida International,New Mexico State,4,0.06298875855327468,-7.0,1,,1.74,1.0,1.5,0.532,0.5178412132024978,-0.07392592592592595,0.532,-135.0,1.5,fliff,L,-1.0,-0.1250434782608696,0.468,-115.0,1.5,fliff,W,0.8695652173913043
matchup_core,receptions,James Jones,Receptions,2026-10-10,New Mexico State,Florida International,5,0.052729650212487746,7.0,1,,1.45,3.0,1.5,0.367,0.3408567480423768,-0.027450000000000085,0.367,165.0,1.5,fliff,W,1.65,-0.13255555555555557,0.633,-270.0,1.5,fliff,L,-1.0
matchup_core,receptions,Darius Cannon,Receptions,2026-10-10,Jacksonville State,Kennesaw State,5,0.17603939516309958,-3.0,1,,2.99,4.0,4.5,0.1825,0.3993154592127781,-0.57295,0.1825,134.0,4.5,fanduel,L,-1.0,0.27166666666666667,0.8175,-180.0,4.5,fanduel,W,0.5555555555555556
matchup_core,receptions,Deondre Johnson,Receptions,2026-10-10,Jacksonville State,Kennesaw State,5,0.1575977026966393,-3.0,1,,3.25,4.0,3.5,0.4015,0.3993154592127781,-0.06048999999999993,0.4015,134.0,3.5,fanduel,W,1.34,-0.069,0.5985,-180.0,3.5,fanduel,L,-1.0
matchup_core,receptions,Brayden Munroe,Receptions,2026-10-10,Kennesaw State,Jacksonville State,4,0.14957836281365694,3.0,1,,2.92,6.0,2.5,0.5005,0.5585303332383936,-0.16132432432432436,0.5005,-148.0,2.5,fanduel,W,0.6756756756756757,0.0589400000000001,0.4995,112.0,2.5,fanduel,L,-1.0
matchup_core,receptions,Joshua Porter,Receptions,2026-10-10,South Florida,UTSA,5,0.21796244622250813,5.5,1,,3.7,2.0,3.5,0.4595,0.4564539116366858,-0.05342999999999992,0.4595,106.0,3.5,betonlineag,L,-1.0,-0.06497445255474454,0.5405,-137.0,3.5,betonlineag,W,0.7299270072992701
matchup_core,receptions,Bryson Rodgers,Receptions,2026-10-10,South Florida,UTSA,5,0.27790502995456556,5.5,1,,4.18,5.0,3.5,0.565,0.5347344777795604,-0.006969696969697015,0.565,-132.0,3.5,betonlineag,W,0.7575757575757576,-0.12129999999999996,0.435,102.0,3.5,betonlineag,L,-1.0
matchup_core,receptions,Hunter Summers,Receptions,2026-10-10,Arkansas State,South Alabama,5,0.2158824508824509,-3.0,1,,4.12,9.0,4.5,0.383,0.4498870615467902,-0.19952999999999993,0.383,109.0,4.5,betonlineag,W,1.09,0.05458865248226952,0.617,-141.0,4.5,betonlineag,L,-1.0
matchup_core,receptions,Chauncy Cobb,Receptions,2026-10-10,Arkansas State,South Alabama,5,0.28656010656010655,-3.0,1,,4.46,2.0,5.5,0.286,0.44351918899348297,-0.39368,0.286,112.0,5.5,betonlineag,L,-1.0,0.20641379310344832,0.714,-145.0,5.5,betonlineag,W,0.6896551724137931
matchup_core,receptions,Jaylen Bonelli,Receptions,2026-10-10,Arkansas State,South Alabama,5,0.15752247752247753,-3.0,1,,3.38,5.0,3.5,0.421,0.46322988528598974,-0.14536999999999994,0.421,103.0,3.5,betonlineag,W,1.03,0.014338345864661595,0.579,-133.0,3.5,betonlineag,L,-1.0
matchup_core,receptions,Jamari Person,Receptions,2026-10-10,Liberty,Sam Houston,5,0.1613499245852187,-13.5,1,,2.45,1.0,2.5,0.429,0.5030953363598846,-0.19795652173913042,0.429,-115.0,2.5,betonlineag,L,-1.0,0.08082142857142854,0.571,-112.0,2.5,betonlineag,W,0.8928571428571429
matchup_core,receptions,Makai Jackson,Receptions,2026-10-10,Liberty,Sam Houston,5,0.2955505279034691,-13.5,1,,3.61,3.0,3.5,0.449,0.5867448807441689,-0.28213772455089825,0.449,-167.0,3.5,betonlineag,L,-1.0,0.2507700000000001,0.551,127.0,3.5,betonlineag,W,1.27
matchup_core,receptions,Tim Burns Jr.,Receptions,2026-10-10,Sam Houston,Liberty,3,0.0885814668423364,13.5,1,,2.8,2.0,2.5,0.4755,0.38961038961038963,0.1412,0.4755,140.0,2.5,fanduel,L,-1.0,-0.19651063829787235,0.5245,-188.0,2.5,fanduel,W,0.5319148936170213
matchup_core,receptions,Grady O'Neill,Receptions,2026-10-10,Sam Houston,Liberty,4,0.221582674571805,13.5,1,,4.85,3.0,5.5,0.3335,0.46209273182957394,-0.32632999999999995,0.3335,102.0,5.5,fanduel,L,-1.0,0.15657352941176472,0.6665,-136.0,5.5,fanduel,W,0.7352941176470589
matchup_core,receptions,Chris Reed,Receptions,2026-10-10,Sam Houston,Liberty,4,0.11113306982872201,13.5,1,,3.23,3.0,3.5,0.3985,0.48768472906403937,-0.2325185185185185,0.3985,-108.0,3.5,betonlineag,L,-1.0,0.10275000000000006,0.6015,-120.0,3.5,betonlineag,W,0.8333333333333334
matchup_core,receptions,Rod Gibbs,Receptions,2026-10-10,South Alabama,Arkansas State,4,0.11021164825512653,3.0,1,,2.13,2.0,1.5,0.582,0.5693779904306221,-0.0756470588235294,0.582,-170.0,1.5,fliff,W,0.5882352941176471,-0.12219999999999992,0.418,110.0,1.5,fliff,L,-1.0
matchup_core,receptions,Keenan Phillips,Receptions,2026-10-10,South Alabama,Arkansas State,5,0.08506372854198942,3.0,1,,1.46,1.0,1.5,0.367,0.36933407946278674,-0.10085,0.367,145.0,1.5,fliff,L,-1.0,-0.09178260869565219,0.633,-230.0,1.5,fliff,W,0.43478260869565216
matchup_core,receptions,D.J. Crowther,Receptions,2026-10-10,South Florida,UTSA,5,0.0668624502432552,5.5,1,,1.62,2.0,1.5,0.367,0.4731182795698925,-0.2993636363636364,0.367,-110.0,1.5,fliff,W,0.9090909090909091,0.08514285714285719,0.633,-140.0,1.5,fliff,L,-1.0
matchup_full,receptions,Umari Hatcher,Receptions,2026-09-19,Syracuse,Pittsburgh,2,0.3018181818181818,10.5,1,,5.63,3.0,5.5,0.4535,0.4693877551020408,-0.09299999999999997,0.4535,100.0,5.5,betonlineag,L,-1.0,-0.0331153846153846,0.5465,-130.0,5.5,betonlineag,W,0.7692307692307693
matchup_full,receptions,Cooper Barkate,Receptions,2026-09-19,Miami,Wake Forest,2,0.1037037037037037,-20.5,1,,2.97,4.0,3.5,0.316,0.5904601300891351,-0.500279069767442,0.316,-172.0,3.5,fanduel,W,0.5813953488372093,0.55952,0.684,128.0,3.5,fanduel,L,-1.0
matchup_full,receptions,Carlos Hernandez,Receptions,2026-09-19,Wake Forest,Miami,2,0.30113636363636365,20.5,1,,4.64,10.0,4.5,0.4535,0.563470066518847,-0.2481447368421052,0.4535,-152.0,4.5,fanduel,W,0.6578947368421053,0.16950999999999994,0.5465,114.0,4.5,fanduel,L,-1.0
matchup_full,receptions,Malachi Toney,Receptions,2026-09-19,Miami,Wake Forest,2,0.2740740740740741,-20.5,1,,6.57,12.0,6.5,0.4465,0.5141838223374939,-0.18751639344262294,0.4465,-122.0,6.5,fanduel,W,0.819672131147541,0.06599999999999995,0.5535,-108.0,6.5,fanduel,L,-1.0
matchup_full,receptions,Coy Eakin,Receptions,2026-09-19,Texas Tech,Houston,2,0.1813186813186813,-7.5,1,,3.26,3.0,3.5,0.41,0.5,-0.23035087719298247,0.41,-114.0,3.5,fanduel,L,-1.0,0.10754385964912277,0.59,-114.0,3.5,fanduel,W,0.8771929824561403
matchup_full,receptions,Patrick Overmyer,Receptions,2026-09-19,Houston,Texas Tech,2,0.21666666666666667,7.5,1,,3.32,8.0,3.5,0.418,0.4391556877744723,-0.10548000000000002,0.418,114.0,3.5,fanduel,W,1.14,-0.02475675675675676,0.582,-148.0,3.5,fanduel,L,-1.0
matchup_full,receptions,Amare Thomas,Receptions,2026-09-19,Houston,Texas Tech,2,0.30000000000000004,7.5,1,,4.97,7.0,4.5,0.533,0.571741584224155,-0.12965822784810127,0.533,-158.0,4.5,fanduel,W,0.6329113924050633,0.23488095238095236,0.6325,-105.0,5.5,betonlineag,L,-1.0
matchup_full,receptions,Koby Young,Receptions,2026-09-19,Houston,Texas Tech,2,0.125,7.5,1,,2.77,2.0,1.5,0.712,0.47591522157996147,0.39661538461538465,0.712,-104.0,1.5,fanduel,W,0.9615384615384616,-0.06608267716535432,0.5225,-127.0,2.5,betonlineag,W,0.7874015748031497
matchup_full,receptions,Kenny Johnson,Receptions,2026-09-19,Texas Tech,Houston,2,0.19597069597069597,-7.5,1,,3.9,4.0,4.5,0.3575,0.3993154592127781,-0.16344999999999993,0.3575,134.0,4.5,fanduel,L,-1.0,-0.0005555555555555314,0.6425,-180.0,4.5,fanduel,W,0.5555555555555556
matchup_full,receptions,Trent Walker,Receptions,2026-09-19,Houston,Texas Tech,2,0.11666666666666667,7.5,1,,2.48,2.0,2.5,0.433,0.4451682953311618,-0.09069999999999989,0.433,110.0,2.5,fanduel,L,-1.0,-0.04464383561643842,0.567,-146.0,2.5,fanduel,W,0.684931506849315
matchup_full,receptions,J'Koby Williams,Receptions,2026-09-19,Texas Tech,Houston,2,0.20146520146520147,-7.5,1,,2.96,3.0,2.5,0.5205,0.48987854251012153,-0.006318181818181834,0.5205,-110.0,2.5,espnbet,W,0.9090909090909091,-0.12091666666666662,0.4795,-120.0,2.5,espnbet,L,-1.0
matchup_full,receptions,Cameron Dickey,Receptions,2026-09-19,Texas Tech,Houston,2,0.038461538461538464,-7.5,1,,1.4,1.0,1.5,0.3705,0.35443037974683544,-0.05522499999999997,0.3705,155.0,1.5,fliff,L,-1.0,-0.11870000000000003,0.6295,-250.0,1.5,fliff,W,0.4
matchup_full,receptions,Omarion Miller,Receptions,2026-09-19,Arizona State,Kansas,2,0.36813186813186816,-5.5,1,,6.43,3.0,5.5,0.611,0.4414696667616063,0.29532,0.611,112.0,5.5,fanduel,L,-1.0,-0.34816216216216217,0.389,-148.0,5.5,fanduel,W,0.6756756756756757
matchup_full,receptions,Keaton Kubecka,Receptions,2026-09-19,Kansas,Arizona State,2,0.1349206349206349,5.5,1,,2.67,1.0,3.5,0.2865,0.40640759418570166,-0.34105,0.2865,130.0,3.5,fanduel,L,-1.0,0.12355747126436784,0.7135,-174.0,3.5,fanduel,W,0.5747126436781609
matchup_full,receptions,Reed Harris,Receptions,2026-09-19,Arizona State,Kansas,2,0.32967032967032966,-5.5,1,,6.13,4.0,4.5,0.743,0.4718423169750603,0.47143137254901957,0.743,-102.0,4.5,fanduel,L,-1.0,-0.5453076923076923,0.257,-130.0,4.5,fanduel,W,0.7692307692307693
matchup_full,receptions,Nik McMillan,Receptions,2026-09-19,Kansas,Arizona State,2,0.23809523809523808,5.5,1,,3.35,4.0,3.5,0.422,0.41703248463564524,-0.05471999999999999,0.422,124.0,3.5,fanduel,W,1.24,-0.07380722891566266,0.578,-166.0,3.5,fanduel,L,-1.0
matchup_full,receptions,Omari Hayes,Receptions,2026-09-19,Iowa State,Bowling Green,2,0.26111111111111107,-22.5,1,,2.68,1.0,2.5,0.473,0.5306122448979592,-0.16315384615384615,0.473,-130.0,2.5,betonlineag,L,-1.0,0.05400000000000005,0.527,100.0,2.5,betonlineag,W,1.0
matchup_full,receptions,Jordan Shipp,Receptions,2026-09-19,North Carolina,Clemson,2,0.21180555555555555,3.0,1,,3.75,6.0,5.5,0.2065,0.40640759418570166,-0.52505,0.2065,130.0,5.5,fanduel,W,1.3,0.24953448275862064,0.7935,-174.0,5.5,fanduel,L,-1.0
matchup_full,receptions,T.J. Moore,Receptions,2026-09-19,Clemson,North Carolina,2,0.31785714285714284,-3.0,1,,4.58,7.0,3.5,0.632,0.5281576830249397,0.11815384615384616,0.632,-130.0,3.5,fanduel,W,0.7692307692307693,-0.2712156862745098,0.368,-102.0,3.5,fanduel,L,-1.0
matchup_full,receptions,Jelani Thurman,Receptions,2026-09-19,North Carolina,Clemson,2,0.2361111111111111,3.0,1,,3.77,3.0,3.5,0.4835,0.48581617766250607,-0.06881481481481477,0.4835,-108.0,3.5,fanduel,L,-1.0,-0.060139344262295114,0.5165,-122.0,3.5,fanduel,W,0.819672131147541
matchup_full,receptions,Mason Humphrey,Receptions,2026-09-19,North Carolina,Clemson,2,0.059027777777777776,3.0,1,,1.96,1.0,2.5,0.286,0.4718423169750603,-0.4336078431372549,0.286,-102.0,2.5,fanduel,L,-1.0,0.2632307692307692,0.714,-130.0,2.5,fanduel,W,0.7692307692307693
matchup_full,receptions,Bryant Wesco Jr.,Receptions,2026-09-19,Clemson,North Carolina,2,0.22142857142857142,-3.0,1,,3.88,5.0,3.5,0.5105,0.5585303332383936,-0.1445675675675676,0.5105,-148.0,3.5,fanduel,W,0.6756756756756757,0.03774000000000011,0.4895,112.0,3.5,fanduel,L,-1.0
matchup_full,receptions,Trech Kekahuna,Receptions,2026-09-19,North Carolina,Clemson,2,0.12152777777777778,3.0,1,,2.29,2.0,2.5,0.3075,0.42825841577584495,-0.32965000000000005,0.3075,118.0,2.5,fanduel,L,-1.0,0.1307911392405064,0.6925,-158.0,2.5,fanduel,W,0.6329113924050633
matchup_full,receptions,Lotzeir Brooks,Receptions,2026-09-19,Alabama,Florida State,2,0.20888157894736842,-18.5,1,,3.17,8.0,3.5,0.3695,0.5418848167539266,-0.36274637681159416,0.3695,-138.0,3.5,fanduel,W,0.7246376811594203,0.28622,0.6305,104.0,3.5,fanduel,L,-1.0
matchup_full,receptions,Rico Scott,Receptions,2026-09-19,Alabama,Florida State,2,0.14638157894736842,-18.5,1,,2.88,4.0,2.5,0.4885,0.5510744774801296,-0.17226388888888888,0.4885,-144.0,2.5,fanduel,W,0.6944444444444444,0.06392000000000003,0.5115,108.0,2.5,fanduel,L,-1.0
matchup_full,receptions,Duce Robinson,Receptions,2026-09-19,Florida State,Alabama,2,0.1715686274509804,18.5,1,,3.18,6.0,3.5,0.371,0.42146580014156115,-0.17638000000000004,0.371,122.0,3.5,fanduel,W,1.22,0.017271604938271568,0.629,-162.0,3.5,fanduel,L,-1.0
matchup_full,receptions,Micahi Danzy,Receptions,2026-09-19,Florida State,Alabama,2,0.20098039215686275,18.5,1,,2.95,3.0,2.5,0.516,0.43297422610118635,0.11456,0.516,116.0,2.5,fanduel,W,1.16,-0.20171428571428573,0.484,-154.0,2.5,fanduel,L,-1.0
matchup_full,receptions,Jayvan Boggs,Receptions,2026-09-19,Florida State,Alabama,2,0.15441176470588236,18.5,1,,2.43,2.0,1.5,0.6625,0.47438944435338465,0.3120098039215685,0.6625,-102.0,1.5,betonlineag,W,0.9803921568627451,-0.39675196850393696,0.3375,-127.0,1.5,betonlineag,L,-1.0
matchup_full,receptions,Mario Craver,Receptions,2026-09-19,Texas A&M,Kentucky,2,0.2,-16.5,1,,3.56,11.0,4.5,0.308,0.48768472906403937,-0.40681481481481474,0.308,-108.0,4.5,betonlineag,W,0.9259259259259259,0.26866666666666666,0.692,-120.0,4.5,betonlineag,L,-1.0
matchup_full,receptions,Isaiah Horton,Receptions,2026-09-19,Texas A&M,Kentucky,2,0.18,-16.5,1,,3.91,5.0,2.5,0.698,0.5767835550181378,0.13699371069182387,0.698,-159.0,2.5,betonlineag,W,0.6289308176100629,-0.32955999999999996,0.302,122.0,2.5,betonlineag,L,-1.0
matchup_full,receptions,TreyShun Hurry,Receptions,2026-09-19,Louisville,SMU,2,0.15873015873015872,-3.0,1,,3.33,1.0,3.5,0.4185,0.3993154592127781,-0.020710000000000006,0.4185,134.0,3.5,fanduel,L,-1.0,-0.09544444444444439,0.5815,-180.0,3.5,fanduel,W,0.5555555555555556
matchup_full,receptions,Jaleel Skinner,Receptions,2026-09-19,Louisville,SMU,2,0.13095238095238093,-3.0,1,,2.71,3.0,2.5,0.4775,0.5,-0.10364035087719298,0.4775,-114.0,2.5,fanduel,W,0.8771929824561403,-0.01916666666666672,0.5225,-114.0,2.5,fanduel,L,-1.0
matchup_full,receptions,Yamir Knight,Receptions,2026-09-19,SMU,Louisville,2,0.17094017094017094,3.0,1,,4.06,7.0,5.5,0.2425,0.5379072681704261,-0.5791911764705882,0.2425,-136.0,5.5,fanduel,W,0.7352941176470589,0.5301499999999999,0.7575,102.0,5.5,fanduel,L,-1.0
matchup_full,receptions,Jalen Cooper,Receptions,2026-09-19,SMU,Louisville,2,0.09544159544159544,3.0,1,,2.64,1.0,3.5,0.2805,0.5,-0.4734473684210526,0.2805,-114.0,3.5,fanduel,L,-1.0,0.350640350877193,0.7195,-114.0,3.5,fanduel,W,0.8771929824561403
matchup_full,receptions,Tre Richardson,Receptions,2026-09-19,Louisville,SMU,2,0.2777777777777778,-3.0,1,,4.4,4.0,4.5,0.4285,0.5281576830249397,-0.24188461538461536,0.4285,-130.0,4.5,fanduel,L,-1.0,0.13179411764705884,0.5715,-102.0,4.5,fanduel,W,0.9803921568627451
matchup_full,receptions,Mark Bowman,Receptions,2026-09-19,USC,Rutgers,3,0.167816091954023,-21.0,1,,3.6,3.0,2.5,0.633,0.5256105556466153,0.13142519685039372,0.633,-127.0,2.5,betonlineag,W,0.7874015748031497,-0.27319607843137256,0.367,-102.0,2.5,betonlineag,L,-1.0
matchup_full,receptions,KJ Duff,Receptions,2026-09-19,Rutgers,USC,2,0.4267676767676768,21.0,1,,6.03,7.0,6.5,0.378,0.5051597457277305,-0.29613793103448277,0.378,-116.0,6.5,betonlineag,W,0.8620689655172413,0.1823603603603604,0.622,-111.0,6.5,betonlineag,L,-1.0
matchup_full,receptions,Jourdin Houston,Receptions,2026-09-19,Rutgers,USC,2,0.2297979797979798,21.0,1,,4.16,2.0,2.5,0.7475,0.5318542641970282,0.32250000000000006,0.7475,-130.0,2.5,betonlineag,L,-1.0,-0.49247500000000005,0.2525,101.0,2.5,betonlineag,W,1.01
matchup_full,receptions,Jonanthony Hall,Receptions,2026-09-19,Stanford,Duke,2,0.06818181818181818,9.5,1,,2.4,2.0,2.5,0.42,0.5191532258064516,-0.24399999999999994,0.42,-125.0,2.5,fanduel,L,-1.0,0.12716981132075472,0.58,-106.0,2.5,fanduel,W,0.9433962264150944
matchup_full,receptions,Jonah Burton,Receptions,2026-09-19,Duke,Stanford,2,0.24871794871794872,-9.5,1,,3.05,1.0,4.5,0.188,0.3993154592127781,-0.56008,0.188,134.0,4.5,fanduel,L,-1.0,0.2631111111111112,0.812,-180.0,4.5,fanduel,W,0.5555555555555556
matchup_full,receptions,Nate Sheppard,Receptions,2026-09-19,Duke,Stanford,2,0.28205128205128205,-9.5,1,,2.64,1.0,3.5,0.2815,0.4581151832460733,-0.42574000000000006,0.2815,104.0,3.5,fanduel,L,-1.0,0.23915217391304355,0.7185,-138.0,3.5,fanduel,W,0.7246376811594203
matchup_full,receptions,Jeremiah Hasley,Receptions,2026-09-19,Duke,Stanford,2,0.17692307692307693,-9.5,1,,2.96,5.0,4.5,0.1735,0.5,-0.6743070175438597,0.1735,-114.0,4.5,fanduel,W,0.8771929824561403,0.5515,0.8265,-114.0,4.5,fanduel,L,-1.0
matchup_full,receptions,Vernell Brown III,Receptions,2026-09-19,Florida,Auburn,2,0.2125,-2.5,1,,3.85,5.0,5.5,0.2165,0.5457986373959122,-0.6288571428571428,0.2165,-140.0,5.5,fanduel,L,-1.0,0.61401,0.7835,106.0,5.5,fanduel,W,1.06
matchup_full,receptions,Dallas Wilson,Receptions,2026-09-19,Florida,Auburn,2,0.17916666666666667,-2.5,1,,3.39,4.0,3.5,0.428,0.46209273182957394,-0.13543999999999995,0.428,102.0,3.5,fanduel,W,1.02,-0.00741176470588234,0.572,-136.0,3.5,fanduel,L,-1.0
matchup_full,receptions,Keshaun Singleton,Receptions,2026-09-19,Auburn,Florida,2,0.2096153846153846,2.5,1,,4.09,7.0,3.5,0.5565,0.43297422610118635,0.20204,0.5565,116.0,3.5,fanduel,W,1.16,-0.268512987012987,0.4435,-154.0,3.5,fanduel,L,-1.0
matchup_full,receptions,Jeremiah Koger,Receptions,2026-09-19,Auburn,Florida,2,0.14615384615384616,2.5,1,,3.43,1.0,3.5,0.4325,0.4414696667616063,-0.08309999999999995,0.4325,112.0,3.5,fanduel,L,-1.0,-0.04905405405405405,0.5675,-148.0,3.5,fanduel,W,0.6756756756756757
matchup_full,receptions,Chas Nimrod,Receptions,2026-09-19,Auburn,Florida,2,0.2519230769230769,2.5,1,,4.46,6.0,3.5,0.6145,0.5,0.1535350877192983,0.6145,-114.0,3.5,fanduel,W,0.8771929824561403,-0.27634210526315794,0.3855,-114.0,3.5,fanduel,L,-1.0
matchup_full,receptions,Jadan Baugh,Receptions,2026-09-19,Florida,Auburn,2,0.0,-2.5,1,,0.71,1.0,2.5,0.0795,0.4489255225198705,-0.8346399999999999,0.0795,108.0,2.5,fanduel,L,-1.0,0.5597361111111111,0.9205,-144.0,2.5,fanduel,W,0.6944444444444444
matchup_full,receptions,Legend Glasker,Receptions,2026-09-19,BYU,Colorado State,2,0.18198529411764708,-17.5,1,,2.68,5.0,3.5,0.2865,0.49110320284697506,-0.47475,0.2865,-120.0,3.5,fliff,W,0.8333333333333334,0.2623461538461539,0.7135,-130.0,3.5,fliff,L,-1.0
matchup_full,receptions,Kyler Kasper,Receptions,2026-09-19,BYU,Colorado State,2,0.2426470588235294,-17.5,1,,3.79,1.0,3.5,0.488,0.41184971098265893,0.0736,0.488,120.0,3.5,fliff,L,-1.0,-0.21124324324324323,0.512,-185.0,3.5,fliff,W,0.5405405405405406
matchup_full,receptions,LJ Martin,Receptions,2026-09-19,BYU,Colorado State,2,0.09191176470588236,-17.5,1,,1.68,1.0,2.5,0.156,0.5802098950524738,-0.7573333333333333,0.156,-180.0,2.5,fliff,L,-1.0,0.8145999999999999,0.844,115.0,2.5,fliff,W,1.15
matchup_full,receptions,Walker Lyons,Receptions,2026-09-19,BYU,Colorado State,2,0.15257352941176472,-17.5,1,,2.15,2.0,2.5,0.286,0.5394736842105263,-0.5233333333333333,0.286,-150.0,2.5,fliff,L,-1.0,0.39399999999999996,0.714,-105.0,2.5,fliff,W,0.9523809523809523
matchup_full,receptions,DeAndre Moore Jr.,Receptions,2026-09-19,Colorado,Northwestern,2,0.21978021978021978,3.5,1,,3.96,7.0,3.5,0.531,0.4693877551020408,0.062000000000000055,0.531,100.0,3.5,betonlineag,W,1.0,-0.17023076923076924,0.469,-130.0,3.5,betonlineag,L,-1.0
matchup_full,receptions,Dekalon Taylor,Receptions,2026-09-19,Colorado,Northwestern,1,0.14285714285714285,3.5,1,,1.42,2.0,1.5,0.3705,0.40590405904059046,-0.14784999999999993,0.3705,130.0,1.5,hardrockbet,W,1.3,-0.010785714285714343,0.6295,-175.0,1.5,hardrockbet,L,-1.0
matchup_full,receptions,Deuce Alexander,Receptions,2026-09-19,Ole Miss,LSU,2,0.2671957671957672,3.0,1,,4.86,7.0,4.5,0.505,0.563470066518847,-0.16276315789473683,0.505,-152.0,4.5,fanduel,W,0.6578947368421053,0.05929999999999991,0.495,114.0,4.5,fanduel,L,-1.0
matchup_full,receptions,Kewan Lacy,Receptions,2026-09-19,Ole Miss,LSU,2,0.11375661375661375,3.0,1,,2.3,2.0,2.5,0.318,0.45420136260408783,-0.34492,0.318,106.0,2.5,fanduel,L,-1.0,0.1691428571428572,0.682,-140.0,2.5,fanduel,W,0.7142857142857143
matchup_full,receptions,Horatio Fields,Receptions,2026-09-19,Ole Miss,LSU,2,0.1931216931216931,3.0,1,,3.86,5.0,4.5,0.3485,0.41703248463564524,-0.21936,0.3485,124.0,4.5,fanduel,W,1.24,0.04396987951807235,0.6515,-166.0,4.5,fanduel,L,-1.0
matchup_full,receptions,Trey'Dez Green,Receptions,2026-09-19,LSU,Ole Miss,2,0.20202020202020202,-3.0,1,,3.99,4.0,4.5,0.37,0.4489255225198705,-0.2304,0.37,108.0,4.5,fanduel,L,-1.0,0.0675,0.63,-144.0,4.5,fanduel,W,0.6944444444444444
matchup_full,receptions,Caleb Odom,Receptions,2026-09-19,Ole Miss,LSU,1,0.14285714285714285,3.0,1,,2.48,5.0,2.5,0.4335,0.5,-0.1862368421052632,0.4335,-114.0,2.5,fanduel,W,0.8771929824561403,0.0634298245614035,0.5665,-114.0,2.5,fanduel,L,-1.0
matchup_full,receptions,Chris Durr Jr.,Receptions,2026-09-19,Maryland,Virginia Tech,2,0.26285714285714284,2.5,1,,5.95,12.0,5.5,0.526,0.43734082725915513,0.13090000000000002,0.526,115.0,5.5,betonlineag,W,1.15,-0.2078791946308725,0.474,-149.0,5.5,betonlineag,L,-1.0
matchup_full,receptions,Dorian Fleming,Receptions,2026-09-19,Maryland,Virginia Tech,2,0.06285714285714286,2.5,1,,1.88,6.0,2.5,0.286,0.3852511464220966,-0.30216000000000004,0.286,144.0,2.5,betonlineag,W,1.44,0.09177777777777774,0.714,-189.0,2.5,betonlineag,L,-1.0
matchup_full,receptions,Aneyas Williams,Receptions,2026-09-19,Notre Dame,Michigan State,2,0.02631578947368421,-28.5,1,,1.15,2.0,2.5,0.102,0.46209273182957394,-0.79396,0.102,102.0,2.5,fanduel,L,-1.0,0.5582941176470589,0.898,-136.0,2.5,fanduel,W,0.7352941176470589
matchup_full,receptions,Micah Gilbert,Receptions,2026-09-19,Notre Dame,Michigan State,2,0.11894736842105263,-28.5,1,,2.75,8.0,2.5,0.4775,0.5060689431946916,-0.11783898305084745,0.4775,-118.0,2.5,fanduel,W,0.847457627118644,-0.01098214285714283,0.5225,-112.0,2.5,fanduel,L,-1.0
matchup_full,receptions,Jordan Faison,Receptions,2026-09-19,Notre Dame,Michigan State,2,0.18526315789473685,-28.5,1,,3.58,5.0,5.5,0.1905,0.532258064516129,-0.6651818181818182,0.1905,-132.0,5.5,fanduel,L,-1.0,0.619,0.8095,100.0,5.5,fanduel,W,1.0
matchup_full,receptions,Chauncey Magwood,Receptions,2026-09-19,Purdue,UCLA,2,0.09664351851851852,13.5,1,,3.01,2.0,3.5,0.3245,0.5767835550181378,-0.47141194968553457,0.3245,-159.0,3.5,betonlineag,L,-1.0,0.49961,0.6755,122.0,3.5,betonlineag,W,1.22
matchup_full,receptions,Fame Ijeboi,Receptions,2026-09-19,Purdue,UCLA,2,0.13078703703703703,13.5,1,,2.8,0.0,2.5,0.4775,0.5692871193108593,-0.21243506493506492,0.4775,-154.0,2.5,betonlineag,L,-1.0,0.13904999999999995,0.5225,118.0,2.5,betonlineag,W,1.18
matchup_full,receptions,Xavier Townsend,Receptions,2026-09-19,Purdue,UCLA,2,0.22337962962962962,13.5,1,,4.61,6.0,3.5,0.6335,0.4693877551020408,0.26699999999999996,0.6335,100.0,3.5,betonlineag,W,1.0,-0.351576923076923,0.3665,-130.0,3.5,betonlineag,L,-1.0
matchup_full,receptions,De'Nylon Morrissette,Receptions,2026-09-19,Purdue,UCLA,1,0.0625,13.5,1,,2.67,1.0,2.5,0.4725,0.4472667034787409,-0.007749999999999924,0.4725,110.0,2.5,betonlineag,L,-1.0,-0.10361888111888112,0.5275,-143.0,2.5,betonlineag,W,0.6993006993006993
matchup_full,receptions,Asaad Waseem,Receptions,2026-09-19,Purdue,UCLA,2,0.2048611111111111,13.5,1,,4.48,8.0,3.5,0.616,0.5,0.15635087719298246,0.616,-114.0,3.5,betonlineag,W,0.8771929824561403,-0.2791578947368421,0.384,-114.0,3.5,betonlineag,L,-1.0
matchup_full,receptions,Wayne Knight,Receptions,2026-09-19,UCLA,Purdue,2,0.07142857142857142,-13.5,1,,1.46,3.0,1.5,0.3705,0.4947698744769875,-0.29268181818181815,0.3705,-110.0,1.5,hardrockbet,W,0.9090909090909091,0.17689130434782602,0.6295,-115.0,1.5,hardrockbet,L,-1.0
matchup_full,receptions,Censere Lee,Receptions,2026-09-19,Pittsburgh,Syracuse,2,0.12908496732026142,-10.5,1,,3.68,1.0,3.5,0.4585,0.5626591727408448,-0.23378187919463084,0.4585,-149.0,3.5,betonlineag,L,-1.0,0.16422499999999995,0.5415,115.0,3.5,betonlineag,W,1.15
matchup_full,receptions,Antonio Meeks,Receptions,2026-09-19,Wake Forest,Miami,2,0.13068181818181818,20.5,1,,2.75,2.0,2.5,0.4775,0.35622780599631415,0.26059999999999994,0.4775,164.0,2.5,betonlineag,L,-1.0,-0.23671658986175115,0.5225,-217.0,2.5,betonlineag,W,0.4608294930875576
matchup_full,receptions,CJ Brown,Receptions,2026-09-19,Arkansas,Georgia,1,0.125,24.5,1,,2.87,2.0,1.5,0.722,0.5489256569588981,0.23405673758865242,0.722,-141.0,1.5,betonlineag,W,0.7092198581560284,-0.4217599999999999,0.278,108.0,1.5,betonlineag,L,-1.0
matchup_full,receptions,Chris Marshall,Receptions,2026-09-19,Arkansas,Georgia,2,0.25946969696969696,24.5,1,,4.2,7.0,3.5,0.573,0.519675254742772,0.038853658536585345,0.573,-123.0,3.5,betonlineag,W,0.8130081300813008,-0.1624230769230769,0.427,-104.0,3.5,betonlineag,L,-1.0
matchup_full,receptions,Nate Frazier,Receptions,2026-09-19,Georgia,Arkansas,2,0.03125,-24.5,1,,0.7,0.0,1.5,0.2075,0.39999999999999997,-0.5331250000000001,0.2075,125.0,1.5,fliff,L,-1.0,0.18875,0.7925,-200.0,1.5,fliff,W,0.5
matchup_full,receptions,Tyler Brown,Receptions,2026-09-19,Clemson,North Carolina,2,0.17142857142857143,-3.0,1,,3.03,2.0,2.5,0.555,0.4969046636401156,0.05053571428571435,0.555,-112.0,2.5,betonlineag,L,-1.0,-0.16804347826086963,0.445,-115.0,2.5,betonlineag,W,0.8695652173913043
matchup_full,receptions,Jeremiah Smith,Receptions,2026-09-19,Ohio State,Kent State,2,0.36432637571157495,-52.5,1,,6.23,5.0,6.5,0.4075,0.45420136260408783,-0.16055000000000003,0.4075,106.0,6.5,fanduel,L,-1.0,0.01571428571428579,0.5925,-140.0,6.5,fanduel,W,0.7142857142857143
matchup_full,receptions,Devin McCuin,Receptions,2026-09-19,Ohio State,Kent State,2,0.12618595825426945,-52.5,1,,3.66,2.0,3.5,0.455,0.4458598726114649,-0.044499999999999984,0.455,110.0,3.5,hardrockbet,L,-1.0,-0.07913793103448274,0.545,-145.0,3.5,hardrockbet,W,0.6896551724137931
matchup_full,receptions,Andrew Marsh,Receptions,2026-09-19,Michigan,UTEP,2,0.25,-34.5,1,,2.87,10.0,4.5,0.16,0.4023387750376288,-0.47542307692307695,0.2965,-130.0,3.5,hardrockbet,W,0.7692307692307693,0.40700000000000003,0.7035,100.0,3.5,hardrockbet,L,-1.0
matchup_full,receptions,JJ Buchanan,Receptions,2026-09-19,Michigan,UTEP,2,0.3611111111111111,-34.5,1,,4.21,7.0,4.5,0.406,0.43297422610118635,-0.12303999999999998,0.406,116.0,4.5,fanduel,W,1.16,-0.02028571428571435,0.594,-154.0,4.5,fanduel,L,-1.0
matchup_full,receptions,Jordan Marshall,Receptions,2026-09-19,Michigan,UTEP,2,0.08333333333333333,-34.5,1,,1.03,1.0,1.5,0.2295,0.4796954314720812,-0.5519285714285714,0.2295,-105.0,1.5,hardrockbet,L,-1.0,0.3869,0.7705,-125.0,1.5,hardrockbet,W,0.8
matchup_full,receptions,Savion Hiter,Receptions,2026-09-19,Michigan,UTEP,2,0.20833333333333331,-34.5,1,,1.21,0.0,1.5,0.357,0.48987854251012153,-0.3184545454545455,0.357,-110.0,1.5,hardrockbet,L,-1.0,0.1788333333333334,0.643,-120.0,1.5,hardrockbet,W,0.8333333333333334
matchup_full,receptions,Corey Simms,Receptions,2026-09-19,USC,Rutgers,3,0.1007662835249042,-21.0,1,,2.46,4.0,2.5,0.429,0.559015193444145,-0.2791632653061224,0.429,-147.0,2.5,betonlineag,W,0.6802721088435374,0.21622999999999987,0.571,113.0,2.5,betonlineag,L,-1.0
matchup_full,receptions,Micah Ford,Receptions,2026-09-19,Stanford,Duke,2,0.045454545454545456,9.5,1,,1.84,4.0,1.5,0.5575,0.48987854251012153,0.06431818181818183,0.5575,-110.0,1.5,hardrockbet,W,0.9090909090909091,-0.18874999999999997,0.4425,-120.0,1.5,hardrockbet,L,-1.0
matchup_full,receptions,Zion Ragins,Receptions,2026-09-19,Mississippi State,South Carolina,2,0.14930555555555555,3.0,1,,3.25,2.0,2.5,0.579,0.5585303332383936,-0.029783783783783824,0.579,-148.0,2.5,fanduel,L,-1.0,-0.10747999999999991,0.421,112.0,2.5,fanduel,W,1.12
matchup_full,receptions,Anthony Evans III,Receptions,2026-09-19,Mississippi State,South Carolina,2,0.34837962962962965,3.0,1,,5.98,6.0,5.5,0.536,0.45420136260408783,0.10416000000000009,0.536,106.0,5.5,fanduel,W,1.06,-0.20457142857142857,0.464,-140.0,5.5,fanduel,L,-1.0
matchup_full,receptions,Nyck Harbor,Receptions,2026-09-19,South Carolina,Mississippi State,2,0.1835016835016835,-3.0,1,,3.58,1.0,4.5,0.309,0.45420136260408783,-0.36345999999999995,0.309,106.0,4.5,fanduel,L,-1.0,0.18457142857142855,0.691,-140.0,4.5,fanduel,W,0.7142857142857143
matchup_full,receptions,Ayden Greene,Receptions,2026-09-19,Virginia Tech,Maryland,2,0.07118055555555555,-2.5,1,,2.69,4.0,2.5,0.4745,0.3977531934306569,0.11982000000000004,0.4745,136.0,2.5,betonlineag,W,1.36,-0.18092458100558662,0.5255,-179.0,2.5,betonlineag,L,-1.0
matchup_full,receptions,Luke Reynolds,Receptions,2026-09-19,Virginia Tech,Maryland,2,0.2175925925925926,-2.5,1,,4.65,12.0,4.5,0.455,0.5051597457277305,-0.15275862068965523,0.455,-116.0,4.5,betonlineag,W,0.8620689655172413,0.03599099099099101,0.545,-111.0,4.5,betonlineag,L,-1.0
matchup_full,receptions,Rocky Beers,Receptions,2026-09-19,Oklahoma,New Mexico,2,0.25980392156862747,-21.5,1,,3.39,2.0,3.5,0.4275,0.48987854251012153,-0.1838636363636364,0.4275,-110.0,3.5,fanduel,L,-1.0,0.04958333333333337,0.5725,-120.0,3.5,fanduel,W,0.8333333333333334
matchup_full,receptions,Kameron Courtney,Receptions,2026-09-19,Virginia,West Virginia,2,0.25,-10.5,1,,2.82,5.0,3.5,0.29,0.4808467741935484,-0.4364150943396226,0.29,-106.0,3.5,fanduel,W,0.9433962264150944,0.27799999999999997,0.71,-125.0,3.5,fanduel,L,-1.0
matchup_full,receptions,TyLyric Coleman,Receptions,2026-09-19,Virginia,West Virginia,2,0.19444444444444442,-10.5,1,,2.74,1.0,3.5,0.29,0.40953986991086483,-0.3388,0.29,128.0,3.5,fanduel,L,-1.0,0.12279069767441864,0.71,-172.0,3.5,fanduel,W,0.5813953488372093
matchup_full,receptions,Cam Coleman,Receptions,2026-09-19,Texas,UTSA,2,0.12290969899665552,-29.5,1,,3.4,4.0,4.5,0.288,0.5191532258064516,-0.4816,0.288,-125.0,4.5,fanduel,L,-1.0,0.38369811320754715,0.712,-106.0,4.5,fanduel,W,0.9433962264150944
matchup_full,receptions,Emmett Mosley V,Receptions,2026-09-19,Texas,UTSA,2,0.16638795986622074,-29.5,1,,3.72,3.0,3.5,0.467,0.43297422610118635,0.00871999999999995,0.467,116.0,3.5,fanduel,L,-1.0,-0.12089610389610389,0.533,-154.0,3.5,fanduel,W,0.6493506493506493
matchup_full,receptions,Ryan Wingo,Receptions,2026-09-19,Texas,UTSA,2,0.22157190635451504,-29.5,1,,4.58,2.0,5.5,0.309,0.4581151832460733,-0.3696399999999999,0.309,104.0,5.5,fanduel,L,-1.0,0.19172463768115938,0.691,-138.0,5.5,fanduel,W,0.7246376811594203
matchup_full,receptions,Javon Tracy,Receptions,2026-09-19,Minnesota,Akron,2,0.20905707196029777,-22.5,1,,4.98,5.0,4.5,0.536,0.5721476510067114,-0.11819354838709678,0.536,-155.0,4.5,espnbet,W,0.6451612903225806,0.02079999999999993,0.464,120.0,4.5,espnbet,L,-1.0
matchup_full,receptions,Noah Jennings,Receptions,2026-09-19,Minnesota,Akron,2,0.1705955334987593,-22.5,1,,4.32,5.0,3.5,0.5905,0.4693877551020408,0.18100000000000005,0.5905,100.0,3.5,espnbet,W,1.0,-0.2755,0.4095,-130.0,3.5,espnbet,L,-1.0
matchup_full,receptions,Jalen Smith,Receptions,2026-09-19,Minnesota,Akron,2,0.13833746898263027,-22.5,1,,3.96,2.0,3.5,0.528,0.5051597457277305,-0.01682758620689656,0.528,-116.0,3.5,betonlineag,L,-1.0,-0.10277477477477481,0.472,-111.0,3.5,betonlineag,W,0.9009009009009009
matchup_full,receptions,Marcel Williams,Receptions,2026-09-19,Akron,Minnesota,1,0.14285714285714285,22.5,1,,3.39,4.0,4.5,0.2865,0.4693877551020408,-0.42700000000000005,0.2865,100.0,4.5,hardrockbet,L,-1.0,0.2623461538461539,0.7135,-130.0,4.5,hardrockbet,W,0.7692307692307693
matchup_full,receptions,Jaron Tibbs,Receptions,2026-09-19,Kansas State,Tulane,2,0.14545454545454545,-20.5,1,,3.27,9.0,3.5,0.4135,0.43310875842155927,-0.1027050000000001,0.4135,117.0,3.5,betonlineag,W,1.17,-0.027644736842105222,0.5865,-152.0,3.5,betonlineag,L,-1.0
matchup_full,receptions,Tristen Brown,Receptions,2026-09-19,Vanderbilt,NC State,2,0.08496732026143791,-3.0,1,,2.49,4.0,2.5,0.434,0.5909989356849628,-0.3091952662721893,0.434,-169.0,2.5,betonlineag,W,0.591715976331361,0.3018,0.566,130.0,2.5,betonlineag,L,-1.0
matchup_full,receptions,Junior Sherrill,Receptions,2026-09-19,Vanderbilt,NC State,2,0.25816993464052285,-3.0,1,,4.17,6.0,4.5,0.401,0.5692871193108593,-0.3386103896103896,0.401,-154.0,4.5,betonlineag,W,0.6493506493506493,0.30581999999999987,0.599,118.0,4.5,betonlineag,L,-1.0
matchup_full,receptions,Griffin Wilde,Receptions,2026-09-19,Northwestern,Colorado,1,0.21428571428571427,-3.5,1,,3.55,5.0,5.5,0.1885,0.4677419354838709,-0.623,0.1885,100.0,5.5,fanduel,L,-1.0,0.42627272727272725,0.8115,-132.0,5.5,fanduel,W,0.7575757575757576
matchup_full,receptions,Drew Wagner,Receptions,2026-09-19,Northwestern,Colorado,1,0.21428571428571427,-3.5,1,,3.7,2.0,2.5,0.6445,0.5379072681704261,0.11839705882352941,0.6445,-136.0,2.5,fanduel,L,-1.0,-0.28189,0.3555,102.0,2.5,fanduel,W,1.02
matchup_full,receptions,Brian Rowe Jr.,Receptions,2026-09-19,UCLA,Purdue,2,0.2857142857142857,-13.5,1,,3.29,2.0,3.5,0.416,0.5379072681704261,-0.27811764705882347,0.416,-136.0,3.5,fanduel,L,-1.0,0.17968,0.584,102.0,3.5,fanduel,W,1.02
matchup_full,receptions,Landon Ellis,Receptions,2026-09-19,UCLA,Purdue,1,0.07142857142857142,-13.5,1,,2.04,3.0,2.5,0.286,0.35364526659412404,-0.24496,0.286,164.0,2.5,fanduel,W,1.64,0.031333333333333324,0.714,-225.0,2.5,fanduel,L,-1.0
matchup_full,receptions,Cataurus Hicks,Receptions,2026-09-19,Pittsburgh,Syracuse,2,0.1568627450980392,-10.5,1,,4.03,1.0,4.5,0.3765,0.40640759418570166,-0.13405000000000006,0.3765,130.0,4.5,fanduel,L,-1.0,-0.018166666666666664,0.6235,-174.0,4.5,fanduel,W,0.5747126436781609
matchup_full,receptions,Donovan Olugbode,Receptions,2026-09-19,Missouri,Troy,2,0.3117408906882591,-26.5,1,,5.42,3.0,5.5,0.4315,0.47539370078740156,-0.1575476190476191,0.4315,-105.0,5.5,hardrockbet,L,-1.0,0.005807692307692347,0.5685,-130.0,5.5,hardrockbet,W,0.7692307692307693
matchup_full,receptions,Cayden Lee,Receptions,2026-09-19,Missouri,Troy,2,0.23481781376518218,-26.5,1,,4.62,4.0,4.5,0.451,0.5101214574898786,-0.1731666666666667,0.451,-120.0,4.5,hardrockbet,L,-1.0,0.04809090909090913,0.549,-110.0,4.5,hardrockbet,W,0.9090909090909091
matchup_full,receptions,Charlie Becker,Receptions,2026-09-19,Indiana,Western Kentucky,2,0.3205128205128205,-44.5,1,,3.34,5.0,3.5,0.4185,0.4414696667616063,-0.11277999999999999,0.4185,112.0,3.5,fanduel,W,1.12,-0.025594594594594566,0.5815,-148.0,3.5,fanduel,L,-1.0
matchup_full,receptions,Carson Kent,Receptions,2026-09-19,Pittsburgh,Syracuse,2,0.05718954248366013,-10.5,1,,2.09,2.0,1.5,0.5595,0.5486725663716815,-0.07953225806451614,0.5595,-155.0,1.5,fliff,W,0.6451612903225806,-0.119,0.4405,100.0,1.5,fliff,L,-1.0
matchup_full,receptions,Joshisa Trader,Receptions,2026-09-19,NC State,Vanderbilt,2,0.15,3.0,1,,2.13,2.0,2.5,0.286,0.4564539116366858,-0.41084,0.286,106.0,2.5,betonlineag,L,-1.0,0.23516788321167886,0.714,-137.0,2.5,betonlineag,W,0.7299270072992701
matchup_full,receptions,Keenan Jackson,Receptions,2026-09-19,NC State,Vanderbilt,2,0.17777777777777776,3.0,1,,2.99,9.0,2.5,0.532,0.5692871193108593,-0.12254545454545457,0.532,-154.0,2.5,betonlineag,W,0.6493506493506493,0.020239999999999925,0.468,118.0,2.5,betonlineag,L,-1.0
matchup_full,receptions,Preston Douglas,Receptions,2026-09-19,NC State,Vanderbilt,2,0.15555555555555556,3.0,1,,2.09,4.0,1.5,0.5595,0.5721476510067114,-0.07953225806451614,0.5595,-155.0,1.5,hardrockbet,W,0.6451612903225806,-0.03090000000000004,0.4405,120.0,1.5,hardrockbet,L,-1.0
matchup_full,receptions,Lawayne McCoy,Receptions,2026-09-19,Louisville,SMU,2,0.12698412698412698,-3.0,1,,2.94,4.0,2.5,0.5135,0.5276888998277135,-0.08532812500000003,0.5135,-128.0,2.5,betonlineag,W,0.78125,-0.03181683168316829,0.4865,-101.0,2.5,betonlineag,L,-1.0
matchup_full,receptions,Justus Ross-Simmons,Receptions,2026-09-19,Syracuse,Pittsburgh,1,0.24,10.5,1,,4.11,1.0,4.5,0.3935,0.43734082725915513,-0.15397500000000003,0.3935,115.0,4.5,betonlineag,L,-1.0,0.013546979865771858,0.6065,-149.0,4.5,betonlineag,W,0.6711409395973155
matchup_full,receptions,Sutton Smith,Receptions,2026-09-19,Arkansas,Georgia,2,0.10606060606060605,24.5,1,,1.9,1.0,1.5,0.5595,0.5979557069846678,-0.1535769230769231,0.5595,-195.0,1.5,fliff,L,-1.0,-0.008874999999999966,0.4405,125.0,1.5,fliff,W,1.25
matchup_full,receptions,Brett Eskildsen,Receptions,2026-09-19,Penn State,Buffalo,2,0.17261904761904762,-39.5,1,,2.95,2.0,2.5,0.518,0.4723111001722865,0.0308712871287129,0.518,-101.0,2.5,betonlineag,L,-1.0,-0.14143750000000005,0.482,-128.0,2.5,betonlineag,W,0.78125
matchup_full,receptions,Benjamin Brahmer,Receptions,2026-09-19,Penn State,Buffalo,2,0.14404761904761904,-39.5,1,,3.03,1.0,2.5,0.555,0.46322988528598974,0.1266500000000001,0.555,103.0,2.5,betonlineag,L,-1.0,-0.2204135338345865,0.445,-133.0,2.5,betonlineag,W,0.7518796992481203
matchup_full,receptions,Koby Howard,Receptions,2026-09-19,Penn State,Buffalo,2,0.22142857142857142,-39.5,1,,4.51,3.0,3.5,0.621,0.4232164449818621,0.37861999999999996,0.621,122.0,3.5,betonlineag,L,-1.0,-0.38263522012578616,0.379,-159.0,3.5,betonlineag,W,0.6289308176100629
matchup_full,receptions,Chase Sowell,Receptions,2026-09-19,Penn State,Buffalo,2,0.16904761904761906,-39.5,1,,3.52,1.0,2.5,0.6235,0.539576802507837,0.08535185185185185,0.6235,-135.0,2.5,betonlineag,L,-1.0,-0.23194000000000004,0.3765,104.0,2.5,betonlineag,W,1.04
matchup_full,receptions,Carson Hansen,Receptions,2026-09-19,Penn State,Buffalo,2,0.047619047619047616,-39.5,1,,1.11,0.0,1.5,0.2545,0.5,-0.5241956521739131,0.2545,-115.0,1.5,hardrockbet,L,-1.0,0.39376086956521744,0.7455,-115.0,1.5,hardrockbet,W,0.8695652173913043
matchup_full,receptions,Ryan Williams,Receptions,2026-09-19,Alabama,Florida State,2,0.256578947368421,-18.5,0,,3.87,3.0,5.5,0.222,0.4069160828737517,-0.398354609929078,0.352,-141.0,4.5,betonlineag,L,-1.0,0.34784000000000004,0.648,108.0,4.5,betonlineag,W,1.08
matchup_full,receptions,Kaleb Edwards,Receptions,2026-09-19,Alabama,Florida State,1,0.10526315789473684,-18.5,1,,2.07,2.0,1.5,0.5595,0.516439256945586,0.018106557377049193,0.5595,-122.0,1.5,betonlineag,W,0.819672131147541,-0.14393396226415095,0.4405,-106.0,1.5,betonlineag,L,-1.0
matchup_full,receptions,Daniel Hill,Receptions,2026-09-19,Alabama,Florida State,2,0.11513157894736842,-18.5,1,,1.6,1.0,1.5,0.3705,0.5517241379310345,-0.39793749999999994,0.3705,-160.0,1.5,fliff,L,-1.0,0.25899999999999995,0.6295,100.0,1.5,fliff,W,1.0
matchup_full,receptions,Reece Vander Zee,Receptions,2026-09-19,Iowa,Northern Iowa,2,0.11904761904761904,-37.5,1,,2.73,1.0,3.5,0.29,0.43297422610118635,-0.3736,0.29,116.0,3.5,fanduel,L,-1.0,0.17103896103896105,0.71,-154.0,3.5,fanduel,W,0.6493506493506493
matchup_full,receptions,Tony Diaz,Receptions,2026-09-19,Iowa,Northern Iowa,2,0.3571428571428571,-37.5,1,,5.84,2.0,4.5,0.682,0.5418848167539266,0.17620289855072468,0.682,-138.0,4.5,fanduel,L,-1.0,-0.35128000000000004,0.318,104.0,4.5,fanduel,W,1.04
matchup_full,receptions,Sanfrisco Magee,Receptions,2026-09-19,Mississippi State,South Carolina,2,0.19907407407407407,3.0,1,,2.91,2.0,3.5,0.3035,0.43310875842155927,-0.341405,0.3035,117.0,3.5,betonlineag,L,-1.0,0.15472368421052635,0.6965,-152.0,3.5,betonlineag,W,0.6578947368421053
matchup_full,receptions,Fluff Bothwell,Receptions,2026-09-19,Mississippi State,South Carolina,2,0.04976851851851852,3.0,1,,1.47,1.0,2.5,0.1525,0.38873994638069703,-0.634,0.1525,140.0,2.5,hardrockbet,L,-1.0,0.2935526315789474,0.8475,-190.0,2.5,hardrockbet,W,0.5263157894736842
matchup_full,receptions,Micah Welch,Receptions,2026-09-19,Colorado,Northwestern,2,0.019230769230769232,3.5,1,,0.77,1.0,0.5,0.526,0.6333530455351862,-0.2235238095238095,0.526,-210.0,0.5,hardrockbet,W,0.47619047619047616,0.2087,0.474,155.0,0.5,hardrockbet,L,-1.0
matchup_full,receptions,Semaj Morgan,Receptions,2026-09-19,UCLA,Purdue,2,0.2857142857142857,-13.5,1,,3.23,4.0,2.5,0.5765,0.5767835550181378,-0.060921383647798755,0.5765,-159.0,2.5,betonlineag,W,0.6289308176100629,-0.05983000000000005,0.4235,122.0,2.5,betonlineag,L,-1.0
matchup_full,receptions,Anthony Woods,Receptions,2026-09-19,UCLA,Purdue,2,0.03571428571428571,-13.5,1,,0.61,1.0,0.5,0.458,0.5633187772925765,-0.2366666666666667,0.458,-150.0,0.5,hardrockbet,W,0.6666666666666666,0.16529999999999995,0.542,115.0,0.5,hardrockbet,L,-1.0
matchup_full,receptions,Nick Marsh,Receptions,2026-09-19,Indiana,Western Kentucky,2,0.18803418803418803,-44.5,1,,2.29,7.0,3.5,0.1635,0.4796954314720812,-0.6807857142857143,0.1635,-105.0,3.5,hardrockbet,W,0.9523809523809523,0.5057,0.8365,-125.0,3.5,hardrockbet,L,-1.0
matchup_full,receptions,Jeremiah Cobb,Receptions,2026-09-19,Auburn,Florida,2,0.06346153846153846,2.5,1,,1.57,1.0,1.5,0.3705,0.4796954314720812,-0.27664285714285713,0.3705,-105.0,1.5,hardrockbet,L,-1.0,0.13309999999999994,0.6295,-125.0,1.5,hardrockbet,W,0.8
matchup_full,receptions,Jake Johnson,Receptions,2026-09-19,Auburn,Florida,1,0.11538461538461539,2.5,1,,2.42,2.0,1.5,0.6625,0.5445920303605313,0.13571428571428568,0.6625,-140.0,1.5,hardrockbet,W,0.7142857142857143,-0.3081249999999999,0.3375,105.0,1.5,hardrockbet,L,-1.0
matchup_full,receptions,Josiah Freeman,Receptions,2026-09-19,Fresno State,San José State,1,0.23076923076923078,-4.0,1,,4.15,6.0,4.5,0.397,0.4414696667616063,-0.1583599999999999,0.397,112.0,4.5,fanduel,W,1.12,0.010432432432432415,0.603,-148.0,4.5,fanduel,L,-1.0
matchup_full,receptions,Carson Clark,Receptions,2026-09-19,San José State,Fresno State,3,0.28891398456615847,4.0,1,,5.11,5.0,4.5,0.558,0.4414696667616063,0.18296000000000007,0.558,112.0,4.5,fanduel,W,1.12,-0.2593513513513514,0.442,-148.0,4.5,fanduel,L,-1.0
matchup_full,receptions,Cooper Hoch,Receptions,2026-09-19,San José State,Fresno State,3,0.21027040592257984,4.0,1,,4.19,2.0,3.5,0.5705,0.45420136260408783,0.17523,0.5705,106.0,3.5,fanduel,L,-1.0,-0.26371428571428573,0.4295,-140.0,3.5,fanduel,W,0.7142857142857143
matchup_full,receptions,Chris Brooks Jr.,Receptions,2026-09-19,Wisconsin,Eastern Michigan,2,0.16228070175438597,-23.5,1,,3.28,3.0,3.5,0.416,0.4053409632808775,-0.03487999999999991,0.416,132.0,3.5,betonlineag,L,-1.0,-0.07646511627906977,0.584,-172.0,3.5,betonlineag,W,0.5813953488372093
matchup_full,receptions,Nick Devereaux,Receptions,2026-09-19,Eastern Michigan,Wisconsin,3,0.17824074074074073,23.5,1,,3.57,3.0,2.5,0.63,0.5767835550181378,0.026226415094339595,0.63,-159.0,2.5,betonlineag,W,0.6289308176100629,-0.17860000000000004,0.37,122.0,2.5,betonlineag,L,-1.0
matchup_full,receptions,Joshua Long,Receptions,2026-09-19,Eastern Michigan,Wisconsin,3,0.16435185185185186,23.5,1,,3.18,3.0,2.5,0.6055,0.4232164449818621,0.34420999999999996,0.6055,122.0,2.5,betonlineag,W,1.22,-0.3573867924528302,0.3945,-159.0,2.5,betonlineag,L,-1.0
matchup_full,receptions,Eugene Hilton Jr.,Receptions,2026-09-19,Wisconsin,Eastern Michigan,2,0.20394736842105263,-23.5,1,,2.28,1.0,2.5,0.3035,0.44351918899348297,-0.35658,0.3035,112.0,2.5,betonlineag,L,-1.0,0.17684482758620695,0.6965,-145.0,2.5,betonlineag,W,0.6896551724137931
matchup_full,receptions,Tyrell Henry,Receptions,2026-09-19,Wisconsin,Eastern Michigan,2,0.27192982456140347,-23.5,1,,4.29,14.0,3.5,0.5865,0.4948402542722694,0.11487837837837844,0.5865,-111.0,3.5,betonlineag,W,0.9009009009009009,-0.23003448275862076,0.4135,-116.0,3.5,betonlineag,L,-1.0
matchup_full,receptions,Jacob Harris,Receptions,2026-09-19,Wisconsin,Eastern Michigan,2,0.10964912280701754,-23.5,1,,1.96,3.0,1.5,0.5595,0.41379310344827586,0.25887499999999997,0.5595,125.0,1.5,hardrockbet,W,1.25,-0.30038235294117643,0.4405,-170.0,1.5,hardrockbet,L,-1.0
matchup_full,receptions,Amareon Blue,Receptions,2026-09-19,Eastern Michigan,Wisconsin,3,0.06635802469135803,23.5,1,,1.3,0.0,1.5,0.3705,0.45920859794821695,-0.24047499999999994,0.3705,105.0,1.5,hardrockbet,L,-1.0,0.09579629629629621,0.6295,-135.0,1.5,hardrockbet,W,0.7407407407407407
matchup_full,receptions,Tyler Morris,Receptions,2026-09-19,Indiana,Western Kentucky,1,0.23076923076923078,-44.5,1,,2.88,1.0,1.5,0.737,0.599271402550091,0.15814285714285709,0.737,-175.0,1.5,betonlineag,L,-1.0,-0.38194999999999996,0.263,135.0,1.5,betonlineag,W,1.35
matchup_full,receptions,Vince Benetti,Receptions,2026-09-19,Iowa State,Bowling Green,2,0.15555555555555556,-22.5,1,,2.13,1.0,1.5,0.5595,0.5203045685279188,0.007099999999999995,0.5595,-125.0,1.5,hardrockbet,L,-1.0,-0.13997619047619048,0.4405,-105.0,1.5,hardrockbet,W,0.9523809523809523
matchup_full,receptions,Austyn Dendy,Receptions,2026-09-19,Bowling Green,Iowa State,2,0.0,22.5,1,,0.37,0.0,0.5,0.35,0.625,-0.47500000000000003,0.35,-200.0,0.5,hardrockbet,L,-1.0,0.6250000000000001,0.65,150.0,0.5,hardrockbet,W,1.5
matchup_full,receptions,Aiden Flora,Receptions,2026-09-19,Iowa State,Bowling Green,2,0.05,-22.5,1,,0.81,2.0,0.5,0.5335,0.641255605381166,-0.22400000000000003,0.5335,-220.0,0.5,hardrockbet,W,0.45454545454545453,0.2129000000000001,0.4665,160.0,0.5,hardrockbet,L,-1.0
matchup_full,receptions,Jayvontay Conner,Receptions,2026-09-19,Vanderbilt,NC State,2,0.2875816993464052,-3.0,1,,3.75,1.0,2.5,0.658,0.5633187772925765,0.09666666666666662,0.658,-150.0,2.5,espnbet,L,-1.0,-0.26470000000000005,0.342,115.0,2.5,espnbet,W,1.15
matchup_full,receptions,Braden Pegan,Receptions,2026-09-19,Utah,Utah State,2,0.1926470588235294,-26.5,1,,3.96,8.0,3.5,0.5295,0.5585303332383936,-0.11272972972972972,0.5295,-148.0,3.5,fanduel,W,0.6756756756756757,-0.0025399999999999867,0.4705,112.0,3.5,fanduel,L,-1.0
matchup_full,receptions,Wayshawn Parker,Receptions,2026-09-19,Utah,Utah State,2,0.21323529411764708,-26.5,1,,2.75,2.0,2.5,0.4775,0.5457986373959122,-0.18142857142857138,0.4775,-140.0,2.5,fanduel,L,-1.0,0.07634999999999997,0.5225,106.0,2.5,fanduel,W,1.06
matchup_full,receptions,Luke Hasz,Receptions,2026-09-19,Ole Miss,LSU,2,0.06084656084656084,3.0,1,,2.09,3.0,1.5,0.5595,0.5,0.007099999999999995,0.5595,-125.0,1.5,fliff,W,0.8,-0.20709999999999995,0.4405,-125.0,1.5,fliff,L,-1.0
matchup_full,receptions,Chris Hunter,Receptions,2026-09-19,Arizona,Northern Illinois,2,0.040257648953301126,-34.5,1,,2.51,5.0,3.5,0.2615,0.46209273182957394,-0.47177,0.2615,102.0,3.5,fanduel,W,1.02,0.281514705882353,0.7385,-136.0,3.5,fanduel,L,-1.0
matchup_full,receptions,Tre Spivey,Receptions,2026-09-19,Arizona,Northern Illinois,2,0.11755233494363929,-34.5,1,,3.4,6.0,3.5,0.4285,0.5418848167539266,-0.2609927536231884,0.4285,-138.0,3.5,fanduel,W,0.7246376811594203,0.16586,0.5715,104.0,3.5,fanduel,L,-1.0
matchup_full,receptions,Caden High,Receptions,2026-09-19,Stanford,Duke,1,0.2727272727272727,9.5,1,,3.98,5.0,3.5,0.535,0.43734082725915513,0.15024999999999994,0.535,115.0,3.5,betonlineag,W,1.15,-0.2229194630872483,0.465,-149.0,3.5,betonlineag,L,-1.0
matchup_full,receptions,Nahzae Cox,Receptions,2026-09-19,Kansas,Arizona State,2,0.06349206349206349,5.5,1,,2.28,2.0,1.5,0.5955,0.4232164449818621,0.32200999999999996,0.5955,122.0,1.5,betonlineag,W,1.22,-0.3410974842767296,0.4045,-159.0,1.5,betonlineag,L,-1.0
matchup_full,receptions,Ty Lockwood,Receptions,2026-09-19,Arkansas,Georgia,2,0.13257575757575757,24.5,1,,2.6,4.0,1.5,0.697,0.6103896103896104,0.06774468085106383,0.697,-188.0,1.5,fanduel,W,0.5319148936170213,-0.2728,0.303,140.0,1.5,fanduel,L,-1.0
matchup_full,receptions,Carver Cheeks,Receptions,2026-09-19,UTEP,Michigan,2,0.20714285714285713,34.5,1,,2.56,1.0,2.5,0.4475,0.48149290561381863,-0.12630952380952382,0.4475,-105.0,2.5,betonlineag,L,-1.0,0.0016869918699186637,0.5525,-123.0,2.5,betonlineag,W,0.8130081300813008
matchup_full,receptions,Jackson Harris,Receptions,2026-09-19,LSU,Ole Miss,2,0.07828282828282829,-3.0,1,,2.32,1.0,2.5,0.3265,0.46322988528598974,-0.337205,0.3265,103.0,2.5,betonlineag,L,-1.0,0.17989097744360893,0.6735,-133.0,2.5,betonlineag,W,0.7518796992481203
matchup_full,receptions,Tanook Hines,Receptions,2026-09-19,USC,Rutgers,1,0.06896551724137931,-21.0,1,,2.12,3.0,3.5,0.151,0.4808467741935484,-0.7065471698113207,0.151,-106.0,3.5,fanduel,L,-1.0,0.5282,0.849,-125.0,3.5,fanduel,W,0.8
matchup_full,receptions,Ben Black,Receptions,2026-09-19,Rutgers,USC,2,0.10101010101010101,21.0,1,,2.1,2.0,1.5,0.5595,0.5060689431946916,0.033652542372881344,0.5595,-118.0,1.5,fanduel,W,0.847457627118644,-0.16619642857142852,0.4405,-112.0,1.5,fanduel,L,-1.0
matchup_full,receptions,Eli Wood,Receptions,2026-09-19,Utah State,Utah,2,0.3264705882352941,26.5,1,,4.55,4.0,3.5,0.629,0.5030953363598846,0.17595652173913046,0.629,-115.0,3.5,betonlineag,W,0.8695652173913043,-0.29775,0.371,-112.0,3.5,betonlineag,L,-1.0
matchup_full,receptions,Larry Simmons,Receptions,2026-09-19,Utah,Utah State,2,0.08382352941176471,-26.5,1,,1.72,2.0,1.5,0.4075,0.539576802507837,-0.2906481481481482,0.4075,-135.0,1.5,betonlineag,W,0.7407407407407407,0.2087000000000001,0.5925,104.0,1.5,betonlineag,L,-1.0
matchup_full,receptions,Ricky Johnson,Receptions,2026-09-19,Utah,Utah State,2,0.08382352941176471,-26.5,1,,2.51,4.0,1.5,0.6815,0.5051597457277305,0.2689999999999999,0.6815,-116.0,1.5,betonlineag,W,0.8620689655172413,-0.39456306306306305,0.3185,-111.0,1.5,betonlineag,L,-1.0
matchup_full,receptions,Javen Jacobs,Receptions,2026-09-19,Utah State,Utah,2,0.12941176470588237,26.5,1,,2.22,2.0,2.5,0.286,0.49179655455291227,-0.454,0.286,-110.0,2.5,betonlineag,L,-1.0,0.3190847457627118,0.714,-118.0,2.5,betonlineag,W,0.847457627118644
matchup_full,receptions,Anthony Garcia,Receptions,2026-09-19,Utah State,Utah,2,0.08382352941176471,26.5,1,,2.14,2.0,1.5,0.5595,0.5867448807441689,-0.10547005988023955,0.5595,-167.0,1.5,betonlineag,W,0.5988023952095808,-6.499999999998174e-05,0.4405,127.0,1.5,betonlineag,L,-1.0
matchup_full,receptions,Dawson Pendergrass,Receptions,2026-09-19,Baylor,Louisiana Tech,2,0.07703703703703704,-20.5,1,,1.78,1.0,1.5,0.53,0.4554079696394688,0.08650000000000013,0.53,105.0,1.5,hardrockbet,L,-1.0,-0.19428571428571434,0.47,-140.0,1.5,hardrockbet,W,0.7142857142857143
matchup_full,receptions,Gavin Freeman,Receptions,2026-09-19,Baylor,Louisiana Tech,2,0.4222222222222222,-20.5,1,,6.35,7.0,7.5,0.282,0.47539370078740156,-0.44942857142857146,0.282,-105.0,7.5,hardrockbet,L,-1.0,0.2703076923076923,0.718,-130.0,7.5,hardrockbet,W,0.7692307692307693
matchup_full,receptions,Jalen Mickens,Receptions,2026-09-19,Louisiana Tech,Baylor,2,0.3025210084033613,20.5,1,,4.44,4.0,3.5,0.6115,0.5203045685279188,0.10070000000000007,0.6115,-125.0,3.5,hardrockbet,W,0.8,-0.24150000000000005,0.3885,-105.0,3.5,hardrockbet,L,-1.0
matchup_full,receptions,Eli Finley,Receptions,2026-09-19,Louisiana Tech,Baylor,2,0.18907563025210083,20.5,1,,2.84,8.0,2.5,0.4775,0.5,-0.10728260869565215,0.4775,-115.0,2.5,hardrockbet,W,0.8695652173913043,-0.023152173913043528,0.5225,-115.0,2.5,hardrockbet,L,-1.0
matchup_full,receptions,Terrence Smith Jr.,Receptions,2026-09-19,Colorado State,BYU,2,0.17424242424242425,17.5,1,,3.11,1.0,3.5,0.3535,0.45132743362831856,-0.293,0.3535,100.0,3.5,fliff,L,-1.0,0.06359677419354837,0.6465,-155.0,3.5,fliff,W,0.6451612903225806
matchup_full,receptions,Kenny Darby,Receptions,2026-09-19,Kentucky,Texas A&M,2,0.2222222222222222,16.5,1,,3.43,2.0,3.5,0.4325,0.4414696667616063,-0.08309999999999995,0.4325,112.0,3.5,fanduel,L,-1.0,-0.04905405405405405,0.5675,-148.0,3.5,fanduel,W,0.6756756756756757
matchup_full,receptions,Willie Rodriguez,Receptions,2026-09-19,Kentucky,Texas A&M,2,0.3333333333333333,16.5,1,,4.08,3.0,3.5,0.5555,0.4939310568053083,0.051482142857142865,0.5555,-112.0,3.5,fanduel,L,-1.0,-0.17880508474576273,0.4445,-118.0,3.5,fanduel,W,0.847457627118644
matchup_full,receptions,Antwan Raymond,Receptions,2026-09-19,Rutgers,USC,2,0.10101010101010101,21.0,1,,1.71,3.0,1.5,0.4005,0.5486725663716815,-0.34111290322580645,0.4005,-155.0,1.5,fliff,W,0.6451612903225806,0.199,0.5995,100.0,1.5,fliff,L,-1.0
matchup_full,receptions,Kaleb Webb,Receptions,2026-09-19,Maryland,Virginia Tech,2,0.09142857142857143,2.5,1,,3.3,5.0,3.5,0.4165,0.43734082725915513,-0.10452500000000009,0.4165,115.0,3.5,betonlineag,W,1.15,-0.024889261744966418,0.5835,-149.0,3.5,betonlineag,L,-1.0
matchup_full,receptions,Iverson Howard,Receptions,2026-09-19,Maryland,Virginia Tech,2,0.06285714285714286,2.5,1,,1.41,1.0,1.5,0.3705,0.5,-0.33309999999999995,0.3705,-125.0,1.5,fliff,L,-1.0,0.13309999999999994,0.6295,-125.0,1.5,fliff,W,0.8
matchup_full,receptions,George Burhenn,Receptions,2026-09-19,Purdue,UCLA,2,0.06828703703703703,13.5,1,,1.86,1.0,1.5,0.5595,0.35576179427687554,0.426725,0.5595,155.0,1.5,fliff,L,-1.0,-0.379704081632653,0.4405,-245.0,1.5,fliff,W,0.40816326530612246
matchup_full,receptions,Jayce Brown,Receptions,2026-09-19,LSU,Ole Miss,1,0.045454545454545456,-3.0,1,,2.19,3.0,1.5,0.5595,0.5,0.050289473684210495,0.5595,-114.0,1.5,fanduel,W,0.8771929824561403,-0.1730964912280702,0.4405,-114.0,1.5,fanduel,L,-1.0
matchup_full,receptions,Braylon Staley,Receptions,2026-09-19,Tennessee,Kennesaw State,2,0.09761904761904762,-35.5,1,,2.48,4.0,3.5,0.2575,0.5306122448979592,-0.5444230769230769,0.2575,-130.0,3.5,betonlineag,W,0.7692307692307693,0.48500000000000004,0.7425,100.0,3.5,betonlineag,L,-1.0
matchup_full,receptions,Mike Matthews,Receptions,2026-09-19,Tennessee,Kennesaw State,2,0.19523809523809524,-35.5,1,,2.91,4.0,4.5,0.164,0.44351918899348297,-0.6523199999999999,0.164,112.0,4.5,betonlineag,L,-1.0,0.41255172413793106,0.836,-145.0,4.5,betonlineag,W,0.6896551724137931
matchup_full,receptions,Deuce Alexander,Receptions,2026-09-26,Ole Miss,Florida,3,0.24883758217091548,4.0,1,,5.44,7.0,5.5,0.4335,0.45420136260408783,-0.10698999999999997,0.4335,106.0,5.5,fanduel,W,1.06,-0.02885714285714286,0.5665,-140.0,5.5,fanduel,L,-1.0
matchup_full,receptions,Traylon Ray,Receptions,2026-09-26,Ole Miss,Florida,3,0.12714446047779382,4.0,1,,3.14,2.0,3.5,0.3605,0.3993154592127781,-0.15642999999999996,0.3605,134.0,3.5,fanduel,L,-1.0,-0.005222222222222239,0.6395,-180.0,3.5,fanduel,W,0.5555555555555556
matchup_full,receptions,Caleb Odom,Receptions,2026-09-26,Ole Miss,Florida,2,0.1471861471861472,4.0,1,,3.2,5.0,3.5,0.4055,0.5418848167539266,-0.3006594202898551,0.4055,-138.0,3.5,fanduel,W,0.7246376811594203,0.21278000000000002,0.5945,104.0,3.5,fanduel,L,-1.0
matchup_full,receptions,Dallas Wilson,Receptions,2026-09-26,Florida,Ole Miss,3,0.2027777777777778,-4.0,1,,3.38,2.0,3.5,0.426,0.5457986373959122,-0.2697142857142857,0.426,-140.0,3.5,fanduel,L,-1.0,0.18244,0.574,106.0,3.5,fanduel,W,1.06
matchup_full,receptions,Vernell Brown III,Receptions,2026-09-26,Florida,Ole Miss,3,0.24583333333333335,-4.0,1,,3.79,3.0,5.5,0.211,0.5,-0.6039122807017544,0.211,-114.0,5.5,fanduel,L,-1.0,0.4811052631578948,0.789,-114.0,5.5,fanduel,W,0.8771929824561403
matchup_full,receptions,Horatio Fields,Receptions,2026-09-26,Ole Miss,Florida,3,0.1792528459195126,4.0,1,,4.01,1.0,4.5,0.374,0.4718423169750603,-0.25933333333333336,0.374,-102.0,4.5,fanduel,L,-1.0,0.10753846153846158,0.626,-130.0,4.5,fanduel,W,0.7692307692307693
matchup_full,receptions,Bailey Stockton,Receptions,2026-09-26,Florida,Ole Miss,3,0.14722222222222223,-4.0,1,,2.99,4.0,2.5,0.535,0.5,0.004298245614035079,0.535,-114.0,2.5,fanduel,W,0.8771929824561403,-0.12710526315789478,0.465,-114.0,2.5,fanduel,L,-1.0
matchup_full,receptions,Turbo Richard,Receptions,2026-09-26,Indiana,Northwestern,3,0.06267806267806268,-20.5,1,,0.79,0.0,1.5,0.2075,0.43297422610118635,-0.5518000000000001,0.2075,116.0,1.5,fanduel,L,-1.0,0.3071103896103896,0.7925,-154.0,1.5,fanduel,W,0.6493506493506493
matchup_full,receptions,Griffin Wilde,Receptions,2026-09-26,Northwestern,Indiana,2,0.2542016806722689,20.5,1,,3.53,6.0,4.5,0.304,0.5,-0.4293333333333333,0.304,-114.0,4.5,fanduel,W,0.8771929824561403,0.3065263157894736,0.696,-114.0,4.5,fanduel,L,-1.0
matchup_full,receptions,Caleb Komolafe,Receptions,2026-09-26,Northwestern,Indiana,2,0.15966386554621848,20.5,1,,1.94,1.0,1.5,0.5595,0.5379072681704261,-0.029102941176470554,0.5595,-136.0,1.5,fanduel,L,-1.0,-0.11019000000000001,0.4405,102.0,1.5,fanduel,W,1.02
matchup_full,receptions,Shazz Preston,Receptions,2026-09-26,Indiana,Northwestern,3,0.1153096416254311,-20.5,1,,1.97,2.0,1.5,0.5595,0.5510744774801296,-0.05195833333333333,0.5595,-144.0,1.5,fanduel,W,0.6944444444444444,-0.08375999999999995,0.4405,108.0,1.5,fanduel,L,-1.0
matchup_full,receptions,Nick Marsh,Receptions,2026-09-26,Indiana,Northwestern,3,0.248163142899985,-20.5,1,,3.47,5.0,5.5,0.1845,0.4718423169750603,-0.6346176470588235,0.1845,-102.0,5.5,fanduel,L,-1.0,0.44280769230769235,0.8155,-130.0,5.5,fanduel,W,0.7692307692307693
matchup_full,receptions,Charlie Becker,Receptions,2026-09-26,Indiana,Northwestern,3,0.3013945119208277,-20.5,1,,3.96,7.0,5.5,0.2295,0.3831317764804003,-0.35423076923076924,0.365,-130.0,4.5,williamhill_us,W,0.7692307692307693,0.25754901960784315,0.635,-102.0,4.5,williamhill_us,L,-1.0
matchup_full,receptions,Drew Wagner,Receptions,2026-09-26,Northwestern,Indiana,2,0.16596638655462184,20.5,1,,3.22,3.0,1.5,0.7555,0.5867448807441689,0.20789520958083824,0.7555,-167.0,1.5,betonlineag,W,0.5988023952095808,-0.44498499999999996,0.2445,127.0,1.5,betonlineag,L,-1.0
matchup_full,receptions,Luke Dehnicke,Receptions,2026-09-26,Northwestern,Indiana,2,0.13025210084033612,20.5,1,,2.53,7.0,1.5,0.6875,0.6169989506820567,0.045572916666666685,0.6875,-192.0,1.5,betonlineag,W,0.5208333333333334,-0.234375,0.3125,145.0,1.5,betonlineag,L,-1.0
matchup_full,receptions,Jeremiah Smith,Receptions,2026-09-26,Ohio State,Illinois,3,0.3186418262319591,-25.5,1,,5.59,12.0,7.5,0.1905,0.4808467741935484,-0.6297830188679245,0.1905,-106.0,7.5,fanduel,W,0.9433962264150944,0.45710000000000006,0.8095,-125.0,7.5,fanduel,L,-1.0
matchup_full,receptions,TreyShun Hurry,Receptions,2026-09-26,Louisville,Wake Forest,3,0.12962962962962962,-11.5,1,,2.85,8.0,2.5,0.4775,0.5203045685279188,-0.14049999999999996,0.4775,-125.0,2.5,hardrockbet,W,0.8,0.020119047619047592,0.5225,-105.0,2.5,hardrockbet,L,-1.0
matchup_full,receptions,Lawayne McCoy,Receptions,2026-09-26,Louisville,Wake Forest,3,0.17989417989417988,-11.5,1,,3.21,6.0,3.5,0.4055,0.42785234899328856,-0.1079,0.4055,120.0,3.5,hardrockbet,W,1.2,-0.021951612903225837,0.5945,-155.0,3.5,hardrockbet,L,-1.0
matchup_full,receptions,Tre Richardson,Receptions,2026-09-26,Louisville,Wake Forest,3,0.2804232804232804,-11.5,1,,4.01,5.0,4.5,0.373,0.5101214574898786,-0.31616666666666665,0.373,-120.0,4.5,hardrockbet,W,0.8333333333333334,0.19699999999999995,0.627,-110.0,4.5,hardrockbet,L,-1.0
matchup_full,receptions,Mario Craver,Receptions,2026-09-26,Texas A&M,LSU,3,0.27435897435897433,8.5,1,,5.55,3.0,4.5,0.629,0.4718423169750603,0.2456666666666667,0.629,-102.0,4.5,fanduel,L,-1.0,-0.3436153846153846,0.371,-130.0,4.5,fanduel,W,0.7692307692307693
matchup_full,receptions,Dilin Jones,Receptions,2026-09-26,LSU,Texas A&M,3,0.09385521885521886,-8.5,1,,1.88,3.0,2.5,0.286,0.4677419354838709,-0.428,0.286,100.0,2.5,fanduel,W,1.0,0.2549090909090909,0.714,-132.0,2.5,fanduel,L,-1.0
matchup_full,receptions,Isaiah Horton,Receptions,2026-09-26,Texas A&M,LSU,3,0.18410256410256412,8.5,1,,3.79,3.0,4.5,0.34,0.40640759418570166,-0.21799999999999997,0.34,130.0,4.5,fanduel,L,-1.0,0.03931034482758616,0.66,-174.0,4.5,fanduel,W,0.5747126436781609
matchup_full,receptions,Mark Bowman,Receptions,2026-09-26,USC,Oregon,4,0.16336206896551725,3.5,1,,3.45,6.0,3.5,0.434,0.519675254742772,-0.2131544715447154,0.434,-123.0,3.5,betonlineag,W,0.8130081300813008,0.11023076923076919,0.566,-104.0,3.5,betonlineag,L,-1.0
matchup_full,receptions,Dakorien Moore,Receptions,2026-09-26,Oregon,USC,3,0.1619047619047619,-3.5,1,,3.0,3.0,4.5,0.1805,0.48768472906403937,-0.6523703703703704,0.1805,-108.0,4.5,betonlineag,L,-1.0,0.5024166666666667,0.8195,-120.0,4.5,betonlineag,W,0.8333333333333334
matchup_full,receptions,Evan Stewart,Receptions,2026-09-26,Oregon,USC,3,0.21904761904761905,-3.5,1,,4.2,7.0,4.5,0.404,0.43310875842155927,-0.12331999999999999,0.404,117.0,4.5,betonlineag,W,1.17,-0.011894736842105291,0.596,-152.0,4.5,betonlineag,L,-1.0
matchup_full,receptions,Caden High,Receptions,2026-09-26,Stanford,Georgia Tech,2,0.26136363636363635,3.0,1,,4.22,4.0,5.5,0.265,0.42785234899328856,-0.417,0.265,120.0,5.5,hardrockbet,L,-1.0,0.20919354838709675,0.735,-155.0,5.5,hardrockbet,W,0.6451612903225806
matchup_full,receptions,Adam Mohammed,Receptions,2026-09-26,California,Clemson,3,0.18815628815628815,2.5,1,,3.48,3.0,4.5,0.2955,0.4581151832460733,-0.39718000000000003,0.2955,104.0,4.5,fanduel,L,-1.0,0.21500724637681157,0.7045,-138.0,4.5,fanduel,W,0.7246376811594203
matchup_full,receptions,T.J. Moore,Receptions,2026-09-26,Clemson,California,3,0.32857142857142857,-2.5,1,,4.86,3.0,5.5,0.3485,0.5141838223374939,-0.36584426229508193,0.3485,-122.0,5.5,fanduel,L,-1.0,0.25474074074074077,0.6515,-108.0,5.5,fanduel,W,0.9259259259259259
matchup_full,receptions,Mason Mini,Receptions,2026-09-26,California,Clemson,2,0.12454212454212454,2.5,1,,3.02,3.0,2.5,0.5475,0.46209273182957394,0.10594999999999999,0.5475,102.0,2.5,fanduel,W,1.02,-0.21477941176470583,0.4525,-136.0,2.5,fanduel,L,-1.0
matchup_full,receptions,Bryant Wesco Jr.,Receptions,2026-09-26,Clemson,California,3,0.23095238095238094,-2.5,1,,4.26,3.0,5.5,0.2705,0.43297422610118635,-0.41572000000000003,0.2705,116.0,5.5,fanduel,L,-1.0,0.20320129870129872,0.7295,-154.0,5.5,fanduel,W,0.6493506493506493
matchup_full,receptions,Ian Strong,Receptions,2026-09-26,California,Clemson,3,0.16886446886446885,2.5,1,,4.46,3.0,4.5,0.4345,0.41703248463564524,-0.026719999999999966,0.4345,124.0,4.5,fanduel,L,-1.0,-0.09383734939759031,0.5655,-166.0,4.5,fanduel,W,0.6024096385542169
matchup_full,receptions,Chase Hendricks,Receptions,2026-09-26,California,Clemson,3,0.242002442002442,2.5,1,,5.34,4.0,4.5,0.595,0.532258064516129,0.04575757575757572,0.595,-132.0,4.5,fanduel,L,-1.0,-0.18999999999999995,0.405,100.0,4.5,fanduel,W,1.0
matchup_full,receptions,Micah Welch,Receptions,2026-09-26,Colorado,Baylor,3,0.030364372469635626,8.5,1,,0.93,0.0,0.5,0.5605,0.5751633986928104,-0.08918749999999998,0.5605,-160.0,0.5,hardrockbet,L,-1.0,-0.03310000000000002,0.4395,120.0,0.5,hardrockbet,W,1.2
matchup_full,receptions,Hudson Clement,Receptions,2026-09-26,Illinois,Ohio State,3,0.2049424005945745,25.5,1,,3.47,5.0,4.5,0.295,0.5276888998277135,-0.47453124999999996,0.295,-128.0,4.5,betonlineag,W,0.78125,0.403019801980198,0.705,-101.0,4.5,betonlineag,L,-1.0
matchup_full,receptions,Brayden Trimble,Receptions,2026-09-26,Illinois,Ohio State,3,0.13977146042363434,25.5,1,,2.48,4.0,2.5,0.434,0.539576802507837,-0.24451851851851847,0.434,-135.0,2.5,betonlineag,W,0.7407407407407407,0.15463999999999994,0.566,104.0,2.5,betonlineag,L,-1.0
matchup_full,receptions,Devin McCuin,Receptions,2026-09-26,Ohio State,Illinois,3,0.11442700247254327,-25.5,1,,2.59,4.0,2.5,0.4555,0.48149290561381863,-0.11069047619047617,0.4555,-105.0,2.5,betonlineag,W,0.9523809523809523,-0.012817073170731719,0.5445,-123.0,2.5,betonlineag,L,-1.0
matchup_full,receptions,Bo Jackson,Receptions,2026-09-26,Ohio State,Illinois,3,0.10433557587257776,-25.5,1,,1.66,3.0,1.5,0.3705,0.4653465346534653,-0.25899999999999995,0.3705,100.0,1.5,hardrockbet,W,1.0,0.09579629629629621,0.6295,-135.0,1.5,hardrockbet,L,-1.0
matchup_full,receptions,Nate Roberts,Receptions,2026-09-26,Ohio State,Illinois,3,0.06066356161232822,-25.5,1,,2.23,4.0,1.5,0.5595,0.5101214574898786,0.025749999999999995,0.5595,-120.0,1.5,hardrockbet,W,0.8333333333333334,-0.15904545454545455,0.4405,-110.0,1.5,hardrockbet,L,-1.0
matchup_full,receptions,Ca'Lil Valentine,Receptions,2026-09-26,Illinois,Ohio State,3,0.03952991452991453,25.5,1,,0.92,1.0,0.5,0.5575,0.6456256921373201,-0.1890909090909091,0.5575,-220.0,0.5,hardrockbet,W,0.45454545454545453,0.17262499999999992,0.4425,165.0,0.5,hardrockbet,L,-1.0
matchup_full,receptions,Braylon Staley,Receptions,2026-09-26,Tennessee,Texas,3,0.13915343915343914,5.5,1,,3.19,7.0,4.5,0.2115,0.44351918899348297,-0.55162,0.2115,112.0,4.5,betonlineag,W,1.12,0.3322931034482759,0.7885,-145.0,4.5,betonlineag,L,-1.0
matchup_full,receptions,Mike Matthews,Receptions,2026-09-26,Tennessee,Texas,3,0.20423280423280424,5.5,1,,3.46,4.0,4.5,0.294,0.4564539116366858,-0.39436,0.294,106.0,4.5,betonlineag,L,-1.0,0.22132846715328464,0.706,-137.0,4.5,betonlineag,W,0.7299270072992701
matchup_full,receptions,Chris Durr Jr.,Receptions,2026-09-26,Maryland,UCLA,3,0.30857142857142855,2.5,1,,6.57,7.0,7.5,0.308,0.4472667034787409,-0.3531999999999999,0.308,110.0,7.5,betonlineag,L,-1.0,0.17591608391608388,0.692,-143.0,7.5,betonlineag,W,0.6993006993006993
matchup_full,receptions,Kaleb Webb,Receptions,2026-09-26,Maryland,UCLA,3,0.1165079365079365,2.5,1,,3.72,2.0,4.5,0.322,0.4307128806891406,-0.2980400000000001,0.322,118.0,4.5,betonlineag,L,-1.0,0.11825974025974029,0.678,-154.0,4.5,betonlineag,W,0.6493506493506493
matchup_full,receptions,Brian Rowe Jr.,Receptions,2026-09-26,UCLA,Maryland,3,0.2255639097744361,-2.5,1,,3.42,1.0,3.5,0.4315,0.483560743054414,-0.1614245283018868,0.4315,-106.0,3.5,betonlineag,L,-1.0,0.03448360655737709,0.5685,-122.0,3.5,betonlineag,W,0.819672131147541
matchup_full,receptions,Semaj Morgan,Receptions,2026-09-26,UCLA,Maryland,3,0.2606516290726817,-2.5,1,,3.85,2.0,3.5,0.504,0.5692871193108593,-0.16872727272727273,0.504,-154.0,3.5,betonlineag,L,-1.0,0.08127999999999991,0.496,118.0,3.5,betonlineag,W,1.18
matchup_full,receptions,Wayne Knight,Receptions,2026-09-26,UCLA,Maryland,3,0.10025062656641603,-2.5,1,,1.71,3.0,1.5,0.3975,0.5940959409594095,-0.3753571428571429,0.3975,-175.0,1.5,hardrockbet,W,0.5714285714285714,0.3857500000000001,0.6025,130.0,1.5,hardrockbet,L,-1.0
matchup_full,receptions,Iverson Howard,Receptions,2026-09-26,Maryland,UCLA,3,0.053015873015873016,2.5,1,,1.77,3.0,1.5,0.5255,0.5306122448979592,-0.07026923076923075,0.5255,-130.0,1.5,hardrockbet,W,0.7692307692307693,-0.05099999999999999,0.4745,100.0,1.5,hardrockbet,L,-1.0
matchup_full,receptions,De'Nylon Morrissette,Receptions,2026-09-26,Purdue,Notre Dame,2,0.05625,27.5,1,,2.37,1.0,1.5,0.6505,0.5489256569588981,0.11184751773049645,0.6505,-141.0,1.5,betonlineag,L,-1.0,-0.27303999999999995,0.3495,108.0,1.5,betonlineag,W,1.08
matchup_full,receptions,Chauncey Magwood,Receptions,2026-09-26,Purdue,Notre Dame,3,0.09776234567901236,27.5,1,,3.18,2.0,2.5,0.605,0.5867448807441689,-0.03272455089820364,0.605,-167.0,2.5,betonlineag,L,-1.0,-0.10334999999999994,0.395,127.0,2.5,betonlineag,W,1.27
matchup_full,receptions,Asaad Waseem,Receptions,2026-09-26,Purdue,Notre Dame,3,0.26990740740740743,27.5,1,,5.09,4.0,3.5,0.732,0.559015193444145,0.22995918367346935,0.732,-147.0,3.5,betonlineag,W,0.6802721088435374,-0.42916,0.268,113.0,3.5,betonlineag,L,-1.0
matchup_full,receptions,Xavier Townsend,Receptions,2026-09-26,Purdue,Notre Dame,3,0.24891975308641975,27.5,1,,4.71,5.0,3.5,0.6465,0.539576802507837,0.12538888888888883,0.6465,-135.0,3.5,betonlineag,W,0.7407407407407407,-0.27886,0.3535,104.0,3.5,betonlineag,L,-1.0
matchup_full,receptions,Fame Ijeboi,Receptions,2026-09-26,Purdue,Notre Dame,3,0.08719135802469136,27.5,1,,1.96,2.0,2.5,0.286,0.5,-0.465304347826087,0.286,-115.0,2.5,hardrockbet,L,-1.0,0.33486956521739125,0.714,-115.0,2.5,hardrockbet,W,0.8695652173913043
matchup_full,receptions,JJ Buchanan,Receptions,2026-09-26,Michigan,Iowa,3,0.35185185185185186,-4.5,1,,4.62,5.0,3.5,0.6375,0.5862154150197628,0.01696428571428571,0.6375,-168.0,3.5,fanduel,W,0.5952380952380952,-0.18074999999999997,0.3625,126.0,3.5,fanduel,L,-1.0
matchup_full,receptions,Tony Diaz,Receptions,2026-09-26,Iowa,Michigan,3,0.2751322751322751,4.5,1,,4.55,3.0,5.5,0.3055,0.5281576830249397,-0.4595,0.3055,-130.0,5.5,fanduel,L,-1.0,0.45047637795275597,0.8115,-127.0,6.5,betonlineag,W,0.7874015748031497
matchup_full,receptions,Andrew Marsh,Receptions,2026-09-26,Michigan,Iowa,3,0.32539682539682535,-4.5,1,,4.03,7.0,4.5,0.378,0.42825841577584495,-0.17596,0.378,118.0,4.5,fanduel,W,1.18,0.01567088607594941,0.622,-158.0,4.5,fanduel,L,-1.0
matchup_full,receptions,Reece Vander Zee,Receptions,2026-09-26,Iowa,Michigan,3,0.09788359788359786,4.5,1,,2.68,5.0,2.5,0.473,0.3977531934306569,0.11627999999999994,0.473,136.0,2.5,betonlineag,W,1.36,-0.17858659217877093,0.527,-179.0,2.5,betonlineag,L,-1.0
matchup_full,receptions,DJ Vonnahme,Receptions,2026-09-26,Iowa,Michigan,2,0.14285714285714285,4.5,1,,2.74,4.0,3.5,0.29,0.41598386486827177,-0.34459999999999996,0.29,126.0,3.5,betonlineag,W,1.26,0.1429268292682927,0.71,-164.0,3.5,betonlineag,L,-1.0
matchup_full,receptions,Jordan Marshall,Receptions,2026-09-26,Michigan,Iowa,3,0.07142857142857142,-4.5,1,,1.1,0.0,1.5,0.252,0.34200046849379245,-0.3322,0.252,165.0,1.5,fliff,L,-1.0,0.03026415094339624,0.748,-265.0,1.5,fliff,W,0.37735849056603776
matchup_full,receptions,Dominic Overby,Receptions,2026-09-26,Iowa State,Utah,2,0.19444444444444442,7.5,1,,1.93,3.0,1.5,0.5595,0.5281576830249397,-0.010115384615384582,0.5595,-130.0,1.5,fanduel,W,0.7692307692307693,-0.12763725490196082,0.4405,-102.0,1.5,fanduel,L,-1.0
matchup_full,receptions,Braden Pegan,Receptions,2026-09-26,Utah,Iowa State,3,0.23509803921568628,-7.5,1,,4.48,2.0,3.5,0.618,0.5904601300891351,-0.022697674418604652,0.618,-172.0,3.5,fanduel,L,-1.0,-0.12904,0.382,128.0,3.5,fanduel,W,1.28
matchup_full,receptions,Ricky Johnson,Receptions,2026-09-26,Utah,Iowa State,3,0.1092156862745098,-7.5,1,,2.72,2.0,2.5,0.4775,0.3831317764804003,0.16510000000000002,0.4775,144.0,2.5,fanduel,L,-1.0,-0.20817010309278355,0.5225,-194.0,2.5,fanduel,W,0.5154639175257731
matchup_full,receptions,Omari Hayes,Receptions,2026-09-26,Iowa State,Utah,3,0.20185185185185184,7.5,1,,2.67,5.0,2.5,0.4715,0.47591522157996147,-0.07513461538461536,0.4715,-104.0,2.5,fanduel,W,0.9615384615384616,-0.05860937500000002,0.5285,-128.0,2.5,fanduel,L,-1.0
matchup_full,receptions,Noah Bennee,Receptions,2026-09-26,Utah,Iowa State,2,0.12941176470588237,-7.5,1,,2.4,2.0,2.5,0.421,0.4808467741935484,-0.18183018867924527,0.421,-106.0,2.5,fanduel,L,-1.0,0.042200000000000015,0.579,-125.0,2.5,fanduel,W,0.8
matchup_full,receptions,Wayshawn Parker,Receptions,2026-09-26,Utah,Iowa State,3,0.1688235294117647,-7.5,1,,2.55,5.0,3.5,0.267,0.41703248463564524,-0.40191999999999994,0.267,124.0,3.5,fanduel,W,1.24,0.17456626506024098,0.733,-166.0,3.5,fanduel,L,-1.0
matchup_full,receptions,Chris Brooks Jr.,Receptions,2026-09-26,Wisconsin,Penn State,3,0.1516653953724892,9.5,1,,3.24,2.0,3.5,0.4075,0.4232164449818621,-0.09535000000000005,0.4075,122.0,3.5,betonlineag,L,-1.0,-0.034858490566037736,0.5925,-159.0,3.5,betonlineag,W,0.6289308176100629
matchup_full,receptions,Eugene Hilton Jr.,Receptions,2026-09-26,Wisconsin,Penn State,3,0.15045766590389018,9.5,1,,2.52,2.0,2.5,0.4415,0.43310875842155927,-0.04194500000000001,0.4415,117.0,2.5,betonlineag,L,-1.0,-0.0740657894736842,0.5585,-152.0,2.5,betonlineag,W,0.6578947368421053
matchup_full,receptions,Chase Sowell,Receptions,2026-09-26,Penn State,Wisconsin,3,0.1349206349206349,-9.5,1,,2.87,6.0,3.5,0.2965,0.48768472906403937,-0.428962962962963,0.2965,-108.0,3.5,betonlineag,W,0.9259259259259259,0.28975000000000006,0.7035,-120.0,3.5,betonlineag,L,-1.0
matchup_full,receptions,Tyrell Henry,Receptions,2026-09-26,Wisconsin,Penn State,3,0.38418510043224,9.5,1,,6.14,2.0,4.5,0.744,0.48768472906403937,0.4328888888888889,0.744,-108.0,4.5,betonlineag,L,-1.0,-0.5306666666666666,0.256,-120.0,4.5,betonlineag,W,0.8333333333333334
matchup_full,receptions,Jacob Harris,Receptions,2026-09-26,Wisconsin,Penn State,3,0.11657767607424357,9.5,1,,2.44,5.0,1.5,0.666,0.5203045685279188,0.19880000000000003,0.666,-125.0,1.5,hardrockbet,W,0.8,-0.34790476190476194,0.334,-105.0,1.5,hardrockbet,L,-1.0
matchup_full,receptions,Carson Hansen,Receptions,2026-09-26,Penn State,Wisconsin,3,0.031746031746031744,-9.5,1,,0.91,0.0,1.5,0.2125,0.381753477838887,-0.479375,0.2125,145.0,1.5,hardrockbet,L,-1.0,0.1913461538461538,0.7875,-195.0,1.5,hardrockbet,W,0.5128205128205128
matchup_full,receptions,Benjamin Brahmer,Receptions,2026-09-26,Penn State,Wisconsin,3,0.11825396825396824,-9.5,1,,2.59,4.0,2.5,0.455,0.5445920303605313,-0.22000000000000003,0.455,-140.0,2.5,hardrockbet,W,0.7142857142857143,0.11725000000000002,0.545,105.0,2.5,hardrockbet,L,-1.0
matchup_full,receptions,Abu Sama III,Receptions,2026-09-26,Wisconsin,Penn State,2,0.041666666666666664,9.5,1,,0.7,1.0,1.5,0.2075,0.381753477838887,-0.491625,0.2075,145.0,1.5,hardrockbet,L,-1.0,0.19891025641025636,0.7925,-195.0,1.5,hardrockbet,W,0.5128205128205128
matchup_full,receptions,Lotzeir Brooks,Receptions,2026-09-26,Alabama,South Carolina,3,0.2551964149504195,-12.5,1,,4.04,2.0,4.5,0.38,0.5457986373959122,-0.34857142857142853,0.38,-140.0,4.5,fanduel,L,-1.0,0.2772,0.62,106.0,4.5,fanduel,W,1.06
matchup_full,receptions,Kaleb Edwards,Receptions,2026-09-26,Alabama,South Carolina,2,0.09610983981693363,-12.5,1,,2.19,4.0,2.5,0.286,0.3993154592127781,-0.33076,0.286,134.0,2.5,fanduel,W,1.34,0.11066666666666669,0.714,-180.0,2.5,fanduel,L,-1.0
matchup_full,receptions,Nyck Harbor,Receptions,2026-09-26,South Carolina,Alabama,3,0.13566778900112234,12.5,1,,3.49,3.0,2.5,0.619,0.5379072681704261,0.07414705882352945,0.619,-136.0,2.5,fanduel,W,0.7352941176470589,-0.23037999999999997,0.381,102.0,2.5,fanduel,L,-1.0
matchup_full,receptions,Rico Scott,Receptions,2026-09-26,Alabama,South Carolina,3,0.15555873379099924,-12.5,1,,3.09,3.0,3.5,0.346,0.46209273182957394,-0.30108000000000007,0.346,102.0,3.5,fanduel,L,-1.0,0.13488235294117656,0.654,-136.0,3.5,fanduel,W,0.7352941176470589
matchup_full,receptions,Isaiah Johnson,Receptions,2026-09-26,Cincinnati,Kansas State,3,0.1758483452031839,6.0,1,,3.74,1.0,3.5,0.4725,0.4693877551020408,-0.05499999999999999,0.4725,100.0,3.5,betonlineag,L,-1.0,-0.0667307692307692,0.5275,-130.0,3.5,betonlineag,W,0.7692307692307693
matchup_full,receptions,Cole Tabb,Receptions,2026-09-26,Cincinnati,Kansas State,3,0.04301075268817204,6.0,1,,1.08,0.0,1.5,0.2415,0.4693877551020408,-0.5169999999999999,0.2415,100.0,1.5,hardrockbet,L,-1.0,0.3419615384615385,0.7585,-130.0,1.5,hardrockbet,W,0.7692307692307693
matchup_full,receptions,Jamari Johnson,Receptions,2026-09-26,Oregon,USC,1,0.14285714285714285,-3.5,1,,3.41,7.0,3.5,0.43,0.5,-0.19280701754385965,0.43,-114.0,3.5,fanduel,W,0.8771929824561403,0.06999999999999995,0.57,-114.0,3.5,fanduel,L,-1.0
matchup_full,receptions,Tanook Hines,Receptions,2026-09-26,USC,Oregon,2,0.10948275862068965,3.5,1,,2.4,1.0,3.5,0.244,0.4718423169750603,-0.5167843137254902,0.244,-102.0,3.5,fanduel,L,-1.0,0.33753846153846156,0.756,-130.0,3.5,fanduel,W,0.7692307692307693
matchup_full,receptions,Dierre Hill Jr.,Receptions,2026-09-26,Oregon,USC,3,0.11190476190476191,-3.5,1,,1.91,4.0,2.5,0.286,0.45420136260408783,-0.41084,0.286,106.0,2.5,fanduel,W,1.06,0.22400000000000003,0.714,-140.0,2.5,fanduel,L,-1.0
matchup_full,receptions,Messiah Hampton,Receptions,2026-09-26,Oregon,USC,2,0.19285714285714284,-3.5,1,,3.28,5.0,2.5,0.584,0.578534199858439,-0.05550617283950621,0.584,-162.0,2.5,fanduel,W,0.6172839506172839,-0.07647999999999999,0.416,122.0,2.5,fanduel,L,-1.0
matchup_full,receptions,Jordon Davison,Receptions,2026-09-26,Oregon,USC,3,0.021428571428571425,-3.5,1,,1.0,1.0,1.5,0.22,0.3927881519639408,-0.494,0.22,130.0,1.5,fliff,L,-1.0,0.16048780487804878,0.78,-205.0,1.5,fliff,W,0.4878048780487805
matchup_full,receptions,Waymond Jordan,Receptions,2026-09-26,USC,Oregon,4,0.04224137931034483,3.5,1,,1.08,0.0,1.5,0.2415,0.38402925937214266,-0.43247499999999994,0.2415,135.0,1.5,fliff,L,-1.0,0.11129069767441857,0.7585,-215.0,1.5,fliff,W,0.46511627906976744
matchup_full,receptions,King Miller,Receptions,2026-09-26,USC,Oregon,4,0.017241379310344827,3.5,1,,0.8,1.0,1.5,0.2075,0.3617021276595745,-0.48125,0.2075,150.0,1.5,fliff,L,-1.0,0.12270833333333334,0.7925,-240.0,1.5,fliff,W,0.4166666666666667
matchup_full,receptions,Cayden Lee,Receptions,2026-09-26,Missouri,Mississippi State,3,0.28987854251012146,3.5,1,,4.49,11.0,4.5,0.4385,0.5,-0.17685087719298248,0.4385,-114.0,4.5,fanduel,W,0.8771929824561403,0.05404385964912278,0.5615,-114.0,4.5,fanduel,L,-1.0
matchup_full,receptions,Donovan Olugbode,Receptions,2026-09-26,Missouri,Mississippi State,3,0.3078272604588394,3.5,1,,4.84,4.0,4.5,0.501,0.532258064516129,-0.11945454545454548,0.501,-132.0,4.5,fanduel,L,-1.0,-0.0020000000000000018,0.499,100.0,4.5,fanduel,W,1.0
matchup_full,receptions,Marquis Johnson,Receptions,2026-09-26,Mississippi State,Missouri,3,0.11050194931773878,-3.5,1,,2.51,4.0,2.5,0.439,0.46209273182957394,-0.11322000000000004,0.439,102.0,2.5,fanduel,W,1.02,-0.026499999999999913,0.561,-136.0,2.5,fanduel,L,-1.0
matchup_full,receptions,Anthony Evans III,Receptions,2026-09-26,Mississippi State,Missouri,3,0.3375162443144899,-3.5,1,,5.63,8.0,6.5,0.313,0.38961038961038963,-0.24880000000000008,0.313,140.0,6.5,fanduel,W,1.4,0.05242553191489363,0.687,-188.0,6.5,fanduel,L,-1.0
matchup_full,receptions,Sanfrisco Magee,Receptions,2026-09-26,Mississippi State,Missouri,3,0.16780376868096167,-3.5,1,,2.88,3.0,2.5,0.4905,0.578534199858439,-0.2067222222222222,0.4905,-162.0,2.5,fanduel,W,0.6172839506172839,0.13108999999999998,0.5095,122.0,2.5,fanduel,L,-1.0
matchup_full,receptions,Zion Ragins,Receptions,2026-09-26,Mississippi State,Missouri,3,0.13462475633528265,-3.5,1,,3.13,2.0,2.5,0.589,0.4718423169750603,0.16645098039215683,0.589,-102.0,2.5,fanduel,L,-1.0,-0.2728461538461538,0.411,-130.0,2.5,fanduel,W,0.7692307692307693
matchup_full,receptions,Carlos Hernandez,Receptions,2026-09-26,Wake Forest,Louisville,3,0.31570010449320796,11.5,1,,5.81,9.0,6.5,0.343,0.5,-0.3561228070175439,0.343,-114.0,6.5,betonlineag,W,0.8771929824561403,0.2333157894736842,0.657,-114.0,6.5,betonlineag,L,-1.0
matchup_full,receptions,TyLyric Coleman,Receptions,2026-09-26,Virginia,Delaware,3,0.1455026455026455,-19.5,1,,2.31,1.0,2.5,0.321,0.5281576830249397,-0.43207692307692314,0.321,-130.0,2.5,fanduel,L,-1.0,0.3446862745098039,0.679,-102.0,2.5,fanduel,W,0.9803921568627451
matchup_full,receptions,Kameron Courtney,Receptions,2026-09-26,Virginia,Delaware,3,0.24603174603174602,-19.5,1,,3.5,4.0,4.5,0.2995,0.4414696667616063,-0.36506,0.2995,112.0,4.5,fanduel,L,-1.0,0.17381081081081085,0.7005,-148.0,4.5,fanduel,W,0.6756756756756757
matchup_full,receptions,Dakota Twitty,Receptions,2026-09-26,Virginia,Delaware,2,0.12301587301587301,-19.5,1,,2.43,2.0,3.5,0.249,0.40640759418570166,-0.4273,0.249,130.0,3.5,fanduel,L,-1.0,0.1826091954022988,0.751,-174.0,3.5,fanduel,W,0.5747126436781609
matchup_full,receptions,Gi'Bran Payne,Receptions,2026-09-26,Cincinnati,Kansas State,3,0.04531490015360983,6.0,1,,1.6,1.0,1.5,0.3705,0.4796954314720812,-0.27664285714285713,0.3705,-105.0,1.5,hardrockbet,L,-1.0,0.13309999999999994,0.6295,-125.0,1.5,hardrockbet,W,0.8
matchup_full,receptions,Joshisa Trader,Receptions,2026-09-26,NC State,App State,3,0.12564102564102564,-12.5,1,,2.4,4.0,3.5,0.244,0.4307128806891406,-0.46808000000000005,0.244,118.0,3.5,betonlineag,W,1.18,0.2469090909090909,0.756,-154.0,3.5,betonlineag,L,-1.0
matchup_full,receptions,Preston Douglas,Receptions,2026-09-26,NC State,App State,3,0.15498575498575498,-12.5,1,,2.35,5.0,2.5,0.413,0.5626591727408448,-0.3098187919463087,0.413,-149.0,2.5,betonlineag,W,0.6711409395973155,0.26204999999999995,0.587,115.0,2.5,betonlineag,L,-1.0
matchup_full,receptions,Victor Snow,Receptions,2026-09-26,NC State,App State,3,0.053561253561253554,-12.5,1,,2.14,2.0,2.5,0.286,0.43734082725915513,-0.3851,0.286,115.0,2.5,betonlineag,L,-1.0,0.19319463087248323,0.714,-149.0,2.5,betonlineag,W,0.6711409395973155
matchup_full,receptions,Dekalon Taylor,Receptions,2026-09-26,Colorado,Baylor,2,0.12406015037593984,8.5,1,,1.48,2.0,1.5,0.3705,0.4695121951219513,-0.29268181818181815,0.3705,-110.0,1.5,fliff,W,0.9090909090909091,0.06363793103448273,0.6295,-145.0,1.5,fliff,L,-1.0
matchup_full,receptions,Jaden Greathouse,Receptions,2026-09-26,Notre Dame,Purdue,2,0.0863157894736842,-27.5,1,,2.21,2.0,2.5,0.286,0.42723631508678234,-0.3708,0.286,120.0,2.5,betonlineag,L,-1.0,0.17169230769230776,0.714,-156.0,2.5,betonlineag,W,0.6410256410256411
matchup_full,receptions,Savion Hiter,Receptions,2026-09-26,Michigan,Iowa,3,0.13888888888888887,-4.5,1,,1.06,1.0,0.5,0.627,0.6159707406278574,-0.08137209302325582,0.627,-215.0,0.5,fliff,W,0.46511627906976744,-0.12344999999999995,0.373,135.0,0.5,fliff,L,-1.0
matchup_full,receptions,Jacory Barney Jr.,Receptions,2026-09-26,Nebraska,Michigan State,3,0.23219373219373218,-6.0,1,,4.22,1.0,4.5,0.407,0.4693877551020408,-0.186,0.407,100.0,4.5,betonlineag,L,-1.0,0.04915384615384616,0.593,-130.0,4.5,betonlineag,W,0.7692307692307693
matchup_full,receptions,Jayden Savoury,Receptions,2026-09-26,Michigan State,Nebraska,3,0.23646723646723644,6.0,1,,3.11,2.0,2.5,0.5785,0.5102580936358786,0.06463445378151261,0.5785,-119.0,2.5,betonlineag,L,-1.0,-0.19180275229357796,0.4215,-109.0,2.5,betonlineag,W,0.9174311926605505
matchup_full,receptions,Chrishon McCray,Receptions,2026-09-26,Michigan State,Nebraska,3,0.17663817663817663,6.0,1,,3.31,4.0,2.5,0.5895,0.5102580936358786,0.08487815126050424,0.5895,-119.0,2.5,betonlineag,W,0.8403361344537815,-0.21289449541284405,0.4105,-109.0,2.5,betonlineag,L,-1.0
matchup_full,receptions,Luke Lindenmeyer,Receptions,2026-09-26,Nebraska,Michigan State,3,0.0811965811965812,-6.0,1,,2.21,4.0,2.5,0.286,0.46322988528598974,-0.41941999999999996,0.286,103.0,2.5,betonlineag,W,1.03,0.2508421052631578,0.714,-133.0,2.5,betonlineag,L,-1.0
matchup_full,receptions,Rodney Bullard Jr.,Receptions,2026-09-26,Michigan State,Nebraska,3,0.21937321937321938,6.0,1,,3.99,2.0,3.5,0.5385,0.4564539116366858,0.10931000000000002,0.5385,106.0,3.5,betonlineag,L,-1.0,-0.2016386861313868,0.4615,-137.0,3.5,betonlineag,W,0.7299270072992701
matchup_full,receptions,Kwazi Gilmer,Receptions,2026-09-26,Nebraska,Michigan State,3,0.2250712250712251,-6.0,1,,4.07,4.0,4.5,0.3875,0.48974190636412124,-0.2569954128440367,0.3875,-109.0,4.5,betonlineag,L,-1.0,0.12720588235294122,0.6125,-119.0,4.5,betonlineag,W,0.8403361344537815
matchup_full,receptions,Nyziah Hunter,Receptions,2026-09-26,Nebraska,Michigan State,3,0.08689458689458689,-6.0,1,,2.44,1.0,2.5,0.4255,0.5767835550181378,-0.30688993710691825,0.4255,-159.0,2.5,betonlineag,L,-1.0,0.27539,0.5745,122.0,2.5,betonlineag,W,1.22
matchup_full,receptions,Fredrick Moore,Receptions,2026-09-26,Michigan State,Nebraska,3,0.13105413105413105,6.0,1,,2.59,4.0,1.5,0.6955,0.611260053619303,0.06155263157894736,0.6955,-190.0,1.5,hardrockbet,W,0.5263157894736842,-0.26920000000000005,0.3045,140.0,1.5,hardrockbet,L,-1.0
matchup_full,receptions,Mekhi Nelson,Receptions,2026-09-26,Nebraska,Michigan State,3,0.0811965811965812,-6.0,1,,1.51,0.0,0.5,0.846,0.5834970530451867,0.3587272727272727,0.846,-165.0,0.5,hardrockbet,L,-1.0,-0.6535,0.154,125.0,0.5,hardrockbet,W,1.25
matchup_full,receptions,Jamal Rule,Receptions,2026-09-26,Nebraska,Michigan State,3,0.07407407407407407,-6.0,1,,1.35,0.0,1.5,0.3705,0.43348916277093075,-0.20342499999999997,0.3705,115.0,1.5,hardrockbet,L,-1.0,0.035629032258064464,0.6295,-155.0,1.5,hardrockbet,W,0.6451612903225806
matchup_full,receptions,Sean Wilson,Receptions,2026-09-26,Delaware,Virginia,3,0.27499999999999997,19.5,1,,4.58,2.0,4.5,0.4475,0.5030953363598846,-0.16336956521739132,0.4475,-115.0,4.5,betonlineag,L,-1.0,0.045803571428571443,0.5525,-112.0,4.5,betonlineag,W,0.8928571428571429
matchup_full,receptions,Da'Shawn Martin,Receptions,2026-09-26,Virginia,Delaware,3,0.07142857142857142,-19.5,1,,2.16,4.0,1.5,0.5595,0.4498870615467902,0.16935500000000003,0.5595,109.0,1.5,betonlineag,W,1.09,-0.24708865248226947,0.4405,-141.0,1.5,betonlineag,L,-1.0
matchup_full,receptions,Bryson Graves,Receptions,2026-09-26,Delaware,Virginia,3,0.1361111111111111,19.5,1,,2.78,1.0,2.5,0.4775,0.539576802507837,-0.16879629629629628,0.4775,-135.0,2.5,betonlineag,L,-1.0,0.06590000000000001,0.5225,104.0,2.5,betonlineag,W,1.04
matchup_full,receptions,Jaron Tibbs,Receptions,2026-09-26,Kansas State,Cincinnati,3,0.23982683982683983,-6.0,1,,4.39,1.0,3.5,0.6035,0.5141838223374939,0.09817213114754103,0.6035,-122.0,3.5,fanduel,L,-1.0,-0.2363703703703704,0.3965,-108.0,3.5,fanduel,W,0.9259259259259259
matchup_full,receptions,Dalen Penson,Receptions,2026-09-26,Georgia Tech,Stanford,3,0.20241327300150833,-3.0,1,,3.28,4.0,3.5,0.415,0.46209273182957394,-0.16169999999999995,0.415,102.0,3.5,fanduel,W,1.02,0.015147058823529458,0.585,-136.0,3.5,fanduel,L,-1.0
matchup_full,receptions,Justice Haynes,Receptions,2026-09-26,Georgia Tech,Stanford,3,0.1409753645047763,-3.0,1,,2.6,2.0,2.5,0.4575,0.46209273182957394,-0.07584999999999997,0.4575,102.0,2.5,fanduel,L,-1.0,-0.05860294117647058,0.5425,-136.0,2.5,fanduel,W,0.7352941176470589
matchup_full,receptions,Jordan Allen,Receptions,2026-09-26,Georgia Tech,Stanford,3,0.25258924082453493,-3.0,1,,4.22,4.0,4.5,0.407,0.5347344777795604,-0.2846666666666667,0.407,-132.0,4.5,betonlineag,L,-1.0,0.19785999999999998,0.593,102.0,4.5,betonlineag,W,1.02
matchup_full,receptions,Dezmen Roebuck,Receptions,2026-09-26,Washington,Minnesota,3,0.2904140878278809,-12.5,1,,5.76,7.0,5.5,0.482,0.552733296521259,-0.18093706293706296,0.482,-143.0,5.5,betonlineag,W,0.6993006993006993,0.0878000000000001,0.518,110.0,5.5,betonlineag,L,-1.0
matchup_full,receptions,Decker DeGraaf,Receptions,2026-09-26,Washington,Minnesota,3,0.10551134689065723,-12.5,1,,2.49,1.0,2.5,0.4345,0.5767835550181378,-0.2922295597484277,0.4345,-159.0,2.5,betonlineag,L,-1.0,0.25541,0.5655,122.0,2.5,betonlineag,W,1.22
matchup_full,receptions,Jalen Smith,Receptions,2026-09-26,Minnesota,Washington,3,0.13144066559626333,12.5,1,,3.24,2.0,3.5,0.408,0.43310875842155927,-0.11464000000000002,0.408,117.0,3.5,betonlineag,L,-1.0,-0.01852631578947367,0.592,-152.0,3.5,betonlineag,W,0.6578947368421053
matchup_full,receptions,Chris Lawson,Receptions,2026-09-26,Washington,Minnesota,3,0.11700559976422047,-12.5,1,,3.1,4.0,3.5,0.3465,0.5,-0.3495526315789474,0.3465,-114.0,3.5,betonlineag,W,0.8771929824561403,0.2267456140350877,0.6535,-114.0,3.5,betonlineag,L,-1.0
matchup_full,receptions,Noah Jennings,Receptions,2026-09-26,Minnesota,Washington,3,0.21176957135211405,12.5,1,,4.18,4.0,3.5,0.5695,0.5727636849132176,-0.0654358974358974,0.5695,-156.0,3.5,betonlineag,W,0.6410256410256411,-0.05290000000000006,0.4305,120.0,3.5,betonlineag,L,-1.0
matchup_full,receptions,Rashid Williams,Receptions,2026-09-26,Washington,Minnesota,3,0.1234526967285588,-12.5,1,,2.86,1.0,2.5,0.4845,0.5727636849132176,-0.20492307692307687,0.4845,-156.0,2.5,betonlineag,L,-1.0,0.13409999999999994,0.5155,120.0,2.5,betonlineag,W,1.2
matchup_full,receptions,Javon Tracy,Receptions,2026-09-26,Minnesota,Washington,3,0.2374105969931397,12.5,1,,4.43,7.0,4.5,0.4325,0.4121896998888477,-0.013900000000000023,0.4325,128.0,4.5,betonlineag,W,1.28,-0.09267964071856288,0.5675,-167.0,4.5,betonlineag,L,-1.0
matchup_full,receptions,Brian Bonner Jr.,Receptions,2026-09-26,Washington,Minnesota,2,0.0,-12.5,1,,0.65,0.0,0.5,0.499,0.6226415094339622,-0.2741818181818182,0.499,-220.0,0.5,fliff,L,-1.0,0.2023999999999999,0.501,140.0,0.5,fliff,W,1.4
matchup_full,receptions,Junior Sherrill,Receptions,2026-09-26,Vanderbilt,Auburn,3,0.2721132897603486,10.0,1,,4.74,6.0,4.5,0.472,0.5256105556466153,-0.15634645669291342,0.472,-127.0,4.5,betonlineag,W,0.7874015748031497,0.045647058823529485,0.528,-102.0,4.5,betonlineag,L,-1.0
matchup_full,receptions,Tristen Brown,Receptions,2026-09-26,Vanderbilt,Auburn,3,0.12331154684095862,10.0,1,,3.06,1.0,2.5,0.564,0.56575682382134,-0.06494736842105264,0.564,-152.0,2.5,betonlineag,L,-1.0,-0.05823999999999996,0.436,116.0,2.5,betonlineag,W,1.16
matchup_full,receptions,Sedrick Alexander,Receptions,2026-09-26,Vanderbilt,Auburn,3,0.09106753812636166,10.0,1,,2.09,2.0,1.5,0.5595,0.6182465221611129,-0.1535769230769231,0.5595,-195.0,1.5,hardrockbet,W,0.5128205128205128,0.07922499999999999,0.4405,145.0,1.5,hardrockbet,L,-1.0
matchup_full,receptions,Chris Marshall,Receptions,2026-09-26,Arkansas,Tulsa,3,0.2534395680947405,-7.0,1,,4.77,9.0,4.5,0.4835,0.5306122448979592,-0.14457692307692305,0.4835,-130.0,4.5,hardrockbet,W,0.7692307692307693,0.032999999999999974,0.5165,100.0,4.5,hardrockbet,L,-1.0
matchup_full,receptions,Darius Taylor,Receptions,2026-09-26,Minnesota,Washington,2,0.07382133995037221,12.5,1,,1.4,4.0,2.5,0.1525,0.4020442930153322,-0.6568750000000001,0.1525,125.0,2.5,fliff,W,1.25,0.28211538461538455,0.8475,-195.0,2.5,fliff,L,-1.0
matchup_full,receptions,Tyler Brown,Receptions,2026-09-26,Clemson,California,3,0.14761904761904762,-2.5,1,,3.03,3.0,2.5,0.555,0.5306122448979592,-0.018076923076923046,0.555,-130.0,2.5,espnbet,W,0.7692307692307693,-0.11000000000000004,0.445,100.0,2.5,espnbet,L,-1.0
matchup_full,receptions,Olsen Patt-Henry,Receptions,2026-09-26,Clemson,California,3,0.09047619047619049,-2.5,1,,2.11,1.0,1.5,0.5595,0.6110277057458715,-0.13806756756756755,0.5595,-185.0,1.5,betonlineag,L,-1.0,0.06601000000000001,0.4405,142.0,1.5,betonlineag,W,1.42
matchup_full,receptions,Gideon Davidson,Receptions,2026-09-26,Clemson,California,3,0.04047619047619048,-2.5,1,,1.42,1.0,1.5,0.3705,0.5,-0.33309999999999995,0.3705,-125.0,1.5,fliff,L,-1.0,0.13309999999999994,0.6295,-125.0,1.5,fliff,W,0.8
matchup_full,receptions,Gavin Freeman,Receptions,2026-09-26,Baylor,Colorado,3,0.3925925925925926,-8.5,1,,6.42,6.0,7.5,0.2895,0.48149290561381863,-0.43478571428571433,0.2895,-105.0,7.5,betonlineag,L,-1.0,0.28814227642276424,0.7105,-123.0,7.5,betonlineag,W,0.8130081300813008
matchup_full,receptions,Dawson Pendergrass,Receptions,2026-09-26,Baylor,Colorado,3,0.0672310405643739,-8.5,1,,1.42,0.0,1.5,0.3705,0.49110320284697506,-0.3207499999999999,0.3705,-120.0,1.5,fliff,L,-1.0,0.11373076923076925,0.6295,-130.0,1.5,fliff,W,0.7692307692307693
matchup_full,receptions,Evan Dickens,Receptions,2026-09-26,Boston College,Virginia Tech,3,0.1349206349206349,14.5,1,,2.3,1.0,2.5,0.315,0.5102580936358786,-0.4202941176470589,0.315,-119.0,2.5,betonlineag,L,-1.0,0.3134403669724772,0.685,-109.0,2.5,betonlineag,W,0.9174311926605505
matchup_full,receptions,Dawson Pough,Receptions,2026-09-26,Boston College,Virginia Tech,2,0.18253968253968253,14.5,1,,3.46,2.0,2.5,0.615,0.4232164449818621,0.36529999999999996,0.615,122.0,2.5,betonlineag,L,-1.0,-0.3728616352201258,0.385,-159.0,2.5,betonlineag,W,0.6289308176100629
matchup_full,receptions,Luke Reynolds,Receptions,2026-09-26,Virginia Tech,Boston College,3,0.2740939864595779,-14.5,1,,5.79,5.0,4.5,0.6665,0.552733296521259,0.132583916083916,0.6665,-143.0,4.5,betonlineag,W,0.6993006993006993,-0.2996499999999999,0.3335,110.0,4.5,betonlineag,L,-1.0
matchup_full,receptions,Jaleel Skinner,Receptions,2026-09-26,Louisville,Wake Forest,3,0.15873015873015872,-11.5,1,,2.86,4.0,3.5,0.2915,0.4498870615467902,-0.39076500000000003,0.2915,109.0,3.5,betonlineag,W,1.09,0.21098226950354615,0.7085,-141.0,3.5,betonlineag,L,-1.0
matchup_full,receptions,Deuce Lawrence,Receptions,2026-09-26,Wake Forest,Louisville,3,0.06263061650992685,11.5,1,,1.18,0.0,1.5,0.3465,0.4193548387096774,-0.220375,0.3465,125.0,1.5,hardrockbet,L,-1.0,0.061937500000000034,0.6535,-160.0,1.5,hardrockbet,W,0.625
matchup_full,receptions,J'Koby Williams,Receptions,2026-09-26,Texas Tech,Sam Houston,3,0.19313366372189902,-34.5,1,,2.7,3.0,2.5,0.4775,0.40175310445580714,0.11735000000000007,0.4775,134.0,2.5,betonlineag,W,1.34,-0.17892857142857144,0.5225,-175.0,2.5,betonlineag,L,-1.0
matchup_full,receptions,Jordan Faison,Receptions,2026-09-26,Notre Dame,Purdue,3,0.21610136452241716,-27.5,1,,3.79,4.0,5.5,0.2115,0.41598386486827177,-0.52201,0.2115,126.0,5.5,betonlineag,L,-1.0,0.2692926829268293,0.7885,-164.0,5.5,betonlineag,W,0.6097560975609756
matchup_full,receptions,Micah Gilbert,Receptions,2026-09-26,Notre Dame,Purdue,3,0.22744639376218323,-27.5,1,,3.63,2.0,3.5,0.4535,0.43734082725915513,-0.02497499999999997,0.4535,115.0,3.5,betonlineag,L,-1.0,-0.08672147651006712,0.5465,-149.0,3.5,betonlineag,W,0.6711409395973155
matchup_full,receptions,Luke Hasz,Receptions,2026-09-26,Ole Miss,Florida,3,0.07086740420073753,4.0,1,,2.15,1.0,1.5,0.5595,0.5,0.007099999999999995,0.5595,-125.0,1.5,fliff,L,-1.0,-0.20709999999999995,0.4405,-125.0,1.5,fliff,W,0.8
matchup_full,receptions,Makhi Hughes,Receptions,2026-09-26,Houston,Georgia Southern,3,0.05802469135802469,-17.5,1,,1.18,1.0,1.5,0.3475,0.40847201210287454,-0.20074999999999998,0.3475,130.0,1.5,hardrockbet,L,-1.0,0.0363235294117647,0.6525,-170.0,1.5,hardrockbet,W,0.5882352941176471
matchup_full,receptions,David Mbadinga,Receptions,2026-09-26,Georgia Southern,Houston,3,0.09715512614063337,17.5,1,,1.69,0.0,2.5,0.1605,0.3982930298719773,-0.622825,0.1605,135.0,2.5,hardrockbet,L,-1.0,0.3058888888888889,0.8395,-180.0,2.5,hardrockbet,W,0.5555555555555556
matchup_full,receptions,Ryan Williams,Receptions,2026-09-26,Alabama,South Carolina,3,0.21453089244851256,-12.5,0,,3.55,5.0,4.5,0.3055,0.5185070943861814,-0.44612601626016263,0.3055,-123.0,4.5,betonlineag,W,0.8130081300813008,0.35592857142857137,0.6945,-105.0,4.5,betonlineag,L,-1.0
matchup_full,receptions,Garrett Oakley,Receptions,2026-09-26,Kansas State,Cincinnati,2,0.14523809523809522,-6.0,1,,2.39,7.0,2.5,0.4185,0.37753175858374566,0.04206499999999991,0.4185,149.0,2.5,betonlineag,W,1.49,-0.1218163265306122,0.5815,-196.0,2.5,betonlineag,L,-1.0
matchup_full,receptions,DJ Epps,Receptions,2026-09-26,West Virginia,Oklahoma State,3,0.27424242424242423,-1.5,1,,3.12,2.0,3.5,0.3535,0.4409848065558551,-0.24704500000000001,0.3535,113.0,3.5,betonlineag,L,-1.0,0.0862959183673469,0.6465,-147.0,3.5,betonlineag,W,0.6802721088435374
matchup_full,receptions,John Neider,Receptions,2026-09-26,West Virginia,Oklahoma State,3,0.13863636363636364,-1.5,1,,2.15,2.0,2.5,0.286,0.5123152709359606,-0.4756666666666667,0.286,-120.0,2.5,betonlineag,L,-1.0,0.3751111111111111,0.714,-108.0,2.5,betonlineag,W,0.9259259259259259
matchup_full,receptions,Cam Cook,Receptions,2026-09-26,West Virginia,Oklahoma State,3,0.1272727272727273,-1.5,1,,1.13,1.0,2.5,0.1005,0.38581207218419417,-0.763825,0.1005,135.0,2.5,fliff,L,-1.0,0.3278333333333333,0.8995,-210.0,2.5,fliff,W,0.47619047619047616
matchup_full,receptions,Ryan Ward,Receptions,2026-09-26,West Virginia,Oklahoma State,1,0.125,-1.5,1,,1.65,1.0,1.5,0.3705,0.4306220095693781,-0.22194999999999993,0.3705,110.0,1.5,fliff,L,-1.0,-0.00020588235294116686,0.6295,-170.0,1.5,fliff,W,0.5882352941176471
matchup_full,receptions,Sam Pickett III,Receptions,2026-09-26,App State,NC State,3,0.1931034482758621,12.5,1,,3.82,5.0,4.5,0.3455,0.40900106431503724,-0.19481249999999994,0.4955,-160.0,3.5,hardrockbet,W,0.625,0.10989999999999994,0.5045,120.0,3.5,hardrockbet,L,-1.0
matchup_full,receptions,Chris Lofton,Receptions,2026-09-26,App State,NC State,2,0.17844827586206896,12.5,1,,3.74,3.0,3.5,0.4735,0.4564539116366858,-0.02459,0.4735,106.0,3.5,betonlineag,L,-1.0,-0.0891934306569343,0.5265,-137.0,3.5,betonlineag,W,0.7299270072992701
matchup_full,receptions,Nate Branch,Receptions,2026-09-26,App State,NC State,3,0.1367816091954023,12.5,1,,3.06,9.0,3.5,0.339,0.3852511464220966,-0.09257575757575759,0.565,-165.0,2.5,hardrockbet,W,0.6060606060606061,0.01073544973544971,0.661,-189.0,3.5,betonlineag,L,-1.0
matchup_full,receptions,Jamal Roberts,Receptions,2026-09-26,Missouri,Mississippi State,3,0.08421052631578947,3.5,1,,1.43,2.0,1.5,0.3705,0.48215878679750224,-0.3073260869565217,0.3705,-115.0,1.5,fliff,W,0.8695652173913043,0.09579629629629621,0.6295,-135.0,1.5,fliff,L,-1.0
matchup_full,receptions,Kevin Roche Jr.,Receptions,2026-09-26,Georgia Tech,Stanford,3,0.19979889391654096,-3.0,1,,3.27,6.0,2.5,0.5825,0.5767835550181378,-0.05114779874213837,0.5825,-159.0,2.5,betonlineag,W,0.6289308176100629,-0.07315000000000005,0.4175,122.0,2.5,betonlineag,L,-1.0
matchup_full,receptions,Colin Chase,Receptions,2026-09-26,Temple,Army,2,0.29166666666666663,4.0,1,,3.27,2.0,3.5,0.412,0.3675598766895897,0.046479999999999966,0.412,154.0,3.5,fanduel,L,-1.0,-0.132,0.588,-210.0,3.5,fanduel,W,0.47619047619047616
matchup_full,receptions,Collin Dixon,Receptions,2026-09-26,Illinois,Ohio State,3,0.4225659606094389,25.5,1,,6.02,5.0,5.5,0.547,0.46209273182957394,0.10494000000000009,0.547,102.0,5.5,fanduel,L,-1.0,-0.21391176470588236,0.453,-136.0,5.5,fanduel,W,0.7352941176470589
matchup_full,receptions,Larenzo Fenner,Receptions,2026-09-26,Cincinnati,Kansas State,3,0.11667364893171345,6.0,1,,1.92,1.0,2.5,0.286,0.3977531934306569,-0.32504,0.286,136.0,2.5,betonlineag,L,-1.0,0.1128826815642458,0.714,-179.0,2.5,betonlineag,W,0.5586592178770949
matchup_full,receptions,Davion Brown,Receptions,2026-09-26,Virginia Tech,Boston College,3,0.06862305854241338,-14.5,1,,2.08,2.0,1.5,0.5595,0.48149290561381863,0.0923571428571428,0.5595,-105.0,1.5,betonlineag,W,0.9523809523809523,-0.20136991869918702,0.4405,-123.0,1.5,betonlineag,L,-1.0
matchup_full,receptions,Aidan Laughery,Receptions,2026-09-26,Illinois,Ohio State,3,0.03952991452991453,25.5,1,,0.95,1.0,0.5,0.5655,0.6226415094339622,-0.17745454545454548,0.5655,-220.0,0.5,fliff,W,0.45454545454545453,0.04279999999999995,0.4345,140.0,0.5,fliff,L,-1.0
matchup_full,receptions,Christian Abney,Receptions,2026-09-26,Illinois,Ohio State,2,0.04257246376811594,25.5,1,,1.66,1.0,0.5,0.846,0.5693779904306221,0.3436470588235294,0.846,-170.0,0.5,fliff,W,0.5882352941176471,-0.6766,0.154,110.0,0.5,fliff,L,-1.0
matchup_full,receptions,Cam Coleman,Receptions,2026-09-26,Texas,Tennessee,3,0.15601387340517775,-5.5,1,,3.71,1.0,4.5,0.32,0.4548257786000617,-0.23582258064516126,0.4645,-155.0,3.5,fliff,L,-1.0,0.1800000000000001,0.68,-136.0,4.5,fanduel,W,0.7352941176470589
matchup_full,receptions,Ryan Wingo,Receptions,2026-09-26,Texas,Tennessee,3,0.1847516412733804,-5.5,1,,4.17,6.0,4.5,0.399,0.4368658399098083,-0.11292857142857143,0.5645,-175.0,3.5,fliff,W,0.5714285714285714,0.00708108108108102,0.601,-148.0,4.5,fanduel,L,-1.0
matchup_full,receptions,Emmett Mosley V,Receptions,2026-09-26,Texas,Tennessee,3,0.16648086213303603,-5.5,1,,3.78,1.0,3.5,0.487,0.4368658399098083,0.051919999999999966,0.487,116.0,3.5,fanduel,L,-1.0,-0.14037837837837835,0.513,-148.0,3.5,fanduel,W,0.6756756756756757
matchup_full,receptions,Raleek Brown,Receptions,2026-09-26,Texas,Tennessee,3,0.10782856435030348,-5.5,1,,1.89,2.0,1.5,0.5595,0.5,0.007099999999999995,0.5595,-125.0,1.5,fliff,W,0.8,-0.20709999999999995,0.4405,-125.0,1.5,fliff,L,-1.0
matchup_full,receptions,DeSean Bishop,Receptions,2026-09-26,Tennessee,Texas,3,0.05185185185185185,5.5,1,,0.97,3.0,1.5,0.2175,0.45132743362831856,-0.565,0.2175,100.0,1.5,fliff,W,1.0,0.28733870967741926,0.7825,-155.0,1.5,fliff,L,-1.0
matchup_full,receptions,Willie Rodriguez,Receptions,2026-09-26,Kentucky,South Alabama,3,0.29365079365079366,-20.5,1,,4.14,2.0,4.5,0.3965,0.44943820224719105,-0.0738896103896104,0.5615,-154.0,3.5,betonlineag,L,-1.0,0.034571428571428586,0.6035,-140.0,4.5,espnbet,W,0.7142857142857143
matchup_full,receptions,Kenny Darby,Receptions,2026-09-26,Kentucky,South Alabama,3,0.19576719576719573,-20.5,1,,3.22,3.0,4.5,0.2655,0.43310875842155927,-0.42386500000000005,0.2655,117.0,4.5,betonlineag,L,-1.0,0.21772368421052635,0.7345,-152.0,4.5,betonlineag,W,0.6578947368421053
matchup_full,receptions,Amir Jackson,Receptions,2026-09-26,Florida,Ole Miss,2,0.05625,-4.0,1,,1.75,2.0,1.5,0.516,0.4605263157894737,0.007428571428571451,0.516,-105.0,1.5,fliff,W,0.9523809523809523,-0.19333333333333336,0.484,-150.0,1.5,fliff,L,-1.0
matchup_full,receptions,Jadan Baugh,Receptions,2026-09-26,Florida,Ole Miss,3,0.020833333333333332,-4.0,1,,0.75,1.0,1.5,0.2075,0.46393146979260597,-0.5948809523809524,0.2075,-105.0,1.5,fliff,L,-1.0,0.33905172413793105,0.7925,-145.0,1.5,fliff,W,0.6896551724137931
matchup_full,receptions,Johntay Cook II,Receptions,2026-09-26,Ole Miss,Florida,2,0.05218855218855219,4.0,1,,1.9,4.0,1.5,0.5595,0.4280155642023346,0.17495000000000005,0.5595,110.0,1.5,fliff,W,1.1,-0.3077857142857143,0.4405,-175.0,1.5,fliff,L,-1.0
matchup_full,receptions,Rocky Beers,Receptions,2026-09-26,Oklahoma,Georgia,3,0.2082903336773306,11.5,1,,3.47,8.0,2.5,0.615,0.5101214574898786,0.12750000000000006,0.615,-120.0,2.5,fanduel,W,0.8333333333333334,-0.265,0.385,-110.0,2.5,fanduel,L,-1.0
matchup_full,receptions,Lawson Luckie,Receptions,2026-09-26,Georgia,Oklahoma,2,0.11948529411764706,-11.5,1,,2.01,1.0,1.5,0.5595,0.5806451612903226,-0.09081250000000002,0.5595,-160.0,1.5,espnbet,L,-1.0,-0.008874999999999966,0.4405,125.0,1.5,espnbet,W,1.25
matchup_full,receptions,Lloyd Avant,Receptions,2026-09-26,Oklahoma,Georgia,3,0.08660130718954247,11.5,1,,1.11,2.0,1.5,0.2535,0.4605263157894737,-0.5050714285714286,0.2535,-105.0,1.5,fliff,W,0.9523809523809523,0.2441666666666667,0.7465,-150.0,1.5,fliff,L,-1.0
matchup_full,receptions,Kamari Moulton,Receptions,2026-09-26,Iowa,Michigan,2,0.14285714285714285,4.5,1,,1.83,2.0,1.5,0.5495,0.588150289017341,-0.15347297297297297,0.5495,-185.0,1.5,fliff,W,0.5405405405405406,-0.008900000000000019,0.4505,120.0,1.5,fliff,L,-1.0
matchup_full,receptions,Jeremy Scott,Receptions,2026-09-26,TCU,UCF,3,0.11785714285714284,-3.5,1,,3.05,5.0,2.5,0.5605,0.5407914020517831,-0.024314814814814845,0.5605,-135.0,2.5,espnbet,W,0.7407407407407407,-0.09902499999999997,0.4395,105.0,2.5,espnbet,L,-1.0
matchup_full,receptions,Ed Small,Receptions,2026-09-26,TCU,UCF,3,0.33055555555555555,-3.5,1,,5.69,3.0,5.5,0.4595,0.4693877551020408,-0.08099999999999996,0.4595,100.0,5.5,espnbet,L,-1.0,-0.04373076923076924,0.5405,-130.0,5.5,espnbet,W,0.7692307692307693
matchup_full,receptions,Waden Charles,Receptions,2026-09-26,UCF,TCU,2,0.3142857142857143,3.5,1,,3.55,3.0,3.5,0.446,0.40847201210287454,0.025799999999999934,0.446,130.0,3.5,espnbet,L,-1.0,-0.1201176470588235,0.554,-170.0,3.5,espnbet,W,0.5882352941176471
matchup_full,receptions,Dylan Wade,Receptions,2026-09-26,UCF,TCU,2,0.08333333333333334,3.5,1,,2.37,5.0,2.5,0.4165,0.375,0.0412499999999999,0.4165,150.0,2.5,espnbet,W,1.5,-0.12474999999999997,0.5835,-200.0,2.5,espnbet,L,-1.0
matchup_full,receptions,Kari Ashley,Receptions,2026-09-26,TCU,UCF,3,0.2265873015873016,-3.5,1,,3.85,4.0,3.5,0.5015,0.3852511464220966,0.22365999999999991,0.5015,144.0,3.5,betonlineag,W,1.44,-0.2377433862433862,0.4985,-189.0,3.5,betonlineag,L,-1.0
matchup_full,receptions,Keshaun Singleton,Receptions,2026-09-26,Auburn,Vanderbilt,3,0.2564102564102564,-10.0,1,,4.67,5.0,5.5,0.3175,0.4693877551020408,-0.365,0.3175,100.0,5.5,espnbet,L,-1.0,0.20750000000000002,0.6825,-130.0,5.5,espnbet,W,0.7692307692307693
matchup_full,receptions,Jeremiah Koger,Receptions,2026-09-26,Auburn,Vanderbilt,3,0.1141025641025641,-10.0,1,,2.59,2.0,3.5,0.275,0.4193548387096774,-0.2020187969924812,0.4555,-133.0,2.5,betonlineag,L,-1.0,0.17812499999999998,0.725,-160.0,3.5,espnbet,W,0.625
matchup_full,receptions,Chas Nimrod,Receptions,2026-09-26,Auburn,Vanderbilt,3,0.26794871794871794,-10.0,1,,4.91,5.0,4.5,0.519,0.45920859794821695,0.06395000000000006,0.519,105.0,4.5,espnbet,W,1.05,-0.16270370370370374,0.481,-135.0,4.5,espnbet,L,-1.0
matchup_full,receptions,Jeremiah Cobb,Receptions,2026-09-26,Auburn,Vanderbilt,3,0.05897435897435898,-10.0,1,,1.43,2.0,1.5,0.3705,0.5,-0.33309999999999995,0.3705,-125.0,1.5,fliff,W,0.8,0.13309999999999994,0.6295,-125.0,1.5,fliff,L,-1.0
matchup_full,receptions,Jake Johnson,Receptions,2026-09-26,Auburn,Vanderbilt,2,0.1076923076923077,-10.0,1,,2.1,2.0,1.5,0.5595,0.44217687074829937,0.14697499999999997,0.5595,105.0,1.5,fliff,W,1.05,-0.2841875,0.4405,-160.0,1.5,fliff,L,-1.0
matchup_full,receptions,Brady Hunt,Receptions,2026-09-26,South Carolina,Alabama,3,0.14325476992143657,12.5,1,,2.14,2.0,2.5,0.286,0.5203045685279188,-0.48519999999999996,0.286,-125.0,2.5,espnbet,L,-1.0,0.39399999999999996,0.714,-105.0,2.5,espnbet,W,0.9523809523809523
matchup_full,receptions,Daniel Hill,Receptions,2026-09-26,Alabama,South Carolina,3,0.09124713958810067,-12.5,1,,1.6,1.0,1.5,0.3705,0.4796954314720812,-0.27664285714285713,0.3705,-105.0,1.5,hardrockbet,L,-1.0,0.13309999999999994,0.6295,-125.0,1.5,hardrockbet,W,0.8
matchup_full,receptions,Miles Coleman,Receptions,2026-09-26,Oklahoma State,West Virginia,3,0.1229000884173298,1.5,1,,3.05,2.0,3.5,0.3345,0.4718423169750603,-0.33755882352941174,0.3345,-102.0,3.5,fanduel,L,-1.0,0.1774230769230769,0.6655,-130.0,3.5,fanduel,W,0.7692307692307693
matchup_full,receptions,Wyatt Young,Receptions,2026-09-26,Oklahoma State,West Virginia,3,0.16887709991158265,1.5,1,,3.95,8.0,4.5,0.364,0.4718423169750603,-0.27913725490196084,0.364,-102.0,4.5,fanduel,W,0.9803921568627451,0.12523076923076926,0.636,-130.0,4.5,fanduel,L,-1.0
matchup_full,receptions,Justin Bowick,Receptions,2026-09-26,Oklahoma State,West Virginia,3,0.20247568523430592,1.5,1,,5.03,4.0,4.5,0.547,0.45420136260408783,0.1268200000000001,0.547,106.0,4.5,fanduel,L,-1.0,-0.22342857142857148,0.453,-140.0,4.5,fanduel,W,0.7142857142857143
matchup_full,receptions,Chris Barnes,Receptions,2026-09-26,Oklahoma State,West Virginia,2,0.12466843501326261,1.5,1,,3.11,2.0,2.5,0.5805,0.5347344777795604,0.020272727272727276,0.5805,-132.0,2.5,betonlineag,L,-1.0,-0.15261000000000002,0.4195,102.0,2.5,betonlineag,W,1.02
matchup_full,receptions,Branden Ganashamoorthy,Receptions,2026-09-26,Washington State,Arizona,3,0.11546840958605664,11.5,1,,2.74,4.0,3.5,0.29,0.3675598766895897,-0.21243506493506492,0.4775,-154.0,2.5,williamhill_us,W,0.6493506493506493,0.13382499999999992,0.5225,117.0,2.5,williamhill_us,L,-1.0
matchup_full,receptions,Darrius Clemons,Receptions,2026-09-26,Washington State,Arizona,3,0.2520424836601307,11.5,1,,3.59,4.0,3.5,0.449,0.5670257738988136,-0.2594415584415585,0.449,-154.0,3.5,fanduel,W,0.6493506493506493,0.19016000000000005,0.551,116.0,3.5,fanduel,L,-1.0
matchup_full,receptions,Tre Spivey,Receptions,2026-09-26,Arizona,Washington State,3,0.14086822329575951,-11.5,1,,3.65,7.0,4.5,0.3165,0.48581617766250607,-0.3904444444444444,0.3165,-108.0,4.5,fanduel,W,0.9259259259259259,0.2437459016393443,0.6835,-122.0,4.5,fanduel,L,-1.0
matchup_full,receptions,Jackson Harris,Receptions,2026-09-26,LSU,Texas A&M,3,0.07302188552188553,-8.5,1,,2.58,6.0,2.5,0.4535,0.5915279878971256,-0.279735294117647,0.4535,-170.0,2.5,espnbet,W,0.5882352941176471,0.25695,0.5465,130.0,2.5,espnbet,L,-1.0
matchup_full,receptions,Brett Norfleet,Receptions,2026-09-26,Missouri,Mississippi State,2,0.11740890688259109,3.5,1,,2.13,2.0,2.5,0.286,0.3993154592127781,0.033652542372881344,0.5595,-118.0,1.5,betonlineag,W,0.847457627118644,0.11066666666666669,0.714,-180.0,2.5,fanduel,W,0.5555555555555556
matchup_full,receptions,Fluff Bothwell,Receptions,2026-09-26,Mississippi State,Missouri,3,0.05072287199480182,-3.5,1,,1.55,6.0,1.5,0.3705,0.3953234081924468,-0.12191499999999988,0.3705,137.0,1.5,williamhill_us,W,1.37,-0.024620879120879124,0.6295,-182.0,1.5,williamhill_us,L,-1.0
matchup_full,receptions,Sam West,Receptions,2026-09-26,Mississippi State,Missouri,2,0.09746588693957114,-3.5,1,,2.53,2.0,1.5,0.6845,0.5607128056361377,0.09934848484848485,0.6845,-165.0,1.5,fliff,W,0.6060606060606061,-0.35322499999999996,0.3155,105.0,1.5,fliff,L,-1.0
matchup_full,receptions,Jimmy Calloway,Receptions,2026-09-26,Tulsa,Arkansas,3,0.25875350140056025,7.0,1,,3.85,0.0,3.5,0.5015,0.48768472906403937,-0.034148148148148205,0.5015,-108.0,3.5,betonlineag,L,-1.0,-0.08608333333333329,0.4985,-120.0,3.5,betonlineag,W,0.8333333333333334
matchup_full,receptions,Oran Singleton Jr.,Receptions,2026-09-26,Tulsa,Arkansas,3,0.18855042016806722,7.0,1,,3.48,6.0,2.5,0.616,0.5626591727408448,0.029422818791946304,0.616,-149.0,2.5,betonlineag,W,0.6711409395973155,-0.1744,0.384,115.0,2.5,betonlineag,L,-1.0
matchup_full,receptions,Andrew Marsh,Receptions,2026-10-03,Michigan,Minnesota,4,0.34698879551820727,-6.5,1,,4.61,3.0,5.5,0.312,0.483560743054414,-0.3936603773584905,0.312,-106.0,5.5,betonlineag,L,-1.0,0.2519344262295082,0.688,-122.0,5.5,betonlineag,W,0.819672131147541
matchup_full,receptions,Dallas Wilson,Receptions,2026-10-03,Florida,Missouri,4,0.18333333333333335,-5.5,1,,3.61,4.0,3.5,0.451,0.43310875842155927,-0.02133000000000007,0.451,117.0,3.5,betonlineag,W,1.17,-0.08981578947368418,0.549,-152.0,3.5,betonlineag,L,-1.0
matchup_full,receptions,Donovan Olugbode,Receptions,2026-10-03,Missouri,Florida,4,0.2743487062136948,5.5,1,,5.28,6.0,4.5,0.583,0.42723631508678234,0.2825999999999999,0.583,120.0,4.5,betonlineag,W,1.2,-0.31569230769230766,0.417,-156.0,4.5,betonlineag,L,-1.0
matchup_full,receptions,Cayden Lee,Receptions,2026-10-03,Missouri,Florida,4,0.33697412427389545,5.5,1,,5.66,8.0,5.5,0.4555,0.5226570545829042,-0.18009999999999993,0.4555,-125.0,5.5,betonlineag,W,0.8,0.07314077669902908,0.5445,-103.0,5.5,betonlineag,L,-1.0
matchup_full,receptions,Tony Diaz,Receptions,2026-10-03,Iowa,Ohio State,4,0.24206349206349204,14.5,1,,4.21,5.0,5.5,0.2645,0.43734082725915513,-0.43132500000000007,0.2645,115.0,5.5,betonlineag,L,-1.0,0.22912416107382555,0.7355,-149.0,5.5,betonlineag,W,0.6711409395973155
matchup_full,receptions,Brandon Inniss,Receptions,2026-10-03,Ohio State,Iowa,3,0.11247196825944454,-14.5,1,,2.54,2.0,1.5,0.688,0.48974190636412124,0.31919266055045875,0.688,-109.0,1.5,betonlineag,W,0.9174311926605505,-0.4258151260504201,0.312,-119.0,1.5,betonlineag,L,-1.0
matchup_full,receptions,Reece Vander Zee,Receptions,2026-10-03,Iowa,Ohio State,4,0.13293650793650794,14.5,1,,3.11,2.0,2.5,0.5775,0.40175310445580714,0.35135000000000005,0.5775,134.0,2.5,betonlineag,L,-1.0,-0.3360714285714286,0.4225,-175.0,2.5,betonlineag,W,0.5714285714285714
matchup_full,receptions,Nate Roberts,Receptions,2026-10-03,Ohio State,Iowa,4,0.0825347082462832,-14.5,1,,2.13,1.0,1.5,0.5595,0.5626591727408448,-0.064996644295302,0.5595,-149.0,1.5,betonlineag,L,-1.0,-0.052925,0.4405,115.0,1.5,betonlineag,W,1.15
matchup_full,receptions,Jeremiah Smith,Receptions,2026-10-03,Ohio State,Iowa,4,0.3500924807850804,-14.5,1,,7.06,11.0,7.5,0.385,0.5306122448979592,-0.31884615384615383,0.385,-130.0,7.5,betonlineag,W,0.7692307692307693,0.22999999999999998,0.615,100.0,7.5,betonlineag,L,-1.0
matchup_full,receptions,Devin McCuin,Receptions,2026-10-03,Ohio State,Iowa,4,0.12285728889144448,-14.5,1,,2.85,4.0,2.5,0.479,0.5692871193108593,-0.20996103896103901,0.479,-154.0,2.5,betonlineag,W,0.6493506493506493,0.13578,0.521,118.0,2.5,betonlineag,L,-1.0
matchup_full,receptions,DJ Vonnahme,Receptions,2026-10-03,Iowa,Ohio State,3,0.15873015873015872,14.5,1,,2.99,6.0,3.5,0.322,0.4307128806891406,-0.2980400000000001,0.322,118.0,3.5,betonlineag,W,1.18,0.11825974025974029,0.678,-154.0,3.5,betonlineag,L,-1.0
matchup_full,receptions,Malachi Toney,Receptions,2026-10-03,Miami,Clemson,4,0.2925925925925926,-14.0,1,,6.56,5.0,7.5,0.3065,0.5367701147140101,-0.46304887218045115,0.3065,-133.0,7.5,betonlineag,L,-1.0,0.4078050000000001,0.6935,103.0,7.5,betonlineag,W,1.03
matchup_full,receptions,Cooper Barkate,Receptions,2026-10-03,Miami,Clemson,4,0.12222222222222222,-14.0,1,,3.22,5.0,3.5,0.407,0.5462570956657111,-0.30019424460431654,0.407,-139.0,3.5,betonlineag,W,0.7194244604316546,0.22751000000000005,0.593,107.0,3.5,betonlineag,L,-1.0
matchup_full,receptions,Griffin Wilde,Receptions,2026-10-03,Northwestern,Penn State,3,0.26037687802393683,3.0,1,,4.13,2.0,4.5,0.3955,0.519675254742772,-0.2829552845528456,0.3955,-123.0,4.5,betonlineag,L,-1.0,0.18575000000000003,0.6045,-104.0,4.5,betonlineag,W,0.9615384615384616
matchup_full,receptions,Drew Wagner,Receptions,2026-10-03,Northwestern,Penn State,3,0.15609880315762667,3.0,1,,3.26,4.0,2.5,0.5795,0.4498870615467902,0.2111550000000001,0.5795,109.0,2.5,betonlineag,W,1.09,-0.28127304964539007,0.4205,-141.0,2.5,betonlineag,L,-1.0
matchup_full,receptions,Lotzeir Brooks,Receptions,2026-10-03,Alabama,Mississippi State,4,0.21520683502233845,-5.5,1,,4.08,4.0,4.5,0.3895,0.45920859794821695,-0.201525,0.3895,105.0,4.5,hardrockbet,L,-1.0,0.06272222222222223,0.6105,-135.0,4.5,hardrockbet,W,0.7407407407407407
matchup_full,receptions,Jeremiah Koger,Receptions,2026-10-03,Auburn,Tennessee,4,0.11335470085470085,6.0,1,,2.34,1.0,2.5,0.3385,0.4693877551020408,-0.32299999999999995,0.3385,100.0,2.5,betonlineag,L,-1.0,0.1703461538461538,0.6615,-130.0,2.5,betonlineag,W,0.7692307692307693
matchup_full,receptions,Keshaun Singleton,Receptions,2026-10-03,Auburn,Tennessee,4,0.2617521367521367,6.0,1,,4.63,7.0,4.5,0.453,0.5082034454470877,-0.16310169491525428,0.453,-118.0,4.5,betonlineag,W,0.847457627118644,0.0442727272727273,0.547,-110.0,4.5,betonlineag,L,-1.0
matchup_full,receptions,Mike Matthews,Receptions,2026-10-03,Tennessee,Auburn,4,0.2087301587301587,-6.0,1,,3.8,4.0,4.5,0.3405,0.4307128806891406,-0.25771,0.3405,118.0,4.5,betonlineag,L,-1.0,0.08774675324675318,0.6595,-154.0,4.5,betonlineag,W,0.6493506493506493
matchup_full,receptions,Legend Glasker,Receptions,2026-10-03,BYU,TCU,3,0.2602124183006536,-5.5,1,,3.32,3.0,3.5,0.418,0.44351918899348297,-0.11383999999999994,0.418,112.0,3.5,betonlineag,L,-1.0,-0.016620689655172383,0.582,-145.0,3.5,betonlineag,W,0.6896551724137931
matchup_full,receptions,Walker Lyons,Receptions,2026-10-03,BYU,TCU,3,0.15727124183006536,-5.5,1,,2.13,1.0,2.5,0.286,0.4773429454170958,-0.43633009708737863,0.286,-103.0,2.5,betonlineag,L,-1.0,0.28520000000000006,0.714,-125.0,2.5,betonlineag,W,0.8
matchup_full,receptions,Kyler Kasper,Receptions,2026-10-03,BYU,TCU,3,0.1895424836601307,-5.5,1,,3.01,2.0,3.5,0.3245,0.516439256945586,-0.4095163934426229,0.3245,-122.0,3.5,betonlineag,L,-1.0,0.31276415094339627,0.6755,-106.0,3.5,betonlineag,W,0.9433962264150944
matchup_full,receptions,LJ Martin,Receptions,2026-10-03,BYU,TCU,3,0.08905228758169935,-5.5,1,,1.36,1.0,2.5,0.1525,0.556480811006517,-0.7423275862068965,0.1525,-145.0,2.5,betonlineag,L,-1.0,0.7967000000000002,0.8475,112.0,2.5,betonlineag,W,1.12
matchup_full,receptions,Jojo Phillips,Receptions,2026-10-03,BYU,TCU,3,0.11560457516339868,-5.5,1,,2.22,1.0,2.5,0.286,0.3977531934306569,-0.32504,0.286,136.0,2.5,betonlineag,L,-1.0,0.1128826815642458,0.714,-179.0,2.5,betonlineag,W,0.5586592178770949
matchup_full,receptions,Luke Reynolds,Receptions,2026-10-03,Virginia Tech,Pittsburgh,4,0.2623886716628652,-1.5,1,,6.29,7.0,5.5,0.585,0.5,0.09369565217391301,0.585,-115.0,5.5,espnbet,W,0.8695652173913043,-0.2241304347826087,0.415,-115.0,5.5,espnbet,L,-1.0
matchup_full,receptions,Cataurus Hicks,Receptions,2026-10-03,Pittsburgh,Virginia Tech,4,0.1221813725490196,1.5,1,,3.5,3.0,2.5,0.621,0.5806451612903226,0.009124999999999994,0.621,-160.0,2.5,espnbet,W,0.625,-0.14725,0.379,125.0,2.5,espnbet,L,-1.0
matchup_full,receptions,Censere Lee,Receptions,2026-10-03,Pittsburgh,Virginia Tech,4,0.12079248366013072,1.5,1,,3.47,5.0,3.5,0.438,0.46322988528598974,-0.11086000000000007,0.438,103.0,3.5,betonlineag,W,1.03,-0.01544360902255637,0.562,-133.0,3.5,betonlineag,L,-1.0
matchup_full,receptions,Ayden Greene,Receptions,2026-10-03,Virginia Tech,Pittsburgh,3,0.09046445639187574,-1.5,1,,2.78,4.0,2.5,0.4775,0.5727636849132176,-0.21641025641025635,0.4775,-156.0,2.5,betonlineag,W,0.6410256410256411,0.1494999999999999,0.5225,120.0,2.5,betonlineag,L,-1.0
matchup_full,receptions,Davion Brown,Receptions,2026-10-03,Virginia Tech,Pittsburgh,4,0.07419456663408276,-1.5,1,,2.23,2.0,1.5,0.5595,0.5435460883633142,-0.03210583941605838,0.5595,-137.0,1.5,betonlineag,W,0.7299270072992701,-0.09256999999999999,0.4405,106.0,1.5,betonlineag,L,-1.0
matchup_full,receptions,Amare Thomas,Receptions,2026-10-03,Houston,UCF,4,0.2883442265795207,-10.5,1,,5.37,4.0,5.5,0.424,0.46526552222043954,-0.14351999999999998,0.424,102.0,5.5,betonlineag,L,-1.0,0.012363636363636354,0.576,-132.0,5.5,betonlineag,W,0.7575757575757576
matchup_full,receptions,JJ Buchanan,Receptions,2026-10-03,Michigan,Minnesota,4,0.3374183006535948,-6.5,1,,4.83,4.0,4.5,0.497,0.5347344777795604,-0.12648484848484848,0.497,-132.0,4.5,betonlineag,L,-1.0,0.016059999999999963,0.503,102.0,4.5,betonlineag,W,1.02
matchup_full,receptions,Javon Tracy,Receptions,2026-10-03,Minnesota,Michigan,4,0.2613912810781881,6.5,1,,4.86,3.0,4.5,0.5055,0.49179655455291227,-0.034954545454545516,0.5055,-110.0,4.5,betonlineag,L,-1.0,-0.08643220338983049,0.4945,-118.0,4.5,betonlineag,W,0.847457627118644
matchup_full,receptions,Noah Jennings,Receptions,2026-10-03,Minnesota,Michigan,4,0.20644622613313315,6.5,1,,4.48,7.0,4.5,0.438,0.4198571520494176,-0.018880000000000008,0.438,124.0,4.5,betonlineag,W,1.24,-0.08893167701863353,0.562,-161.0,4.5,betonlineag,L,-1.0
matchup_full,receptions,Darius Taylor,Receptions,2026-10-03,Minnesota,Michigan,3,0.11270629012564497,6.5,1,,1.86,3.0,2.5,0.286,0.5407914020517831,-0.5021481481481481,0.286,-135.0,2.5,betonlineag,W,0.7407407407407407,0.46370000000000006,0.714,105.0,2.5,betonlineag,L,-1.0
matchup_full,receptions,Junior Sherrill,Receptions,2026-10-03,Vanderbilt,Georgia,4,0.2722667855020796,25.5,1,,4.51,7.0,5.5,0.3005,0.4498870615467902,-0.371955,0.3005,109.0,5.5,betonlineag,W,1.09,0.19559929078014188,0.6995,-141.0,5.5,betonlineag,L,-1.0
matchup_full,receptions,Braylon Staley,Receptions,2026-10-03,Tennessee,Auburn,4,0.2015873015873016,-6.0,1,,4.01,3.0,4.5,0.374,0.46042319749216293,-0.23703999999999997,0.374,104.0,4.5,betonlineag,L,-1.0,0.08970370370370367,0.626,-135.0,4.5,betonlineag,W,0.7407407407407407
matchup_full,receptions,Chas Nimrod,Receptions,2026-10-03,Auburn,Tennessee,4,0.2704059829059829,6.0,1,,4.95,3.0,4.5,0.527,0.3933164104995956,0.25953000000000004,0.527,139.0,4.5,betonlineag,L,-1.0,-0.2671098901098901,0.473,-182.0,4.5,betonlineag,W,0.5494505494505495
matchup_full,receptions,Isaiah Horton,Receptions,2026-10-03,Texas A&M,Arkansas,4,0.21307692307692308,-13.5,1,,3.88,2.0,4.5,0.354,0.5,-0.33547368421052637,0.354,-114.0,4.5,betonlineag,L,-1.0,0.21266666666666667,0.646,-114.0,4.5,betonlineag,W,0.8771929824561403
matchup_full,receptions,Chris Lawson,Receptions,2026-10-03,Washington,USC,4,0.1433097553787209,7.5,1,,3.59,5.0,3.5,0.449,0.48768472906403937,-0.1352592592592593,0.449,-108.0,3.5,betonlineag,W,0.9259259259259259,0.010166666666666713,0.551,-120.0,3.5,betonlineag,L,-1.0
matchup_full,receptions,Dezmen Roebuck,Receptions,2026-10-03,Washington,USC,4,0.31503278809313295,7.5,1,,6.38,5.0,6.5,0.426,0.516439256945586,-0.2248196721311475,0.426,-122.0,6.5,betonlineag,L,-1.0,0.11550943396226415,0.574,-106.0,6.5,betonlineag,W,0.9433962264150944
matchup_full,receptions,Coy Eakin,Receptions,2026-10-03,Texas Tech,Colorado,4,0.19033254327371973,-13.5,1,,4.1,1.0,3.5,0.5575,0.47438944435338465,0.10406862745098033,0.5575,-102.0,3.5,betonlineag,L,-1.0,-0.20907480314960625,0.4425,-127.0,3.5,betonlineag,W,0.7874015748031497
matchup_full,receptions,Kenny Johnson,Receptions,2026-10-03,Texas Tech,Colorado,4,0.19847554406377935,-13.5,1,,4.35,1.0,4.5,0.4225,0.44351918899348297,-0.1043,0.4225,112.0,4.5,betonlineag,L,-1.0,-0.02422413793103445,0.5775,-145.0,4.5,betonlineag,W,0.6896551724137931
matchup_full,receptions,J'Koby Williams,Receptions,2026-10-03,Texas Tech,Colorado,4,0.18651691445809093,-13.5,1,,2.25,3.0,2.5,0.2915,0.40175310445580714,-0.31789,0.2915,134.0,2.5,betonlineag,W,1.34,0.11335714285714288,0.7085,-175.0,2.5,betonlineag,L,-1.0
matchup_full,receptions,Micah Hudson,Receptions,2026-10-03,Texas Tech,Colorado,3,0.07855107855107855,-13.5,1,,2.35,2.0,2.5,0.414,0.4053409632808775,-0.03952,0.414,132.0,2.5,betonlineag,L,-1.0,-0.07330232558139532,0.586,-172.0,2.5,betonlineag,W,0.5813953488372093
matchup_full,receptions,Jonathan Stafford Jr.,Receptions,2026-10-03,Western Kentucky,New Mexico State,4,0.24448529411764708,1.5,1,,4.94,10.0,5.5,0.363,0.4693877551020408,-0.274,0.363,100.0,5.5,betonlineag,W,1.0,0.12700000000000006,0.637,-130.0,5.5,betonlineag,L,-1.0
matchup_full,receptions,Josiah Thomas,Receptions,2026-10-03,New Mexico State,Western Kentucky,4,0.1202598888525662,-1.5,1,,3.15,4.0,2.5,0.597,0.5704089571423739,-0.015337662337662372,0.597,-154.0,2.5,betonlineag,W,0.6493506493506493,-0.11742999999999998,0.403,119.0,2.5,betonlineag,L,-1.0
matchup_full,receptions,Qua'Vez Humphreys,Receptions,2026-10-03,Western Kentucky,New Mexico State,2,0.06944444444444445,1.5,1,,2.41,1.0,2.5,0.4215,0.4472667034787409,-0.11485000000000001,0.4215,110.0,2.5,betonlineag,L,-1.0,-0.016954545454545444,0.5785,-143.0,2.5,betonlineag,W,0.6993006993006993
matchup_full,receptions,Jahiem White,Receptions,2026-10-03,North Texas,Tulsa,4,0.17619639564622613,-3.0,1,,3.88,2.0,3.5,0.5125,0.5727636849132176,-0.15897435897435896,0.5125,-156.0,3.5,betonlineag,L,-1.0,0.07250000000000001,0.4875,120.0,3.5,betonlineag,W,1.2
matchup_full,receptions,Justin Stevenson,Receptions,2026-10-03,North Texas,Tulsa,4,0.1592904300243859,-3.0,1,,4.17,5.0,4.5,0.4005,0.4969046636401156,-0.24191071428571426,0.4005,-112.0,4.5,betonlineag,W,0.8928571428571429,0.1208043478260869,0.5995,-115.0,4.5,betonlineag,L,-1.0
matchup_full,receptions,Corri Milliner,Receptions,2026-10-03,North Texas,Tulsa,4,0.1582935823469934,-3.0,1,,3.92,3.0,4.5,0.359,0.4307128806891406,-0.21738000000000007,0.359,118.0,4.5,betonlineag,L,-1.0,0.05723376623376625,0.641,-154.0,4.5,betonlineag,W,0.6493506493506493
matchup_full,receptions,Oran Singleton Jr.,Receptions,2026-10-03,Tulsa,North Texas,4,0.21641281512605043,3.0,1,,4.23,11.0,4.5,0.4075,0.4121896998888477,-0.07090000000000007,0.4075,128.0,4.5,betonlineag,W,1.28,-0.05270958083832333,0.5925,-167.0,4.5,betonlineag,L,-1.0
matchup_full,receptions,Anthony Evans III,Receptions,2026-10-03,Mississippi State,Alabama,4,0.3272112573099415,5.5,1,,6.09,12.0,6.5,0.3905,0.43668122270742354,-0.16042500000000004,0.3905,115.0,6.5,espnbet,W,1.15,0.01583333333333331,0.6095,-150.0,6.5,espnbet,L,-1.0
matchup_full,receptions,Marquis Johnson,Receptions,2026-10-03,Mississippi State,Alabama,4,0.11991349902534112,5.5,1,,2.69,2.0,2.5,0.4745,0.4796954314720812,-0.0735952380952381,0.4745,-105.0,2.5,espnbet,L,-1.0,-0.05409999999999998,0.5255,-125.0,2.5,espnbet,W,0.8
matchup_full,receptions,Rico Scott,Receptions,2026-10-03,Alabama,Mississippi State,4,0.15238333605753512,-5.5,1,,3.43,4.0,3.5,0.433,0.4193548387096774,-0.02574999999999994,0.433,125.0,3.5,espnbet,W,1.25,-0.078625,0.567,-160.0,3.5,espnbet,L,-1.0
matchup_full,receptions,Zion Ragins,Receptions,2026-10-03,Mississippi State,Alabama,4,0.1194870857699805,5.5,1,,3.16,1.0,2.5,0.5985,0.550561797752809,0.026000000000000023,0.5985,-140.0,2.5,espnbet,L,-1.0,-0.15685,0.4015,110.0,2.5,espnbet,W,1.1
matchup_full,receptions,Antonio Meeks,Receptions,2026-10-03,Wake Forest,Stanford,3,0.11010971786833856,-14.5,1,,2.67,1.0,2.5,0.472,0.4232164449818621,0.04783999999999988,0.472,122.0,2.5,betonlineag,L,-1.0,-0.13992452830188679,0.528,-159.0,2.5,betonlineag,W,0.6289308176100629
matchup_full,receptions,Nico Brown,Receptions,2026-10-03,Stanford,Wake Forest,2,0.13863636363636364,14.5,1,,2.39,4.0,3.5,0.2435,0.4198571520494176,-0.45455999999999996,0.2435,124.0,3.5,betonlineag,W,1.24,0.2263757763975155,0.7565,-161.0,3.5,betonlineag,L,-1.0
matchup_full,receptions,Caden High,Receptions,2026-10-03,Stanford,Wake Forest,3,0.23484848484848486,14.5,1,,4.45,2.0,4.5,0.434,0.43734082725915513,-0.06690000000000002,0.434,115.0,4.5,betonlineag,L,-1.0,-0.054134228187919464,0.566,-149.0,4.5,betonlineag,W,0.6711409395973155
matchup_full,receptions,Carlos Hernandez,Receptions,2026-10-03,Wake Forest,Stanford,4,0.42427507836990597,-14.5,1,,6.64,7.0,7.5,0.314,0.44351918899348297,-0.33432,0.314,112.0,7.5,betonlineag,L,-1.0,0.15910344827586215,0.686,-145.0,7.5,betonlineag,W,0.6896551724137931
matchup_full,receptions,Jayden Savoury,Receptions,2026-10-03,Michigan State,Wisconsin,4,0.20366621682411157,8.5,1,,2.93,4.0,2.5,0.5095,0.5946590367191226,-0.19427906976744186,0.5095,-172.0,2.5,betonlineag,W,0.5813953488372093,0.13796000000000008,0.4905,132.0,2.5,betonlineag,L,-1.0
matchup_full,receptions,Tyrell Henry,Receptions,2026-10-03,Wisconsin,Michigan State,4,0.3159166031019578,-8.5,1,,5.09,2.0,4.5,0.5565,0.44351918899348297,0.17978000000000005,0.5565,112.0,4.5,betonlineag,L,-1.0,-0.25063793103448273,0.4435,-145.0,4.5,betonlineag,W,0.6896551724137931
matchup_full,receptions,Chrishon McCray,Receptions,2026-10-03,Michigan State,Wisconsin,4,0.1851102114260009,8.5,1,,3.23,3.0,2.5,0.5755,0.5435460883633142,-0.004427007299270036,0.5755,-137.0,2.5,betonlineag,W,0.7299270072992701,-0.12552999999999997,0.4245,106.0,2.5,betonlineag,L,-1.0
matchup_full,receptions,Chris Brooks Jr.,Receptions,2026-10-03,Wisconsin,Michigan State,4,0.14152682430714467,-8.5,1,,2.99,1.0,2.5,0.531,0.5226570545829042,-0.044199999999999906,0.531,-125.0,2.5,betonlineag,L,-1.0,-0.07566019417475733,0.469,-103.0,2.5,betonlineag,W,0.970873786407767
matchup_full,receptions,Jacob Harris,Receptions,2026-10-03,Wisconsin,Michigan State,4,0.15687770150012714,-8.5,1,,2.67,2.0,2.5,0.472,0.5489256569588981,-0.19324822695035465,0.472,-141.0,2.5,betonlineag,L,-1.0,0.0982400000000001,0.528,108.0,2.5,betonlineag,W,1.08
matchup_full,receptions,Eugene Hilton Jr.,Receptions,2026-10-03,Wisconsin,Michigan State,4,0.1406210272056954,-8.5,1,,2.64,1.0,2.5,0.466,0.5185070943861814,-0.15513821138211387,0.466,-123.0,2.5,betonlineag,L,-1.0,0.04257142857142854,0.534,-105.0,2.5,betonlineag,W,0.9523809523809523
matchup_full,receptions,Rodney Bullard Jr.,Receptions,2026-10-03,Michigan State,Wisconsin,4,0.19084570400359874,8.5,1,,3.76,1.0,3.5,0.4785,0.48149290561381863,-0.06578571428571428,0.4785,-105.0,3.5,betonlineag,L,-1.0,-0.05451626016260164,0.5215,-123.0,3.5,betonlineag,W,0.8130081300813008
matchup_full,receptions,Radarious Jackson,Receptions,2026-10-03,Tennessee,Auburn,3,0.18465608465608466,-6.0,1,,2.38,1.0,2.5,0.418,0.5276888998277135,-0.2554375,0.418,-128.0,2.5,betonlineag,L,-1.0,0.1582376237623762,0.582,-101.0,2.5,betonlineag,W,0.9900990099009901
matchup_full,receptions,Chase Hendricks,Receptions,2026-10-03,California,UNLV,4,0.2403253609135962,1.5,1,,4.65,8.0,4.5,0.4545,0.5256105556466153,-0.18762598425196847,0.4545,-127.0,4.5,betonlineag,W,0.7874015748031497,0.08030392156862742,0.5455,-102.0,4.5,betonlineag,L,-1.0
matchup_full,receptions,Duce Robinson,Receptions,2026-10-03,Florida State,Virginia,4,0.20973389355742297,1.5,1,,3.64,2.0,3.5,0.4535,0.48768472906403937,-0.1265925925925926,0.4535,-108.0,3.5,betonlineag,L,-1.0,0.0019166666666666776,0.5465,-120.0,3.5,betonlineag,W,0.8333333333333334
matchup_full,receptions,Micahi Danzy,Receptions,2026-10-03,Florida State,Virginia,4,0.18032212885154061,1.5,1,,3.02,4.0,3.5,0.3255,0.46322988528598974,-0.33923499999999995,0.3255,103.0,3.5,betonlineag,W,1.03,0.1816428571428571,0.6745,-133.0,3.5,betonlineag,L,-1.0
matchup_full,receptions,Jayvan Boggs,Receptions,2026-10-03,Florida State,Virginia,4,0.21376050420168066,1.5,1,,3.09,1.0,3.5,0.3455,0.4053409632808775,-0.19844,0.3455,132.0,3.5,betonlineag,L,-1.0,0.03502325581395355,0.6545,-172.0,3.5,betonlineag,W,0.5813953488372093
matchup_full,receptions,Tre Richardson,Receptions,2026-10-03,Louisville,NC State,4,0.2566137566137566,-5.5,1,,4.38,8.0,5.5,0.2855,0.48768472906403937,-0.4501481481481482,0.2855,-108.0,5.5,betonlineag,W,0.9259259259259259,0.30991666666666673,0.7145,-120.0,5.5,betonlineag,L,-1.0
matchup_full,receptions,TreyShun Hurry,Receptions,2026-10-03,Louisville,NC State,4,0.17129629629629628,-5.5,1,,3.5,4.0,3.5,0.4395,0.4723111001722865,-0.12535148514851485,0.4395,-101.0,3.5,betonlineag,W,0.9900990099009901,-0.001609375000000024,0.5605,-128.0,3.5,betonlineag,L,-1.0
matchup_full,receptions,Jaleel Skinner,Receptions,2026-10-03,Louisville,NC State,4,0.15608465608465608,-5.5,1,,3.08,2.0,2.5,0.57,0.559015193444145,-0.042244897959183736,0.57,-147.0,2.5,betonlineag,L,-1.0,-0.08410000000000001,0.43,113.0,2.5,betonlineag,W,1.13
matchup_full,receptions,Lawayne McCoy,Receptions,2026-10-03,Louisville,NC State,4,0.19047619047619047,-5.5,1,,3.76,2.0,3.5,0.4815,0.5626591727408448,-0.19534563758389256,0.4815,-149.0,3.5,betonlineag,L,-1.0,0.1147749999999999,0.5185,115.0,3.5,betonlineag,W,1.15
matchup_full,receptions,Keenan Jackson,Receptions,2026-10-03,NC State,Louisville,4,0.21709401709401707,5.5,1,,4.29,3.0,4.5,0.416,0.44351918899348297,-0.11807999999999996,0.416,112.0,4.5,betonlineag,L,-1.0,-0.013241379310344803,0.584,-145.0,4.5,betonlineag,W,0.6896551724137931
matchup_full,receptions,Joshisa Trader,Receptions,2026-10-03,NC State,Louisville,4,0.1358974358974359,5.5,1,,2.51,5.0,2.5,0.44,0.5185070943861814,-0.2022764227642277,0.44,-123.0,2.5,betonlineag,W,0.8130081300813008,0.09333333333333332,0.56,-105.0,2.5,betonlineag,L,-1.0
matchup_full,receptions,Preston Douglas,Receptions,2026-10-03,NC State,Louisville,4,0.16832264957264959,5.5,1,,3.27,5.0,3.5,0.413,0.43734082725915513,-0.11205000000000004,0.413,115.0,3.5,betonlineag,W,1.15,-0.019040268456375797,0.587,-149.0,3.5,betonlineag,L,-1.0
matchup_full,receptions,Kwazi Gilmer,Receptions,2026-10-03,Nebraska,Maryland,4,0.23547008547008547,-15.5,1,,4.15,11.0,4.5,0.397,0.5256105556466153,-0.29040157480314954,0.397,-127.0,4.5,betonlineag,W,0.7874015748031497,0.19417647058823528,0.603,-102.0,4.5,betonlineag,L,-1.0
matchup_full,receptions,Luke Lindenmeyer,Receptions,2026-10-03,Nebraska,Maryland,4,0.12756410256410255,-15.5,1,,2.51,3.0,2.5,0.4385,0.539576802507837,-0.23668518518518522,0.4385,-135.0,2.5,betonlineag,W,0.7407407407407407,0.14546000000000003,0.5615,104.0,2.5,betonlineag,L,-1.0
matchup_full,receptions,Chris Durr Jr.,Receptions,2026-10-03,Maryland,Nebraska,4,0.3235338345864662,15.5,1,,6.69,7.0,7.5,0.3185,0.4498870615467902,-0.33433499999999994,0.3185,109.0,7.5,betonlineag,L,-1.0,0.16483333333333333,0.6815,-141.0,7.5,betonlineag,W,0.7092198581560284
matchup_full,receptions,Kaleb Webb,Receptions,2026-10-03,Maryland,Nebraska,4,0.11369674185463659,15.5,1,,3.5,4.0,3.5,0.4395,0.556480811006517,-0.2573965517241379,0.4395,-145.0,3.5,betonlineag,W,0.6896551724137931,0.1882600000000001,0.5605,112.0,3.5,betonlineag,L,-1.0
matchup_full,receptions,Asaad Waseem,Receptions,2026-10-03,Purdue,Illinois,4,0.24243055555555557,9.5,1,,5.13,3.0,4.5,0.5615,0.552733296521259,-0.045842657342657356,0.5615,-143.0,4.5,betonlineag,L,-1.0,-0.07914999999999994,0.4385,110.0,4.5,betonlineag,W,1.1
matchup_full,receptions,Xavier Townsend,Receptions,2026-10-03,Purdue,Illinois,4,0.23668981481481483,9.5,1,,4.77,4.0,3.5,0.661,0.5878103001111523,0.05680838323353288,0.661,-167.0,3.5,betonlineag,W,0.5988023952095808,-0.22708,0.339,128.0,3.5,betonlineag,L,-1.0
matchup_full,receptions,Chauncey Magwood,Receptions,2026-10-03,Purdue,Illinois,4,0.09332175925925926,9.5,1,,3.37,4.0,3.5,0.4255,0.552733296521259,-0.2769475524475525,0.4255,-143.0,3.5,betonlineag,W,0.6993006993006993,0.20645000000000002,0.5745,110.0,3.5,betonlineag,L,-1.0
matchup_full,receptions,George Burhenn,Receptions,2026-10-03,Purdue,Illinois,3,0.062191358024691355,9.5,1,,1.83,1.0,1.5,0.5535,0.539576802507837,-0.03650000000000003,0.5535,-135.0,1.5,betonlineag,L,-1.0,-0.08913999999999994,0.4465,104.0,1.5,betonlineag,W,1.04
matchup_full,receptions,Fame Ijeboi,Receptions,2026-10-03,Purdue,Illinois,4,0.08539351851851852,9.5,1,,2.13,1.0,2.5,0.286,0.5626591727408448,-0.5220536912751678,0.286,-149.0,2.5,betonlineag,L,-1.0,0.5350999999999999,0.714,115.0,2.5,betonlineag,W,1.15
matchup_full,receptions,Collin Dixon,Receptions,2026-10-03,Illinois,Purdue,4,0.3764482799808887,-9.5,1,,6.21,10.0,5.5,0.5735,0.5102580936358786,0.055432773109243716,0.5735,-119.0,5.5,betonlineag,W,0.8403361344537815,-0.18221559633027523,0.4265,-109.0,5.5,betonlineag,L,-1.0
matchup_full,receptions,Hudson Clement,Receptions,2026-10-03,Illinois,Purdue,4,0.21323060996974041,-9.5,1,,3.89,4.0,4.5,0.354,0.5082034454470877,-0.34600000000000003,0.354,-118.0,4.5,betonlineag,L,-1.0,0.2332727272727273,0.646,-110.0,4.5,betonlineag,W,0.9090909090909091
matchup_full,receptions,Willie Rodriguez,Receptions,2026-10-03,Kentucky,South Carolina,4,0.24655388471177944,2.5,1,,3.87,5.0,3.5,0.5065,0.46322988528598974,0.028194999999999915,0.5065,103.0,3.5,betonlineag,W,1.03,-0.1354473684210526,0.4935,-133.0,3.5,betonlineag,L,-1.0
matchup_full,receptions,Brady Hunt,Receptions,2026-10-03,South Carolina,Kentucky,4,0.13244107744107744,-2.5,1,,2.22,2.0,2.5,0.286,0.4564539116366858,-0.41084,0.286,106.0,2.5,betonlineag,L,-1.0,0.23516788321167886,0.714,-137.0,2.5,betonlineag,W,0.7299270072992701
matchup_full,receptions,Kenny Darby,Receptions,2026-10-03,Kentucky,South Carolina,4,0.18629908103592313,2.5,1,,3.05,12.0,4.5,0.188,0.38995689950058143,-0.5469200000000001,0.188,141.0,4.5,betonlineag,W,1.41,0.250918918918919,0.812,-185.0,4.5,betonlineag,L,-1.0
matchup_full,receptions,Nic Anderson,Receptions,2026-10-03,Kentucky,South Carolina,3,0.07212475633528265,2.5,1,,2.38,5.0,2.5,0.418,0.4053409632808775,-0.030239999999999934,0.418,132.0,2.5,betonlineag,W,1.32,-0.07962790697674416,0.582,-172.0,2.5,betonlineag,L,-1.0
matchup_full,receptions,DJ Black,Receptions,2026-10-03,South Carolina,Kentucky,2,0.10555555555555556,-2.5,1,,2.6,3.0,1.5,0.6965,0.5626591727408448,0.16394966442953024,0.6965,-149.0,1.5,betonlineag,W,0.6711409395973155,-0.34747500000000003,0.3035,115.0,1.5,betonlineag,L,-1.0
matchup_full,receptions,Nyck Harbor,Receptions,2026-10-03,South Carolina,Kentucky,4,0.13925084175084174,-2.5,1,,3.34,2.0,3.5,0.4215,0.43734082725915513,-0.09377500000000005,0.4215,115.0,3.5,betonlineag,L,-1.0,-0.033244966442952995,0.5785,-149.0,3.5,betonlineag,W,0.6711409395973155
matchup_full,receptions,Chris Marshall,Receptions,2026-10-03,Arkansas,Texas A&M,4,0.28382967607105536,13.5,1,,5.77,7.0,5.5,0.4835,0.483560743054414,-0.060367924528301864,0.4835,-106.0,5.5,betonlineag,W,0.9433962264150944,-0.060139344262295114,0.5165,-122.0,5.5,betonlineag,L,-1.0
matchup_full,receptions,Baron Naone,Receptions,2026-10-03,Washington,USC,4,0.13983753315649866,7.5,1,,2.91,3.0,2.5,0.502,0.4948402542722694,-0.04574774774774776,0.502,-111.0,2.5,betonlineag,W,0.9009009009009009,-0.07268965517241383,0.498,-116.0,2.5,betonlineag,L,-1.0
matchup_full,receptions,Decker DeGraaf,Receptions,2026-10-03,Washington,USC,4,0.09302239905688181,7.5,1,,2.39,2.0,2.5,0.4185,0.4498870615467902,-0.12533499999999997,0.4185,109.0,2.5,betonlineag,L,-1.0,-0.006088652482269474,0.5815,-141.0,2.5,betonlineag,W,0.7092198581560284
matchup_full,receptions,Jourdin Houston,Receptions,2026-10-03,Rutgers,Indiana,4,0.18808977937267413,24.5,1,,3.22,1.0,1.5,0.7555,0.5909989356849628,0.2025414201183432,0.7555,-169.0,1.5,betonlineag,L,-1.0,-0.43764999999999993,0.2445,130.0,1.5,betonlineag,W,1.3
matchup_full,receptions,Shazz Preston,Receptions,2026-10-03,Indiana,Rutgers,4,0.11279802069275753,-24.5,1,,1.72,2.0,2.5,0.1695,0.5,-0.6818157894736843,0.1695,-114.0,2.5,betonlineag,L,-1.0,0.5590087719298246,0.8305,-114.0,2.5,betonlineag,W,0.8771929824561403
matchup_full,receptions,Nick Marsh,Receptions,2026-10-03,Indiana,Rutgers,4,0.25191183085919927,-24.5,1,,3.89,7.0,5.5,0.225,0.4693877551020408,-0.55,0.225,100.0,5.5,betonlineag,W,1.0,0.3711538461538463,0.775,-130.0,5.5,betonlineag,L,-1.0
matchup_full,receptions,KJ Duff,Receptions,2026-10-03,Rutgers,Indiana,4,0.38361410154173314,24.5,1,,5.85,4.0,4.5,0.6835,0.5082034454470877,0.26273728813559316,0.6835,-118.0,4.5,betonlineag,L,-1.0,-0.3957727272727273,0.3165,-110.0,4.5,betonlineag,W,0.9090909090909091
matchup_full,receptions,Charlie Becker,Receptions,2026-10-03,Indiana,Rutgers,4,0.3181511470985155,-24.5,1,,4.74,8.0,5.5,0.325,0.4198571520494176,-0.272,0.325,124.0,5.5,betonlineag,W,1.24,0.09425465838509317,0.675,-161.0,5.5,betonlineag,L,-1.0
matchup_full,receptions,Tre Spivey,Receptions,2026-10-03,Arizona,Cincinnati,4,0.1851966220172742,-7.0,1,,4.64,3.0,5.5,0.3145,0.5,-0.4096228070175439,0.3145,-114.0,5.5,betonlineag,L,-1.0,0.28681578947368414,0.6855,-114.0,5.5,betonlineag,W,0.8771929824561403
matchup_full,receptions,Ryan Williams,Receptions,2026-10-03,Alabama,Mississippi State,4,0.22042197886019396,-5.5,0,,4.21,3.0,2.5,0.753,0.8470588235294118,-0.18425,0.753,-1200.0,2.5,espnbet,W,0.08333333333333333,0.4819999999999999,0.247,500.0,2.5,espnbet,L,-1.0
matchup_full,receptions,Sanfrisco Magee,Receptions,2026-10-03,Mississippi State,Alabama,4,0.153630604288499,5.5,1,,3.11,3.0,3.5,0.352,0.43928719436386243,-0.27840000000000004,0.352,105.0,3.5,fliff,L,-1.0,0.04072727272727278,0.648,-165.0,3.5,fliff,W,0.6060606060606061
matchup_full,receptions,Fluff Bothwell,Receptions,2026-10-03,Mississippi State,Alabama,4,0.09359770955165692,5.5,1,,2.47,0.0,2.5,0.4315,0.5,-0.2233,0.4315,-125.0,2.5,fliff,L,-1.0,0.023300000000000043,0.5685,-125.0,2.5,fliff,W,0.8
matchup_full,receptions,Pierce Walsh,Receptions,2026-10-03,Minnesota,Michigan,2,0.0707196029776675,6.5,1,,2.13,2.0,1.5,0.5595,0.44217687074829937,0.14697499999999997,0.5595,105.0,1.5,fliff,W,1.05,-0.2841875,0.4405,-160.0,1.5,fliff,L,-1.0
matchup_full,receptions,Savion Hiter,Receptions,2026-10-03,Michigan,Minnesota,4,0.11887254901960784,-6.5,1,,1.15,0.0,1.5,0.268,0.4096045197740113,-0.4104,0.268,120.0,1.5,fliff,L,-1.0,0.11726315789473679,0.732,-190.0,1.5,fliff,W,0.5263157894736842
matchup_full,receptions,Jordan Marshall,Receptions,2026-10-03,Michigan,Minnesota,4,0.05357142857142857,-6.5,1,,0.94,0.0,0.5,0.564,0.6176821983273596,-0.17963636363636365,0.564,-220.0,0.5,fliff,L,-1.0,0.024600000000000066,0.436,135.0,0.5,fliff,W,1.35
matchup_full,receptions,Jeremiah Cobb,Receptions,2026-10-03,Auburn,Tennessee,4,0.072008547008547,6.0,1,,1.39,2.0,1.5,0.3705,0.5634599838318513,-0.4115588235294117,0.3705,-170.0,1.5,fliff,W,0.5882352941176471,0.290475,0.6295,105.0,1.5,fliff,L,-1.0
matchup_full,receptions,Dasaahn Brame,Receptions,2026-10-03,Tennessee,Auburn,2,0.13333333333333333,-6.0,1,,2.1,2.0,1.5,0.5595,0.5394736842105263,-0.0675,0.5595,-150.0,1.5,fliff,W,0.6666666666666666,-0.13997619047619048,0.4405,-105.0,1.5,fliff,L,-1.0
matchup_full,receptions,DeSean Bishop,Receptions,2026-10-03,Tennessee,Auburn,4,0.08055555555555555,-6.0,1,,1.18,0.0,1.5,0.348,0.5088967971530249,-0.38430769230769235,0.348,-130.0,1.5,fliff,L,-1.0,0.19533333333333336,0.652,-120.0,1.5,fliff,W,0.8333333333333334
matchup_full,receptions,Jadan Baugh,Receptions,2026-10-03,Florida,Missouri,4,0.03125,-5.5,1,,1.16,3.0,1.5,0.269,0.4731182795698925,-0.4864545454545454,0.269,-110.0,1.5,fliff,W,0.9090909090909091,0.2531428571428571,0.731,-140.0,1.5,fliff,L,-1.0
matchup_full,receptions,Jekail Middlebrook,Receptions,2026-10-03,Virginia,Florida State,4,0.05284992784992785,-1.5,1,,1.22,2.0,1.5,0.3665,0.5360685302073941,-0.38074137931034474,0.3665,-145.0,1.5,fliff,W,0.6896551724137931,0.23683333333333328,0.6335,-105.0,1.5,fliff,L,-1.0
matchup_full,receptions,Bo Jackson,Receptions,2026-10-03,Ohio State,Iowa,4,0.1060294596822111,-14.5,1,,1.67,0.0,2.5,0.1555,0.3927881519639408,-0.64235,0.1555,130.0,2.5,fliff,L,-1.0,0.25645121951219507,0.8445,-205.0,2.5,fliff,W,0.4878048780487805
matchup_full,receptions,Kamari Moulton,Receptions,2026-10-03,Iowa,Ohio State,3,0.12698412698412698,14.5,1,,2.14,0.0,1.5,0.5595,0.5693779904306221,-0.11138235294117649,0.5595,-170.0,1.5,fliff,L,-1.0,-0.07494999999999996,0.4405,110.0,1.5,fliff,W,1.1
matchup_full,receptions,Jason Patterson,Receptions,2026-10-03,Kentucky,South Carolina,4,0.027046783625730993,2.5,1,,0.67,0.0,0.5,0.5115,0.6,-0.23275,0.5115,-200.0,0.5,fliff,L,-1.0,0.09912500000000002,0.4885,125.0,0.5,fliff,W,1.25
matchup_full,receptions,Mark Fletcher Jr.,Receptions,2026-10-03,Miami,Clemson,3,0.022222222222222223,-14.0,1,,0.69,2.0,1.5,0.2075,0.360313315926893,-0.48125,0.2075,150.0,1.5,fliff,W,1.5,0.11596938775510204,0.7925,-245.0,1.5,fliff,L,-1.0
matchup_full,receptions,King Miller,Receptions,2026-10-03,USC,Washington,5,0.022488755622188904,-7.5,1,,0.76,1.0,1.5,0.2075,0.43928719436386243,-0.5746249999999999,0.2075,105.0,1.5,fliff,L,-1.0,0.2728030303030303,0.7925,-165.0,1.5,fliff,W,0.6060606060606061
matchup_full,receptions,Waymond Jordan,Receptions,2026-10-03,USC,Washington,5,0.033793103448275866,-7.5,1,,0.9,1.0,1.5,0.212,0.35576179427687554,-0.45940000000000003,0.212,155.0,1.5,fliff,L,-1.0,0.10963265306122452,0.788,-245.0,1.5,fliff,W,0.40816326530612246
matchup_full,receptions,Cameron Dickey,Receptions,2026-10-03,Texas Tech,Colorado,4,0.06171442936148819,-13.5,1,,1.41,0.0,1.5,0.3705,0.41184971098265893,-0.18489999999999995,0.3705,120.0,1.5,fliff,L,-1.0,-0.03022972972972976,0.6295,-185.0,1.5,fliff,W,0.5405405405405406
matchup_full,receptions,Ja'Kyrian Turner,Receptions,2026-10-03,Pittsburgh,Virginia Tech,1,0.11764705882352941,1.5,1,,2.76,6.0,2.5,0.4775,0.4693877551020408,-0.044999999999999984,0.4775,100.0,2.5,betonlineag,W,1.0,-0.07557692307692304,0.5225,-130.0,2.5,betonlineag,L,-1.0
matchup_full,receptions,Carson Kent,Receptions,2026-10-03,Pittsburgh,Virginia Tech,4,0.11609477124183007,1.5,1,,2.92,1.0,3.5,0.306,0.4537429043342889,-0.36657999999999996,0.306,107.0,3.5,betonlineag,L,-1.0,0.1932805755395683,0.694,-139.0,3.5,betonlineag,W,0.7194244604316546
matchup_full,receptions,Jeffrey Overton Jr.,Receptions,2026-10-03,Virginia Tech,Pittsburgh,4,0.08953445747800587,-1.5,1,,2.53,5.0,2.5,0.4415,0.5867448807441689,-0.29412874251497007,0.4415,-167.0,2.5,betonlineag,W,0.5988023952095808,0.267795,0.5585,127.0,2.5,betonlineag,L,-1.0
matchup_full,receptions,Javarius Green,Receptions,2026-10-03,Boston College,SMU,4,0.20616883116883117,21.5,1,,3.16,5.0,3.5,0.366,0.46526552222043954,-0.26068,0.366,102.0,3.5,betonlineag,W,1.02,0.1143030303030303,0.634,-132.0,3.5,betonlineag,L,-1.0
matchup_full,receptions,Makhi Hughes,Receptions,2026-10-03,Houston,UCF,4,0.05822440087145969,-10.5,1,,1.34,2.0,1.5,0.3705,0.45132743362831856,-0.25899999999999995,0.3705,100.0,1.5,fliff,W,1.0,0.035629032258064464,0.6295,-155.0,1.5,fliff,L,-1.0
matchup_full,receptions,DJ Epps,Receptions,2026-10-03,West Virginia,Iowa State,4,0.2556818181818182,3.0,1,,3.47,4.0,2.5,0.616,0.5318542641970282,0.08984615384615385,0.616,-130.0,2.5,betonlineag,W,0.7692307692307693,-0.22815999999999997,0.384,101.0,2.5,betonlineag,L,-1.0
matchup_full,receptions,Jaden Bray,Receptions,2026-10-03,West Virginia,Iowa State,4,0.19090909090909092,3.0,1,,2.4,1.0,1.5,0.658,0.5318542641970282,0.16415384615384615,0.658,-130.0,1.5,betonlineag,L,-1.0,-0.31258,0.342,101.0,1.5,betonlineag,W,1.01
matchup_full,receptions,Cam Cook,Receptions,2026-10-03,West Virginia,Iowa State,4,0.12045454545454545,3.0,1,,1.55,2.0,1.5,0.3705,0.5719844357976653,-0.41778571428571426,0.3705,-175.0,1.5,fliff,W,0.5714285714285714,0.32195,0.6295,110.0,1.5,fliff,L,-1.0
matchup_full,receptions,Fredrick Moore,Receptions,2026-10-03,Michigan State,Wisconsin,4,0.1509221772379667,8.5,1,,2.96,4.0,3.5,0.314,0.45132743362831856,-0.37200000000000005,0.314,100.0,3.5,fliff,W,1.0,0.12858064516129036,0.686,-155.0,3.5,fliff,L,-1.0
matchup_full,receptions,Amir Jackson,Receptions,2026-10-03,Florida,Missouri,3,0.07916666666666666,-5.5,1,,1.77,1.0,1.5,0.525,0.4482758620689655,0.050000000000000044,0.525,100.0,1.5,fliff,L,-1.0,-0.22812500000000002,0.475,-160.0,1.5,fliff,W,0.625
matchup_full,receptions,Luke Harpring,Receptions,2026-10-03,Florida,Missouri,4,0.090625,-5.5,1,,1.69,3.0,1.5,0.388,0.44217687074829937,-0.20459999999999995,0.388,105.0,1.5,fliff,W,1.05,-0.005500000000000005,0.612,-160.0,1.5,fliff,L,-1.0
matchup_full,receptions,Jayden Scott,Receptions,2026-10-03,NC State,Louisville,4,0.030448717948717948,5.5,1,,1.19,0.0,1.5,0.353,0.5088967971530249,-0.37546153846153846,0.353,-130.0,1.5,fliff,L,-1.0,0.1861666666666667,0.647,-120.0,1.5,fliff,W,0.8333333333333334
matchup_full,receptions,Mekhi Nelson,Receptions,2026-10-03,Nebraska,Maryland,4,0.060897435897435896,-15.5,1,,1.53,3.0,1.5,0.3705,0.5802098950524738,-0.42366666666666664,0.3705,-180.0,1.5,fliff,W,0.5555555555555556,0.35342499999999993,0.6295,115.0,1.5,fliff,L,-1.0
matchup_full,receptions,Ca'Lil Valentine,Receptions,2026-10-03,Illinois,Purdue,4,0.0415521978021978,-9.5,1,,1.08,0.0,1.5,0.2415,0.3773584905660377,-0.4204,0.2415,140.0,1.5,fliff,L,-1.0,0.10327272727272724,0.7585,-220.0,1.5,fliff,W,0.45454545454545453
matchup_full,receptions,Aidan Laughery,Receptions,2026-10-03,Illinois,Purdue,4,0.0415521978021978,-9.5,1,,0.99,1.0,0.5,0.579,0.6525096525096524,-0.1983076923076923,0.579,-260.0,0.5,fliff,W,0.38461538461538464,0.09460000000000002,0.421,160.0,0.5,fliff,L,-1.0
matchup_full,receptions,Tanook Hines,Receptions,2026-10-03,USC,Washington,3,0.08748125937031485,-7.5,1,,2.42,5.0,2.5,0.423,0.3933164104995956,0.010970000000000035,0.423,139.0,2.5,betonlineag,W,1.39,-0.10596703296703297,0.577,-182.0,2.5,betonlineag,L,-1.0
matchup_full,receptions,Benjamin Brahmer,Receptions,2026-10-03,Penn State,Northwestern,4,0.17202380952380952,-3.0,1,,3.02,5.0,3.5,0.326,0.46322988528598974,-0.33822,0.326,103.0,3.5,betonlineag,W,1.03,0.18076691729323308,0.674,-133.0,3.5,betonlineag,L,-1.0
matchup_full,receptions,Brett Eskildsen,Receptions,2026-10-03,Penn State,Northwestern,3,0.1595238095238095,-3.0,1,,2.62,6.0,2.5,0.4615,0.516439256945586,-0.1602213114754098,0.4615,-122.0,2.5,betonlineag,W,0.819672131147541,0.04651886792452831,0.5385,-106.0,2.5,betonlineag,L,-1.0
matchup_full,receptions,Chase Sowell,Receptions,2026-10-03,Penn State,Northwestern,4,0.2261904761904762,-3.0,1,,3.7,5.0,3.5,0.4615,0.556480811006517,-0.2202241379310344,0.4615,-145.0,3.5,betonlineag,W,0.6896551724137931,0.14161999999999997,0.5385,112.0,3.5,betonlineag,L,-1.0
matchup_full,receptions,Patrick Overmyer,Receptions,2026-10-03,Houston,UCF,4,0.22652505446623095,-10.5,1,,4.41,6.0,4.5,0.43,0.5467012037178121,-0.25840579710144923,0.43,-138.0,4.5,fanduel,W,0.7246376811594203,0.18560000000000004,0.57,108.0,4.5,fanduel,L,-1.0
matchup_full,receptions,Koby Young,Receptions,2026-10-03,Houston,UCF,4,0.0957244008714597,-10.5,1,,2.82,1.0,1.5,0.712,0.5946590367191226,0.12595348837209303,0.712,-172.0,1.5,betonlineag,L,-1.0,-0.33183999999999997,0.288,132.0,1.5,betonlineag,W,1.32
matchup_full,receptions,Trent Walker,Receptions,2026-10-03,Houston,UCF,4,0.16508714596949892,-10.5,1,,2.91,2.0,1.5,0.75,0.5668912415784408,0.24342105263157898,0.75,-152.0,1.5,betonlineag,W,0.6578947368421053,-0.4575,0.25,117.0,1.5,betonlineag,L,-1.0
matchup_full,receptions,Omari Hayes,Receptions,2026-10-03,Iowa State,West Virginia,4,0.21091269841269839,-3.0,1,,3.51,3.0,3.5,0.4415,0.45920859794821695,-0.09492499999999998,0.4415,105.0,3.5,espnbet,L,-1.0,-0.02779629629629632,0.5585,-135.0,3.5,espnbet,W,0.7407407407407407
matchup_full,receptions,Dominic Overby,Receptions,2026-10-03,Iowa State,West Virginia,3,0.17724867724867724,-3.0,1,,2.76,3.0,1.5,0.712,0.611260053619303,0.08673684210526317,0.712,-190.0,1.5,espnbet,W,0.5263157894736842,-0.3088,0.288,140.0,1.5,espnbet,L,-1.0
matchup_full,receptions,Cody Jackson,Receptions,2026-10-03,Iowa State,West Virginia,1,0.19047619047619047,-3.0,1,,2.84,6.0,1.5,0.712,0.4969046636401156,0.3477142857142857,0.712,-112.0,1.5,betonlineag,W,0.8928571428571429,-0.46156521739130435,0.288,-115.0,1.5,betonlineag,L,-1.0
matchup_full,receptions,Vince Benetti,Receptions,2026-10-03,Iowa State,West Virginia,3,0.13148148148148148,-3.0,1,,2.11,2.0,1.5,0.5595,0.5462570956657111,-0.03798201438848925,0.5595,-139.0,1.5,betonlineag,W,0.7194244604316546,-0.088165,0.4405,107.0,1.5,betonlineag,L,-1.0
matchup_full,receptions,Aiden Flora,Receptions,2026-10-03,Iowa State,West Virginia,4,0.1261904761904762,-3.0,1,,1.85,0.0,1.5,0.5595,0.5802098950524738,-0.12966666666666665,0.5595,-180.0,1.5,fliff,L,-1.0,-0.052925,0.4405,115.0,1.5,fliff,W,1.15
matchup_full,receptions,Cam'ron Lacy,Receptions,2026-10-03,Middle Tennessee,Kansas,4,0.3670833333333333,21.5,1,,6.16,2.0,5.5,0.5645,0.43668122270742354,0.21367499999999995,0.5645,115.0,5.5,espnbet,L,-1.0,-0.27416666666666667,0.4355,-150.0,5.5,espnbet,W,0.6666666666666666
matchup_full,receptions,Nik McMillan,Receptions,2026-10-03,Kansas,Middle Tennessee,3,0.2371615312791783,-21.5,1,,3.65,2.0,3.5,0.4545,0.5407914020517831,-0.20883333333333332,0.4545,-135.0,3.5,espnbet,L,-1.0,0.11827500000000002,0.5455,105.0,3.5,espnbet,W,1.05
matchup_full,receptions,Keaton Kubecka,Receptions,2026-10-03,Kansas,Middle Tennessee,3,0.10955493308434484,-21.5,1,,2.62,1.0,2.5,0.46,0.4796954314720812,-0.10190476190476194,0.46,-105.0,2.5,espnbet,L,-1.0,-0.02799999999999997,0.54,-125.0,2.5,espnbet,W,0.8
matchup_full,receptions,Nahzae Cox,Receptions,2026-10-03,Kansas,Middle Tennessee,3,0.08154372860255213,-21.5,1,,2.18,2.0,1.5,0.5595,0.6017069701280228,-0.12966666666666665,0.5595,-180.0,1.5,espnbet,W,0.5555555555555556,0.03517500000000007,0.4405,135.0,1.5,espnbet,L,-1.0
matchup_full,receptions,Dylan Edwards,Receptions,2026-10-03,Kansas,Middle Tennessee,3,0.17631497043261748,-21.5,1,,2.16,1.0,2.5,0.286,0.4096045197740113,-0.3708,0.286,120.0,2.5,fliff,L,-1.0,0.08978947368421053,0.714,-190.0,2.5,fliff,W,0.5263157894736842
matchup_full,receptions,Antonio Martin,Receptions,2026-10-03,Middle Tennessee,Kansas,4,0.040625,21.5,1,,0.92,0.0,0.5,0.5575,0.6052631578947368,-0.16375,0.5575,-200.0,0.5,fliff,L,-1.0,0.017750000000000044,0.4425,130.0,0.5,fliff,W,1.3
matchup_full,receptions,Hogan Hansen,Receptions,2026-10-03,Michigan,Minnesota,1,0.11764705882352941,-6.5,1,,1.53,3.0,0.5,0.846,0.6226415094339622,0.23054545454545453,0.846,-220.0,0.5,fliff,W,0.45454545454545453,-0.6304,0.154,140.0,0.5,fliff,L,-1.0
matchup_full,receptions,Cole Weaver,Receptions,2026-10-03,Syracuse,UConn,2,0.11818181818181818,-6.5,1,,2.19,1.0,2.5,0.286,0.38203893657106974,-0.29644000000000004,0.286,146.0,2.5,betonlineag,L,-1.0,0.08587500000000003,0.714,-192.0,2.5,betonlineag,W,0.5208333333333334
matchup_full,receptions,Umari Hatcher,Receptions,2026-10-03,Syracuse,UConn,3,0.2512121212121212,-6.5,1,,5.07,12.0,5.5,0.3875,0.49179655455291227,-0.26022727272727275,0.3875,-110.0,5.5,betonlineag,W,0.9090909090909091,0.13156779661016954,0.6125,-118.0,5.5,betonlineag,L,-1.0
matchup_full,receptions,Javon Brown,Receptions,2026-10-03,UConn,Syracuse,3,0.1769498910675381,6.5,1,,2.86,3.0,2.5,0.483,0.44351918899348297,0.02395999999999998,0.483,112.0,2.5,betonlineag,W,1.12,-0.12644827586206892,0.517,-145.0,2.5,betonlineag,L,-1.0
matchup_full,receptions,Ryder Treadway,Receptions,2026-10-03,UConn,Syracuse,4,0.11607843137254903,6.5,1,,2.23,3.0,2.5,0.286,0.41598386486827177,-0.35364,0.286,126.0,2.5,betonlineag,W,1.26,0.1493658536585366,0.714,-164.0,2.5,betonlineag,L,-1.0
matchup_full,receptions,Xavier Watson,Receptions,2026-10-03,UConn,Syracuse,3,0.11703703703703705,6.5,1,,2.13,2.0,1.5,0.5595,0.5829383886255923,-0.09934146341463418,0.5595,-164.0,1.5,betonlineag,W,0.6097560975609756,-0.008874999999999966,0.4405,125.0,1.5,betonlineag,L,-1.0
matchup_full,receptions,Jordan Faison,Receptions,2026-10-03,Notre Dame,North Carolina,4,0.22457602339181287,-21.0,1,,4.19,8.0,5.5,0.259,0.46691027202598456,-0.47681999999999997,0.259,102.0,5.5,fanduel,W,1.02,0.31100000000000005,0.741,-130.0,5.5,fanduel,L,-1.0
matchup_full,receptions,Jordan Shipp,Receptions,2026-10-03,North Carolina,Notre Dame,3,0.2950498575498575,21.0,1,,3.96,7.0,3.5,0.5305,0.4548257786000617,0.10344000000000003,0.5305,108.0,3.5,fanduel,W,1.08,-0.18527941176470586,0.4695,-136.0,3.5,fanduel,L,-1.0
matchup_full,receptions,Micah Gilbert,Receptions,2026-10-03,Notre Dame,North Carolina,4,0.20183479532163742,-21.0,1,,3.92,3.0,3.5,0.522,0.42847503373819157,0.14839999999999998,0.522,120.0,3.5,fanduel,L,-1.0,-0.21161038961038964,0.478,-154.0,3.5,fanduel,W,0.6493506493506493
matchup_full,receptions,Jelani Thurman,Receptions,2026-10-03,North Carolina,Notre Dame,3,0.2343304843304843,21.0,1,,3.43,5.0,3.5,0.432,0.36038130667286683,0.13184000000000007,0.432,162.0,3.5,fanduel,W,1.62,-0.16152380952380957,0.568,-210.0,3.5,fanduel,L,-1.0
matchup_full,receptions,Sam West,Receptions,2026-10-03,Mississippi State,Alabama,3,0.08966861598440545,5.5,1,,2.34,1.0,1.5,0.632,0.5925565555825832,0.008190476190476192,0.632,-168.0,1.5,fanduel,L,-1.0,-0.14623999999999998,0.368,132.0,1.5,fanduel,W,1.32
matchup_full,receptions,Marshall Pritchett,Receptions,2026-10-03,Alabama,Mississippi State,3,0.08156487232574189,-5.5,1,,1.87,2.0,1.5,0.5595,0.44563936358279316,0.18614000000000008,0.5595,112.0,1.5,fanduel,W,1.12,-0.24928873239436622,0.4405,-142.0,1.5,fanduel,L,-1.0
matchup_full,receptions,Kaleb Edwards,Receptions,2026-10-03,Alabama,Mississippi State,3,0.1275652900366859,-5.5,1,,2.39,1.0,2.5,0.4185,0.5,-0.20783928571428573,0.4185,-112.0,2.5,fanduel,L,-1.0,0.10069642857142858,0.5815,-112.0,2.5,fanduel,W,0.8928571428571429
matchup_full,receptions,Daniel Hill,Receptions,2026-10-03,Alabama,Mississippi State,4,0.08034011659583742,-5.5,1,,1.57,0.0,1.5,0.3705,0.3909205548549811,-0.14784999999999993,0.3705,130.0,1.5,fliff,L,-1.0,-0.07073809523809527,0.6295,-210.0,1.5,fliff,W,0.47619047619047616
matchup_full,receptions,Talyn Taylor,Receptions,2026-10-03,Georgia,Vanderbilt,3,0.17055555555555557,-25.5,1,,2.66,3.0,2.5,0.4695,0.4498870615467902,-0.01874500000000001,0.4695,109.0,2.5,betonlineag,W,1.09,-0.09325886524822691,0.5305,-141.0,2.5,betonlineag,L,-1.0
matchup_full,receptions,Lawson Luckie,Receptions,2026-10-03,Georgia,Vanderbilt,3,0.10187908496732027,-25.5,1,,1.83,1.0,1.5,0.5525,0.5123152709359606,0.012916666666666687,0.5525,-120.0,1.5,betonlineag,L,-1.0,-0.13814814814814813,0.4475,-108.0,1.5,betonlineag,W,0.9259259259259259
matchup_full,receptions,Ian Strong,Receptions,2026-10-03,California,UNLV,4,0.17076599870717518,1.5,1,,4.23,6.0,4.5,0.4075,0.40640759418570166,-0.06275000000000008,0.4075,130.0,4.5,fanduel,W,1.3,-0.06698275862068964,0.5925,-174.0,4.5,fanduel,L,-1.0
matchup_full,receptions,Jacory Barney Jr.,Receptions,2026-10-03,Nebraska,Maryland,4,0.19081196581196583,-15.5,1,,3.28,2.0,3.5,0.415,0.4121896998888477,-0.05379999999999996,0.415,128.0,3.5,betonlineag,L,-1.0,-0.06470059880239526,0.585,-167.0,3.5,betonlineag,W,0.5988023952095808
matchup_full,receptions,Dorian Fleming,Receptions,2026-10-03,Maryland,Nebraska,4,0.12090225563909775,15.5,1,,3.49,5.0,3.5,0.4385,0.48974190636412124,-0.15920642201834861,0.4385,-109.0,3.5,betonlineag,W,0.9174311926605505,0.03334873949579831,0.5615,-119.0,3.5,betonlineag,L,-1.0
matchup_full,receptions,Nyziah Hunter,Receptions,2026-10-03,Nebraska,Maryland,4,0.08183760683760684,-15.5,1,,2.17,2.0,2.5,0.286,0.588150289017341,-0.5594054054054054,0.286,-185.0,2.5,fliff,L,-1.0,0.5708,0.714,120.0,2.5,fliff,W,1.2
matchup_full,receptions,Iverson Howard,Receptions,2026-10-03,Maryland,Nebraska,4,0.07923558897243108,15.5,1,,2.04,0.0,2.5,0.286,0.43928719436386243,-0.41369999999999996,0.286,105.0,2.5,fliff,L,-1.0,0.14672727272727276,0.714,-165.0,2.5,fliff,W,0.6060606060606061
matchup_full,receptions,Brayden Trimble,Receptions,2026-10-03,Illinois,Purdue,4,0.15244764293677338,-9.5,1,,2.96,2.0,3.5,0.314,0.4096045197740113,-0.3092000000000001,0.314,120.0,3.5,fliff,L,-1.0,0.0470526315789474,0.686,-190.0,3.5,fliff,W,0.5263157894736842
matchup_full,receptions,Mario Craver,Receptions,2026-10-03,Texas A&M,Arkansas,4,0.28076923076923077,-13.5,1,,4.99,1.0,4.5,0.5385,0.552733296521259,-0.0849265734265735,0.5385,-143.0,4.5,betonlineag,L,-1.0,-0.010000000000000009,0.63,-175.0,5.5,fliff,W,0.5714285714285714
matchup_full,receptions,Ed Small,Receptions,2026-10-03,TCU,BYU,4,0.2779166666666667,5.5,1,,5.42,4.0,3.5,0.7815,0.48768472906403937,0.5051111111111111,0.7815,-108.0,3.5,betonlineag,W,0.9259259259259259,-0.5994166666666666,0.2185,-120.0,3.5,betonlineag,L,-1.0
matchup_full,receptions,Jeremy Payne,Receptions,2026-10-03,TCU,BYU,4,0.15672619047619046,5.5,1,,2.9,4.0,2.5,0.4985,0.41184971098265893,0.09670000000000001,0.4985,120.0,2.5,fliff,W,1.2,-0.2274189189189189,0.5015,-185.0,2.5,fliff,L,-1.0
matchup_full,receptions,T.J. Moore,Receptions,2026-10-03,Clemson,Miami,4,0.3041208791208791,14.0,1,,4.89,4.0,4.5,0.5135,0.5976612249623713,-0.19801685393258428,0.5135,-178.0,4.5,fanduel,L,-1.0,0.12868000000000002,0.4865,132.0,4.5,fanduel,W,1.32
matchup_full,receptions,Bryant Wesco Jr.,Receptions,2026-10-03,Clemson,Miami,4,0.23090659340659342,14.0,1,,4.13,9.0,4.5,0.3955,0.43297422610118635,-0.14572000000000007,0.3955,116.0,4.5,fanduel,W,1.16,-0.002967532467532452,0.6045,-154.0,4.5,fanduel,L,-1.0
matchup_full,receptions,Elija Lofton,Receptions,2026-10-03,Miami,Clemson,4,0.07777777777777778,-14.0,1,,2.5,3.0,2.5,0.4385,0.539576802507837,-0.23668518518518522,0.4385,-135.0,2.5,betonlineag,W,0.7407407407407407,0.14546000000000003,0.5615,104.0,2.5,betonlineag,L,-1.0
matchup_full,receptions,Dawson Pendergrass,Receptions,2026-10-03,Baylor,Arizona State,4,0.050423280423280425,3.5,1,,1.1,0.0,1.5,0.249,0.6,-0.6265000000000001,0.249,-200.0,1.5,fliff,L,-1.0,0.68975,0.751,125.0,1.5,fliff,W,1.25
matchup_full,receptions,Kyson Brown,Receptions,2026-10-03,Arizona State,Baylor,3,0.058996558996559,-3.5,1,,1.67,1.0,1.5,0.375,0.43928719436386243,-0.23124999999999996,0.375,105.0,1.5,fliff,L,-1.0,0.0037878787878787845,0.625,-165.0,1.5,fliff,W,0.6060606060606061
matchup_full,receptions,Isaiah Johnson,Receptions,2026-10-03,Cincinnati,Arizona,4,0.16313625890238792,7.0,1,,3.69,6.0,3.5,0.461,0.48149290561381863,-0.09995238095238101,0.461,-105.0,3.5,betonlineag,W,0.9523809523809523,-0.022788617886178864,0.539,-123.0,3.5,betonlineag,L,-1.0
matchup_full,receptions,Malachi Henry,Receptions,2026-10-03,Cincinnati,Arizona,4,0.06610023041474654,7.0,1,,2.85,1.0,2.5,0.4775,0.47438944435338465,-0.054362745098039233,0.4775,-102.0,2.5,betonlineag,L,-1.0,-0.06608267716535432,0.5225,-127.0,2.5,betonlineag,W,0.7874015748031497
matchup_full,receptions,Isaiah Mizell,Receptions,2026-10-03,Arizona,Cincinnati,3,0.107077721661055,-7.0,1,,2.44,4.0,2.5,0.4245,0.38995689950058143,0.023044999999999982,0.4245,141.0,2.5,betonlineag,W,1.41,-0.11341891891891887,0.5755,-185.0,2.5,betonlineag,L,-1.0
matchup_full,receptions,AJ Little,Receptions,2026-10-03,Southern Miss,Troy,4,0.18256888302260355,9.5,1,,3.19,1.0,3.5,0.3735,0.516439256945586,-0.32035245901639336,0.3735,-122.0,3.5,betonlineag,L,-1.0,0.2175377358490566,0.6265,-106.0,3.5,betonlineag,W,0.9433962264150944
matchup_full,receptions,Howard Kinchen,Receptions,2026-10-03,Troy,Southern Miss,2,0.2588888888888889,-9.5,1,,4.04,2.0,4.5,0.3815,0.41703248463564524,-0.14544000000000007,0.3815,124.0,4.5,fanduel,L,-1.0,-0.008909638554216837,0.6185,-166.0,4.5,fanduel,W,0.6024096385542169
matchup_full,receptions,Jace Petty,Receptions,2026-10-03,Troy,Southern Miss,4,0.1382142857142857,-9.5,1,,2.95,2.0,2.5,0.5195,0.4248366013071895,0.14289999999999997,0.5195,120.0,2.5,fanduel,L,-1.0,-0.21918749999999998,0.4805,-160.0,2.5,fanduel,W,0.625
matchup_full,receptions,Noreel White,Receptions,2026-10-03,Troy,Southern Miss,4,0.1334126984126984,-9.5,1,,2.54,1.0,2.5,0.4435,0.4248366013071895,-0.02429999999999999,0.4435,120.0,2.5,fanduel,L,-1.0,-0.09568750000000004,0.5565,-160.0,2.5,fanduel,W,0.625
matchup_full,receptions,James Resar,Receptions,2026-10-10,Florida International,New Mexico State,3,0.16104594330400782,-7.0,1,,2.74,3.0,2.5,0.4775,0.48149290561381863,-0.06773809523809526,0.4775,-105.0,2.5,betonlineag,W,0.9523809523809523,-0.052703252032520354,0.5225,-123.0,2.5,betonlineag,L,-1.0
matchup_full,receptions,Josiah Thomas,Receptions,2026-10-10,New Mexico State,Florida International,5,0.1495412444153863,7.0,1,,3.38,1.0,3.5,0.426,0.4564539116366858,-0.12243999999999994,0.426,106.0,3.5,betonlineag,L,-1.0,-0.007021897810219002,0.574,-137.0,3.5,betonlineag,W,0.7299270072992701
matchup_full,receptions,Maguire Anderson,Receptions,2026-10-10,Florida International,New Mexico State,4,0.2747434017595308,-7.0,1,,5.37,1.0,5.5,0.425,0.539576802507837,-0.2601851851851852,0.425,-135.0,5.5,betonlineag,L,-1.0,0.173,0.575,104.0,5.5,betonlineag,W,1.04
matchup_full,receptions,Jonathan Stafford Jr.,Receptions,2026-10-10,Western Kentucky,Missouri State,5,0.26455375253549696,1.5,1,,5.6,6.0,6.5,0.3105,0.5185070943861814,-0.4370609756097561,0.3105,-123.0,6.5,betonlineag,L,-1.0,0.3461666666666666,0.6895,-105.0,6.5,betonlineag,W,0.9523809523809523
matchup_full,receptions,Mekhi Miller,Receptions,2026-10-10,Missouri State,Western Kentucky,3,0.12417027417027417,-1.5,1,,2.83,5.0,2.5,0.4775,0.5946590367191226,-0.24488372093023253,0.4775,-172.0,2.5,betonlineag,W,0.5813953488372093,0.2122,0.5225,132.0,2.5,betonlineag,L,-1.0
matchup_full,receptions,Isaiah Myers,Receptions,2026-10-10,Missouri State,Western Kentucky,3,0.27178932178932175,-1.5,1,,4.18,3.0,5.5,0.2575,0.49179655455291227,-0.5084090909090909,0.2575,-110.0,5.5,betonlineag,L,-1.0,0.3717372881355932,0.7425,-118.0,5.5,betonlineag,W,0.847457627118644
matchup_full,receptions,Jeremiah Jones-Thomas,Receptions,2026-10-10,South Alabama,Arkansas State,5,0.2467904076599729,3.0,1,,4.11,1.0,3.5,0.5575,0.46042319749216293,0.13729999999999998,0.5575,104.0,3.5,betonlineag,L,-1.0,-0.22972222222222222,0.4425,-135.0,3.5,betonlineag,W,0.7407407407407407
matchup_full,receptions,Brendan Jenkins,Receptions,2026-10-10,South Alabama,Arkansas State,5,0.2130067999633217,3.0,1,,3.87,1.0,3.5,0.5095,0.48149290561381863,-0.005261904761904801,0.5095,-105.0,3.5,betonlineag,L,-1.0,-0.11071951219512194,0.4905,-123.0,3.5,betonlineag,W,0.8130081300813008
matchup_full,receptions,AJ Wilson,Receptions,2026-10-10,UTSA,South Florida,5,0.13506281377424753,-5.5,1,,3.4,2.0,4.5,0.288,0.44351918899348297,-0.38943999999999995,0.288,112.0,4.5,betonlineag,L,-1.0,0.20303448275862074,0.712,-145.0,4.5,betonlineag,W,0.6896551724137931
matchup_full,receptions,Mekhi Anderson,Receptions,2026-10-10,UTSA,South Florida,5,0.1845100997006623,-5.5,1,,3.88,3.0,3.5,0.511,0.539576802507837,-0.11048148148148146,0.511,-135.0,3.5,betonlineag,L,-1.0,-0.0024399999999999977,0.489,104.0,3.5,betonlineag,W,1.04
matchup_full,receptions,Anthony Carrie,Receptions,2026-10-10,Florida International,New Mexico State,4,0.045454545454545456,-7.0,1,,1.45,1.0,2.5,0.1525,0.4096045197740113,-0.6645000000000001,0.1525,120.0,2.5,fliff,L,-1.0,0.2935526315789474,0.8475,-190.0,2.5,fliff,W,0.5263157894736842
matchup_full,receptions,Jackson Verdugo,Receptions,2026-10-10,Florida International,New Mexico State,4,0.06298875855327468,-7.0,1,,1.74,1.0,1.5,0.4155,0.5178412132024978,-0.27672222222222226,0.4155,-135.0,1.5,fliff,L,-1.0,0.09276086956521745,0.5845,-115.0,1.5,fliff,W,0.8695652173913043
matchup_full,receptions,James Jones,Receptions,2026-10-10,New Mexico State,Florida International,5,0.052729650212487746,7.0,1,,1.43,3.0,1.5,0.3705,0.3408567480423768,-0.01817499999999994,0.3705,165.0,1.5,fliff,W,1.65,-0.1373518518518519,0.6295,-270.0,1.5,fliff,L,-1.0
matchup_full,receptions,Darius Cannon,Receptions,2026-10-10,Jacksonville State,Kennesaw State,5,0.17603939516309958,-3.0,1,,2.99,4.0,4.5,0.1775,0.3993154592127781,-0.58465,0.1775,134.0,4.5,fanduel,L,-1.0,0.2794444444444445,0.8225,-180.0,4.5,fanduel,W,0.5555555555555556
matchup_full,receptions,Deondre Johnson,Receptions,2026-10-10,Jacksonville State,Kennesaw State,5,0.1575977026966393,-3.0,1,,3.21,4.0,3.5,0.4055,0.3993154592127781,-0.05113000000000001,0.4055,134.0,3.5,fanduel,W,1.34,-0.07522222222222225,0.5945,-180.0,3.5,fanduel,L,-1.0
matchup_full,receptions,Brayden Munroe,Receptions,2026-10-10,Kennesaw State,Jacksonville State,4,0.14957836281365694,3.0,1,,2.92,6.0,2.5,0.5055,0.5585303332383936,-0.15294594594594596,0.5055,-148.0,2.5,fanduel,W,0.6756756756756757,0.04834000000000005,0.4945,112.0,2.5,fanduel,L,-1.0
matchup_full,receptions,Joshua Porter,Receptions,2026-10-10,South Florida,UTSA,5,0.21796244622250813,5.5,1,,3.66,2.0,3.5,0.456,0.4564539116366858,-0.06063999999999997,0.456,106.0,3.5,betonlineag,L,-1.0,-0.05891970802919705,0.544,-137.0,3.5,betonlineag,W,0.7299270072992701
matchup_full,receptions,Bryson Rodgers,Receptions,2026-10-10,South Florida,UTSA,5,0.27790502995456556,5.5,1,,4.3,5.0,3.5,0.5885,0.5347344777795604,0.03433333333333338,0.5885,-132.0,3.5,betonlineag,W,0.7575757575757576,-0.16877000000000003,0.4115,102.0,3.5,betonlineag,L,-1.0
matchup_full,receptions,Hunter Summers,Receptions,2026-10-10,Arkansas State,South Alabama,5,0.2158824508824509,-3.0,1,,4.07,9.0,4.5,0.3875,0.4498870615467902,-0.190125,0.3875,109.0,4.5,betonlineag,W,1.09,0.04689716312056741,0.6125,-141.0,4.5,betonlineag,L,-1.0
matchup_full,receptions,Chauncy Cobb,Receptions,2026-10-10,Arkansas State,South Alabama,5,0.28656010656010655,-3.0,1,,4.5,2.0,5.5,0.298,0.44351918899348297,-0.36823999999999996,0.298,112.0,5.5,betonlineag,L,-1.0,0.18613793103448278,0.702,-145.0,5.5,betonlineag,W,0.6896551724137931
matchup_full,receptions,Jaylen Bonelli,Receptions,2026-10-10,Arkansas State,South Alabama,5,0.15752247752247753,-3.0,1,,3.33,5.0,3.5,0.418,0.46322988528598974,-0.15145999999999998,0.418,103.0,3.5,betonlineag,W,1.03,0.019593984962405997,0.582,-133.0,3.5,betonlineag,L,-1.0
matchup_full,receptions,Jamari Person,Receptions,2026-10-10,Liberty,Sam Houston,5,0.1613499245852187,-13.5,1,,2.54,1.0,2.5,0.4435,0.5030953363598846,-0.17084782608695653,0.4435,-115.0,2.5,betonlineag,L,-1.0,0.053375000000000006,0.5565,-112.0,2.5,betonlineag,W,0.8928571428571429
matchup_full,receptions,Makai Jackson,Receptions,2026-10-10,Liberty,Sam Houston,5,0.2955505279034691,-13.5,1,,3.56,3.0,3.5,0.4465,0.5867448807441689,-0.2861347305389222,0.4465,-167.0,3.5,betonlineag,L,-1.0,0.25644500000000003,0.5535,127.0,3.5,betonlineag,W,1.27
matchup_full,receptions,Tim Burns Jr.,Receptions,2026-10-10,Sam Houston,Liberty,3,0.0885814668423364,13.5,1,,2.81,2.0,2.5,0.4775,0.38961038961038963,0.14600000000000002,0.4775,140.0,2.5,fanduel,L,-1.0,-0.19957446808510637,0.5225,-188.0,2.5,fanduel,W,0.5319148936170213
matchup_full,receptions,Grady O'Neill,Receptions,2026-10-10,Sam Houston,Liberty,4,0.221582674571805,13.5,1,,4.64,3.0,5.5,0.315,0.46209273182957394,-0.3637,0.315,102.0,5.5,fanduel,L,-1.0,0.1886764705882354,0.685,-136.0,5.5,fanduel,W,0.7352941176470589
matchup_full,receptions,Chris Reed,Receptions,2026-10-10,Sam Houston,Liberty,4,0.11113306982872201,13.5,1,,3.23,3.0,3.5,0.4075,0.48768472906403937,-0.21518518518518526,0.4075,-108.0,3.5,betonlineag,L,-1.0,0.08625000000000005,0.5925,-120.0,3.5,betonlineag,W,0.8333333333333334
matchup_full,receptions,Rod Gibbs,Receptions,2026-10-10,South Alabama,Arkansas State,4,0.11021164825512653,3.0,1,,2.17,2.0,1.5,0.5595,0.5693779904306221,-0.11138235294117649,0.5595,-170.0,1.5,fliff,W,0.5882352941176471,-0.07494999999999996,0.4405,110.0,1.5,fliff,L,-1.0
matchup_full,receptions,Keenan Phillips,Receptions,2026-10-10,South Alabama,Arkansas State,5,0.08506372854198942,3.0,1,,1.48,1.0,1.5,0.3705,0.36933407946278674,-0.092275,0.3705,145.0,1.5,fliff,L,-1.0,-0.09680434782608699,0.6295,-230.0,1.5,fliff,W,0.43478260869565216
matchup_full,receptions,D.J. Crowther,Receptions,2026-10-10,South Florida,UTSA,5,0.0668624502432552,5.5,1,,1.63,2.0,1.5,0.3705,0.4731182795698925,-0.29268181818181815,0.3705,-110.0,1.5,fliff,W,0.9090909090909091,0.07914285714285713,0.6295,-140.0,1.5,fliff,L,-1.0
formula,receptions,Umari Hatcher,Receptions,2026-09-19,Syracuse,Pittsburgh,2,0.3018181818181818,10.5,1,,5.73,3.0,5.5,0.477,0.4693877551020408,-0.04600000000000004,0.477,100.0,5.5,betonlineag,L,-1.0,-0.07469230769230761,0.523,-130.0,5.5,betonlineag,W,0.7692307692307693
formula,receptions,Cooper Barkate,Receptions,2026-09-19,Miami,Wake Forest,2,0.1037037037037037,-20.5,1,,2.96,4.0,3.5,0.31,0.5904601300891351,-0.5097674418604651,0.31,-172.0,3.5,fanduel,W,0.5813953488372093,0.5731999999999999,0.69,128.0,3.5,fanduel,L,-1.0
formula,receptions,Carlos Hernandez,Receptions,2026-09-19,Wake Forest,Miami,2,0.30113636363636365,20.5,1,,4.82,10.0,4.5,0.501,0.563470066518847,-0.16939473684210526,0.501,-152.0,4.5,fanduel,W,0.6578947368421053,0.06785999999999992,0.499,114.0,4.5,fanduel,L,-1.0
formula,receptions,Malachi Toney,Receptions,2026-09-19,Miami,Wake Forest,2,0.2740740740740741,-20.5,1,,6.64,12.0,6.5,0.4655,0.5141838223374939,-0.15294262295081962,0.4655,-122.0,6.5,fanduel,W,0.819672131147541,0.029407407407407382,0.5345,-108.0,6.5,fanduel,L,-1.0
formula,receptions,Coy Eakin,Receptions,2026-09-19,Texas Tech,Houston,2,0.1813186813186813,-7.5,1,,3.28,3.0,3.5,0.4235,0.5,-0.20500877192982458,0.4235,-114.0,3.5,fanduel,L,-1.0,0.08220175438596489,0.5765,-114.0,3.5,fanduel,W,0.8771929824561403
formula,receptions,Patrick Overmyer,Receptions,2026-09-19,Houston,Texas Tech,2,0.21666666666666667,7.5,1,,3.22,8.0,3.5,0.411,0.4391556877744723,-0.12046000000000001,0.411,114.0,3.5,fanduel,W,1.14,-0.013027027027027016,0.589,-148.0,3.5,fanduel,L,-1.0
formula,receptions,Amare Thomas,Receptions,2026-09-19,Houston,Texas Tech,2,0.30000000000000004,7.5,1,,5.05,7.0,4.5,0.5545,0.571741584224155,-0.09455063291139237,0.5545,-158.0,4.5,fanduel,W,0.6329113924050633,0.19680952380952377,0.613,-105.0,5.5,betonlineag,L,-1.0
formula,receptions,Koby Young,Receptions,2026-09-19,Houston,Texas Tech,2,0.125,7.5,1,,2.72,2.0,1.5,0.724,0.47591522157996147,0.4201538461538461,0.724,-104.0,1.5,fanduel,W,0.9615384615384616,-0.057145669291338574,0.5275,-127.0,2.5,betonlineag,W,0.7874015748031497
formula,receptions,Kenny Johnson,Receptions,2026-09-19,Texas Tech,Houston,2,0.19597069597069597,-7.5,1,,3.97,4.0,4.5,0.373,0.3993154592127781,-0.12717999999999996,0.373,134.0,4.5,fanduel,L,-1.0,-0.02466666666666667,0.627,-180.0,4.5,fanduel,W,0.5555555555555556
formula,receptions,Trent Walker,Receptions,2026-09-19,Houston,Texas Tech,2,0.11666666666666667,7.5,1,,2.4,2.0,2.5,0.4125,0.4451682953311618,-0.13375000000000004,0.4125,110.0,2.5,fanduel,L,-1.0,-0.010102739726027377,0.5875,-146.0,2.5,fanduel,W,0.684931506849315
formula,receptions,J'Koby Williams,Receptions,2026-09-19,Texas Tech,Houston,2,0.20146520146520147,-7.5,1,,2.99,3.0,2.5,0.532,0.48987854251012153,0.015636363636363615,0.532,-110.0,2.5,espnbet,W,0.9090909090909091,-0.14200000000000002,0.468,-120.0,2.5,espnbet,L,-1.0
formula,receptions,Cameron Dickey,Receptions,2026-09-19,Texas Tech,Houston,2,0.038461538461538464,-7.5,1,,1.44,1.0,1.5,0.3925,0.35443037974683544,0.0008749999999999591,0.3925,155.0,1.5,fliff,L,-1.0,-0.1495,0.6075,-250.0,1.5,fliff,W,0.4
formula,receptions,Omarion Miller,Receptions,2026-09-19,Arizona State,Kansas,2,0.36813186813186816,-5.5,1,,6.41,3.0,5.5,0.611,0.4414696667616063,0.29532,0.611,112.0,5.5,fanduel,L,-1.0,-0.34816216216216217,0.389,-148.0,5.5,fanduel,W,0.6756756756756757
formula,receptions,Keaton Kubecka,Receptions,2026-09-19,Kansas,Arizona State,2,0.1349206349206349,5.5,1,,2.59,1.0,3.5,0.2625,0.40640759418570166,-0.39625,0.2625,130.0,3.5,fanduel,L,-1.0,0.1613505747126437,0.7375,-174.0,3.5,fanduel,W,0.5747126436781609
formula,receptions,Reed Harris,Receptions,2026-09-19,Arizona State,Kansas,2,0.32967032967032966,-5.5,1,,5.86,4.0,4.5,0.6855,0.4718423169750603,0.3575588235294117,0.6855,-102.0,4.5,fanduel,L,-1.0,-0.4435769230769231,0.3145,-130.0,4.5,fanduel,W,0.7692307692307693
formula,receptions,Nik McMillan,Receptions,2026-09-19,Kansas,Arizona State,2,0.23809523809523808,5.5,1,,3.24,4.0,3.5,0.415,0.41703248463564524,-0.07040000000000002,0.415,124.0,3.5,fanduel,W,1.24,-0.06259036144578312,0.585,-166.0,3.5,fanduel,L,-1.0
formula,receptions,Omari Hayes,Receptions,2026-09-19,Iowa State,Bowling Green,2,0.26111111111111107,-22.5,1,,2.73,1.0,2.5,0.4725,0.5306122448979592,-0.16403846153846152,0.4725,-130.0,2.5,betonlineag,L,-1.0,0.05499999999999999,0.5275,100.0,2.5,betonlineag,W,1.0
formula,receptions,Jordan Shipp,Receptions,2026-09-19,North Carolina,Clemson,2,0.21180555555555555,3.0,1,,3.82,6.0,5.5,0.212,0.40640759418570166,-0.5124,0.212,130.0,5.5,fanduel,W,1.3,0.2408735632183908,0.788,-174.0,5.5,fanduel,L,-1.0
formula,receptions,T.J. Moore,Receptions,2026-09-19,Clemson,North Carolina,2,0.31785714285714284,-3.0,1,,4.59,7.0,3.5,0.632,0.5281576830249397,0.11815384615384616,0.632,-130.0,3.5,fanduel,W,0.7692307692307693,-0.2712156862745098,0.368,-102.0,3.5,fanduel,L,-1.0
formula,receptions,Jelani Thurman,Receptions,2026-09-19,North Carolina,Clemson,2,0.2361111111111111,3.0,1,,3.64,3.0,3.5,0.466,0.48581617766250607,-0.10251851851851851,0.466,-108.0,3.5,fanduel,L,-1.0,-0.028295081967213087,0.534,-122.0,3.5,fanduel,W,0.819672131147541
formula,receptions,Mason Humphrey,Receptions,2026-09-19,North Carolina,Clemson,2,0.059027777777777776,3.0,1,,1.92,1.0,2.5,0.293,0.4718423169750603,-0.41974509803921567,0.293,-102.0,2.5,fanduel,L,-1.0,0.2508461538461539,0.707,-130.0,2.5,fanduel,W,0.7692307692307693
formula,receptions,Bryant Wesco Jr.,Receptions,2026-09-19,Clemson,North Carolina,2,0.22142857142857142,-3.0,1,,3.8,5.0,3.5,0.4945,0.5585303332383936,-0.17137837837837833,0.4945,-148.0,3.5,fanduel,W,0.6756756756756757,0.07166,0.5055,112.0,3.5,fanduel,L,-1.0
formula,receptions,Trech Kekahuna,Receptions,2026-09-19,North Carolina,Clemson,2,0.12152777777777778,3.0,1,,2.29,2.0,2.5,0.316,0.42825841577584495,-0.31112000000000006,0.316,118.0,2.5,fanduel,L,-1.0,0.11691139240506337,0.684,-158.0,2.5,fanduel,W,0.6329113924050633
formula,receptions,Lotzeir Brooks,Receptions,2026-09-19,Alabama,Florida State,2,0.20888157894736842,-18.5,1,,3.22,8.0,3.5,0.4115,0.5418848167539266,-0.2903115942028986,0.4115,-138.0,3.5,fanduel,W,0.7246376811594203,0.20054000000000005,0.5885,104.0,3.5,fanduel,L,-1.0
formula,receptions,Rico Scott,Receptions,2026-09-19,Alabama,Florida State,2,0.14638157894736842,-18.5,1,,2.9,4.0,2.5,0.4965,0.5510744774801296,-0.15870833333333328,0.4965,-144.0,2.5,fanduel,W,0.6944444444444444,0.04727999999999993,0.5035,108.0,2.5,fanduel,L,-1.0
formula,receptions,Duce Robinson,Receptions,2026-09-19,Florida State,Alabama,2,0.1715686274509804,18.5,1,,3.08,6.0,3.5,0.346,0.42146580014156115,-0.23188000000000009,0.346,122.0,3.5,fanduel,W,1.22,0.0577037037037037,0.654,-162.0,3.5,fanduel,L,-1.0
formula,receptions,Micahi Danzy,Receptions,2026-09-19,Florida State,Alabama,2,0.20098039215686275,18.5,1,,2.94,3.0,2.5,0.513,0.43297422610118635,0.10807999999999995,0.513,116.0,2.5,fanduel,W,1.16,-0.1967662337662338,0.487,-154.0,2.5,fanduel,L,-1.0
formula,receptions,Jayvan Boggs,Receptions,2026-09-19,Florida State,Alabama,2,0.15441176470588236,18.5,1,,2.4,2.0,1.5,0.667,0.47438944435338465,0.32092156862745097,0.667,-102.0,1.5,betonlineag,W,0.9803921568627451,-0.4047952755905512,0.333,-127.0,1.5,betonlineag,L,-1.0
formula,receptions,Mario Craver,Receptions,2026-09-19,Texas A&M,Kentucky,2,0.2,-16.5,1,,3.49,11.0,4.5,0.2995,0.48768472906403937,-0.4231851851851852,0.2995,-108.0,4.5,betonlineag,W,0.9259259259259259,0.28425,0.7005,-120.0,4.5,betonlineag,L,-1.0
formula,receptions,Isaiah Horton,Receptions,2026-09-19,Texas A&M,Kentucky,2,0.18,-16.5,1,,4.05,5.0,2.5,0.7305,0.5767835550181378,0.18993396226415094,0.7305,-159.0,2.5,betonlineag,W,0.6289308176100629,-0.40171,0.2695,122.0,2.5,betonlineag,L,-1.0
formula,receptions,TreyShun Hurry,Receptions,2026-09-19,Louisville,SMU,2,0.15873015873015872,-3.0,1,,3.25,1.0,3.5,0.4155,0.3993154592127781,-0.027730000000000032,0.4155,134.0,3.5,fanduel,L,-1.0,-0.09077777777777774,0.5845,-180.0,3.5,fanduel,W,0.5555555555555556
formula,receptions,Jaleel Skinner,Receptions,2026-09-19,Louisville,SMU,2,0.13095238095238093,-3.0,1,,2.66,3.0,2.5,0.465,0.5,-0.12710526315789478,0.465,-114.0,2.5,fanduel,W,0.8771929824561403,0.004298245614035079,0.535,-114.0,2.5,fanduel,L,-1.0
formula,receptions,Yamir Knight,Receptions,2026-09-19,SMU,Louisville,2,0.17094017094017094,3.0,1,,4.06,7.0,5.5,0.243,0.5379072681704261,-0.5783235294117647,0.243,-136.0,5.5,fanduel,W,0.7352941176470589,0.52914,0.757,102.0,5.5,fanduel,L,-1.0
formula,receptions,Jalen Cooper,Receptions,2026-09-19,SMU,Louisville,2,0.09544159544159544,3.0,1,,2.61,1.0,3.5,0.2665,0.5,-0.49972807017543863,0.2665,-114.0,3.5,fanduel,L,-1.0,0.3769210526315789,0.7335,-114.0,3.5,fanduel,W,0.8771929824561403
formula,receptions,Tre Richardson,Receptions,2026-09-19,Louisville,SMU,2,0.2777777777777778,-3.0,1,,4.38,4.0,4.5,0.432,0.5281576830249397,-0.23569230769230765,0.432,-130.0,4.5,fanduel,L,-1.0,0.12486274509803913,0.568,-102.0,4.5,fanduel,W,0.9803921568627451
formula,receptions,Mark Bowman,Receptions,2026-09-19,USC,Rutgers,3,0.167816091954023,-21.0,1,,3.46,3.0,2.5,0.617,0.5256105556466153,0.10282677165354331,0.617,-127.0,2.5,betonlineag,W,0.7874015748031497,-0.24150980392156862,0.383,-102.0,2.5,betonlineag,L,-1.0
formula,receptions,KJ Duff,Receptions,2026-09-19,Rutgers,USC,2,0.4267676767676768,21.0,1,,5.67,7.0,6.5,0.3175,0.5051597457277305,-0.40879310344827585,0.3175,-116.0,6.5,betonlineag,W,0.8620689655172413,0.2973648648648649,0.6825,-111.0,6.5,betonlineag,L,-1.0
formula,receptions,Jourdin Houston,Receptions,2026-09-19,Rutgers,USC,2,0.2297979797979798,21.0,1,,4.13,2.0,2.5,0.7455,0.5318542641970282,0.3189615384615386,0.7455,-130.0,2.5,betonlineag,L,-1.0,-0.48845500000000003,0.2545,101.0,2.5,betonlineag,W,1.01
formula,receptions,Jonanthony Hall,Receptions,2026-09-19,Stanford,Duke,2,0.06818181818181818,9.5,1,,2.43,2.0,2.5,0.4215,0.5191532258064516,-0.24130000000000001,0.4215,-125.0,2.5,fanduel,L,-1.0,0.12425471698113211,0.5785,-106.0,2.5,fanduel,W,0.9433962264150944
formula,receptions,Jonah Burton,Receptions,2026-09-19,Duke,Stanford,2,0.24871794871794872,-9.5,1,,3.09,1.0,4.5,0.191,0.3993154592127781,-0.5530600000000001,0.191,134.0,4.5,fanduel,L,-1.0,0.2584444444444445,0.809,-180.0,4.5,fanduel,W,0.5555555555555556
formula,receptions,Nate Sheppard,Receptions,2026-09-19,Duke,Stanford,2,0.28205128205128205,-9.5,1,,2.72,1.0,3.5,0.2795,0.4581151832460733,-0.42982,0.2795,104.0,3.5,fanduel,L,-1.0,0.24260144927536226,0.7205,-138.0,3.5,fanduel,W,0.7246376811594203
formula,receptions,Jeremiah Hasley,Receptions,2026-09-19,Duke,Stanford,2,0.17692307692307693,-9.5,1,,2.93,5.0,4.5,0.165,0.5,-0.6902631578947368,0.165,-114.0,4.5,fanduel,W,0.8771929824561403,0.5674561403508771,0.835,-114.0,4.5,fanduel,L,-1.0
formula,receptions,Vernell Brown III,Receptions,2026-09-19,Florida,Auburn,2,0.2125,-2.5,1,,3.86,5.0,5.5,0.218,0.5457986373959122,-0.6262857142857143,0.218,-140.0,5.5,fanduel,L,-1.0,0.6109200000000001,0.782,106.0,5.5,fanduel,W,1.06
formula,receptions,Dallas Wilson,Receptions,2026-09-19,Florida,Auburn,2,0.17916666666666667,-2.5,1,,3.52,4.0,3.5,0.453,0.46209273182957394,-0.08494000000000002,0.453,102.0,3.5,fanduel,W,1.02,-0.05079411764705877,0.547,-136.0,3.5,fanduel,L,-1.0
formula,receptions,Keshaun Singleton,Receptions,2026-09-19,Auburn,Florida,2,0.2096153846153846,2.5,1,,4.05,7.0,3.5,0.5545,0.43297422610118635,0.1977199999999999,0.5545,116.0,3.5,fanduel,W,1.16,-0.2652142857142857,0.4455,-154.0,3.5,fanduel,L,-1.0
formula,receptions,Jeremiah Koger,Receptions,2026-09-19,Auburn,Florida,2,0.14615384615384616,2.5,1,,3.32,1.0,3.5,0.426,0.4414696667616063,-0.09687999999999991,0.426,112.0,3.5,fanduel,L,-1.0,-0.03816216216216217,0.574,-148.0,3.5,fanduel,W,0.6756756756756757
formula,receptions,Chas Nimrod,Receptions,2026-09-19,Auburn,Florida,2,0.2519230769230769,2.5,1,,4.36,6.0,3.5,0.602,0.5,0.13007017543859645,0.602,-114.0,3.5,fanduel,W,0.8771929824561403,-0.25287719298245614,0.398,-114.0,3.5,fanduel,L,-1.0
formula,receptions,Jadan Baugh,Receptions,2026-09-19,Florida,Auburn,2,0.0,-2.5,1,,0.7,1.0,2.5,0.0845,0.4489255225198705,-0.82424,0.0845,108.0,2.5,fanduel,L,-1.0,0.5512638888888889,0.9155,-144.0,2.5,fanduel,W,0.6944444444444444
formula,receptions,Legend Glasker,Receptions,2026-09-19,BYU,Colorado State,2,0.18198529411764708,-17.5,1,,2.71,5.0,3.5,0.2795,0.49110320284697506,-0.48758333333333337,0.2795,-120.0,3.5,fliff,W,0.8333333333333334,0.2747307692307693,0.7205,-130.0,3.5,fliff,L,-1.0
formula,receptions,Kyler Kasper,Receptions,2026-09-19,BYU,Colorado State,2,0.2426470588235294,-17.5,1,,3.61,1.0,3.5,0.464,0.41184971098265893,0.02079999999999993,0.464,120.0,3.5,fliff,L,-1.0,-0.17427027027027026,0.536,-185.0,3.5,fliff,W,0.5405405405405406
formula,receptions,LJ Martin,Receptions,2026-09-19,BYU,Colorado State,2,0.09191176470588236,-17.5,1,,1.6,1.0,2.5,0.159,0.5802098950524738,-0.7526666666666666,0.159,-180.0,2.5,fliff,L,-1.0,0.8081499999999998,0.841,115.0,2.5,fliff,W,1.15
formula,receptions,Walker Lyons,Receptions,2026-09-19,BYU,Colorado State,2,0.15257352941176472,-17.5,1,,2.07,2.0,2.5,0.293,0.5394736842105263,-0.5116666666666667,0.293,-150.0,2.5,fliff,L,-1.0,0.38033333333333325,0.707,-105.0,2.5,fliff,W,0.9523809523809523
formula,receptions,DeAndre Moore Jr.,Receptions,2026-09-19,Colorado,Northwestern,2,0.21978021978021978,3.5,1,,3.9,7.0,3.5,0.523,0.4693877551020408,0.04600000000000004,0.523,100.0,3.5,betonlineag,W,1.0,-0.1560769230769231,0.477,-130.0,3.5,betonlineag,L,-1.0
formula,receptions,Dekalon Taylor,Receptions,2026-09-19,Colorado,Northwestern,1,0.14285714285714285,3.5,1,,1.45,2.0,1.5,0.3925,0.40590405904059046,-0.09724999999999995,0.3925,130.0,1.5,hardrockbet,W,1.3,-0.045357142857142874,0.6075,-175.0,1.5,hardrockbet,L,-1.0
formula,receptions,Deuce Alexander,Receptions,2026-09-19,Ole Miss,LSU,2,0.2671957671957672,3.0,1,,4.71,7.0,4.5,0.472,0.563470066518847,-0.21747368421052632,0.472,-152.0,4.5,fanduel,W,0.6578947368421053,0.12992000000000004,0.528,114.0,4.5,fanduel,L,-1.0
formula,receptions,Kewan Lacy,Receptions,2026-09-19,Ole Miss,LSU,2,0.11375661375661375,3.0,1,,2.53,2.0,2.5,0.4405,0.45420136260408783,-0.09256999999999999,0.4405,106.0,2.5,fanduel,L,-1.0,-0.04085714285714287,0.5595,-140.0,2.5,fanduel,W,0.7142857142857143
formula,receptions,Horatio Fields,Receptions,2026-09-19,Ole Miss,LSU,2,0.1931216931216931,3.0,1,,3.79,5.0,4.5,0.341,0.41703248463564524,-0.23615999999999998,0.341,124.0,4.5,fanduel,W,1.24,0.05598795180722893,0.659,-166.0,4.5,fanduel,L,-1.0
formula,receptions,Trey'Dez Green,Receptions,2026-09-19,LSU,Ole Miss,2,0.20202020202020202,-3.0,1,,3.95,4.0,4.5,0.369,0.4489255225198705,-0.23247999999999996,0.369,108.0,4.5,fanduel,L,-1.0,0.06919444444444445,0.631,-144.0,4.5,fanduel,W,0.6944444444444444
formula,receptions,Caleb Odom,Receptions,2026-09-19,Ole Miss,LSU,1,0.14285714285714285,3.0,1,,2.46,5.0,2.5,0.428,0.5,-0.19656140350877194,0.428,-114.0,2.5,fanduel,W,0.8771929824561403,0.07375438596491218,0.572,-114.0,2.5,fanduel,L,-1.0
formula,receptions,Chris Durr Jr.,Receptions,2026-09-19,Maryland,Virginia Tech,2,0.26285714285714284,2.5,1,,6.03,12.0,5.5,0.549,0.43734082725915513,0.18034999999999995,0.549,115.0,5.5,betonlineag,W,1.15,-0.24631543624161079,0.451,-149.0,5.5,betonlineag,L,-1.0
formula,receptions,Dorian Fleming,Receptions,2026-09-19,Maryland,Virginia Tech,2,0.06285714285714286,2.5,1,,1.83,6.0,2.5,0.2915,0.3852511464220966,-0.28874000000000005,0.2915,144.0,2.5,betonlineag,W,1.44,0.08336772486772487,0.7085,-189.0,2.5,betonlineag,L,-1.0
formula,receptions,Aneyas Williams,Receptions,2026-09-19,Notre Dame,Michigan State,2,0.02631578947368421,-28.5,1,,1.15,2.0,2.5,0.1055,0.46209273182957394,-0.78689,0.1055,102.0,2.5,fanduel,L,-1.0,0.5522205882352941,0.8945,-136.0,2.5,fanduel,W,0.7352941176470589
formula,receptions,Micah Gilbert,Receptions,2026-09-19,Notre Dame,Michigan State,2,0.11894736842105263,-28.5,1,,2.79,8.0,2.5,0.4725,0.5060689431946916,-0.12707627118644066,0.4725,-118.0,2.5,fanduel,W,0.847457627118644,-0.0015178571428571264,0.5275,-112.0,2.5,fanduel,L,-1.0
formula,receptions,Jordan Faison,Receptions,2026-09-19,Notre Dame,Michigan State,2,0.18526315789473685,-28.5,1,,3.51,5.0,5.5,0.175,0.532258064516129,-0.6924242424242424,0.175,-132.0,5.5,fanduel,L,-1.0,0.6499999999999999,0.825,100.0,5.5,fanduel,W,1.0
formula,receptions,Chauncey Magwood,Receptions,2026-09-19,Purdue,UCLA,2,0.09664351851851852,13.5,1,,2.97,2.0,3.5,0.3135,0.5767835550181378,-0.48933018867924527,0.3135,-159.0,3.5,betonlineag,L,-1.0,0.52403,0.6865,122.0,3.5,betonlineag,W,1.22
formula,receptions,Fame Ijeboi,Receptions,2026-09-19,Purdue,UCLA,2,0.13078703703703703,13.5,1,,2.9,0.0,2.5,0.496,0.5692871193108593,-0.18192207792207793,0.496,-154.0,2.5,betonlineag,L,-1.0,0.09872000000000003,0.504,118.0,2.5,betonlineag,W,1.18
formula,receptions,Xavier Townsend,Receptions,2026-09-19,Purdue,UCLA,2,0.22337962962962962,13.5,1,,4.45,6.0,3.5,0.614,0.4693877551020408,0.22799999999999998,0.614,100.0,3.5,betonlineag,W,1.0,-0.31707692307692303,0.386,-130.0,3.5,betonlineag,L,-1.0
formula,receptions,De'Nylon Morrissette,Receptions,2026-09-19,Purdue,UCLA,1,0.0625,13.5,1,,2.64,1.0,2.5,0.459,0.4472667034787409,-0.03610000000000002,0.459,110.0,2.5,betonlineag,L,-1.0,-0.08067832167832167,0.541,-143.0,2.5,betonlineag,W,0.6993006993006993
formula,receptions,Asaad Waseem,Receptions,2026-09-19,Purdue,UCLA,2,0.2048611111111111,13.5,1,,4.22,8.0,3.5,0.58,0.5,0.08877192982456134,0.58,-114.0,3.5,betonlineag,W,0.8771929824561403,-0.21157894736842103,0.42,-114.0,3.5,betonlineag,L,-1.0
formula,receptions,Wayne Knight,Receptions,2026-09-19,UCLA,Purdue,2,0.07142857142857142,-13.5,1,,1.44,3.0,1.5,0.3925,0.4947698744769875,-0.25068181818181823,0.3925,-110.0,1.5,hardrockbet,W,0.9090909090909091,0.13576086956521743,0.6075,-115.0,1.5,hardrockbet,L,-1.0
formula,receptions,Censere Lee,Receptions,2026-09-19,Pittsburgh,Syracuse,2,0.12908496732026142,-10.5,1,,3.59,1.0,3.5,0.4625,0.5626591727408448,-0.22709731543624156,0.4625,-149.0,3.5,betonlineag,L,-1.0,0.1556249999999999,0.5375,115.0,3.5,betonlineag,W,1.15
formula,receptions,Antonio Meeks,Receptions,2026-09-19,Wake Forest,Miami,2,0.13068181818181818,20.5,1,,2.72,2.0,2.5,0.4725,0.35622780599631415,0.24739999999999995,0.4725,164.0,2.5,betonlineag,L,-1.0,-0.22941244239631337,0.5275,-217.0,2.5,betonlineag,W,0.4608294930875576
formula,receptions,CJ Brown,Receptions,2026-09-19,Arkansas,Georgia,1,0.125,24.5,1,,2.79,2.0,1.5,0.724,0.5489256569588981,0.23747517730496448,0.724,-141.0,1.5,betonlineag,W,0.7092198581560284,-0.4259199999999999,0.276,108.0,1.5,betonlineag,L,-1.0
formula,receptions,Chris Marshall,Receptions,2026-09-19,Arkansas,Georgia,2,0.25946969696969696,24.5,1,,4.08,7.0,3.5,0.5585,0.519675254742772,0.012565040650406478,0.5585,-123.0,3.5,betonlineag,W,0.8130081300813008,-0.13398076923076924,0.4415,-104.0,3.5,betonlineag,L,-1.0
formula,receptions,Nate Frazier,Receptions,2026-09-19,Georgia,Arkansas,2,0.03125,-24.5,1,,0.71,0.0,1.5,0.2015,0.39999999999999997,-0.5466249999999999,0.2015,125.0,1.5,fliff,L,-1.0,0.19774999999999998,0.7985,-200.0,1.5,fliff,W,0.5
formula,receptions,Tyler Brown,Receptions,2026-09-19,Clemson,North Carolina,2,0.17142857142857143,-3.0,1,,3.08,2.0,2.5,0.5625,0.4969046636401156,0.0647321428571429,0.5625,-112.0,2.5,betonlineag,L,-1.0,-0.18206521739130438,0.4375,-115.0,2.5,betonlineag,W,0.8695652173913043
formula,receptions,Jeremiah Smith,Receptions,2026-09-19,Ohio State,Kent State,2,0.36432637571157495,-52.5,1,,6.62,5.0,6.5,0.4645,0.45420136260408783,-0.043129999999999946,0.4645,106.0,6.5,fanduel,L,-1.0,-0.08200000000000002,0.5355,-140.0,6.5,fanduel,W,0.7142857142857143
formula,receptions,Devin McCuin,Receptions,2026-09-19,Ohio State,Kent State,2,0.12618595825426945,-52.5,1,,3.95,2.0,3.5,0.5335,0.4458598726114649,0.12034999999999996,0.5335,110.0,3.5,hardrockbet,L,-1.0,-0.21177586206896543,0.4665,-145.0,3.5,hardrockbet,W,0.6896551724137931
formula,receptions,Andrew Marsh,Receptions,2026-09-19,Michigan,UTEP,2,0.25,-34.5,1,,2.85,10.0,4.5,0.1535,0.4023387750376288,-0.5010769230769231,0.282,-130.0,3.5,hardrockbet,W,0.7692307692307693,0.436,0.718,100.0,3.5,hardrockbet,L,-1.0
formula,receptions,JJ Buchanan,Receptions,2026-09-19,Michigan,UTEP,2,0.3611111111111111,-34.5,1,,4.15,7.0,4.5,0.4,0.43297422610118635,-0.136,0.4,116.0,4.5,fanduel,W,1.16,-0.010389610389610449,0.6,-154.0,4.5,fanduel,L,-1.0
formula,receptions,Jordan Marshall,Receptions,2026-09-19,Michigan,UTEP,2,0.08333333333333333,-34.5,1,,1.01,1.0,1.5,0.2165,0.4796954314720812,-0.5773095238095238,0.2165,-105.0,1.5,hardrockbet,L,-1.0,0.4103,0.7835,-125.0,1.5,hardrockbet,W,0.8
formula,receptions,Savion Hiter,Receptions,2026-09-19,Michigan,UTEP,2,0.20833333333333331,-34.5,1,,1.16,0.0,1.5,0.3505,0.48987854251012153,-0.33086363636363636,0.3505,-110.0,1.5,hardrockbet,L,-1.0,0.19075000000000003,0.6495,-120.0,1.5,hardrockbet,W,0.8333333333333334
formula,receptions,Corey Simms,Receptions,2026-09-19,USC,Rutgers,3,0.1007662835249042,-21.0,1,,2.37,4.0,2.5,0.4065,0.559015193444145,-0.3169693877551021,0.4065,-147.0,2.5,betonlineag,W,0.6802721088435374,0.26415500000000003,0.5935,113.0,2.5,betonlineag,L,-1.0
formula,receptions,Micah Ford,Receptions,2026-09-19,Stanford,Duke,2,0.045454545454545456,9.5,1,,1.94,4.0,1.5,0.5735,0.48987854251012153,0.09486363636363637,0.5735,-110.0,1.5,hardrockbet,W,0.9090909090909091,-0.21808333333333335,0.4265,-120.0,1.5,hardrockbet,L,-1.0
formula,receptions,Zion Ragins,Receptions,2026-09-19,Mississippi State,South Carolina,2,0.14930555555555555,3.0,1,,3.26,2.0,2.5,0.584,0.5585303332383936,-0.02140540540540542,0.584,-148.0,2.5,fanduel,L,-1.0,-0.11807999999999996,0.416,112.0,2.5,fanduel,W,1.12
formula,receptions,Anthony Evans III,Receptions,2026-09-19,Mississippi State,South Carolina,2,0.34837962962962965,3.0,1,,6.09,6.0,5.5,0.5595,0.45420136260408783,0.15256999999999998,0.5595,106.0,5.5,fanduel,W,1.06,-0.24485714285714283,0.4405,-140.0,5.5,fanduel,L,-1.0
formula,receptions,Nyck Harbor,Receptions,2026-09-19,South Carolina,Mississippi State,2,0.1835016835016835,-3.0,1,,3.49,1.0,4.5,0.2995,0.45420136260408783,-0.38303,0.2995,106.0,4.5,fanduel,L,-1.0,0.20085714285714285,0.7005,-140.0,4.5,fanduel,W,0.7142857142857143
formula,receptions,Ayden Greene,Receptions,2026-09-19,Virginia Tech,Maryland,2,0.07118055555555555,-2.5,1,,2.74,4.0,2.5,0.4725,0.3977531934306569,0.11510000000000009,0.4725,136.0,2.5,betonlineag,W,1.36,-0.17780726256983242,0.5275,-179.0,2.5,betonlineag,L,-1.0
formula,receptions,Luke Reynolds,Receptions,2026-09-19,Virginia Tech,Maryland,2,0.2175925925925926,-2.5,1,,4.7,12.0,4.5,0.4705,0.5051597457277305,-0.12389655172413794,0.4705,-116.0,4.5,betonlineag,W,0.8620689655172413,0.00652702702702701,0.5295,-111.0,4.5,betonlineag,L,-1.0
formula,receptions,Rocky Beers,Receptions,2026-09-19,Oklahoma,New Mexico,2,0.25980392156862747,-21.5,1,,3.34,2.0,3.5,0.429,0.48987854251012153,-0.181,0.429,-110.0,3.5,fanduel,L,-1.0,0.04683333333333334,0.571,-120.0,3.5,fanduel,W,0.8333333333333334
formula,receptions,Kameron Courtney,Receptions,2026-09-19,Virginia,West Virginia,2,0.25,-10.5,1,,2.97,5.0,3.5,0.311,0.4808467741935484,-0.3956037735849056,0.311,-106.0,3.5,fanduel,W,0.9433962264150944,0.24020000000000002,0.689,-125.0,3.5,fanduel,L,-1.0
formula,receptions,TyLyric Coleman,Receptions,2026-09-19,Virginia,West Virginia,2,0.19444444444444442,-10.5,1,,2.79,1.0,3.5,0.2795,0.40953986991086483,-0.36274,0.2795,128.0,3.5,fanduel,L,-1.0,0.13939534883720933,0.7205,-172.0,3.5,fanduel,W,0.5813953488372093
formula,receptions,Cam Coleman,Receptions,2026-09-19,Texas,UTSA,2,0.12290969899665552,-29.5,1,,3.5,4.0,4.5,0.2995,0.5191532258064516,-0.4609,0.2995,-125.0,4.5,fanduel,L,-1.0,0.3613490566037736,0.7005,-106.0,4.5,fanduel,W,0.9433962264150944
formula,receptions,Emmett Mosley V,Receptions,2026-09-19,Texas,UTSA,2,0.16638795986622074,-29.5,1,,3.55,3.0,3.5,0.457,0.43297422610118635,-0.012880000000000003,0.457,116.0,3.5,fanduel,L,-1.0,-0.10440259740259739,0.543,-154.0,3.5,fanduel,W,0.6493506493506493
formula,receptions,Ryan Wingo,Receptions,2026-09-19,Texas,UTSA,2,0.22157190635451504,-29.5,1,,4.7,2.0,5.5,0.321,0.4581151832460733,-0.34516,0.321,104.0,5.5,fanduel,L,-1.0,0.17102898550724638,0.679,-138.0,5.5,fanduel,W,0.7246376811594203
formula,receptions,Javon Tracy,Receptions,2026-09-19,Minnesota,Akron,2,0.20905707196029777,-22.5,1,,4.96,5.0,4.5,0.535,0.5721476510067114,-0.11983870967741939,0.535,-155.0,4.5,espnbet,W,0.6451612903225806,0.02300000000000002,0.465,120.0,4.5,espnbet,L,-1.0
formula,receptions,Noah Jennings,Receptions,2026-09-19,Minnesota,Akron,2,0.1705955334987593,-22.5,1,,4.21,5.0,3.5,0.5785,0.4693877551020408,0.15700000000000003,0.5785,100.0,3.5,espnbet,W,1.0,-0.2542692307692308,0.4215,-130.0,3.5,espnbet,L,-1.0
formula,receptions,Jalen Smith,Receptions,2026-09-19,Minnesota,Akron,2,0.13833746898263027,-22.5,1,,3.98,2.0,3.5,0.5385,0.5051597457277305,0.0027241379310344316,0.5385,-116.0,3.5,betonlineag,L,-1.0,-0.12273423423423419,0.4615,-111.0,3.5,betonlineag,W,0.9009009009009009
formula,receptions,Marcel Williams,Receptions,2026-09-19,Akron,Minnesota,1,0.14285714285714285,22.5,1,,3.25,4.0,4.5,0.265,0.4693877551020408,-0.47,0.265,100.0,4.5,hardrockbet,L,-1.0,0.30038461538461536,0.735,-130.0,4.5,hardrockbet,W,0.7692307692307693
formula,receptions,Jaron Tibbs,Receptions,2026-09-19,Kansas State,Tulane,2,0.14545454545454545,-20.5,1,,3.22,9.0,3.5,0.4095,0.43310875842155927,-0.11138500000000007,0.4095,117.0,3.5,betonlineag,W,1.17,-0.02101315789473679,0.5905,-152.0,3.5,betonlineag,L,-1.0
formula,receptions,Tristen Brown,Receptions,2026-09-19,Vanderbilt,NC State,2,0.08496732026143791,-3.0,1,,2.38,4.0,2.5,0.408,0.5909989356849628,-0.3505798816568047,0.408,-169.0,2.5,betonlineag,W,0.591715976331361,0.3616,0.592,130.0,2.5,betonlineag,L,-1.0
formula,receptions,Junior Sherrill,Receptions,2026-09-19,Vanderbilt,NC State,2,0.25816993464052285,-3.0,1,,4.02,6.0,4.5,0.383,0.5692871193108593,-0.3682987012987013,0.383,-154.0,4.5,betonlineag,W,0.6493506493506493,0.3450599999999999,0.617,118.0,4.5,betonlineag,L,-1.0
formula,receptions,Griffin Wilde,Receptions,2026-09-19,Northwestern,Colorado,1,0.21428571428571427,-3.5,1,,3.42,5.0,5.5,0.1675,0.4677419354838709,-0.665,0.1675,100.0,5.5,fanduel,L,-1.0,0.46318181818181825,0.8325,-132.0,5.5,fanduel,W,0.7575757575757576
formula,receptions,Drew Wagner,Receptions,2026-09-19,Northwestern,Colorado,1,0.21428571428571427,-3.5,1,,3.79,2.0,2.5,0.6675,0.5379072681704261,0.15830882352941178,0.6675,-136.0,2.5,fanduel,L,-1.0,-0.32835,0.3325,102.0,2.5,fanduel,W,1.02
formula,receptions,Brian Rowe Jr.,Receptions,2026-09-19,UCLA,Purdue,2,0.2857142857142857,-13.5,1,,3.09,2.0,3.5,0.346,0.5379072681704261,-0.3995882352941177,0.346,-136.0,3.5,fanduel,L,-1.0,0.32108000000000003,0.654,102.0,3.5,fanduel,W,1.02
formula,receptions,Landon Ellis,Receptions,2026-09-19,UCLA,Purdue,1,0.07142857142857142,-13.5,1,,1.98,3.0,2.5,0.293,0.35364526659412404,-0.22648000000000001,0.293,164.0,2.5,fanduel,W,1.64,0.021222222222222198,0.707,-225.0,2.5,fanduel,L,-1.0
formula,receptions,Cataurus Hicks,Receptions,2026-09-19,Pittsburgh,Syracuse,2,0.1568627450980392,-10.5,1,,4.18,1.0,4.5,0.403,0.40640759418570166,-0.07309999999999994,0.403,130.0,4.5,fanduel,L,-1.0,-0.05989655172413799,0.597,-174.0,4.5,fanduel,W,0.5747126436781609
formula,receptions,Donovan Olugbode,Receptions,2026-09-19,Missouri,Troy,2,0.3117408906882591,-26.5,1,,5.31,3.0,5.5,0.425,0.47539370078740156,-0.17023809523809524,0.425,-105.0,5.5,hardrockbet,L,-1.0,0.0173076923076923,0.575,-130.0,5.5,hardrockbet,W,0.7692307692307693
formula,receptions,Cayden Lee,Receptions,2026-09-19,Missouri,Troy,2,0.23481781376518218,-26.5,1,,4.42,4.0,4.5,0.4405,0.5101214574898786,-0.19241666666666662,0.4405,-120.0,4.5,hardrockbet,L,-1.0,0.06813636363636366,0.5595,-110.0,4.5,hardrockbet,W,0.9090909090909091
formula,receptions,Charlie Becker,Receptions,2026-09-19,Indiana,Western Kentucky,2,0.3205128205128205,-44.5,1,,3.43,5.0,3.5,0.4405,0.4414696667616063,-0.06613999999999992,0.4405,112.0,3.5,fanduel,W,1.12,-0.062459459459459465,0.5595,-148.0,3.5,fanduel,L,-1.0
formula,receptions,Carson Kent,Receptions,2026-09-19,Pittsburgh,Syracuse,2,0.05718954248366013,-10.5,1,,2.05,2.0,1.5,0.5735,0.5486725663716815,-0.056499999999999995,0.5735,-155.0,1.5,fliff,W,0.6451612903225806,-0.14700000000000002,0.4265,100.0,1.5,fliff,L,-1.0
formula,receptions,Joshisa Trader,Receptions,2026-09-19,NC State,Vanderbilt,2,0.15,3.0,1,,2.08,2.0,2.5,0.293,0.4564539116366858,-0.39641999999999994,0.293,106.0,2.5,betonlineag,L,-1.0,0.22305839416058398,0.707,-137.0,2.5,betonlineag,W,0.7299270072992701
formula,receptions,Keenan Jackson,Receptions,2026-09-19,NC State,Vanderbilt,2,0.17777777777777776,3.0,1,,3.05,9.0,2.5,0.5475,0.5692871193108593,-0.0969805194805195,0.5475,-154.0,2.5,betonlineag,W,0.6493506493506493,-0.013549999999999951,0.4525,118.0,2.5,betonlineag,L,-1.0
formula,receptions,Preston Douglas,Receptions,2026-09-19,NC State,Vanderbilt,2,0.15555555555555556,3.0,1,,1.95,4.0,1.5,0.5735,0.5721476510067114,-0.056499999999999995,0.5735,-155.0,1.5,hardrockbet,W,0.6451612903225806,-0.06170000000000009,0.4265,120.0,1.5,hardrockbet,L,-1.0
formula,receptions,Lawayne McCoy,Receptions,2026-09-19,Louisville,SMU,2,0.12698412698412698,-3.0,1,,2.86,4.0,2.5,0.482,0.5276888998277135,-0.14143750000000005,0.482,-128.0,2.5,betonlineag,W,0.78125,0.0308712871287129,0.518,-101.0,2.5,betonlineag,L,-1.0
formula,receptions,Justus Ross-Simmons,Receptions,2026-09-19,Syracuse,Pittsburgh,1,0.24,10.5,1,,4.06,1.0,4.5,0.3875,0.43734082725915513,-0.16687500000000005,0.3875,115.0,4.5,betonlineag,L,-1.0,0.02357382550335574,0.6125,-149.0,4.5,betonlineag,W,0.6711409395973155
formula,receptions,Sutton Smith,Receptions,2026-09-19,Arkansas,Georgia,2,0.10606060606060605,24.5,1,,1.83,1.0,1.5,0.5655,0.5979557069846678,-0.14450000000000002,0.5655,-195.0,1.5,fliff,L,-1.0,-0.022375000000000034,0.4345,125.0,1.5,fliff,W,1.25
formula,receptions,Brett Eskildsen,Receptions,2026-09-19,Penn State,Buffalo,2,0.17261904761904762,-39.5,1,,2.9,2.0,2.5,0.498,0.4723111001722865,-0.008930693069306939,0.498,-101.0,2.5,betonlineag,L,-1.0,-0.10581249999999998,0.502,-128.0,2.5,betonlineag,W,0.78125
formula,receptions,Benjamin Brahmer,Receptions,2026-09-19,Penn State,Buffalo,2,0.14404761904761904,-39.5,1,,2.92,1.0,2.5,0.508,0.46322988528598974,0.031240000000000046,0.508,103.0,2.5,betonlineag,L,-1.0,-0.13807518796992485,0.492,-133.0,2.5,betonlineag,W,0.7518796992481203
formula,receptions,Koby Howard,Receptions,2026-09-19,Penn State,Buffalo,2,0.22142857142857142,-39.5,1,,4.34,3.0,3.5,0.6,0.4232164449818621,0.33199999999999996,0.6,122.0,3.5,betonlineag,L,-1.0,-0.3484276729559748,0.4,-159.0,3.5,betonlineag,W,0.6289308176100629
formula,receptions,Chase Sowell,Receptions,2026-09-19,Penn State,Buffalo,2,0.16904761904761906,-39.5,1,,3.48,1.0,2.5,0.619,0.539576802507837,0.07751851851851849,0.619,-135.0,2.5,betonlineag,L,-1.0,-0.22275999999999996,0.381,104.0,2.5,betonlineag,W,1.04
formula,receptions,Carson Hansen,Receptions,2026-09-19,Penn State,Buffalo,2,0.047619047619047616,-39.5,1,,1.09,0.0,1.5,0.238,0.5,-0.5550434782608695,0.238,-115.0,1.5,hardrockbet,L,-1.0,0.42460869565217396,0.762,-115.0,1.5,hardrockbet,W,0.8695652173913043
formula,receptions,Ryan Williams,Receptions,2026-09-19,Alabama,Florida State,2,0.256578947368421,-18.5,0,,3.79,3.0,5.5,0.2095,0.4069160828737517,-0.41715602836879434,0.341,-141.0,4.5,betonlineag,L,-1.0,0.3707200000000001,0.659,108.0,4.5,betonlineag,W,1.08
formula,receptions,Kaleb Edwards,Receptions,2026-09-19,Alabama,Florida State,1,0.10526315789473684,-18.5,1,,2.06,2.0,1.5,0.5735,0.516439256945586,0.0435819672131148,0.5735,-122.0,1.5,betonlineag,W,0.819672131147541,-0.17114150943396228,0.4265,-106.0,1.5,betonlineag,L,-1.0
formula,receptions,Daniel Hill,Receptions,2026-09-19,Alabama,Florida State,2,0.11513157894736842,-18.5,1,,1.62,1.0,1.5,0.3925,0.5517241379310345,-0.3621875,0.3925,-160.0,1.5,fliff,L,-1.0,0.21500000000000002,0.6075,100.0,1.5,fliff,W,1.0
formula,receptions,Reece Vander Zee,Receptions,2026-09-19,Iowa,Northern Iowa,2,0.11904761904761904,-37.5,1,,2.7,1.0,3.5,0.2795,0.43297422610118635,-0.39628,0.2795,116.0,3.5,fanduel,L,-1.0,0.18835714285714283,0.7205,-154.0,3.5,fanduel,W,0.6493506493506493
formula,receptions,Tony Diaz,Receptions,2026-09-19,Iowa,Northern Iowa,2,0.3571428571428571,-37.5,1,,5.88,2.0,4.5,0.693,0.5418848167539266,0.19517391304347825,0.693,-138.0,4.5,fanduel,L,-1.0,-0.37371999999999994,0.307,104.0,4.5,fanduel,W,1.04
formula,receptions,Sanfrisco Magee,Receptions,2026-09-19,Mississippi State,South Carolina,2,0.19907407407407407,3.0,1,,2.88,2.0,3.5,0.2905,0.43310875842155927,-0.3696150000000001,0.2905,117.0,3.5,betonlineag,L,-1.0,0.17627631578947373,0.7095,-152.0,3.5,betonlineag,W,0.6578947368421053
formula,receptions,Fluff Bothwell,Receptions,2026-09-19,Mississippi State,South Carolina,2,0.04976851851851852,3.0,1,,1.45,1.0,2.5,0.159,0.38873994638069703,-0.6184,0.159,140.0,2.5,hardrockbet,L,-1.0,0.28363157894736835,0.841,-190.0,2.5,hardrockbet,W,0.5263157894736842
formula,receptions,Micah Welch,Receptions,2026-09-19,Colorado,Northwestern,2,0.019230769230769232,3.5,1,,0.83,1.0,0.5,0.5265,0.6333530455351862,-0.2227857142857143,0.5265,-210.0,0.5,hardrockbet,W,0.47619047619047616,0.20742499999999997,0.4735,155.0,0.5,hardrockbet,L,-1.0
formula,receptions,Semaj Morgan,Receptions,2026-09-19,UCLA,Purdue,2,0.2857142857142857,-13.5,1,,3.14,4.0,2.5,0.584,0.5767835550181378,-0.04870440251572328,0.584,-159.0,2.5,betonlineag,W,0.6289308176100629,-0.07647999999999999,0.416,122.0,2.5,betonlineag,L,-1.0
formula,receptions,Anthony Woods,Receptions,2026-09-19,UCLA,Purdue,2,0.03571428571428571,-13.5,1,,0.61,1.0,0.5,0.456,0.5633187772925765,-0.24000000000000005,0.456,-150.0,0.5,hardrockbet,W,0.6666666666666666,0.16960000000000003,0.544,115.0,0.5,hardrockbet,L,-1.0
formula,receptions,Nick Marsh,Receptions,2026-09-19,Indiana,Western Kentucky,2,0.18803418803418803,-44.5,1,,2.23,7.0,3.5,0.1465,0.4796954314720812,-0.7139761904761905,0.1465,-105.0,3.5,hardrockbet,W,0.9523809523809523,0.5363000000000001,0.8535,-125.0,3.5,hardrockbet,L,-1.0
formula,receptions,Jeremiah Cobb,Receptions,2026-09-19,Auburn,Florida,2,0.06346153846153846,2.5,1,,1.6,1.0,1.5,0.3925,0.4796954314720812,-0.23369047619047623,0.3925,-105.0,1.5,hardrockbet,L,-1.0,0.09350000000000003,0.6075,-125.0,1.5,hardrockbet,W,0.8
formula,receptions,Jake Johnson,Receptions,2026-09-19,Auburn,Florida,1,0.11538461538461539,2.5,1,,2.35,2.0,1.5,0.6515,0.5445920303605313,0.11685714285714288,0.6515,-140.0,1.5,hardrockbet,W,0.7142857142857143,-0.28557499999999997,0.3485,105.0,1.5,hardrockbet,L,-1.0
formula,receptions,Josiah Freeman,Receptions,2026-09-19,Fresno State,San José State,1,0.23076923076923078,-4.0,1,,4.21,6.0,4.5,0.4085,0.4414696667616063,-0.13398,0.4085,112.0,4.5,fanduel,W,1.12,-0.008837837837837814,0.5915,-148.0,4.5,fanduel,L,-1.0
formula,receptions,Carson Clark,Receptions,2026-09-19,San José State,Fresno State,3,0.28891398456615847,4.0,1,,5.02,5.0,4.5,0.5485,0.4414696667616063,0.16282000000000008,0.5485,112.0,4.5,fanduel,W,1.12,-0.2434324324324324,0.4515,-148.0,4.5,fanduel,L,-1.0
formula,receptions,Cooper Hoch,Receptions,2026-09-19,San José State,Fresno State,3,0.21027040592257984,4.0,1,,4.1,2.0,3.5,0.5615,0.45420136260408783,0.15669,0.5615,106.0,3.5,fanduel,L,-1.0,-0.24828571428571428,0.4385,-140.0,3.5,fanduel,W,0.7142857142857143
formula,receptions,Chris Brooks Jr.,Receptions,2026-09-19,Wisconsin,Eastern Michigan,2,0.16228070175438597,-23.5,1,,3.31,3.0,3.5,0.425,0.4053409632808775,-0.013999999999999901,0.425,132.0,3.5,betonlineag,L,-1.0,-0.09069767441860466,0.575,-172.0,3.5,betonlineag,W,0.5813953488372093
formula,receptions,Nick Devereaux,Receptions,2026-09-19,Eastern Michigan,Wisconsin,3,0.17824074074074073,23.5,1,,3.66,3.0,2.5,0.641,0.5767835550181378,0.044144654088050295,0.641,-159.0,2.5,betonlineag,W,0.6289308176100629,-0.20302000000000003,0.359,122.0,2.5,betonlineag,L,-1.0
formula,receptions,Joshua Long,Receptions,2026-09-19,Eastern Michigan,Wisconsin,3,0.16435185185185186,23.5,1,,3.02,3.0,2.5,0.5405,0.4232164449818621,0.19990999999999992,0.5405,122.0,2.5,betonlineag,W,1.22,-0.2515062893081761,0.4595,-159.0,2.5,betonlineag,L,-1.0
formula,receptions,Eugene Hilton Jr.,Receptions,2026-09-19,Wisconsin,Eastern Michigan,2,0.20394736842105263,-23.5,1,,2.28,1.0,2.5,0.3085,0.44351918899348297,-0.34597999999999995,0.3085,112.0,2.5,betonlineag,L,-1.0,0.16839655172413798,0.6915,-145.0,2.5,betonlineag,W,0.6896551724137931
formula,receptions,Tyrell Henry,Receptions,2026-09-19,Wisconsin,Eastern Michigan,2,0.27192982456140347,-23.5,1,,4.37,14.0,3.5,0.6045,0.4948402542722694,0.14909459459459456,0.6045,-111.0,3.5,betonlineag,W,0.9009009009009009,-0.2635517241379311,0.3955,-116.0,3.5,betonlineag,L,-1.0
formula,receptions,Jacob Harris,Receptions,2026-09-19,Wisconsin,Eastern Michigan,2,0.10964912280701754,-23.5,1,,1.97,3.0,1.5,0.5735,0.41379310344827586,0.29037500000000005,0.5735,125.0,1.5,hardrockbet,W,1.25,-0.3226176470588235,0.4265,-170.0,1.5,hardrockbet,L,-1.0
formula,receptions,Amareon Blue,Receptions,2026-09-19,Eastern Michigan,Wisconsin,3,0.06635802469135803,23.5,1,,1.27,0.0,1.5,0.3925,0.45920859794821695,-0.19537500000000002,0.3925,105.0,1.5,hardrockbet,L,-1.0,0.057499999999999996,0.6075,-135.0,1.5,hardrockbet,W,0.7407407407407407
formula,receptions,Tyler Morris,Receptions,2026-09-19,Indiana,Western Kentucky,1,0.23076923076923078,-44.5,1,,2.82,1.0,1.5,0.724,0.599271402550091,0.13771428571428568,0.724,-175.0,1.5,betonlineag,L,-1.0,-0.35139999999999993,0.276,135.0,1.5,betonlineag,W,1.35
formula,receptions,Vince Benetti,Receptions,2026-09-19,Iowa State,Bowling Green,2,0.15555555555555556,-22.5,1,,2.1,1.0,1.5,0.5735,0.5203045685279188,0.03230000000000005,0.5735,-125.0,1.5,hardrockbet,L,-1.0,-0.16730952380952385,0.4265,-105.0,1.5,hardrockbet,W,0.9523809523809523
formula,receptions,Austyn Dendy,Receptions,2026-09-19,Bowling Green,Iowa State,2,0.0,22.5,1,,0.33,0.0,0.5,0.3205,0.625,-0.51925,0.3205,-200.0,0.5,hardrockbet,L,-1.0,0.69875,0.6795,150.0,0.5,hardrockbet,W,1.5
formula,receptions,Aiden Flora,Receptions,2026-09-19,Iowa State,Bowling Green,2,0.05,-22.5,1,,0.82,2.0,0.5,0.5255,0.641255605381166,-0.23563636363636364,0.5255,-220.0,0.5,hardrockbet,W,0.45454545454545453,0.23370000000000002,0.4745,160.0,0.5,hardrockbet,L,-1.0
formula,receptions,Jayvontay Conner,Receptions,2026-09-19,Vanderbilt,NC State,2,0.2875816993464052,-3.0,1,,3.65,1.0,2.5,0.641,0.5633187772925765,0.06833333333333336,0.641,-150.0,2.5,espnbet,L,-1.0,-0.22815000000000007,0.359,115.0,2.5,espnbet,W,1.15
formula,receptions,Braden Pegan,Receptions,2026-09-19,Utah,Utah State,2,0.1926470588235294,-26.5,1,,3.99,8.0,3.5,0.5425,0.5585303332383936,-0.09094594594594596,0.5425,-148.0,3.5,fanduel,W,0.6756756756756757,-0.030099999999999905,0.4575,112.0,3.5,fanduel,L,-1.0
formula,receptions,Wayshawn Parker,Receptions,2026-09-19,Utah,Utah State,2,0.21323529411764708,-26.5,1,,2.69,2.0,2.5,0.471,0.5457986373959122,-0.19257142857142862,0.471,-140.0,2.5,fanduel,L,-1.0,0.08974000000000004,0.529,106.0,2.5,fanduel,W,1.06
formula,receptions,Luke Hasz,Receptions,2026-09-19,Ole Miss,LSU,2,0.06084656084656084,3.0,1,,2.01,3.0,1.5,0.5735,0.5,0.03230000000000005,0.5735,-125.0,1.5,fliff,W,0.8,-0.2323,0.4265,-125.0,1.5,fliff,L,-1.0
formula,receptions,Chris Hunter,Receptions,2026-09-19,Arizona,Northern Illinois,2,0.040257648953301126,-34.5,1,,2.32,5.0,3.5,0.1745,0.46209273182957394,-0.64751,0.1745,102.0,3.5,fanduel,W,1.02,0.43248529411764713,0.8255,-136.0,3.5,fanduel,L,-1.0
formula,receptions,Tre Spivey,Receptions,2026-09-19,Arizona,Northern Illinois,2,0.11755233494363929,-34.5,1,,3.14,6.0,3.5,0.3625,0.5418848167539266,-0.3748188405797101,0.3625,-138.0,3.5,fanduel,W,0.7246376811594203,0.30049999999999993,0.6375,104.0,3.5,fanduel,L,-1.0
formula,receptions,Caden High,Receptions,2026-09-19,Stanford,Duke,1,0.2727272727272727,9.5,1,,4.01,5.0,3.5,0.5455,0.43734082725915513,0.1728249999999999,0.5455,115.0,3.5,betonlineag,W,1.15,-0.2404664429530201,0.4545,-149.0,3.5,betonlineag,L,-1.0
formula,receptions,Nahzae Cox,Receptions,2026-09-19,Kansas,Arizona State,2,0.06349206349206349,5.5,1,,2.25,2.0,1.5,0.582,0.4232164449818621,0.2920399999999999,0.582,122.0,1.5,betonlineag,W,1.22,-0.3191069182389937,0.418,-159.0,1.5,betonlineag,L,-1.0
formula,receptions,Ty Lockwood,Receptions,2026-09-19,Arkansas,Georgia,2,0.13257575757575757,24.5,1,,2.47,4.0,1.5,0.682,0.6103896103896104,0.0447659574468085,0.682,-188.0,1.5,fanduel,W,0.5319148936170213,-0.23680000000000007,0.318,140.0,1.5,fanduel,L,-1.0
formula,receptions,Carver Cheeks,Receptions,2026-09-19,UTEP,Michigan,2,0.20714285714285713,34.5,1,,2.36,1.0,2.5,0.404,0.48149290561381863,-0.21123809523809522,0.404,-105.0,2.5,betonlineag,L,-1.0,0.08055284552845521,0.596,-123.0,2.5,betonlineag,W,0.8130081300813008
formula,receptions,Jackson Harris,Receptions,2026-09-19,LSU,Ole Miss,2,0.07828282828282829,-3.0,1,,2.26,1.0,2.5,0.3,0.46322988528598974,-0.39099999999999996,0.3,103.0,2.5,betonlineag,L,-1.0,0.2263157894736842,0.7,-133.0,2.5,betonlineag,W,0.7518796992481203
formula,receptions,Tanook Hines,Receptions,2026-09-19,USC,Rutgers,1,0.06896551724137931,-21.0,1,,2.05,3.0,3.5,0.1465,0.4808467741935484,-0.7152924528301887,0.1465,-106.0,3.5,fanduel,L,-1.0,0.5363000000000001,0.8535,-125.0,3.5,fanduel,W,0.8
formula,receptions,Ben Black,Receptions,2026-09-19,Rutgers,USC,2,0.10101010101010101,21.0,1,,2.0,2.0,1.5,0.5735,0.5060689431946916,0.05951694915254235,0.5735,-118.0,1.5,fanduel,W,0.847457627118644,-0.19269642857142855,0.4265,-112.0,1.5,fanduel,L,-1.0
formula,receptions,Eli Wood,Receptions,2026-09-19,Utah State,Utah,2,0.3264705882352941,26.5,1,,4.42,4.0,3.5,0.612,0.5030953363598846,0.14417391304347826,0.612,-115.0,3.5,betonlineag,W,0.8695652173913043,-0.2655714285714285,0.388,-112.0,3.5,betonlineag,L,-1.0
formula,receptions,Larry Simmons,Receptions,2026-09-19,Utah,Utah State,2,0.08382352941176471,-26.5,1,,1.7,2.0,1.5,0.4185,0.539576802507837,-0.2715,0.4185,-135.0,1.5,betonlineag,W,0.7407407407407407,0.1862600000000001,0.5815,104.0,1.5,betonlineag,L,-1.0
formula,receptions,Ricky Johnson,Receptions,2026-09-19,Utah,Utah State,2,0.08382352941176471,-26.5,1,,2.42,4.0,1.5,0.6715,0.5051597457277305,0.2503793103448275,0.6715,-116.0,1.5,betonlineag,W,0.8620689655172413,-0.375554054054054,0.3285,-111.0,1.5,betonlineag,L,-1.0
formula,receptions,Javen Jacobs,Receptions,2026-09-19,Utah State,Utah,2,0.12941176470588237,26.5,1,,2.13,2.0,2.5,0.293,0.49179655455291227,-0.4406363636363636,0.293,-110.0,2.5,betonlineag,L,-1.0,0.3061525423728813,0.707,-118.0,2.5,betonlineag,W,0.847457627118644
formula,receptions,Anthony Garcia,Receptions,2026-09-19,Utah State,Utah,2,0.08382352941176471,26.5,1,,2.07,2.0,1.5,0.5735,0.5867448807441689,-0.08308682634730541,0.5735,-167.0,1.5,betonlineag,W,0.5988023952095808,-0.03184500000000001,0.4265,127.0,1.5,betonlineag,L,-1.0
formula,receptions,Dawson Pendergrass,Receptions,2026-09-19,Baylor,Louisiana Tech,2,0.07703703703703704,-20.5,1,,1.71,1.0,1.5,0.4235,0.4554079696394688,-0.13182500000000003,0.4235,105.0,1.5,hardrockbet,L,-1.0,-0.011714285714285677,0.5765,-140.0,1.5,hardrockbet,W,0.7142857142857143
formula,receptions,Gavin Freeman,Receptions,2026-09-19,Baylor,Louisiana Tech,2,0.4222222222222222,-20.5,1,,6.22,7.0,7.5,0.2605,0.47539370078740156,-0.49140476190476196,0.2605,-105.0,7.5,hardrockbet,L,-1.0,0.3083461538461539,0.7395,-130.0,7.5,hardrockbet,W,0.7692307692307693
formula,receptions,Jalen Mickens,Receptions,2026-09-19,Louisiana Tech,Baylor,2,0.3025210084033613,20.5,1,,4.22,4.0,3.5,0.579,0.5203045685279188,0.042200000000000015,0.579,-125.0,3.5,hardrockbet,W,0.8,-0.17804761904761907,0.421,-105.0,3.5,hardrockbet,L,-1.0
formula,receptions,Eli Finley,Receptions,2026-09-19,Louisiana Tech,Baylor,2,0.18907563025210083,20.5,1,,2.77,8.0,2.5,0.4725,0.5,-0.1166304347826087,0.4725,-115.0,2.5,hardrockbet,W,0.8695652173913043,-0.013804347826086971,0.5275,-115.0,2.5,hardrockbet,L,-1.0
formula,receptions,Terrence Smith Jr.,Receptions,2026-09-19,Colorado State,BYU,2,0.17424242424242425,17.5,1,,3.14,1.0,3.5,0.363,0.45132743362831856,-0.274,0.363,100.0,3.5,fliff,L,-1.0,0.047967741935483865,0.637,-155.0,3.5,fliff,W,0.6451612903225806
formula,receptions,Kenny Darby,Receptions,2026-09-19,Kentucky,Texas A&M,2,0.2222222222222222,16.5,1,,3.32,2.0,3.5,0.426,0.4414696667616063,-0.09687999999999991,0.426,112.0,3.5,fanduel,L,-1.0,-0.03816216216216217,0.574,-148.0,3.5,fanduel,W,0.6756756756756757
formula,receptions,Willie Rodriguez,Receptions,2026-09-19,Kentucky,Texas A&M,2,0.3333333333333333,16.5,1,,4.02,3.0,3.5,0.547,0.4939310568053083,0.03539285714285717,0.547,-112.0,3.5,fanduel,L,-1.0,-0.16310169491525428,0.453,-118.0,3.5,fanduel,W,0.847457627118644
formula,receptions,Antwan Raymond,Receptions,2026-09-19,Rutgers,USC,2,0.10101010101010101,21.0,1,,1.66,3.0,1.5,0.394,0.5486725663716815,-0.3518064516129032,0.394,-155.0,1.5,fliff,W,0.6451612903225806,0.21199999999999997,0.606,100.0,1.5,fliff,L,-1.0
formula,receptions,Kaleb Webb,Receptions,2026-09-19,Maryland,Virginia Tech,2,0.09142857142857143,2.5,1,,3.33,5.0,3.5,0.4275,0.43734082725915513,-0.08087500000000003,0.4275,115.0,3.5,betonlineag,W,1.15,-0.043271812080536876,0.5725,-149.0,3.5,betonlineag,L,-1.0
formula,receptions,Iverson Howard,Receptions,2026-09-19,Maryland,Virginia Tech,2,0.06285714285714286,2.5,1,,1.44,1.0,1.5,0.3925,0.5,-0.2935,0.3925,-125.0,1.5,fliff,L,-1.0,0.09350000000000003,0.6075,-125.0,1.5,fliff,W,0.8
formula,receptions,George Burhenn,Receptions,2026-09-19,Purdue,UCLA,2,0.06828703703703703,13.5,1,,1.74,1.0,1.5,0.5285,0.35576179427687554,0.347675,0.5285,155.0,1.5,fliff,L,-1.0,-0.33605102040816326,0.4715,-245.0,1.5,fliff,W,0.40816326530612246
formula,receptions,Jayce Brown,Receptions,2026-09-19,LSU,Ole Miss,1,0.045454545454545456,-3.0,1,,2.13,3.0,1.5,0.5735,0.5,0.07657017543859646,0.5735,-114.0,1.5,fanduel,W,0.8771929824561403,-0.19937719298245615,0.4265,-114.0,1.5,fanduel,L,-1.0
formula,receptions,Braylon Staley,Receptions,2026-09-19,Tennessee,Kennesaw State,2,0.09761904761904762,-35.5,1,,2.49,4.0,3.5,0.25,0.5306122448979592,-0.5576923076923077,0.25,-130.0,3.5,betonlineag,W,0.7692307692307693,0.5,0.75,100.0,3.5,betonlineag,L,-1.0
formula,receptions,Mike Matthews,Receptions,2026-09-19,Tennessee,Kennesaw State,2,0.19523809523809524,-35.5,1,,2.86,4.0,4.5,0.1545,0.44351918899348297,-0.6724600000000001,0.1545,112.0,4.5,betonlineag,L,-1.0,0.42860344827586216,0.8455,-145.0,4.5,betonlineag,W,0.6896551724137931
formula,receptions,Deuce Alexander,Receptions,2026-09-26,Ole Miss,Florida,3,0.24883758217091548,4.0,1,,5.47,7.0,5.5,0.448,0.45420136260408783,-0.07712000000000002,0.448,106.0,5.5,fanduel,W,1.06,-0.05371428571428566,0.552,-140.0,5.5,fanduel,L,-1.0
formula,receptions,Traylon Ray,Receptions,2026-09-26,Ole Miss,Florida,3,0.12714446047779382,4.0,1,,3.11,2.0,3.5,0.354,0.3993154592127781,-0.17164000000000001,0.354,134.0,3.5,fanduel,L,-1.0,0.004888888888888943,0.646,-180.0,3.5,fanduel,W,0.5555555555555556
formula,receptions,Caleb Odom,Receptions,2026-09-26,Ole Miss,Florida,2,0.1471861471861472,4.0,1,,3.14,5.0,3.5,0.3625,0.5418848167539266,-0.3748188405797101,0.3625,-138.0,3.5,fanduel,W,0.7246376811594203,0.30049999999999993,0.6375,104.0,3.5,fanduel,L,-1.0
formula,receptions,Dallas Wilson,Receptions,2026-09-26,Florida,Ole Miss,3,0.2027777777777778,-4.0,1,,3.28,2.0,3.5,0.423,0.5457986373959122,-0.2748571428571428,0.423,-140.0,3.5,fanduel,L,-1.0,0.18861999999999995,0.577,106.0,3.5,fanduel,W,1.06
formula,receptions,Vernell Brown III,Receptions,2026-09-26,Florida,Ole Miss,3,0.24583333333333335,-4.0,1,,3.67,3.0,5.5,0.1885,0.5,-0.6461491228070175,0.1885,-114.0,5.5,fanduel,L,-1.0,0.5233421052631578,0.8115,-114.0,5.5,fanduel,W,0.8771929824561403
formula,receptions,Horatio Fields,Receptions,2026-09-26,Ole Miss,Florida,3,0.1792528459195126,4.0,1,,3.99,1.0,4.5,0.3765,0.4718423169750603,-0.25438235294117656,0.3765,-102.0,4.5,fanduel,L,-1.0,0.10311538461538466,0.6235,-130.0,4.5,fanduel,W,0.7692307692307693
formula,receptions,Bailey Stockton,Receptions,2026-09-26,Florida,Ole Miss,3,0.14722222222222223,-4.0,1,,2.93,4.0,2.5,0.51,0.5,-0.04263157894736841,0.51,-114.0,2.5,fanduel,W,0.8771929824561403,-0.08017543859649129,0.49,-114.0,2.5,fanduel,L,-1.0
formula,receptions,Turbo Richard,Receptions,2026-09-26,Indiana,Northwestern,3,0.06267806267806268,-20.5,1,,0.87,0.0,1.5,0.205,0.43297422610118635,-0.5572000000000001,0.205,116.0,1.5,fanduel,L,-1.0,0.3112337662337663,0.795,-154.0,1.5,fanduel,W,0.6493506493506493
formula,receptions,Griffin Wilde,Receptions,2026-09-26,Northwestern,Indiana,2,0.2542016806722689,20.5,1,,3.48,6.0,4.5,0.299,0.5,-0.438719298245614,0.299,-114.0,4.5,fanduel,W,0.8771929824561403,0.3159122807017543,0.701,-114.0,4.5,fanduel,L,-1.0
formula,receptions,Caleb Komolafe,Receptions,2026-09-26,Northwestern,Indiana,2,0.15966386554621848,20.5,1,,1.98,1.0,1.5,0.5735,0.5379072681704261,-0.004808823529411699,0.5735,-136.0,1.5,fanduel,L,-1.0,-0.13847000000000004,0.4265,102.0,1.5,fanduel,W,1.02
formula,receptions,Shazz Preston,Receptions,2026-09-26,Indiana,Northwestern,3,0.1153096416254311,-20.5,1,,1.95,2.0,1.5,0.5735,0.5510744774801296,-0.02823611111111113,0.5735,-144.0,1.5,fanduel,W,0.6944444444444444,-0.11287999999999998,0.4265,108.0,1.5,fanduel,L,-1.0
formula,receptions,Nick Marsh,Receptions,2026-09-26,Indiana,Northwestern,3,0.248163142899985,-20.5,1,,3.34,5.0,5.5,0.16,0.4718423169750603,-0.6831372549019608,0.16,-102.0,5.5,fanduel,L,-1.0,0.48615384615384616,0.84,-130.0,5.5,fanduel,W,0.7692307692307693
formula,receptions,Charlie Becker,Receptions,2026-09-26,Indiana,Northwestern,3,0.3013945119208277,-20.5,1,,3.87,7.0,5.5,0.221,0.3831317764804003,-0.3719230769230769,0.355,-130.0,4.5,williamhill_us,W,0.7692307692307693,0.2773529411764706,0.645,-102.0,4.5,williamhill_us,L,-1.0
formula,receptions,Drew Wagner,Receptions,2026-09-26,Northwestern,Indiana,2,0.16596638655462184,20.5,1,,3.22,3.0,1.5,0.76,0.5867448807441689,0.21508982035928143,0.76,-167.0,1.5,betonlineag,W,0.5988023952095808,-0.4552,0.24,127.0,1.5,betonlineag,L,-1.0
formula,receptions,Luke Dehnicke,Receptions,2026-09-26,Northwestern,Indiana,2,0.13025210084033612,20.5,1,,2.46,7.0,1.5,0.6795,0.6169989506820567,0.033406250000000026,0.6795,-192.0,1.5,betonlineag,W,0.5208333333333334,-0.214775,0.3205,145.0,1.5,betonlineag,L,-1.0
formula,receptions,Jeremiah Smith,Receptions,2026-09-26,Ohio State,Illinois,3,0.3186418262319591,-25.5,1,,5.72,12.0,7.5,0.197,0.4808467741935484,-0.6171509433962264,0.197,-106.0,7.5,fanduel,W,0.9433962264150944,0.4454000000000001,0.803,-125.0,7.5,fanduel,L,-1.0
formula,receptions,TreyShun Hurry,Receptions,2026-09-26,Louisville,Wake Forest,3,0.12962962962962962,-11.5,1,,2.82,8.0,2.5,0.4725,0.5203045685279188,-0.14949999999999997,0.4725,-125.0,2.5,hardrockbet,W,0.8,0.029880952380952397,0.5275,-105.0,2.5,hardrockbet,L,-1.0
formula,receptions,Lawayne McCoy,Receptions,2026-09-26,Louisville,Wake Forest,3,0.17989417989417988,-11.5,1,,3.09,6.0,3.5,0.348,0.42785234899328856,-0.23440000000000005,0.348,120.0,3.5,hardrockbet,W,1.2,0.07264516129032261,0.652,-155.0,3.5,hardrockbet,L,-1.0
formula,receptions,Tre Richardson,Receptions,2026-09-26,Louisville,Wake Forest,3,0.2804232804232804,-11.5,1,,4.04,5.0,4.5,0.386,0.5101214574898786,-0.2923333333333333,0.386,-120.0,4.5,hardrockbet,W,0.8333333333333334,0.1721818181818181,0.614,-110.0,4.5,hardrockbet,L,-1.0
formula,receptions,Mario Craver,Receptions,2026-09-26,Texas A&M,LSU,3,0.27435897435897433,8.5,1,,5.89,3.0,4.5,0.6955,0.4718423169750603,0.37736274509803924,0.6955,-102.0,4.5,fanduel,L,-1.0,-0.46126923076923076,0.3045,-130.0,4.5,fanduel,W,0.7692307692307693
formula,receptions,Dilin Jones,Receptions,2026-09-26,LSU,Texas A&M,3,0.09385521885521886,-8.5,1,,1.79,3.0,2.5,0.2805,0.4677419354838709,-0.439,0.2805,100.0,2.5,fanduel,W,1.0,0.2645757575757575,0.7195,-132.0,2.5,fanduel,L,-1.0
formula,receptions,Isaiah Horton,Receptions,2026-09-26,Texas A&M,LSU,3,0.18410256410256412,8.5,1,,3.8,3.0,4.5,0.3445,0.40640759418570166,-0.20765,0.3445,130.0,4.5,fanduel,L,-1.0,0.03222413793103446,0.6555,-174.0,4.5,fanduel,W,0.5747126436781609
formula,receptions,Mark Bowman,Receptions,2026-09-26,USC,Oregon,4,0.16336206896551725,3.5,1,,3.43,6.0,3.5,0.4415,0.519675254742772,-0.19955691056910568,0.4415,-123.0,3.5,betonlineag,W,0.8130081300813008,0.09551923076923075,0.5585,-104.0,3.5,betonlineag,L,-1.0
formula,receptions,Dakorien Moore,Receptions,2026-09-26,Oregon,USC,3,0.1619047619047619,-3.5,1,,3.02,3.0,4.5,0.182,0.48768472906403937,-0.6494814814814814,0.182,-108.0,4.5,betonlineag,L,-1.0,0.49966666666666665,0.818,-120.0,4.5,betonlineag,W,0.8333333333333334
formula,receptions,Evan Stewart,Receptions,2026-09-26,Oregon,USC,3,0.21904761904761905,-3.5,1,,4.29,7.0,4.5,0.4235,0.43310875842155927,-0.08100500000000005,0.4235,117.0,4.5,betonlineag,W,1.17,-0.04422368421052625,0.5765,-152.0,4.5,betonlineag,L,-1.0
formula,receptions,Caden High,Receptions,2026-09-26,Stanford,Georgia Tech,2,0.26136363636363635,3.0,1,,4.24,4.0,5.5,0.2615,0.42785234899328856,-0.4247,0.2615,120.0,5.5,hardrockbet,L,-1.0,0.21495161290322579,0.7385,-155.0,5.5,hardrockbet,W,0.6451612903225806
formula,receptions,Adam Mohammed,Receptions,2026-09-26,California,Clemson,3,0.18815628815628815,2.5,1,,3.31,3.0,4.5,0.2735,0.4581151832460733,-0.44206,0.2735,104.0,4.5,fanduel,L,-1.0,0.25294927536231887,0.7265,-138.0,4.5,fanduel,W,0.7246376811594203
formula,receptions,T.J. Moore,Receptions,2026-09-26,Clemson,California,3,0.32857142857142857,-2.5,1,,4.6,3.0,5.5,0.3115,0.5141838223374939,-0.433172131147541,0.3115,-122.0,5.5,fanduel,L,-1.0,0.32599999999999996,0.6885,-108.0,5.5,fanduel,W,0.9259259259259259
formula,receptions,Mason Mini,Receptions,2026-09-26,California,Clemson,2,0.12454212454212454,2.5,1,,3.02,3.0,2.5,0.54,0.46209273182957394,0.09080000000000005,0.54,102.0,2.5,fanduel,W,1.02,-0.20176470588235296,0.46,-136.0,2.5,fanduel,L,-1.0
formula,receptions,Bryant Wesco Jr.,Receptions,2026-09-26,Clemson,California,3,0.23095238095238094,-2.5,1,,4.11,3.0,5.5,0.248,0.43297422610118635,-0.46432,0.248,116.0,5.5,fanduel,L,-1.0,0.2403116883116883,0.752,-154.0,5.5,fanduel,W,0.6493506493506493
formula,receptions,Ian Strong,Receptions,2026-09-26,California,Clemson,3,0.16886446886446885,2.5,1,,4.43,3.0,4.5,0.4415,0.41703248463564524,-0.01104000000000005,0.4415,124.0,4.5,fanduel,L,-1.0,-0.10505421686746985,0.5585,-166.0,4.5,fanduel,W,0.6024096385542169
formula,receptions,Chase Hendricks,Receptions,2026-09-26,California,Clemson,3,0.242002442002442,2.5,1,,5.19,4.0,4.5,0.576,0.532258064516129,0.012363636363636354,0.576,-132.0,4.5,fanduel,L,-1.0,-0.15199999999999997,0.424,100.0,4.5,fanduel,W,1.0
formula,receptions,Micah Welch,Receptions,2026-09-26,Colorado,Baylor,3,0.030364372469635626,8.5,1,,0.96,0.0,0.5,0.5615,0.5751633986928104,-0.08756249999999999,0.5615,-160.0,0.5,hardrockbet,L,-1.0,-0.0353,0.4385,120.0,0.5,hardrockbet,W,1.2
formula,receptions,Hudson Clement,Receptions,2026-09-26,Illinois,Ohio State,3,0.2049424005945745,25.5,1,,3.28,5.0,4.5,0.2665,0.5276888998277135,-0.525296875,0.2665,-128.0,4.5,betonlineag,W,0.78125,0.4597376237623762,0.7335,-101.0,4.5,betonlineag,L,-1.0
formula,receptions,Brayden Trimble,Receptions,2026-09-26,Illinois,Ohio State,3,0.13977146042363434,25.5,1,,2.35,4.0,2.5,0.4015,0.539576802507837,-0.30109259259259263,0.4015,-135.0,2.5,betonlineag,W,0.7407407407407407,0.22094000000000008,0.5985,104.0,2.5,betonlineag,L,-1.0
formula,receptions,Devin McCuin,Receptions,2026-09-26,Ohio State,Illinois,3,0.11442700247254327,-25.5,1,,2.6,4.0,2.5,0.452,0.48149290561381863,-0.11752380952380959,0.452,-105.0,2.5,betonlineag,W,0.9523809523809523,-0.006471544715447142,0.548,-123.0,2.5,betonlineag,L,-1.0
formula,receptions,Bo Jackson,Receptions,2026-09-26,Ohio State,Illinois,3,0.10433557587257776,-25.5,1,,1.7,3.0,1.5,0.4175,0.4653465346534653,-0.16500000000000004,0.4175,100.0,1.5,hardrockbet,W,1.0,0.013981481481481484,0.5825,-135.0,1.5,hardrockbet,L,-1.0
formula,receptions,Nate Roberts,Receptions,2026-09-26,Ohio State,Illinois,3,0.06066356161232822,-25.5,1,,2.28,4.0,1.5,0.613,0.5101214574898786,0.12383333333333335,0.613,-120.0,1.5,hardrockbet,W,0.8333333333333334,-0.2611818181818182,0.387,-110.0,1.5,hardrockbet,L,-1.0
formula,receptions,Ca'Lil Valentine,Receptions,2026-09-26,Illinois,Ohio State,3,0.03952991452991453,25.5,1,,1.0,1.0,0.5,0.583,0.6456256921373201,-0.15200000000000002,0.583,-220.0,0.5,hardrockbet,W,0.45454545454545453,0.10504999999999998,0.417,165.0,0.5,hardrockbet,L,-1.0
formula,receptions,Braylon Staley,Receptions,2026-09-26,Tennessee,Texas,3,0.13915343915343914,5.5,1,,3.05,7.0,4.5,0.187,0.44351918899348297,-0.6035599999999999,0.187,112.0,4.5,betonlineag,W,1.12,0.37368965517241376,0.813,-145.0,4.5,betonlineag,L,-1.0
formula,receptions,Mike Matthews,Receptions,2026-09-26,Tennessee,Texas,3,0.20423280423280424,5.5,1,,3.37,4.0,4.5,0.2815,0.4564539116366858,-0.42011000000000004,0.2815,106.0,4.5,betonlineag,L,-1.0,0.2429525547445256,0.7185,-137.0,4.5,betonlineag,W,0.7299270072992701
formula,receptions,Chris Durr Jr.,Receptions,2026-09-26,Maryland,UCLA,3,0.30857142857142855,2.5,1,,6.19,7.0,7.5,0.2585,0.4472667034787409,-0.45715,0.2585,110.0,7.5,betonlineag,L,-1.0,0.2600314685314686,0.7415,-143.0,7.5,betonlineag,W,0.6993006993006993
formula,receptions,Kaleb Webb,Receptions,2026-09-26,Maryland,UCLA,3,0.1165079365079365,2.5,1,,3.62,2.0,4.5,0.3135,0.4307128806891406,-0.31657,0.3135,118.0,4.5,betonlineag,L,-1.0,0.13227922077922077,0.6865,-154.0,4.5,betonlineag,W,0.6493506493506493
formula,receptions,Brian Rowe Jr.,Receptions,2026-09-26,UCLA,Maryland,3,0.2255639097744361,-2.5,1,,3.37,1.0,3.5,0.4305,0.483560743054414,-0.1633679245283019,0.4305,-106.0,3.5,betonlineag,L,-1.0,0.03630327868852462,0.5695,-122.0,3.5,betonlineag,W,0.819672131147541
formula,receptions,Semaj Morgan,Receptions,2026-09-26,UCLA,Maryland,3,0.2606516290726817,-2.5,1,,3.77,2.0,3.5,0.4865,0.5692871193108593,-0.19759090909090904,0.4865,-154.0,3.5,betonlineag,L,-1.0,0.11942999999999998,0.5135,118.0,3.5,betonlineag,W,1.18
formula,receptions,Wayne Knight,Receptions,2026-09-26,UCLA,Maryland,3,0.10025062656641603,-2.5,1,,1.72,3.0,1.5,0.428,0.5940959409594095,-0.3274285714285714,0.428,-175.0,1.5,hardrockbet,W,0.5714285714285714,0.31559999999999994,0.572,130.0,1.5,hardrockbet,L,-1.0
formula,receptions,Iverson Howard,Receptions,2026-09-26,Maryland,UCLA,3,0.053015873015873016,2.5,1,,1.75,3.0,1.5,0.5315,0.5306122448979592,-0.05965384615384617,0.5315,-130.0,1.5,hardrockbet,W,0.7692307692307693,-0.06299999999999994,0.4685,100.0,1.5,hardrockbet,L,-1.0
formula,receptions,De'Nylon Morrissette,Receptions,2026-09-26,Purdue,Notre Dame,2,0.05625,27.5,1,,2.35,1.0,1.5,0.6505,0.5489256569588981,0.11184751773049645,0.6505,-141.0,1.5,betonlineag,L,-1.0,-0.27303999999999995,0.3495,108.0,1.5,betonlineag,W,1.08
formula,receptions,Chauncey Magwood,Receptions,2026-09-26,Purdue,Notre Dame,3,0.09776234567901236,27.5,1,,3.0,2.0,2.5,0.5355,0.5867448807441689,-0.1438413173652695,0.5355,-167.0,2.5,betonlineag,L,-1.0,0.0544150000000001,0.4645,127.0,2.5,betonlineag,W,1.27
formula,receptions,Asaad Waseem,Receptions,2026-09-26,Purdue,Notre Dame,3,0.26990740740740743,27.5,1,,4.93,4.0,3.5,0.706,0.559015193444145,0.1862721088435374,0.706,-147.0,3.5,betonlineag,W,0.6802721088435374,-0.37378,0.294,113.0,3.5,betonlineag,L,-1.0
formula,receptions,Xavier Townsend,Receptions,2026-09-26,Purdue,Notre Dame,3,0.24891975308641975,27.5,1,,4.58,5.0,3.5,0.6295,0.539576802507837,0.09579629629629621,0.6295,-135.0,3.5,betonlineag,W,0.7407407407407407,-0.24417999999999995,0.3705,104.0,3.5,betonlineag,L,-1.0
formula,receptions,Fame Ijeboi,Receptions,2026-09-26,Purdue,Notre Dame,3,0.08719135802469136,27.5,1,,1.86,2.0,2.5,0.293,0.5,-0.4522173913043478,0.293,-115.0,2.5,hardrockbet,L,-1.0,0.3217826086956522,0.707,-115.0,2.5,hardrockbet,W,0.8695652173913043
formula,receptions,JJ Buchanan,Receptions,2026-09-26,Michigan,Iowa,3,0.35185185185185186,-4.5,1,,4.49,5.0,3.5,0.62,0.5862154150197628,-0.010952380952380936,0.62,-168.0,3.5,fanduel,W,0.5952380952380952,-0.1412,0.38,126.0,3.5,fanduel,L,-1.0
formula,receptions,Tony Diaz,Receptions,2026-09-26,Iowa,Michigan,3,0.2751322751322751,4.5,1,,4.34,3.0,5.5,0.275,0.5281576830249397,-0.5134615384615384,0.275,-130.0,5.5,fanduel,L,-1.0,0.5014173228346457,0.84,-127.0,6.5,betonlineag,W,0.7874015748031497
formula,receptions,Andrew Marsh,Receptions,2026-09-26,Michigan,Iowa,3,0.32539682539682535,-4.5,1,,3.82,7.0,4.5,0.345,0.42825841577584495,-0.24790000000000006,0.345,118.0,4.5,fanduel,W,1.18,0.06955696202531653,0.655,-158.0,4.5,fanduel,L,-1.0
formula,receptions,Reece Vander Zee,Receptions,2026-09-26,Iowa,Michigan,3,0.09788359788359786,4.5,1,,2.57,5.0,2.5,0.448,0.3977531934306569,0.05728,0.448,136.0,2.5,betonlineag,W,1.36,-0.13962011173184358,0.552,-179.0,2.5,betonlineag,L,-1.0
formula,receptions,DJ Vonnahme,Receptions,2026-09-26,Iowa,Michigan,2,0.14285714285714285,4.5,1,,2.63,4.0,3.5,0.2705,0.41598386486827177,-0.38867,0.2705,126.0,3.5,betonlineag,W,1.26,0.1743170731707317,0.7295,-164.0,3.5,betonlineag,L,-1.0
formula,receptions,Jordan Marshall,Receptions,2026-09-26,Michigan,Iowa,3,0.07142857142857142,-4.5,1,,1.07,0.0,1.5,0.23,0.34200046849379245,-0.3905,0.23,165.0,1.5,fliff,L,-1.0,0.06056603773584909,0.77,-265.0,1.5,fliff,W,0.37735849056603776
formula,receptions,Dominic Overby,Receptions,2026-09-26,Iowa State,Utah,2,0.19444444444444442,7.5,1,,1.86,3.0,1.5,0.5735,0.5281576830249397,0.014653846153846184,0.5735,-130.0,1.5,fanduel,W,0.7692307692307693,-0.15536274509803927,0.4265,-102.0,1.5,fanduel,L,-1.0
formula,receptions,Braden Pegan,Receptions,2026-09-26,Utah,Iowa State,3,0.23509803921568628,-7.5,1,,4.43,2.0,3.5,0.6125,0.5904601300891351,-0.03139534883720929,0.6125,-172.0,3.5,fanduel,L,-1.0,-0.11649999999999999,0.3875,128.0,3.5,fanduel,W,1.28
formula,receptions,Ricky Johnson,Receptions,2026-09-26,Utah,Iowa State,3,0.1092156862745098,-7.5,1,,2.68,2.0,2.5,0.4685,0.3831317764804003,0.14314000000000004,0.4685,144.0,2.5,fanduel,L,-1.0,-0.1945309278350516,0.5315,-194.0,2.5,fanduel,W,0.5154639175257731
formula,receptions,Omari Hayes,Receptions,2026-09-26,Iowa State,Utah,3,0.20185185185185184,7.5,1,,2.61,5.0,2.5,0.454,0.47591522157996147,-0.1094615384615385,0.454,-104.0,2.5,fanduel,W,0.9615384615384616,-0.027437500000000004,0.546,-128.0,2.5,fanduel,L,-1.0
formula,receptions,Noah Bennee,Receptions,2026-09-26,Utah,Iowa State,2,0.12941176470588237,-7.5,1,,2.32,2.0,2.5,0.327,0.4808467741935484,-0.36450943396226415,0.327,-106.0,2.5,fanduel,L,-1.0,0.2114000000000001,0.673,-125.0,2.5,fanduel,W,0.8
formula,receptions,Wayshawn Parker,Receptions,2026-09-26,Utah,Iowa State,3,0.1688235294117647,-7.5,1,,2.55,5.0,3.5,0.256,0.41703248463564524,-0.42656,0.256,124.0,3.5,fanduel,W,1.24,0.19219277108433735,0.744,-166.0,3.5,fanduel,L,-1.0
formula,receptions,Chris Brooks Jr.,Receptions,2026-09-26,Wisconsin,Penn State,3,0.1516653953724892,9.5,1,,3.1,2.0,3.5,0.35,0.4232164449818621,-0.22300000000000003,0.35,122.0,3.5,betonlineag,L,-1.0,0.05880503144654092,0.65,-159.0,3.5,betonlineag,W,0.6289308176100629
formula,receptions,Eugene Hilton Jr.,Receptions,2026-09-26,Wisconsin,Penn State,3,0.15045766590389018,9.5,1,,2.37,2.0,2.5,0.406,0.43310875842155927,-0.11897999999999997,0.406,117.0,2.5,betonlineag,L,-1.0,-0.015210526315789508,0.594,-152.0,2.5,betonlineag,W,0.6578947368421053
formula,receptions,Chase Sowell,Receptions,2026-09-26,Penn State,Wisconsin,3,0.1349206349206349,-9.5,1,,2.94,6.0,3.5,0.3055,0.48768472906403937,-0.4116296296296296,0.3055,-108.0,3.5,betonlineag,W,0.9259259259259259,0.27325,0.6945,-120.0,3.5,betonlineag,L,-1.0
formula,receptions,Tyrell Henry,Receptions,2026-09-26,Wisconsin,Penn State,3,0.38418510043224,9.5,1,,6.2,2.0,4.5,0.756,0.48768472906403937,0.45599999999999996,0.756,-108.0,4.5,betonlineag,L,-1.0,-0.5526666666666666,0.244,-120.0,4.5,betonlineag,W,0.8333333333333334
formula,receptions,Jacob Harris,Receptions,2026-09-26,Wisconsin,Penn State,3,0.11657767607424357,9.5,1,,2.53,5.0,1.5,0.694,0.5203045685279188,0.24920000000000003,0.694,-125.0,1.5,hardrockbet,W,0.8,-0.4025714285714285,0.306,-105.0,1.5,hardrockbet,L,-1.0
formula,receptions,Carson Hansen,Receptions,2026-09-26,Penn State,Wisconsin,3,0.031746031746031744,-9.5,1,,0.9,0.0,1.5,0.206,0.381753477838887,-0.4953000000000001,0.206,145.0,1.5,hardrockbet,L,-1.0,0.20117948717948717,0.794,-195.0,1.5,hardrockbet,W,0.5128205128205128
formula,receptions,Benjamin Brahmer,Receptions,2026-09-26,Penn State,Wisconsin,3,0.11825396825396824,-9.5,1,,2.56,4.0,2.5,0.4455,0.5445920303605313,-0.23628571428571427,0.4455,-140.0,2.5,hardrockbet,W,0.7142857142857143,0.13672499999999999,0.5545,105.0,2.5,hardrockbet,L,-1.0
formula,receptions,Abu Sama III,Receptions,2026-09-26,Wisconsin,Penn State,2,0.041666666666666664,9.5,1,,0.58,1.0,1.5,0.1855,0.381753477838887,-0.545525,0.1855,145.0,1.5,hardrockbet,L,-1.0,0.23219230769230764,0.8145,-195.0,1.5,hardrockbet,W,0.5128205128205128
formula,receptions,Lotzeir Brooks,Receptions,2026-09-26,Alabama,South Carolina,3,0.2551964149504195,-12.5,1,,4.06,2.0,4.5,0.3875,0.5457986373959122,-0.33571428571428574,0.3875,-140.0,4.5,fanduel,L,-1.0,0.2617500000000001,0.6125,106.0,4.5,fanduel,W,1.06
formula,receptions,Kaleb Edwards,Receptions,2026-09-26,Alabama,South Carolina,2,0.09610983981693363,-12.5,1,,2.2,4.0,2.5,0.293,0.3993154592127781,-0.31437999999999994,0.293,134.0,2.5,fanduel,W,1.34,0.0997777777777778,0.707,-180.0,2.5,fanduel,L,-1.0
formula,receptions,Nyck Harbor,Receptions,2026-09-26,South Carolina,Alabama,3,0.13566778900112234,12.5,1,,3.52,3.0,2.5,0.623,0.5379072681704261,0.08108823529411768,0.623,-136.0,2.5,fanduel,W,0.7352941176470589,-0.23846,0.377,102.0,2.5,fanduel,L,-1.0
formula,receptions,Rico Scott,Receptions,2026-09-26,Alabama,South Carolina,3,0.15555873379099924,-12.5,1,,3.03,3.0,3.5,0.3285,0.46209273182957394,-0.33642999999999995,0.3285,102.0,3.5,fanduel,L,-1.0,0.16525,0.6715,-136.0,3.5,fanduel,W,0.7352941176470589
formula,receptions,Isaiah Johnson,Receptions,2026-09-26,Cincinnati,Kansas State,3,0.1758483452031839,6.0,1,,3.7,1.0,3.5,0.47,0.4693877551020408,-0.06000000000000005,0.47,100.0,3.5,betonlineag,L,-1.0,-0.06230769230769223,0.53,-130.0,3.5,betonlineag,W,0.7692307692307693
formula,receptions,Cole Tabb,Receptions,2026-09-26,Cincinnati,Kansas State,3,0.04301075268817204,6.0,1,,1.09,0.0,1.5,0.238,0.4693877551020408,-0.524,0.238,100.0,1.5,hardrockbet,L,-1.0,0.34815384615384626,0.762,-130.0,1.5,hardrockbet,W,0.7692307692307693
formula,receptions,Jamari Johnson,Receptions,2026-09-26,Oregon,USC,1,0.14285714285714285,-3.5,1,,3.39,7.0,3.5,0.436,0.5,-0.18154385964912279,0.436,-114.0,3.5,fanduel,W,0.8771929824561403,0.05873684210526309,0.564,-114.0,3.5,fanduel,L,-1.0
formula,receptions,Tanook Hines,Receptions,2026-09-26,USC,Oregon,2,0.10948275862068965,3.5,1,,2.33,1.0,3.5,0.176,0.4718423169750603,-0.6514509803921569,0.176,-102.0,3.5,fanduel,L,-1.0,0.45784615384615385,0.824,-130.0,3.5,fanduel,W,0.7692307692307693
formula,receptions,Dierre Hill Jr.,Receptions,2026-09-26,Oregon,USC,3,0.11190476190476191,-3.5,1,,1.89,4.0,2.5,0.293,0.45420136260408783,-0.39641999999999994,0.293,106.0,2.5,fanduel,W,1.06,0.21200000000000002,0.707,-140.0,2.5,fanduel,L,-1.0
formula,receptions,Messiah Hampton,Receptions,2026-09-26,Oregon,USC,2,0.19285714285714284,-3.5,1,,3.24,5.0,2.5,0.5815,0.578534199858439,-0.05954938271604937,0.5815,-162.0,2.5,fanduel,W,0.6172839506172839,-0.07093000000000005,0.4185,122.0,2.5,fanduel,L,-1.0
formula,receptions,Jordon Davison,Receptions,2026-09-26,Oregon,USC,3,0.021428571428571425,-3.5,1,,0.99,1.0,1.5,0.215,0.3927881519639408,-0.5055000000000001,0.215,130.0,1.5,fliff,L,-1.0,0.1679268292682927,0.785,-205.0,1.5,fliff,W,0.4878048780487805
formula,receptions,Waymond Jordan,Receptions,2026-09-26,USC,Oregon,4,0.04224137931034483,3.5,1,,1.04,0.0,1.5,0.2235,0.38402925937214266,-0.47477499999999995,0.2235,135.0,1.5,fliff,L,-1.0,0.13766279069767437,0.7765,-215.0,1.5,fliff,W,0.46511627906976744
formula,receptions,King Miller,Receptions,2026-09-26,USC,Oregon,4,0.017241379310344827,3.5,1,,0.85,1.0,1.5,0.205,0.3617021276595745,-0.48750000000000004,0.205,150.0,1.5,fliff,L,-1.0,0.12625000000000006,0.795,-240.0,1.5,fliff,W,0.4166666666666667
formula,receptions,Cayden Lee,Receptions,2026-09-26,Missouri,Mississippi State,3,0.28987854251012146,3.5,1,,4.57,11.0,4.5,0.46,0.5,-0.1364912280701755,0.46,-114.0,4.5,fanduel,W,0.8771929824561403,0.013684210526315799,0.54,-114.0,4.5,fanduel,L,-1.0
formula,receptions,Donovan Olugbode,Receptions,2026-09-26,Missouri,Mississippi State,3,0.3078272604588394,3.5,1,,4.73,4.0,4.5,0.477,0.532258064516129,-0.1616363636363637,0.477,-132.0,4.5,fanduel,L,-1.0,0.04600000000000004,0.523,100.0,4.5,fanduel,W,1.0
formula,receptions,Marquis Johnson,Receptions,2026-09-26,Mississippi State,Missouri,3,0.11050194931773878,-3.5,1,,2.44,4.0,2.5,0.424,0.46209273182957394,-0.14351999999999998,0.424,102.0,2.5,fanduel,W,1.02,-0.00047058823529411153,0.576,-136.0,2.5,fanduel,L,-1.0
formula,receptions,Anthony Evans III,Receptions,2026-09-26,Mississippi State,Missouri,3,0.3375162443144899,-3.5,1,,5.59,8.0,6.5,0.3105,0.38961038961038963,-0.2548,0.3105,140.0,6.5,fanduel,W,1.4,0.05625531914893617,0.6895,-188.0,6.5,fanduel,L,-1.0
formula,receptions,Sanfrisco Magee,Receptions,2026-09-26,Mississippi State,Missouri,3,0.16780376868096167,-3.5,1,,2.82,3.0,2.5,0.4725,0.578534199858439,-0.23583333333333334,0.4725,-162.0,2.5,fanduel,W,0.6172839506172839,0.17104999999999998,0.5275,122.0,2.5,fanduel,L,-1.0
formula,receptions,Zion Ragins,Receptions,2026-09-26,Mississippi State,Missouri,3,0.13462475633528265,-3.5,1,,3.03,2.0,2.5,0.544,0.4718423169750603,0.07733333333333331,0.544,-102.0,2.5,fanduel,L,-1.0,-0.19323076923076926,0.456,-130.0,2.5,fanduel,W,0.7692307692307693
formula,receptions,Carlos Hernandez,Receptions,2026-09-26,Wake Forest,Louisville,3,0.31570010449320796,11.5,1,,5.84,9.0,6.5,0.349,0.5,-0.3448596491228071,0.349,-114.0,6.5,betonlineag,W,0.8771929824561403,0.2220526315789474,0.651,-114.0,6.5,betonlineag,L,-1.0
formula,receptions,TyLyric Coleman,Receptions,2026-09-26,Virginia,Delaware,3,0.1455026455026455,-19.5,1,,2.25,1.0,2.5,0.296,0.5281576830249397,-0.47630769230769227,0.296,-130.0,2.5,fanduel,L,-1.0,0.39419607843137244,0.704,-102.0,2.5,fanduel,W,0.9803921568627451
formula,receptions,Kameron Courtney,Receptions,2026-09-26,Virginia,Delaware,3,0.24603174603174602,-19.5,1,,3.47,4.0,4.5,0.2975,0.4414696667616063,-0.3693,0.2975,112.0,4.5,fanduel,L,-1.0,0.17716216216216218,0.7025,-148.0,4.5,fanduel,W,0.6756756756756757
formula,receptions,Dakota Twitty,Receptions,2026-09-26,Virginia,Delaware,2,0.12301587301587301,-19.5,1,,2.47,2.0,3.5,0.247,0.40640759418570166,-0.4319,0.247,130.0,3.5,fanduel,L,-1.0,0.18575862068965515,0.753,-174.0,3.5,fanduel,W,0.5747126436781609
formula,receptions,Gi'Bran Payne,Receptions,2026-09-26,Cincinnati,Kansas State,3,0.04531490015360983,6.0,1,,1.59,1.0,1.5,0.3925,0.4796954314720812,-0.23369047619047623,0.3925,-105.0,1.5,hardrockbet,L,-1.0,0.09350000000000003,0.6075,-125.0,1.5,hardrockbet,W,0.8
formula,receptions,Joshisa Trader,Receptions,2026-09-26,NC State,App State,3,0.12564102564102564,-12.5,1,,2.45,4.0,3.5,0.2445,0.4307128806891406,-0.46698999999999996,0.2445,118.0,3.5,betonlineag,W,1.18,0.24608441558441557,0.7555,-154.0,3.5,betonlineag,L,-1.0
formula,receptions,Preston Douglas,Receptions,2026-09-26,NC State,App State,3,0.15498575498575498,-12.5,1,,2.36,5.0,2.5,0.4045,0.5626591727408448,-0.32402348993288593,0.4045,-149.0,2.5,betonlineag,W,0.6711409395973155,0.280325,0.5955,115.0,2.5,betonlineag,L,-1.0
formula,receptions,Victor Snow,Receptions,2026-09-26,NC State,App State,3,0.053561253561253554,-12.5,1,,2.12,2.0,2.5,0.293,0.43734082725915513,-0.37005,0.293,115.0,2.5,betonlineag,L,-1.0,0.18149664429530205,0.707,-149.0,2.5,betonlineag,W,0.6711409395973155
formula,receptions,Dekalon Taylor,Receptions,2026-09-26,Colorado,Baylor,2,0.12406015037593984,8.5,1,,1.56,2.0,1.5,0.3925,0.4695121951219513,-0.25068181818181823,0.3925,-110.0,1.5,fliff,W,0.9090909090909091,0.026465517241379355,0.6075,-145.0,1.5,fliff,L,-1.0
formula,receptions,Jaden Greathouse,Receptions,2026-09-26,Notre Dame,Purdue,2,0.0863157894736842,-27.5,1,,2.13,2.0,2.5,0.293,0.42723631508678234,-0.3554,0.293,120.0,2.5,betonlineag,L,-1.0,0.16020512820512822,0.707,-156.0,2.5,betonlineag,W,0.6410256410256411
formula,receptions,Savion Hiter,Receptions,2026-09-26,Michigan,Iowa,3,0.13888888888888887,-4.5,1,,0.98,1.0,0.5,0.57,0.6159707406278574,-0.16488372093023257,0.57,-215.0,0.5,fliff,W,0.46511627906976744,0.010500000000000065,0.43,135.0,0.5,fliff,L,-1.0
formula,receptions,Jacory Barney Jr.,Receptions,2026-09-26,Nebraska,Michigan State,3,0.23219373219373218,-6.0,1,,4.12,1.0,4.5,0.3955,0.4693877551020408,-0.20900000000000002,0.3955,100.0,4.5,betonlineag,L,-1.0,0.06950000000000006,0.6045,-130.0,4.5,betonlineag,W,0.7692307692307693
formula,receptions,Jayden Savoury,Receptions,2026-09-26,Michigan State,Nebraska,3,0.23646723646723644,6.0,1,,2.96,2.0,2.5,0.5175,0.5102580936358786,-0.0476260504201681,0.5175,-119.0,2.5,betonlineag,L,-1.0,-0.07483944954128435,0.4825,-109.0,2.5,betonlineag,W,0.9174311926605505
formula,receptions,Chrishon McCray,Receptions,2026-09-26,Michigan State,Nebraska,3,0.17663817663817663,6.0,1,,3.21,4.0,2.5,0.5785,0.5102580936358786,0.06463445378151261,0.5785,-119.0,2.5,betonlineag,W,0.8403361344537815,-0.19180275229357796,0.4215,-109.0,2.5,betonlineag,L,-1.0
formula,receptions,Luke Lindenmeyer,Receptions,2026-09-26,Nebraska,Michigan State,3,0.0811965811965812,-6.0,1,,1.99,4.0,2.5,0.293,0.46322988528598974,-0.40520999999999996,0.293,103.0,2.5,betonlineag,W,1.03,0.23857894736842106,0.707,-133.0,2.5,betonlineag,L,-1.0
formula,receptions,Rodney Bullard Jr.,Receptions,2026-09-26,Michigan State,Nebraska,3,0.21937321937321938,6.0,1,,3.86,2.0,3.5,0.5155,0.4564539116366858,0.061929999999999985,0.5155,106.0,3.5,betonlineag,L,-1.0,-0.16185036496350363,0.4845,-137.0,3.5,betonlineag,W,0.7299270072992701
formula,receptions,Kwazi Gilmer,Receptions,2026-09-26,Nebraska,Michigan State,3,0.2250712250712251,-6.0,1,,3.97,4.0,4.5,0.373,0.48974190636412124,-0.2847981651376147,0.373,-109.0,4.5,betonlineag,L,-1.0,0.15389075630252103,0.627,-119.0,4.5,betonlineag,W,0.8403361344537815
formula,receptions,Nyziah Hunter,Receptions,2026-09-26,Nebraska,Michigan State,3,0.08689458689458689,-6.0,1,,2.35,1.0,2.5,0.4015,0.5767835550181378,-0.3459842767295598,0.4015,-159.0,2.5,betonlineag,L,-1.0,0.32866999999999996,0.5985,122.0,2.5,betonlineag,W,1.22
formula,receptions,Fredrick Moore,Receptions,2026-09-26,Michigan State,Nebraska,3,0.13105413105413105,6.0,1,,2.54,4.0,1.5,0.6945,0.611260053619303,0.06002631578947365,0.6945,-190.0,1.5,hardrockbet,W,0.5263157894736842,-0.26680000000000004,0.3055,140.0,1.5,hardrockbet,L,-1.0
formula,receptions,Mekhi Nelson,Receptions,2026-09-26,Nebraska,Michigan State,3,0.0811965811965812,-6.0,1,,1.46,0.0,0.5,0.8585,0.5834970530451867,0.3788030303030304,0.8585,-165.0,0.5,hardrockbet,L,-1.0,-0.681625,0.1415,125.0,0.5,hardrockbet,W,1.25
formula,receptions,Jamal Rule,Receptions,2026-09-26,Nebraska,Michigan State,3,0.07407407407407407,-6.0,1,,1.34,0.0,1.5,0.3925,0.43348916277093075,-0.15612500000000007,0.3925,115.0,1.5,hardrockbet,L,-1.0,-0.0005645161290322442,0.6075,-155.0,1.5,hardrockbet,W,0.6451612903225806
formula,receptions,Sean Wilson,Receptions,2026-09-26,Delaware,Virginia,3,0.27499999999999997,19.5,1,,4.67,2.0,4.5,0.4675,0.5030953363598846,-0.1259782608695652,0.4675,-115.0,4.5,betonlineag,L,-1.0,0.007946428571428521,0.5325,-112.0,4.5,betonlineag,W,0.8928571428571429
formula,receptions,Da'Shawn Martin,Receptions,2026-09-26,Virginia,Delaware,3,0.07142857142857142,-19.5,1,,2.08,4.0,1.5,0.5735,0.4498870615467902,0.1986150000000001,0.5735,109.0,1.5,betonlineag,W,1.09,-0.2710177304964539,0.4265,-141.0,1.5,betonlineag,L,-1.0
formula,receptions,Bryson Graves,Receptions,2026-09-26,Delaware,Virginia,3,0.1361111111111111,19.5,1,,2.71,1.0,2.5,0.4725,0.539576802507837,-0.1775,0.4725,-135.0,2.5,betonlineag,L,-1.0,0.0761,0.5275,104.0,2.5,betonlineag,W,1.04
formula,receptions,Jaron Tibbs,Receptions,2026-09-26,Kansas State,Cincinnati,3,0.23982683982683983,-6.0,1,,4.49,1.0,3.5,0.6195,0.5141838223374939,0.12728688524590165,0.6195,-122.0,3.5,fanduel,L,-1.0,-0.26718518518518525,0.3805,-108.0,3.5,fanduel,W,0.9259259259259259
formula,receptions,Dalen Penson,Receptions,2026-09-26,Georgia Tech,Stanford,3,0.20241327300150833,-3.0,1,,3.28,4.0,3.5,0.4235,0.46209273182957394,-0.14453,0.4235,102.0,3.5,fanduel,W,1.02,0.0003970588235294725,0.5765,-136.0,3.5,fanduel,L,-1.0
formula,receptions,Justice Haynes,Receptions,2026-09-26,Georgia Tech,Stanford,3,0.1409753645047763,-3.0,1,,2.62,2.0,2.5,0.4545,0.46209273182957394,-0.08190999999999998,0.4545,102.0,2.5,fanduel,L,-1.0,-0.05339705882352941,0.5455,-136.0,2.5,fanduel,W,0.7352941176470589
formula,receptions,Jordan Allen,Receptions,2026-09-26,Georgia Tech,Stanford,3,0.25258924082453493,-3.0,1,,4.3,4.0,4.5,0.4235,0.5347344777795604,-0.2556666666666667,0.4235,-132.0,4.5,betonlineag,L,-1.0,0.16453000000000007,0.5765,102.0,4.5,betonlineag,W,1.02
formula,receptions,Dezmen Roebuck,Receptions,2026-09-26,Washington,Minnesota,3,0.2904140878278809,-12.5,1,,5.51,7.0,5.5,0.4525,0.552733296521259,-0.23106643356643358,0.4525,-143.0,5.5,betonlineag,W,0.6993006993006993,0.14975000000000005,0.5475,110.0,5.5,betonlineag,L,-1.0
formula,receptions,Decker DeGraaf,Receptions,2026-09-26,Washington,Minnesota,3,0.10551134689065723,-12.5,1,,2.28,1.0,2.5,0.3105,0.5767835550181378,-0.49421698113207546,0.3105,-159.0,2.5,betonlineag,L,-1.0,0.53069,0.6895,122.0,2.5,betonlineag,W,1.22
formula,receptions,Jalen Smith,Receptions,2026-09-26,Minnesota,Washington,3,0.13144066559626333,12.5,1,,3.22,2.0,3.5,0.41,0.43310875842155927,-0.11030000000000001,0.41,117.0,3.5,betonlineag,L,-1.0,-0.021842105263157885,0.59,-152.0,3.5,betonlineag,W,0.6578947368421053
formula,receptions,Chris Lawson,Receptions,2026-09-26,Washington,Minnesota,3,0.11700559976422047,-12.5,1,,2.96,4.0,3.5,0.311,0.5,-0.41619298245614034,0.311,-114.0,3.5,betonlineag,W,0.8771929824561403,0.2933859649122806,0.689,-114.0,3.5,betonlineag,L,-1.0
formula,receptions,Noah Jennings,Receptions,2026-09-26,Minnesota,Washington,3,0.21176957135211405,12.5,1,,4.21,4.0,3.5,0.577,0.5727636849132176,-0.0531282051282051,0.577,-156.0,3.5,betonlineag,W,0.6410256410256411,-0.06940000000000002,0.423,120.0,3.5,betonlineag,L,-1.0
formula,receptions,Rashid Williams,Receptions,2026-09-26,Washington,Minnesota,3,0.1234526967285588,-12.5,1,,2.74,1.0,2.5,0.4725,0.5727636849132176,-0.22461538461538455,0.4725,-156.0,2.5,betonlineag,L,-1.0,0.16049999999999992,0.5275,120.0,2.5,betonlineag,W,1.2
formula,receptions,Javon Tracy,Receptions,2026-09-26,Minnesota,Washington,3,0.2374105969931397,12.5,1,,4.37,7.0,4.5,0.432,0.4121896998888477,-0.015039999999999942,0.432,128.0,4.5,betonlineag,W,1.28,-0.09188023952095814,0.568,-167.0,4.5,betonlineag,L,-1.0
formula,receptions,Brian Bonner Jr.,Receptions,2026-09-26,Washington,Minnesota,2,0.0,-12.5,1,,0.62,0.0,0.5,0.4735,0.6226415094339622,-0.31127272727272726,0.4735,-220.0,0.5,fliff,L,-1.0,0.2635999999999999,0.5265,140.0,0.5,fliff,W,1.4
formula,receptions,Junior Sherrill,Receptions,2026-09-26,Vanderbilt,Auburn,3,0.2721132897603486,10.0,1,,4.83,6.0,4.5,0.5045,0.5256105556466153,-0.09825590551181101,0.5045,-127.0,4.5,betonlineag,W,0.7874015748031497,-0.018715686274509757,0.4955,-102.0,4.5,betonlineag,L,-1.0
formula,receptions,Tristen Brown,Receptions,2026-09-26,Vanderbilt,Auburn,3,0.12331154684095862,10.0,1,,3.07,1.0,2.5,0.558,0.56575682382134,-0.07489473684210518,0.558,-152.0,2.5,betonlineag,L,-1.0,-0.0452800000000001,0.442,116.0,2.5,betonlineag,W,1.16
formula,receptions,Sedrick Alexander,Receptions,2026-09-26,Vanderbilt,Auburn,3,0.09106753812636166,10.0,1,,2.04,2.0,1.5,0.5735,0.6182465221611129,-0.1323974358974359,0.5735,-195.0,1.5,hardrockbet,W,0.5128205128205128,0.04492499999999999,0.4265,145.0,1.5,hardrockbet,L,-1.0
formula,receptions,Chris Marshall,Receptions,2026-09-26,Arkansas,Tulsa,3,0.2534395680947405,-7.0,1,,4.67,9.0,4.5,0.468,0.5306122448979592,-0.172,0.468,-130.0,4.5,hardrockbet,W,0.7692307692307693,0.064,0.532,100.0,4.5,hardrockbet,L,-1.0
formula,receptions,Darius Taylor,Receptions,2026-09-26,Minnesota,Washington,2,0.07382133995037221,12.5,1,,1.44,4.0,2.5,0.159,0.4020442930153322,-0.64225,0.159,125.0,2.5,fliff,W,1.25,0.2722820512820512,0.841,-195.0,2.5,fliff,L,-1.0
formula,receptions,Tyler Brown,Receptions,2026-09-26,Clemson,California,3,0.14761904761904762,-2.5,1,,3.07,3.0,2.5,0.556,0.5306122448979592,-0.016307692307692245,0.556,-130.0,2.5,espnbet,W,0.7692307692307693,-0.11200000000000004,0.444,100.0,2.5,espnbet,L,-1.0
formula,receptions,Olsen Patt-Henry,Receptions,2026-09-26,Clemson,California,3,0.09047619047619049,-2.5,1,,2.03,1.0,1.5,0.5735,0.6110277057458715,-0.11649999999999999,0.5735,-185.0,1.5,betonlineag,L,-1.0,0.03583720930232559,0.707,-215.0,2.5,fliff,W,0.46511627906976744
formula,receptions,Gideon Davidson,Receptions,2026-09-26,Clemson,California,3,0.04047619047619048,-2.5,1,,1.4,1.0,1.5,0.3925,0.5,-0.2935,0.3925,-125.0,1.5,fliff,L,-1.0,0.09350000000000003,0.6075,-125.0,1.5,fliff,W,0.8
formula,receptions,Gavin Freeman,Receptions,2026-09-26,Baylor,Colorado,3,0.3925925925925926,-8.5,1,,6.51,6.0,7.5,0.3,0.48149290561381863,-0.41428571428571426,0.3,-105.0,7.5,betonlineag,L,-1.0,0.26910569105691057,0.7,-123.0,7.5,betonlineag,W,0.8130081300813008
formula,receptions,Dawson Pendergrass,Receptions,2026-09-26,Baylor,Colorado,3,0.0672310405643739,-8.5,1,,1.41,0.0,1.5,0.3925,0.49110320284697506,-0.2804166666666667,0.3925,-120.0,1.5,fliff,L,-1.0,0.07480769230769235,0.6075,-130.0,1.5,fliff,W,0.7692307692307693
formula,receptions,Evan Dickens,Receptions,2026-09-26,Boston College,Virginia Tech,3,0.1349206349206349,14.5,1,,2.2,1.0,2.5,0.293,0.5102580936358786,-0.46078151260504197,0.293,-119.0,2.5,betonlineag,L,-1.0,0.35562385321100914,0.707,-109.0,2.5,betonlineag,W,0.9174311926605505
formula,receptions,Dawson Pough,Receptions,2026-09-26,Boston College,Virginia Tech,2,0.18253968253968253,14.5,1,,3.46,2.0,2.5,0.617,0.4232164449818621,0.36973999999999996,0.617,122.0,2.5,betonlineag,L,-1.0,-0.3761194968553459,0.383,-159.0,2.5,betonlineag,W,0.6289308176100629
formula,receptions,Luke Reynolds,Receptions,2026-09-26,Virginia Tech,Boston College,3,0.2740939864595779,-14.5,1,,5.76,5.0,4.5,0.662,0.552733296521259,0.12493706293706291,0.662,-143.0,4.5,betonlineag,W,0.6993006993006993,-0.29019999999999996,0.338,110.0,4.5,betonlineag,L,-1.0
formula,receptions,Jaleel Skinner,Receptions,2026-09-26,Louisville,Wake Forest,3,0.15873015873015872,-11.5,1,,2.81,4.0,3.5,0.2795,0.4498870615467902,-0.41584499999999996,0.2795,109.0,3.5,betonlineag,W,1.09,0.23149290780141846,0.7205,-141.0,3.5,betonlineag,L,-1.0
formula,receptions,Deuce Lawrence,Receptions,2026-09-26,Wake Forest,Louisville,3,0.06263061650992685,11.5,1,,1.2,0.0,1.5,0.376,0.4193548387096774,-0.15400000000000003,0.376,125.0,1.5,hardrockbet,L,-1.0,0.014000000000000012,0.624,-160.0,1.5,hardrockbet,W,0.625
formula,receptions,J'Koby Williams,Receptions,2026-09-26,Texas Tech,Sam Houston,3,0.19313366372189902,-34.5,1,,2.73,3.0,2.5,0.4725,0.40175310445580714,0.10565000000000002,0.4725,134.0,2.5,betonlineag,W,1.34,-0.1710714285714286,0.5275,-175.0,2.5,betonlineag,L,-1.0
formula,receptions,Jordan Faison,Receptions,2026-09-26,Notre Dame,Purdue,3,0.21610136452241716,-27.5,1,,3.62,4.0,5.5,0.184,0.41598386486827177,-0.58416,0.184,126.0,5.5,betonlineag,L,-1.0,0.31356097560975604,0.816,-164.0,5.5,betonlineag,W,0.6097560975609756
formula,receptions,Micah Gilbert,Receptions,2026-09-26,Notre Dame,Purdue,3,0.22744639376218323,-27.5,1,,3.47,2.0,3.5,0.448,0.43734082725915513,-0.036800000000000055,0.448,115.0,3.5,betonlineag,L,-1.0,-0.07753020134228183,0.552,-149.0,3.5,betonlineag,W,0.6711409395973155
formula,receptions,Luke Hasz,Receptions,2026-09-26,Ole Miss,Florida,3,0.07086740420073753,4.0,1,,2.1,1.0,1.5,0.5735,0.5,0.03230000000000005,0.5735,-125.0,1.5,fliff,L,-1.0,-0.2323,0.4265,-125.0,1.5,fliff,W,0.8
formula,receptions,Makhi Hughes,Receptions,2026-09-26,Houston,Georgia Southern,3,0.05802469135802469,-17.5,1,,1.13,1.0,1.5,0.252,0.40847201210287454,-0.4204,0.252,130.0,1.5,hardrockbet,L,-1.0,0.188,0.748,-170.0,1.5,hardrockbet,W,0.5882352941176471
formula,receptions,David Mbadinga,Receptions,2026-09-26,Georgia Southern,Houston,3,0.09715512614063337,17.5,1,,1.72,0.0,2.5,0.1735,0.3982930298719773,-0.592275,0.1735,135.0,2.5,hardrockbet,L,-1.0,0.2856666666666667,0.8265,-180.0,2.5,hardrockbet,W,0.5555555555555556
formula,receptions,Ryan Williams,Receptions,2026-09-26,Alabama,South Carolina,3,0.21453089244851256,-12.5,0,,3.47,5.0,4.5,0.298,0.5185070943861814,-0.45972357723577234,0.298,-123.0,4.5,betonlineag,W,0.8130081300813008,0.3705714285714285,0.702,-105.0,4.5,betonlineag,L,-1.0
formula,receptions,Garrett Oakley,Receptions,2026-09-26,Kansas State,Cincinnati,2,0.14523809523809522,-6.0,1,,2.42,7.0,2.5,0.418,0.37753175858374566,0.04081999999999997,0.418,149.0,2.5,betonlineag,W,1.49,-0.1210612244897959,0.582,-196.0,2.5,betonlineag,L,-1.0
formula,receptions,DJ Epps,Receptions,2026-09-26,West Virginia,Oklahoma State,3,0.27424242424242423,-1.5,1,,3.05,2.0,3.5,0.336,0.4409848065558551,-0.2843200000000001,0.336,113.0,3.5,betonlineag,L,-1.0,0.11570068027210884,0.664,-147.0,3.5,betonlineag,W,0.6802721088435374
formula,receptions,John Neider,Receptions,2026-09-26,West Virginia,Oklahoma State,3,0.13863636363636364,-1.5,1,,2.09,2.0,2.5,0.293,0.5123152709359606,-0.4628333333333333,0.293,-120.0,2.5,betonlineag,L,-1.0,0.3616296296296296,0.707,-108.0,2.5,betonlineag,W,0.9259259259259259
formula,receptions,Cam Cook,Receptions,2026-09-26,West Virginia,Oklahoma State,3,0.1272727272727273,-1.5,1,,1.1,1.0,2.5,0.1,0.38581207218419417,-0.765,0.1,135.0,2.5,fliff,L,-1.0,0.3285714285714285,0.9,-210.0,2.5,fliff,W,0.47619047619047616
formula,receptions,Ryan Ward,Receptions,2026-09-26,West Virginia,Oklahoma State,1,0.125,-1.5,1,,1.41,1.0,1.5,0.3925,0.4306220095693781,-0.17574999999999996,0.3925,110.0,1.5,fliff,L,-1.0,-0.035147058823529365,0.6075,-170.0,1.5,fliff,W,0.5882352941176471
formula,receptions,Sam Pickett III,Receptions,2026-09-26,App State,NC State,3,0.1931034482758621,12.5,1,,3.78,5.0,4.5,0.3385,0.40900106431503724,-0.20700000000000002,0.488,-160.0,3.5,hardrockbet,W,0.625,0.12639999999999996,0.512,120.0,3.5,hardrockbet,L,-1.0
formula,receptions,Chris Lofton,Receptions,2026-09-26,App State,NC State,2,0.17844827586206896,12.5,1,,3.58,3.0,3.5,0.461,0.4564539116366858,-0.050339999999999996,0.461,106.0,3.5,betonlineag,L,-1.0,-0.06756934306569345,0.539,-137.0,3.5,betonlineag,W,0.7299270072992701
formula,receptions,Nate Branch,Receptions,2026-09-26,App State,NC State,3,0.1367816091954023,12.5,1,,2.92,9.0,3.5,0.301,0.3852511464220966,-0.18412121212121207,0.508,-165.0,2.5,hardrockbet,W,0.6060606060606061,0.10699999999999998,0.492,125.0,2.5,hardrockbet,L,-1.0
formula,receptions,Jamal Roberts,Receptions,2026-09-26,Missouri,Mississippi State,3,0.08421052631578947,3.5,1,,1.53,2.0,1.5,0.3925,0.48215878679750224,-0.26619565217391306,0.3925,-115.0,1.5,fliff,W,0.8695652173913043,0.057499999999999996,0.6075,-135.0,1.5,fliff,L,-1.0
formula,receptions,Kevin Roche Jr.,Receptions,2026-09-26,Georgia Tech,Stanford,3,0.19979889391654096,-3.0,1,,3.24,6.0,2.5,0.5815,0.5767835550181378,-0.052776729559748436,0.5815,-159.0,2.5,betonlineag,W,0.6289308176100629,-0.07093000000000005,0.4185,122.0,2.5,betonlineag,L,-1.0
formula,receptions,Colin Chase,Receptions,2026-09-26,Temple,Army,2,0.29166666666666663,4.0,1,,3.27,2.0,3.5,0.4195,0.3675598766895897,0.06552999999999998,0.4195,154.0,3.5,fanduel,L,-1.0,-0.14307142857142857,0.5805,-210.0,3.5,fanduel,W,0.47619047619047616
formula,receptions,Collin Dixon,Receptions,2026-09-26,Illinois,Ohio State,3,0.4225659606094389,25.5,1,,5.82,5.0,5.5,0.5035,0.46209273182957394,0.017069999999999974,0.5035,102.0,5.5,fanduel,L,-1.0,-0.1384264705882352,0.4965,-136.0,5.5,fanduel,W,0.7352941176470589
formula,receptions,Larenzo Fenner,Receptions,2026-09-26,Cincinnati,Kansas State,3,0.11667364893171345,6.0,1,,1.79,1.0,2.5,0.2815,0.3977531934306569,-0.33566,0.2815,136.0,2.5,betonlineag,L,-1.0,0.11989664804469274,0.7185,-179.0,2.5,betonlineag,W,0.5586592178770949
formula,receptions,Davion Brown,Receptions,2026-09-26,Virginia Tech,Boston College,3,0.06862305854241338,-14.5,1,,2.0,2.0,1.5,0.5735,0.48149290561381863,0.11969047619047612,0.5735,-105.0,1.5,betonlineag,W,0.9523809523809523,-0.22675203252032522,0.4265,-123.0,1.5,betonlineag,L,-1.0
formula,receptions,Aidan Laughery,Receptions,2026-09-26,Illinois,Ohio State,3,0.03952991452991453,25.5,1,,0.99,1.0,0.5,0.581,0.6226415094339622,-0.15490909090909094,0.581,-220.0,0.5,fliff,W,0.45454545454545453,0.005599999999999938,0.419,140.0,0.5,fliff,L,-1.0
formula,receptions,Christian Abney,Receptions,2026-09-26,Illinois,Ohio State,2,0.04257246376811594,25.5,1,,1.54,1.0,0.5,0.8585,0.5693779904306221,0.36350000000000005,0.8585,-170.0,0.5,fliff,W,0.5882352941176471,-0.70285,0.1415,110.0,0.5,fliff,L,-1.0
formula,receptions,Cam Coleman,Receptions,2026-09-26,Texas,Tennessee,3,0.15601387340517775,-5.5,1,,3.71,1.0,4.5,0.3245,0.4548257786000617,-0.22430645161290325,0.4715,-155.0,3.5,fliff,L,-1.0,0.17219117647058824,0.6755,-136.0,4.5,fanduel,W,0.7352941176470589
formula,receptions,Ryan Wingo,Receptions,2026-09-26,Texas,Tennessee,3,0.1847516412733804,-5.5,1,,4.09,6.0,4.5,0.391,0.4368658399098083,-0.12078571428571433,0.5595,-175.0,3.5,fliff,W,0.5714285714285714,0.020486486486486433,0.609,-148.0,4.5,fanduel,L,-1.0
formula,receptions,Emmett Mosley V,Receptions,2026-09-26,Texas,Tennessee,3,0.16648086213303603,-5.5,1,,3.71,1.0,3.5,0.472,0.4368658399098083,0.01951999999999987,0.472,116.0,3.5,fanduel,L,-1.0,-0.1152432432432432,0.528,-148.0,3.5,fanduel,W,0.6756756756756757
formula,receptions,Raleek Brown,Receptions,2026-09-26,Texas,Tennessee,3,0.10782856435030348,-5.5,1,,1.86,2.0,1.5,0.5735,0.5,0.03230000000000005,0.5735,-125.0,1.5,fliff,W,0.8,-0.2323,0.4265,-125.0,1.5,fliff,L,-1.0
formula,receptions,DeSean Bishop,Receptions,2026-09-26,Tennessee,Texas,3,0.05185185185185185,5.5,1,,1.0,3.0,1.5,0.216,0.45132743362831856,-0.5680000000000001,0.216,100.0,1.5,fliff,W,1.0,0.2898064516129033,0.784,-155.0,1.5,fliff,L,-1.0
formula,receptions,Willie Rodriguez,Receptions,2026-09-26,Kentucky,South Alabama,3,0.29365079365079366,-20.5,1,,4.26,2.0,4.5,0.419,0.44943820224719105,-0.0367792207792208,0.584,-154.0,3.5,betonlineag,L,-1.0,-0.0040000000000000036,0.581,-140.0,4.5,espnbet,W,0.7142857142857143
formula,receptions,Kenny Darby,Receptions,2026-09-26,Kentucky,South Alabama,3,0.19576719576719573,-20.5,1,,3.25,3.0,4.5,0.2635,0.43310875842155927,-0.42820500000000006,0.2635,117.0,4.5,betonlineag,L,-1.0,0.22103947368421056,0.7365,-152.0,4.5,betonlineag,W,0.6578947368421053
formula,receptions,Amir Jackson,Receptions,2026-09-26,Florida,Ole Miss,2,0.05625,-4.0,1,,1.68,2.0,1.5,0.405,0.4605263157894737,-0.20928571428571424,0.405,-105.0,1.5,fliff,W,0.9523809523809523,-0.008333333333333415,0.595,-150.0,1.5,fliff,L,-1.0
formula,receptions,Jadan Baugh,Receptions,2026-09-26,Florida,Ole Miss,3,0.020833333333333332,-4.0,1,,0.72,1.0,1.5,0.2015,0.46393146979260597,-0.6065952380952381,0.2015,-105.0,1.5,fliff,L,-1.0,0.34918965517241385,0.7985,-145.0,1.5,fliff,W,0.6896551724137931
formula,receptions,Johntay Cook II,Receptions,2026-09-26,Ole Miss,Florida,2,0.05218855218855219,4.0,1,,1.88,4.0,1.5,0.5735,0.4280155642023346,0.20435000000000003,0.5735,110.0,1.5,fliff,W,1.1,-0.32978571428571435,0.4265,-175.0,1.5,fliff,L,-1.0
formula,receptions,Rocky Beers,Receptions,2026-09-26,Oklahoma,Georgia,3,0.2082903336773306,11.5,1,,3.36,8.0,2.5,0.6035,0.5101214574898786,0.10641666666666666,0.6035,-120.0,2.5,fanduel,W,0.8333333333333334,-0.24304545454545456,0.3965,-110.0,2.5,fanduel,L,-1.0
formula,receptions,Lawson Luckie,Receptions,2026-09-26,Georgia,Oklahoma,2,0.11948529411764706,-11.5,1,,1.99,1.0,1.5,0.5735,0.5806451612903226,-0.06806249999999997,0.5735,-160.0,1.5,espnbet,L,-1.0,-0.04037500000000005,0.4265,125.0,1.5,espnbet,W,1.25
formula,receptions,Lloyd Avant,Receptions,2026-09-26,Oklahoma,Georgia,3,0.08660130718954247,11.5,1,,1.07,2.0,1.5,0.2305,0.4605263157894737,-0.5499761904761904,0.2305,-105.0,1.5,fliff,W,0.9523809523809523,0.28249999999999986,0.7695,-150.0,1.5,fliff,L,-1.0
formula,receptions,Kamari Moulton,Receptions,2026-09-26,Iowa,Michigan,2,0.14285714285714285,4.5,1,,1.83,2.0,1.5,0.5655,0.588150289017341,-0.12882432432432428,0.5655,-185.0,1.5,fliff,W,0.5405405405405406,-0.04410000000000003,0.4345,120.0,1.5,fliff,L,-1.0
formula,receptions,Jeremy Scott,Receptions,2026-09-26,TCU,UCF,3,0.11785714285714284,-3.5,1,,3.07,5.0,2.5,0.5565,0.5407914020517831,-0.03127777777777779,0.5565,-135.0,2.5,espnbet,W,0.7407407407407407,-0.09082499999999999,0.4435,105.0,2.5,espnbet,L,-1.0
formula,receptions,Ed Small,Receptions,2026-09-26,TCU,UCF,3,0.33055555555555555,-3.5,1,,5.71,3.0,5.5,0.472,0.4693877551020408,-0.05600000000000005,0.472,100.0,5.5,espnbet,L,-1.0,-0.06584615384615378,0.528,-130.0,5.5,espnbet,W,0.7692307692307693
formula,receptions,Waden Charles,Receptions,2026-09-26,UCF,TCU,2,0.3142857142857143,3.5,1,,3.53,3.0,3.5,0.455,0.40847201210287454,0.046499999999999986,0.455,130.0,3.5,espnbet,L,-1.0,-0.13441176470588234,0.545,-170.0,3.5,espnbet,W,0.5882352941176471
formula,receptions,Dylan Wade,Receptions,2026-09-26,UCF,TCU,2,0.08333333333333334,3.5,1,,2.28,5.0,2.5,0.3075,0.375,-0.06258108108108107,0.6085,-185.0,1.5,betonlineag,W,0.5405405405405406,0.03875000000000001,0.6925,-200.0,2.5,espnbet,L,-1.0
formula,receptions,Kari Ashley,Receptions,2026-09-26,TCU,UCF,3,0.2265873015873016,-3.5,1,,3.82,4.0,3.5,0.4995,0.3852511464220966,0.21877999999999997,0.4995,144.0,3.5,betonlineag,W,1.44,-0.23468518518518522,0.5005,-189.0,3.5,betonlineag,L,-1.0
formula,receptions,Keshaun Singleton,Receptions,2026-09-26,Auburn,Vanderbilt,3,0.2564102564102564,-10.0,1,,4.56,5.0,5.5,0.307,0.4693877551020408,-0.38599999999999995,0.307,100.0,5.5,espnbet,L,-1.0,0.22607692307692312,0.693,-130.0,5.5,espnbet,W,0.7692307692307693
formula,receptions,Jeremiah Koger,Receptions,2026-09-26,Auburn,Vanderbilt,3,0.1141025641025641,-10.0,1,,2.53,2.0,3.5,0.254,0.4193548387096774,-0.228296992481203,0.4405,-133.0,2.5,betonlineag,L,-1.0,0.21225,0.746,-160.0,3.5,espnbet,W,0.625
formula,receptions,Chas Nimrod,Receptions,2026-09-26,Auburn,Vanderbilt,3,0.26794871794871794,-10.0,1,,4.82,5.0,4.5,0.5015,0.45920859794821695,0.028075000000000017,0.5015,105.0,4.5,espnbet,W,1.05,-0.13224074074074071,0.4985,-135.0,4.5,espnbet,L,-1.0
formula,receptions,Jeremiah Cobb,Receptions,2026-09-26,Auburn,Vanderbilt,3,0.05897435897435898,-10.0,1,,1.49,2.0,1.5,0.3925,0.5,-0.2935,0.3925,-125.0,1.5,fliff,W,0.8,0.09350000000000003,0.6075,-125.0,1.5,fliff,L,-1.0
formula,receptions,Jake Johnson,Receptions,2026-09-26,Auburn,Vanderbilt,2,0.1076923076923077,-10.0,1,,2.0,2.0,1.5,0.5735,0.44217687074829937,0.17567500000000003,0.5735,105.0,1.5,fliff,W,1.05,-0.30693750000000003,0.4265,-160.0,1.5,fliff,L,-1.0
formula,receptions,Brady Hunt,Receptions,2026-09-26,South Carolina,Alabama,3,0.14325476992143657,12.5,1,,2.14,2.0,2.5,0.293,0.5203045685279188,-0.47259999999999996,0.293,-125.0,2.5,espnbet,L,-1.0,0.38033333333333325,0.707,-105.0,2.5,espnbet,W,0.9523809523809523
formula,receptions,Daniel Hill,Receptions,2026-09-26,Alabama,South Carolina,3,0.09124713958810067,-12.5,1,,1.61,1.0,1.5,0.3925,0.4796954314720812,-0.23369047619047623,0.3925,-105.0,1.5,hardrockbet,L,-1.0,0.09350000000000003,0.6075,-125.0,1.5,hardrockbet,W,0.8
formula,receptions,Miles Coleman,Receptions,2026-09-26,Oklahoma State,West Virginia,3,0.1229000884173298,1.5,1,,3.27,2.0,3.5,0.422,0.4718423169750603,-0.16427450980392155,0.422,-102.0,3.5,fanduel,L,-1.0,0.02261538461538465,0.578,-130.0,3.5,fanduel,W,0.7692307692307693
formula,receptions,Wyatt Young,Receptions,2026-09-26,Oklahoma State,West Virginia,3,0.16887709991158265,1.5,1,,4.19,8.0,4.5,0.4045,0.4718423169750603,-0.1989313725490196,0.4045,-102.0,4.5,fanduel,W,0.9803921568627451,0.05357692307692308,0.5955,-130.0,4.5,fanduel,L,-1.0
formula,receptions,Justin Bowick,Receptions,2026-09-26,Oklahoma State,West Virginia,3,0.20247568523430592,1.5,1,,4.97,4.0,4.5,0.537,0.45420136260408783,0.10622000000000004,0.537,106.0,4.5,fanduel,L,-1.0,-0.2062857142857143,0.463,-140.0,4.5,fanduel,W,0.7142857142857143
formula,receptions,Chris Barnes,Receptions,2026-09-26,Oklahoma State,West Virginia,2,0.12466843501326261,1.5,1,,3.03,2.0,2.5,0.544,0.5347344777795604,-0.04387878787878785,0.544,-132.0,2.5,betonlineag,L,-1.0,-0.07888,0.456,102.0,2.5,betonlineag,W,1.02
formula,receptions,Branden Ganashamoorthy,Receptions,2026-09-26,Washington State,Arizona,3,0.11546840958605664,11.5,1,,2.77,4.0,3.5,0.2795,0.3675598766895897,-0.22068181818181815,0.4725,-154.0,2.5,williamhill_us,W,0.6493506493506493,0.14467499999999994,0.5275,117.0,2.5,williamhill_us,L,-1.0
formula,receptions,Darrius Clemons,Receptions,2026-09-26,Washington State,Arizona,3,0.2520424836601307,11.5,1,,3.63,4.0,3.5,0.4655,0.5670257738988136,-0.23222727272727267,0.4655,-154.0,3.5,fanduel,W,0.6493506493506493,0.15451999999999988,0.5345,116.0,3.5,fanduel,L,-1.0
formula,receptions,Tre Spivey,Receptions,2026-09-26,Arizona,Washington State,3,0.14086822329575951,-11.5,1,,3.54,7.0,4.5,0.304,0.48581617766250607,-0.41451851851851845,0.304,-108.0,4.5,fanduel,W,0.9259259259259259,0.26649180327868854,0.696,-122.0,4.5,fanduel,L,-1.0
formula,receptions,Jackson Harris,Receptions,2026-09-26,LSU,Texas A&M,3,0.07302188552188553,-8.5,1,,2.5,6.0,2.5,0.435,0.5915279878971256,-0.30911764705882344,0.435,-170.0,2.5,espnbet,W,0.5882352941176471,0.29949999999999993,0.565,130.0,2.5,espnbet,L,-1.0
formula,receptions,Brett Norfleet,Receptions,2026-09-26,Missouri,Mississippi State,2,0.11740890688259109,3.5,1,,2.22,2.0,2.5,0.293,0.3993154592127781,0.05951694915254235,0.5735,-118.0,1.5,betonlineag,W,0.847457627118644,0.0997777777777778,0.707,-180.0,2.5,fanduel,W,0.5555555555555556
formula,receptions,Fluff Bothwell,Receptions,2026-09-26,Mississippi State,Missouri,3,0.05072287199480182,-3.5,1,,1.59,6.0,1.5,0.3925,0.3953234081924468,-0.06977500000000003,0.3925,137.0,1.5,williamhill_us,W,1.37,-0.05870879120879119,0.6075,-182.0,1.5,williamhill_us,L,-1.0
formula,receptions,Sam West,Receptions,2026-09-26,Mississippi State,Missouri,2,0.09746588693957114,-3.5,1,,2.48,2.0,1.5,0.6855,0.5607128056361377,0.10095454545454546,0.6855,-165.0,1.5,fliff,W,0.6060606060606061,-0.355275,0.3145,105.0,1.5,fliff,L,-1.0
formula,receptions,Jimmy Calloway,Receptions,2026-09-26,Tulsa,Arkansas,3,0.25875350140056025,7.0,1,,3.73,0.0,3.5,0.478,0.48768472906403937,-0.07940740740740743,0.478,-108.0,3.5,betonlineag,L,-1.0,-0.04299999999999993,0.522,-120.0,3.5,betonlineag,W,0.8333333333333334
formula,receptions,Oran Singleton Jr.,Receptions,2026-09-26,Tulsa,Arkansas,3,0.18855042016806722,7.0,1,,3.63,6.0,2.5,0.6385,0.5626591727408448,0.06702348993288593,0.6385,-149.0,2.5,betonlineag,W,0.6711409395973155,-0.222775,0.3615,115.0,2.5,betonlineag,L,-1.0
formula,receptions,Andrew Marsh,Receptions,2026-10-03,Michigan,Minnesota,4,0.34698879551820727,-6.5,1,,4.57,3.0,5.5,0.308,0.483560743054414,-0.4014339622641509,0.308,-106.0,5.5,betonlineag,L,-1.0,0.2592131147540983,0.692,-122.0,5.5,betonlineag,W,0.819672131147541
formula,receptions,Dallas Wilson,Receptions,2026-10-03,Florida,Missouri,4,0.18333333333333335,-5.5,1,,3.49,4.0,3.5,0.4495,0.43310875842155927,-0.024584999999999968,0.4495,117.0,3.5,betonlineag,W,1.17,-0.08732894736842106,0.5505,-152.0,3.5,betonlineag,L,-1.0
formula,receptions,Donovan Olugbode,Receptions,2026-10-03,Missouri,Florida,4,0.2743487062136948,5.5,1,,5.46,6.0,4.5,0.6165,0.42723631508678234,0.3563,0.6165,120.0,4.5,betonlineag,W,1.2,-0.3706666666666667,0.3835,-156.0,4.5,betonlineag,L,-1.0
formula,receptions,Cayden Lee,Receptions,2026-10-03,Missouri,Florida,4,0.33697412427389545,5.5,1,,5.53,8.0,5.5,0.454,0.5226570545829042,-0.18280000000000002,0.454,-125.0,5.5,betonlineag,W,0.8,0.0760970873786408,0.546,-103.0,5.5,betonlineag,L,-1.0
formula,receptions,Tony Diaz,Receptions,2026-10-03,Iowa,Ohio State,4,0.24206349206349204,14.5,1,,4.12,5.0,5.5,0.249,0.43734082725915513,-0.46465,0.249,115.0,5.5,betonlineag,L,-1.0,0.25502684563758393,0.751,-149.0,5.5,betonlineag,W,0.6711409395973155
formula,receptions,Brandon Inniss,Receptions,2026-10-03,Ohio State,Iowa,3,0.11247196825944454,-14.5,1,,2.48,2.0,1.5,0.6845,0.48974190636412124,0.3124816513761468,0.6845,-109.0,1.5,betonlineag,W,0.9174311926605505,-0.41937394957983193,0.3155,-119.0,1.5,betonlineag,L,-1.0
formula,receptions,Reece Vander Zee,Receptions,2026-10-03,Iowa,Ohio State,4,0.13293650793650794,14.5,1,,3.01,2.0,2.5,0.539,0.40175310445580714,0.2612600000000001,0.539,134.0,2.5,betonlineag,L,-1.0,-0.27557142857142863,0.461,-175.0,2.5,betonlineag,W,0.5714285714285714
formula,receptions,Nate Roberts,Receptions,2026-10-03,Ohio State,Iowa,4,0.0825347082462832,-14.5,1,,2.1,1.0,1.5,0.5735,0.5626591727408448,-0.04160067114093957,0.5735,-149.0,1.5,betonlineag,L,-1.0,-0.08302500000000007,0.4265,115.0,1.5,betonlineag,W,1.15
formula,receptions,Jeremiah Smith,Receptions,2026-10-03,Ohio State,Iowa,4,0.3500924807850804,-14.5,1,,6.71,11.0,7.5,0.3255,0.5306122448979592,-0.42411538461538456,0.3255,-130.0,7.5,betonlineag,W,0.7692307692307693,0.349,0.6745,100.0,7.5,betonlineag,L,-1.0
formula,receptions,Devin McCuin,Receptions,2026-10-03,Ohio State,Iowa,4,0.12285728889144448,-14.5,1,,2.8,4.0,2.5,0.4725,0.5692871193108593,-0.22068181818181815,0.4725,-154.0,2.5,betonlineag,W,0.6493506493506493,0.14994999999999997,0.5275,118.0,2.5,betonlineag,L,-1.0
formula,receptions,DJ Vonnahme,Receptions,2026-10-03,Iowa,Ohio State,3,0.15873015873015872,14.5,1,,2.84,6.0,3.5,0.2795,0.4307128806891406,-0.39069000000000004,0.2795,118.0,3.5,betonlineag,W,1.18,0.18835714285714283,0.7205,-154.0,3.5,betonlineag,L,-1.0
formula,receptions,Malachi Toney,Receptions,2026-10-03,Miami,Clemson,4,0.2925925925925926,-14.0,1,,6.66,5.0,7.5,0.317,0.5367701147140101,-0.4446541353383459,0.317,-133.0,7.5,betonlineag,L,-1.0,0.38649000000000006,0.683,103.0,7.5,betonlineag,W,1.03
formula,receptions,Cooper Barkate,Receptions,2026-10-03,Miami,Clemson,4,0.12222222222222222,-14.0,1,,3.2,5.0,3.5,0.406,0.5462570956657111,-0.30191366906474815,0.406,-139.0,3.5,betonlineag,W,0.7194244604316546,0.22958,0.594,107.0,3.5,betonlineag,L,-1.0
formula,receptions,Griffin Wilde,Receptions,2026-10-03,Northwestern,Penn State,3,0.26037687802393683,3.0,1,,3.93,2.0,4.5,0.3675,0.519675254742772,-0.3337195121951219,0.3675,-123.0,4.5,betonlineag,L,-1.0,0.24067307692307688,0.6325,-104.0,4.5,betonlineag,W,0.9615384615384616
formula,receptions,Drew Wagner,Receptions,2026-10-03,Northwestern,Penn State,3,0.15609880315762667,3.0,1,,3.32,4.0,2.5,0.5955,0.4498870615467902,0.24459500000000006,0.5955,109.0,2.5,betonlineag,W,1.09,-0.3086205673758865,0.4045,-141.0,2.5,betonlineag,L,-1.0
formula,receptions,Lotzeir Brooks,Receptions,2026-10-03,Alabama,Mississippi State,4,0.21520683502233845,-5.5,1,,4.1,4.0,4.5,0.393,0.45920859794821695,-0.19434999999999997,0.393,105.0,4.5,hardrockbet,L,-1.0,0.056629629629629585,0.607,-135.0,4.5,hardrockbet,W,0.7407407407407407
formula,receptions,Jeremiah Koger,Receptions,2026-10-03,Auburn,Tennessee,4,0.11335470085470085,6.0,1,,2.27,1.0,2.5,0.3015,0.4693877551020408,-0.397,0.3015,100.0,2.5,betonlineag,L,-1.0,0.23580769230769238,0.6985,-130.0,2.5,betonlineag,W,0.7692307692307693
formula,receptions,Keshaun Singleton,Receptions,2026-10-03,Auburn,Tennessee,4,0.2617521367521367,6.0,1,,4.74,7.0,4.5,0.478,0.5082034454470877,-0.11691525423728821,0.478,-118.0,4.5,betonlineag,W,0.847457627118644,-0.0034545454545454324,0.522,-110.0,4.5,betonlineag,L,-1.0
formula,receptions,Mike Matthews,Receptions,2026-10-03,Tennessee,Auburn,4,0.2087301587301587,-6.0,1,,3.94,4.0,4.5,0.369,0.4307128806891406,-0.19558000000000003,0.369,118.0,4.5,betonlineag,L,-1.0,0.04074025974025974,0.631,-154.0,4.5,betonlineag,W,0.6493506493506493
formula,receptions,Legend Glasker,Receptions,2026-10-03,BYU,TCU,3,0.2602124183006536,-5.5,1,,3.43,3.0,3.5,0.4405,0.44351918899348297,-0.06613999999999992,0.4405,112.0,3.5,betonlineag,L,-1.0,-0.05463793103448272,0.5595,-145.0,3.5,betonlineag,W,0.6896551724137931
formula,receptions,Walker Lyons,Receptions,2026-10-03,BYU,TCU,3,0.15727124183006536,-5.5,1,,2.18,1.0,2.5,0.293,0.4773429454170958,-0.4225339805825242,0.293,-103.0,2.5,betonlineag,L,-1.0,0.2726,0.707,-125.0,2.5,betonlineag,W,0.8
formula,receptions,Kyler Kasper,Receptions,2026-10-03,BYU,TCU,3,0.1895424836601307,-5.5,1,,3.1,2.0,3.5,0.349,0.516439256945586,-0.3649344262295082,0.349,-122.0,3.5,betonlineag,L,-1.0,0.26515094339622647,0.651,-106.0,3.5,betonlineag,W,0.9433962264150944
formula,receptions,LJ Martin,Receptions,2026-10-03,BYU,TCU,3,0.08905228758169935,-5.5,1,,1.36,1.0,2.5,0.159,0.556480811006517,-0.7313448275862069,0.159,-145.0,2.5,betonlineag,L,-1.0,0.7829200000000001,0.841,112.0,2.5,betonlineag,W,1.12
formula,receptions,Jojo Phillips,Receptions,2026-10-03,BYU,TCU,3,0.11560457516339868,-5.5,1,,2.29,1.0,2.5,0.3165,0.3977531934306569,-0.25305999999999995,0.3165,136.0,2.5,betonlineag,L,-1.0,0.06534357541899438,0.6835,-179.0,2.5,betonlineag,W,0.5586592178770949
formula,receptions,Luke Reynolds,Receptions,2026-10-03,Virginia Tech,Pittsburgh,4,0.2623886716628652,-1.5,1,,6.17,7.0,5.5,0.5735,0.5,0.07219565217391305,0.5735,-115.0,5.5,espnbet,W,0.8695652173913043,-0.20263043478260873,0.4265,-115.0,5.5,espnbet,L,-1.0
formula,receptions,Cataurus Hicks,Receptions,2026-10-03,Pittsburgh,Virginia Tech,4,0.1221813725490196,1.5,1,,3.49,3.0,2.5,0.6205,0.5806451612903226,0.0083125,0.6205,-160.0,2.5,espnbet,W,0.625,-0.14612500000000006,0.3795,125.0,2.5,espnbet,L,-1.0
formula,receptions,Censere Lee,Receptions,2026-10-03,Pittsburgh,Virginia Tech,4,0.12079248366013072,1.5,1,,3.46,5.0,3.5,0.4455,0.46322988528598974,-0.09563499999999997,0.4455,103.0,3.5,betonlineag,W,1.03,-0.02858270676691732,0.5545,-133.0,3.5,betonlineag,L,-1.0
formula,receptions,Ayden Greene,Receptions,2026-10-03,Virginia Tech,Pittsburgh,3,0.09046445639187574,-1.5,1,,2.72,4.0,2.5,0.4725,0.5727636849132176,-0.22461538461538455,0.4725,-156.0,2.5,betonlineag,W,0.6410256410256411,0.16049999999999992,0.5275,120.0,2.5,betonlineag,L,-1.0
formula,receptions,Davion Brown,Receptions,2026-10-03,Virginia Tech,Pittsburgh,4,0.07419456663408276,-1.5,1,,2.16,2.0,1.5,0.5735,0.5435460883633142,-0.00788686131386862,0.5735,-137.0,1.5,betonlineag,W,0.7299270072992701,-0.12141000000000002,0.4265,106.0,1.5,betonlineag,L,-1.0
formula,receptions,Amare Thomas,Receptions,2026-10-03,Houston,UCF,4,0.2883442265795207,-10.5,1,,5.23,4.0,5.5,0.415,0.46526552222043954,-0.16169999999999995,0.415,102.0,5.5,betonlineag,L,-1.0,0.028181818181818197,0.585,-132.0,5.5,betonlineag,W,0.7575757575757576
formula,receptions,JJ Buchanan,Receptions,2026-10-03,Michigan,Minnesota,4,0.3374183006535948,-6.5,1,,4.84,4.0,4.5,0.5095,0.5347344777795604,-0.10451515151515156,0.5095,-132.0,4.5,betonlineag,L,-1.0,-0.00918999999999992,0.4905,102.0,4.5,betonlineag,W,1.02
formula,receptions,Javon Tracy,Receptions,2026-10-03,Minnesota,Michigan,4,0.2613912810781881,6.5,1,,4.73,3.0,4.5,0.475,0.49179655455291227,-0.09318181818181825,0.475,-110.0,4.5,betonlineag,L,-1.0,-0.030084745762711862,0.525,-118.0,4.5,betonlineag,W,0.847457627118644
formula,receptions,Noah Jennings,Receptions,2026-10-03,Minnesota,Michigan,4,0.20644622613313315,6.5,1,,4.45,7.0,4.5,0.4425,0.4198571520494176,-0.00880000000000003,0.4425,124.0,4.5,betonlineag,W,1.24,-0.0962267080745342,0.5575,-161.0,4.5,betonlineag,L,-1.0
formula,receptions,Darius Taylor,Receptions,2026-10-03,Minnesota,Michigan,3,0.11270629012564497,6.5,1,,1.83,3.0,2.5,0.2915,0.5407914020517831,-0.4925740740740741,0.2915,-135.0,2.5,betonlineag,W,0.7407407407407407,0.4524250000000001,0.7085,105.0,2.5,betonlineag,L,-1.0
formula,receptions,Junior Sherrill,Receptions,2026-10-03,Vanderbilt,Georgia,4,0.2722667855020796,25.5,1,,4.74,7.0,5.5,0.3305,0.4498870615467902,-0.30925499999999995,0.3305,109.0,5.5,betonlineag,W,1.09,0.14432269503546097,0.6695,-141.0,5.5,betonlineag,L,-1.0
formula,receptions,Braylon Staley,Receptions,2026-10-03,Tennessee,Auburn,4,0.2015873015873016,-6.0,1,,3.97,3.0,4.5,0.373,0.46042319749216293,-0.23908000000000001,0.373,104.0,4.5,betonlineag,L,-1.0,0.09144444444444444,0.627,-135.0,4.5,betonlineag,W,0.7407407407407407
formula,receptions,Chas Nimrod,Receptions,2026-10-03,Auburn,Tennessee,4,0.2704059829059829,6.0,1,,5.06,3.0,4.5,0.5555,0.3933164104995956,0.32764499999999996,0.5555,139.0,4.5,betonlineag,L,-1.0,-0.31126923076923074,0.4445,-182.0,4.5,betonlineag,W,0.5494505494505495
formula,receptions,Isaiah Horton,Receptions,2026-10-03,Texas A&M,Arkansas,4,0.21307692307692308,-13.5,1,,3.91,2.0,4.5,0.3655,0.5,-0.31388596491228066,0.3655,-114.0,4.5,betonlineag,L,-1.0,0.19107894736842096,0.6345,-114.0,4.5,betonlineag,W,0.8771929824561403
formula,receptions,Chris Lawson,Receptions,2026-10-03,Washington,USC,4,0.1433097553787209,7.5,1,,3.65,5.0,3.5,0.466,0.48768472906403937,-0.10251851851851851,0.466,-108.0,3.5,betonlineag,W,0.9259259259259259,-0.020999999999999963,0.534,-120.0,3.5,betonlineag,L,-1.0
formula,receptions,Dezmen Roebuck,Receptions,2026-10-03,Washington,USC,4,0.31503278809313295,7.5,1,,6.56,5.0,6.5,0.458,0.516439256945586,-0.16659016393442622,0.458,-122.0,6.5,betonlineag,L,-1.0,0.05332075471698111,0.542,-106.0,6.5,betonlineag,W,0.9433962264150944
formula,receptions,Coy Eakin,Receptions,2026-10-03,Texas Tech,Colorado,4,0.19033254327371973,-13.5,1,,4.05,1.0,3.5,0.555,0.47438944435338465,0.09911764705882359,0.555,-102.0,3.5,betonlineag,L,-1.0,-0.20460629921259843,0.445,-127.0,3.5,betonlineag,W,0.7874015748031497
formula,receptions,Kenny Johnson,Receptions,2026-10-03,Texas Tech,Colorado,4,0.19847554406377935,-13.5,1,,4.37,1.0,4.5,0.4305,0.44351918899348297,-0.08733999999999997,0.4305,112.0,4.5,betonlineag,L,-1.0,-0.03774137931034477,0.5695,-145.0,4.5,betonlineag,W,0.6896551724137931
formula,receptions,J'Koby Williams,Receptions,2026-10-03,Texas Tech,Colorado,4,0.18651691445809093,-13.5,1,,2.26,3.0,2.5,0.2985,0.40175310445580714,-0.30151,0.2985,134.0,2.5,betonlineag,W,1.34,0.10235714285714287,0.7015,-175.0,2.5,betonlineag,L,-1.0
formula,receptions,Micah Hudson,Receptions,2026-10-03,Texas Tech,Colorado,3,0.07855107855107855,-13.5,1,,2.3,2.0,2.5,0.319,0.4053409632808775,-0.25992000000000004,0.319,132.0,2.5,betonlineag,L,-1.0,0.07693023255813958,0.681,-172.0,2.5,betonlineag,W,0.5813953488372093
formula,receptions,Jonathan Stafford Jr.,Receptions,2026-10-03,Western Kentucky,New Mexico State,4,0.24448529411764708,1.5,1,,4.87,10.0,5.5,0.355,0.4693877551020408,-0.29000000000000004,0.355,100.0,5.5,betonlineag,W,1.0,0.14115384615384619,0.645,-130.0,5.5,betonlineag,L,-1.0
formula,receptions,Josiah Thomas,Receptions,2026-10-03,New Mexico State,Western Kentucky,4,0.1202598888525662,-1.5,1,,3.15,4.0,2.5,0.588,0.5704089571423739,-0.0301818181818182,0.588,-154.0,2.5,betonlineag,W,0.6493506493506493,-0.09772000000000003,0.412,119.0,2.5,betonlineag,L,-1.0
formula,receptions,Qua'Vez Humphreys,Receptions,2026-10-03,Western Kentucky,New Mexico State,2,0.06944444444444445,1.5,1,,2.37,1.0,2.5,0.406,0.4472667034787409,-0.14739999999999992,0.406,110.0,2.5,betonlineag,L,-1.0,0.009384615384615325,0.594,-143.0,2.5,betonlineag,W,0.6993006993006993
formula,receptions,Jahiem White,Receptions,2026-10-03,North Texas,Tulsa,4,0.17619639564622613,-3.0,1,,4.16,2.0,3.5,0.573,0.5727636849132176,-0.059692307692307656,0.573,-156.0,3.5,betonlineag,L,-1.0,-0.06059999999999999,0.427,120.0,3.5,betonlineag,W,1.2
formula,receptions,Justin Stevenson,Receptions,2026-10-03,North Texas,Tulsa,4,0.1592904300243859,-3.0,1,,4.18,5.0,4.5,0.403,0.4969046636401156,-0.23717857142857135,0.403,-112.0,4.5,betonlineag,W,0.8928571428571429,0.11613043478260865,0.597,-115.0,4.5,betonlineag,L,-1.0
formula,receptions,Corri Milliner,Receptions,2026-10-03,North Texas,Tulsa,4,0.1582935823469934,-3.0,1,,3.94,3.0,4.5,0.3685,0.4307128806891406,-0.19666999999999996,0.3685,118.0,4.5,betonlineag,L,-1.0,0.04156493506493503,0.6315,-154.0,4.5,betonlineag,W,0.6493506493506493
formula,receptions,Oran Singleton Jr.,Receptions,2026-10-03,Tulsa,North Texas,4,0.21641281512605043,3.0,1,,4.25,11.0,4.5,0.416,0.4121896998888477,-0.05152000000000001,0.416,128.0,4.5,betonlineag,W,1.28,-0.0662994011976048,0.584,-167.0,4.5,betonlineag,L,-1.0
formula,receptions,Anthony Evans III,Receptions,2026-10-03,Mississippi State,Alabama,4,0.3272112573099415,5.5,1,,6.09,12.0,6.5,0.3925,0.43668122270742354,-0.15612500000000007,0.3925,115.0,6.5,espnbet,W,1.15,0.012500000000000011,0.6075,-150.0,6.5,espnbet,L,-1.0
formula,receptions,Marquis Johnson,Receptions,2026-10-03,Mississippi State,Alabama,4,0.11991349902534112,5.5,1,,2.66,2.0,2.5,0.4665,0.4796954314720812,-0.08921428571428569,0.4665,-105.0,2.5,espnbet,L,-1.0,-0.03970000000000001,0.5335,-125.0,2.5,espnbet,W,0.8
formula,receptions,Rico Scott,Receptions,2026-10-03,Alabama,Mississippi State,4,0.15238333605753512,-5.5,1,,3.39,4.0,3.5,0.436,0.4193548387096774,-0.018999999999999906,0.436,125.0,3.5,espnbet,W,1.25,-0.08350000000000002,0.564,-160.0,3.5,espnbet,L,-1.0
formula,receptions,Zion Ragins,Receptions,2026-10-03,Mississippi State,Alabama,4,0.1194870857699805,5.5,1,,3.13,1.0,2.5,0.58,0.550561797752809,-0.005714285714285727,0.58,-140.0,2.5,espnbet,L,-1.0,-0.11799999999999994,0.42,110.0,2.5,espnbet,W,1.1
formula,receptions,Antonio Meeks,Receptions,2026-10-03,Wake Forest,Stanford,3,0.11010971786833856,-14.5,1,,2.73,1.0,2.5,0.4725,0.4232164449818621,0.04894999999999994,0.4725,122.0,2.5,betonlineag,L,-1.0,-0.14073899371069182,0.5275,-159.0,2.5,betonlineag,W,0.6289308176100629
formula,receptions,Nico Brown,Receptions,2026-10-03,Stanford,Wake Forest,2,0.13863636363636364,14.5,1,,2.54,4.0,3.5,0.254,0.4198571520494176,-0.43104,0.254,124.0,3.5,betonlineag,W,1.24,0.20935403726708068,0.746,-161.0,3.5,betonlineag,L,-1.0
formula,receptions,Caden High,Receptions,2026-10-03,Stanford,Wake Forest,3,0.23484848484848486,14.5,1,,4.54,2.0,4.5,0.4565,0.43734082725915513,-0.018525000000000014,0.4565,115.0,4.5,betonlineag,L,-1.0,-0.09173489932885909,0.5435,-149.0,4.5,betonlineag,W,0.6711409395973155
formula,receptions,Carlos Hernandez,Receptions,2026-10-03,Wake Forest,Stanford,4,0.42427507836990597,-14.5,1,,6.87,7.0,7.5,0.355,0.44351918899348297,-0.2474,0.355,112.0,7.5,betonlineag,L,-1.0,0.08982758620689663,0.645,-145.0,7.5,betonlineag,W,0.6896551724137931
formula,receptions,Jayden Savoury,Receptions,2026-10-03,Michigan State,Wisconsin,4,0.20366621682411157,8.5,1,,2.79,4.0,2.5,0.4725,0.5946590367191226,-0.2527906976744186,0.4725,-172.0,2.5,betonlineag,W,0.5813953488372093,0.22380000000000005,0.5275,132.0,2.5,betonlineag,L,-1.0
formula,receptions,Tyrell Henry,Receptions,2026-10-03,Wisconsin,Michigan State,4,0.3159166031019578,-8.5,1,,5.23,2.0,4.5,0.5815,0.44351918899348297,0.2327800000000001,0.5815,112.0,4.5,betonlineag,L,-1.0,-0.2928793103448276,0.4185,-145.0,4.5,betonlineag,W,0.6896551724137931
formula,receptions,Chrishon McCray,Receptions,2026-10-03,Michigan State,Wisconsin,4,0.1851102114260009,8.5,1,,3.16,3.0,2.5,0.59,0.5435460883633142,0.02065693430656934,0.59,-137.0,2.5,betonlineag,W,0.7299270072992701,-0.15539999999999998,0.41,106.0,2.5,betonlineag,L,-1.0
formula,receptions,Chris Brooks Jr.,Receptions,2026-10-03,Wisconsin,Michigan State,4,0.14152682430714467,-8.5,1,,2.96,1.0,2.5,0.519,0.5226570545829042,-0.06579999999999997,0.519,-125.0,2.5,betonlineag,L,-1.0,-0.05200970873786409,0.481,-103.0,2.5,betonlineag,W,0.970873786407767
formula,receptions,Jacob Harris,Receptions,2026-10-03,Wisconsin,Michigan State,4,0.15687770150012714,-8.5,1,,2.46,2.0,2.5,0.4275,0.5489256569588981,-0.26930851063829786,0.4275,-141.0,2.5,betonlineag,L,-1.0,0.19080000000000008,0.5725,108.0,2.5,betonlineag,W,1.08
formula,receptions,Eugene Hilton Jr.,Receptions,2026-10-03,Wisconsin,Michigan State,4,0.1406210272056954,-8.5,1,,2.68,1.0,2.5,0.469,0.5185070943861814,-0.14969918699186996,0.469,-123.0,2.5,betonlineag,L,-1.0,0.0367142857142857,0.531,-105.0,2.5,betonlineag,W,0.9523809523809523
formula,receptions,Rodney Bullard Jr.,Receptions,2026-10-03,Michigan State,Wisconsin,4,0.19084570400359874,8.5,1,,3.58,1.0,3.5,0.461,0.48149290561381863,-0.09995238095238101,0.461,-105.0,3.5,betonlineag,L,-1.0,-0.022788617886178864,0.539,-123.0,3.5,betonlineag,W,0.8130081300813008
formula,receptions,Radarious Jackson,Receptions,2026-10-03,Tennessee,Auburn,3,0.18465608465608466,-6.0,1,,2.44,1.0,2.5,0.422,0.5276888998277135,-0.2483125,0.422,-128.0,2.5,betonlineag,L,-1.0,0.15027722772277224,0.578,-101.0,2.5,betonlineag,W,0.9900990099009901
formula,receptions,Chase Hendricks,Receptions,2026-10-03,California,UNLV,4,0.2403253609135962,1.5,1,,4.61,8.0,4.5,0.4645,0.5256105556466153,-0.16975196850393692,0.4645,-127.0,4.5,betonlineag,W,0.7874015748031497,0.06049999999999989,0.5355,-102.0,4.5,betonlineag,L,-1.0
formula,receptions,Duce Robinson,Receptions,2026-10-03,Florida State,Virginia,4,0.20973389355742297,1.5,1,,3.57,2.0,3.5,0.46,0.48768472906403937,-0.1140740740740741,0.46,-108.0,3.5,betonlineag,L,-1.0,-0.009999999999999953,0.54,-120.0,3.5,betonlineag,W,0.8333333333333334
formula,receptions,Micahi Danzy,Receptions,2026-10-03,Florida State,Virginia,4,0.18032212885154061,1.5,1,,2.93,4.0,3.5,0.3015,0.46322988528598974,-0.387955,0.3015,103.0,3.5,betonlineag,W,1.03,0.223687969924812,0.6985,-133.0,3.5,betonlineag,L,-1.0
formula,receptions,Jayvan Boggs,Receptions,2026-10-03,Florida State,Virginia,4,0.21376050420168066,1.5,1,,2.94,1.0,3.5,0.306,0.4053409632808775,-0.29007999999999995,0.306,132.0,3.5,betonlineag,L,-1.0,0.09748837209302325,0.694,-172.0,3.5,betonlineag,W,0.5813953488372093
formula,receptions,Tre Richardson,Receptions,2026-10-03,Louisville,NC State,4,0.2566137566137566,-5.5,1,,4.34,8.0,5.5,0.275,0.48768472906403937,-0.4703703703703703,0.275,-108.0,5.5,betonlineag,W,0.9259259259259259,0.3291666666666666,0.725,-120.0,5.5,betonlineag,L,-1.0
formula,receptions,TreyShun Hurry,Receptions,2026-10-03,Louisville,NC State,4,0.17129629629629628,-5.5,1,,3.47,4.0,3.5,0.4475,0.4723111001722865,-0.10943069306930692,0.4475,-101.0,3.5,betonlineag,W,0.9900990099009901,-0.01585937500000001,0.5525,-128.0,3.5,betonlineag,L,-1.0
formula,receptions,Jaleel Skinner,Receptions,2026-10-03,Louisville,NC State,4,0.15608465608465608,-5.5,1,,2.95,2.0,2.5,0.5155,0.559015193444145,-0.13381972789115648,0.5155,-147.0,2.5,betonlineag,L,-1.0,0.03198499999999993,0.4845,113.0,2.5,betonlineag,W,1.13
formula,receptions,Lawayne McCoy,Receptions,2026-10-03,Louisville,NC State,4,0.19047619047619047,-5.5,1,,3.72,2.0,3.5,0.4725,0.5626591727408448,-0.2103859060402684,0.4725,-149.0,3.5,betonlineag,L,-1.0,0.134125,0.5275,115.0,3.5,betonlineag,W,1.15
formula,receptions,Keenan Jackson,Receptions,2026-10-03,NC State,Louisville,4,0.21709401709401707,5.5,1,,4.4,3.0,4.5,0.437,0.44351918899348297,-0.0735599999999999,0.437,112.0,4.5,betonlineag,L,-1.0,-0.04872413793103447,0.563,-145.0,4.5,betonlineag,W,0.6896551724137931
formula,receptions,Joshisa Trader,Receptions,2026-10-03,NC State,Louisville,4,0.1358974358974359,5.5,1,,2.4,5.0,2.5,0.414,0.5185070943861814,-0.24941463414634146,0.414,-123.0,2.5,betonlineag,W,0.8130081300813008,0.144095238095238,0.586,-105.0,2.5,betonlineag,L,-1.0
formula,receptions,Preston Douglas,Receptions,2026-10-03,NC State,Louisville,4,0.16832264957264959,5.5,1,,3.21,5.0,3.5,0.408,0.43734082725915513,-0.12280000000000002,0.408,115.0,3.5,betonlineag,W,1.15,-0.01068456375838922,0.592,-149.0,3.5,betonlineag,L,-1.0
formula,receptions,Kwazi Gilmer,Receptions,2026-10-03,Nebraska,Maryland,4,0.23547008547008547,-15.5,1,,4.06,11.0,4.5,0.3875,0.5256105556466153,-0.30738188976377956,0.3875,-127.0,4.5,betonlineag,W,0.7874015748031497,0.21299019607843134,0.6125,-102.0,4.5,betonlineag,L,-1.0
formula,receptions,Luke Lindenmeyer,Receptions,2026-10-03,Nebraska,Maryland,4,0.12756410256410255,-15.5,1,,2.49,3.0,2.5,0.4335,0.539576802507837,-0.24538888888888893,0.4335,-135.0,2.5,betonlineag,W,0.7407407407407407,0.15566000000000002,0.5665,104.0,2.5,betonlineag,L,-1.0
formula,receptions,Chris Durr Jr.,Receptions,2026-10-03,Maryland,Nebraska,4,0.3235338345864662,15.5,1,,6.18,7.0,7.5,0.2575,0.4498870615467902,-0.46182500000000004,0.2575,109.0,7.5,betonlineag,L,-1.0,0.2690957446808511,0.7425,-141.0,7.5,betonlineag,W,0.7092198581560284
formula,receptions,Kaleb Webb,Receptions,2026-10-03,Maryland,Nebraska,4,0.11369674185463659,15.5,1,,3.47,4.0,3.5,0.4475,0.556480811006517,-0.24387931034482757,0.4475,-145.0,3.5,betonlineag,W,0.6896551724137931,0.1713,0.5525,112.0,3.5,betonlineag,L,-1.0
formula,receptions,Asaad Waseem,Receptions,2026-10-03,Purdue,Illinois,4,0.24243055555555557,9.5,1,,5.12,3.0,4.5,0.565,0.552733296521259,-0.03989510489510495,0.565,-143.0,4.5,betonlineag,L,-1.0,-0.08649999999999991,0.435,110.0,4.5,betonlineag,W,1.1
formula,receptions,Xavier Townsend,Receptions,2026-10-03,Purdue,Illinois,4,0.23668981481481483,9.5,1,,4.82,4.0,3.5,0.6745,0.5878103001111523,0.07839221556886222,0.6745,-167.0,3.5,betonlineag,W,0.5988023952095808,-0.25786,0.3255,128.0,3.5,betonlineag,L,-1.0
formula,receptions,Chauncey Magwood,Receptions,2026-10-03,Purdue,Illinois,4,0.09332175925925926,9.5,1,,3.45,4.0,3.5,0.443,0.552733296521259,-0.24720979020979028,0.443,-143.0,3.5,betonlineag,W,0.6993006993006993,0.16970000000000013,0.557,110.0,3.5,betonlineag,L,-1.0
formula,receptions,George Burhenn,Receptions,2026-10-03,Purdue,Illinois,3,0.062191358024691355,9.5,1,,1.88,1.0,1.5,0.5735,0.539576802507837,-0.0016851851851851785,0.5735,-135.0,1.5,betonlineag,L,-1.0,-0.12994,0.4265,104.0,1.5,betonlineag,W,1.04
formula,receptions,Fame Ijeboi,Receptions,2026-10-03,Purdue,Illinois,4,0.08539351851851852,9.5,1,,2.19,1.0,2.5,0.293,0.5626591727408448,-0.5103557046979865,0.293,-149.0,2.5,betonlineag,L,-1.0,0.5200499999999999,0.707,115.0,2.5,betonlineag,W,1.15
formula,receptions,Collin Dixon,Receptions,2026-10-03,Illinois,Purdue,4,0.3764482799808887,-9.5,1,,6.05,10.0,5.5,0.5545,0.5102580936358786,0.02046638655462185,0.5545,-119.0,5.5,betonlineag,W,0.8403361344537815,-0.14578440366972473,0.4455,-109.0,5.5,betonlineag,L,-1.0
formula,receptions,Hudson Clement,Receptions,2026-10-03,Illinois,Purdue,4,0.21323060996974041,-9.5,1,,3.86,4.0,4.5,0.351,0.5082034454470877,-0.351542372881356,0.351,-118.0,4.5,betonlineag,L,-1.0,0.239,0.649,-110.0,4.5,betonlineag,W,0.9090909090909091
formula,receptions,Willie Rodriguez,Receptions,2026-10-03,Kentucky,South Carolina,4,0.24655388471177944,2.5,1,,3.74,5.0,3.5,0.4795,0.46322988528598974,-0.026614999999999944,0.4795,103.0,3.5,betonlineag,W,1.03,-0.08814661654135342,0.5205,-133.0,3.5,betonlineag,L,-1.0
formula,receptions,Brady Hunt,Receptions,2026-10-03,South Carolina,Kentucky,4,0.13244107744107744,-2.5,1,,2.19,2.0,2.5,0.293,0.4564539116366858,-0.39641999999999994,0.293,106.0,2.5,betonlineag,L,-1.0,0.22305839416058398,0.707,-137.0,2.5,betonlineag,W,0.7299270072992701
formula,receptions,Kenny Darby,Receptions,2026-10-03,Kentucky,South Carolina,4,0.18629908103592313,2.5,1,,3.03,12.0,4.5,0.1825,0.38995689950058143,-0.5601750000000001,0.1825,141.0,4.5,betonlineag,W,1.41,0.25939189189189193,0.8175,-185.0,4.5,betonlineag,L,-1.0
formula,receptions,Nic Anderson,Receptions,2026-10-03,Kentucky,South Carolina,3,0.07212475633528265,2.5,1,,2.38,5.0,2.5,0.411,0.4053409632808775,-0.046479999999999966,0.411,132.0,2.5,betonlineag,W,1.32,-0.06855813953488371,0.589,-172.0,2.5,betonlineag,L,-1.0
formula,receptions,DJ Black,Receptions,2026-10-03,South Carolina,Kentucky,2,0.10555555555555556,-2.5,1,,2.55,3.0,1.5,0.6955,0.5626591727408448,0.16227852348993294,0.6955,-149.0,1.5,betonlineag,W,0.6711409395973155,-0.34532500000000005,0.3045,115.0,1.5,betonlineag,L,-1.0
formula,receptions,Nyck Harbor,Receptions,2026-10-03,South Carolina,Kentucky,4,0.13925084175084174,-2.5,1,,3.33,2.0,3.5,0.427,0.43734082725915513,-0.08195000000000002,0.427,115.0,3.5,betonlineag,L,-1.0,-0.04243624161073828,0.573,-149.0,3.5,betonlineag,W,0.6711409395973155
formula,receptions,Chris Marshall,Receptions,2026-10-03,Arkansas,Texas A&M,4,0.28382967607105536,13.5,1,,5.74,7.0,5.5,0.48,0.483560743054414,-0.06716981132075472,0.48,-106.0,5.5,betonlineag,W,0.9433962264150944,-0.05377049180327864,0.52,-122.0,5.5,betonlineag,L,-1.0
formula,receptions,Baron Naone,Receptions,2026-10-03,Washington,USC,4,0.13983753315649866,7.5,1,,2.96,3.0,2.5,0.519,0.4948402542722694,-0.013432432432432417,0.519,-111.0,2.5,betonlineag,W,0.9009009009009009,-0.10434482758620695,0.481,-116.0,2.5,betonlineag,L,-1.0
formula,receptions,Decker DeGraaf,Receptions,2026-10-03,Washington,USC,4,0.09302239905688181,7.5,1,,2.38,2.0,2.5,0.4095,0.4498870615467902,-0.14414500000000002,0.4095,109.0,2.5,betonlineag,L,-1.0,0.009294326241134798,0.5905,-141.0,2.5,betonlineag,W,0.7092198581560284
formula,receptions,Jourdin Houston,Receptions,2026-10-03,Rutgers,Indiana,4,0.18808977937267413,24.5,1,,3.14,1.0,1.5,0.8495,0.5909989356849628,0.3521627218934912,0.8495,-169.0,1.5,betonlineag,L,-1.0,-0.65385,0.1505,130.0,1.5,betonlineag,W,1.3
formula,receptions,Shazz Preston,Receptions,2026-10-03,Indiana,Rutgers,4,0.11279802069275753,-24.5,1,,1.67,2.0,2.5,0.1635,0.5,-0.6930789473684211,0.1635,-114.0,2.5,betonlineag,L,-1.0,0.5702719298245614,0.8365,-114.0,2.5,betonlineag,W,0.8771929824561403
formula,receptions,Nick Marsh,Receptions,2026-10-03,Indiana,Rutgers,4,0.25191183085919927,-24.5,1,,3.77,7.0,5.5,0.206,0.4693877551020408,-0.5880000000000001,0.206,100.0,5.5,betonlineag,W,1.0,0.4047692307692309,0.794,-130.0,5.5,betonlineag,L,-1.0
formula,receptions,KJ Duff,Receptions,2026-10-03,Rutgers,Indiana,4,0.38361410154173314,24.5,1,,5.95,4.0,4.5,0.709,0.5082034454470877,0.30984745762711857,0.709,-118.0,4.5,betonlineag,L,-1.0,-0.44445454545454544,0.291,-110.0,4.5,betonlineag,W,0.9090909090909091
formula,receptions,Charlie Becker,Receptions,2026-10-03,Indiana,Rutgers,4,0.3181511470985155,-24.5,1,,4.62,8.0,5.5,0.3135,0.4198571520494176,-0.29776,0.3135,124.0,5.5,betonlineag,W,1.24,0.1128975155279503,0.6865,-161.0,5.5,betonlineag,L,-1.0
formula,receptions,Tre Spivey,Receptions,2026-10-03,Arizona,Cincinnati,4,0.1851966220172742,-7.0,1,,4.63,3.0,5.5,0.3135,0.5,-0.41150000000000003,0.3135,-114.0,5.5,betonlineag,L,-1.0,0.2886929824561403,0.6865,-114.0,5.5,betonlineag,W,0.8771929824561403
formula,receptions,Ryan Williams,Receptions,2026-10-03,Alabama,Mississippi State,4,0.22042197886019396,-5.5,0,,4.2,3.0,2.5,0.756,0.8470588235294118,-0.181,0.756,-1200.0,2.5,espnbet,W,0.08333333333333333,0.46399999999999997,0.244,500.0,2.5,espnbet,L,-1.0
formula,receptions,Sanfrisco Magee,Receptions,2026-10-03,Mississippi State,Alabama,4,0.153630604288499,5.5,1,,3.04,3.0,3.5,0.3315,0.43928719436386243,-0.32042499999999996,0.3315,105.0,3.5,fliff,L,-1.0,0.07365151515151513,0.6685,-165.0,3.5,fliff,W,0.6060606060606061
formula,receptions,Fluff Bothwell,Receptions,2026-10-03,Mississippi State,Alabama,4,0.09359770955165692,5.5,1,,2.48,0.0,2.5,0.431,0.5,-0.22419999999999995,0.431,-125.0,2.5,fliff,L,-1.0,0.0242,0.569,-125.0,2.5,fliff,W,0.8
formula,receptions,Pierce Walsh,Receptions,2026-10-03,Minnesota,Michigan,2,0.0707196029776675,6.5,1,,2.13,2.0,1.5,0.5735,0.44217687074829937,0.17567500000000003,0.5735,105.0,1.5,fliff,W,1.05,-0.30693750000000003,0.4265,-160.0,1.5,fliff,L,-1.0
formula,receptions,Savion Hiter,Receptions,2026-10-03,Michigan,Minnesota,4,0.11887254901960784,-6.5,1,,1.09,0.0,1.5,0.2355,0.4096045197740113,-0.4819,0.2355,120.0,1.5,fliff,L,-1.0,0.16686842105263155,0.7645,-190.0,1.5,fliff,W,0.5263157894736842
formula,receptions,Jordan Marshall,Receptions,2026-10-03,Michigan,Minnesota,4,0.05357142857142857,-6.5,1,,0.89,0.0,0.5,0.5405,0.6176821983273596,-0.21381818181818185,0.5405,-220.0,0.5,fliff,L,-1.0,0.07982500000000003,0.4595,135.0,0.5,fliff,W,1.35
formula,receptions,Jeremiah Cobb,Receptions,2026-10-03,Auburn,Tennessee,4,0.072008547008547,6.0,1,,1.35,2.0,1.5,0.3925,0.5634599838318513,-0.37661764705882356,0.3925,-170.0,1.5,fliff,W,0.5882352941176471,0.24537500000000007,0.6075,105.0,1.5,fliff,L,-1.0
formula,receptions,Dasaahn Brame,Receptions,2026-10-03,Tennessee,Auburn,2,0.13333333333333333,-6.0,1,,2.07,2.0,1.5,0.5735,0.5394736842105263,-0.04416666666666669,0.5735,-150.0,1.5,fliff,W,0.6666666666666666,-0.16730952380952385,0.4265,-105.0,1.5,fliff,L,-1.0
formula,receptions,DeSean Bishop,Receptions,2026-10-03,Tennessee,Auburn,4,0.08055555555555555,-6.0,1,,1.16,0.0,1.5,0.3535,0.5088967971530249,-0.37457692307692303,0.3535,-130.0,1.5,fliff,L,-1.0,0.18524999999999997,0.6465,-120.0,1.5,fliff,W,0.8333333333333334
formula,receptions,Jadan Baugh,Receptions,2026-10-03,Florida,Missouri,4,0.03125,-5.5,1,,1.17,3.0,1.5,0.356,0.4731182795698925,-0.3203636363636364,0.356,-110.0,1.5,fliff,W,0.9090909090909091,0.10400000000000004,0.644,-140.0,1.5,fliff,L,-1.0
formula,receptions,Jekail Middlebrook,Receptions,2026-10-03,Virginia,Florida State,4,0.05284992784992785,-1.5,1,,1.21,2.0,1.5,0.3805,0.5360685302073941,-0.35708620689655174,0.3805,-145.0,1.5,fliff,W,0.6896551724137931,0.20949999999999996,0.6195,-105.0,1.5,fliff,L,-1.0
formula,receptions,Bo Jackson,Receptions,2026-10-03,Ohio State,Iowa,4,0.1060294596822111,-14.5,1,,1.6,0.0,2.5,0.159,0.3927881519639408,-0.6343,0.159,130.0,2.5,fliff,L,-1.0,0.2512439024390244,0.841,-205.0,2.5,fliff,W,0.4878048780487805
formula,receptions,Kamari Moulton,Receptions,2026-10-03,Iowa,Ohio State,3,0.12698412698412698,14.5,1,,2.26,0.0,1.5,0.5895,0.5693779904306221,-0.063735294117647,0.5895,-170.0,1.5,fliff,L,-1.0,-0.13795000000000002,0.4105,110.0,1.5,fliff,W,1.1
formula,receptions,Jason Patterson,Receptions,2026-10-03,Kentucky,South Carolina,4,0.027046783625730993,2.5,1,,0.68,0.0,0.5,0.502,0.6,-0.247,0.502,-200.0,0.5,fliff,L,-1.0,0.12050000000000005,0.498,125.0,0.5,fliff,W,1.25
formula,receptions,Mark Fletcher Jr.,Receptions,2026-10-03,Miami,Clemson,3,0.022222222222222223,-14.0,1,,0.67,2.0,1.5,0.2015,0.360313315926893,-0.49624999999999997,0.2015,150.0,1.5,fliff,W,1.5,0.12441836734693879,0.7985,-245.0,1.5,fliff,L,-1.0
formula,receptions,King Miller,Receptions,2026-10-03,USC,Washington,5,0.022488755622188904,-7.5,1,,0.75,1.0,1.5,0.2015,0.43928719436386243,-0.5869249999999999,0.2015,105.0,1.5,fliff,L,-1.0,0.28243939393939393,0.7985,-165.0,1.5,fliff,W,0.6060606060606061
formula,receptions,Waymond Jordan,Receptions,2026-10-03,USC,Washington,5,0.033793103448275866,-7.5,1,,0.87,1.0,1.5,0.205,0.35576179427687554,-0.47725000000000006,0.205,155.0,1.5,fliff,L,-1.0,0.11948979591836736,0.795,-245.0,1.5,fliff,W,0.40816326530612246
formula,receptions,Cameron Dickey,Receptions,2026-10-03,Texas Tech,Colorado,4,0.06171442936148819,-13.5,1,,1.38,0.0,1.5,0.3925,0.41184971098265893,-0.13650000000000007,0.3925,120.0,1.5,fliff,L,-1.0,-0.0641216216216216,0.6075,-185.0,1.5,fliff,W,0.5405405405405406
formula,receptions,Ja'Kyrian Turner,Receptions,2026-10-03,Pittsburgh,Virginia Tech,1,0.11764705882352941,1.5,1,,2.68,6.0,2.5,0.468,0.4693877551020408,-0.064,0.468,100.0,2.5,betonlineag,W,1.0,-0.05876923076923074,0.532,-130.0,2.5,betonlineag,L,-1.0
formula,receptions,Carson Kent,Receptions,2026-10-03,Pittsburgh,Virginia Tech,4,0.11609477124183007,1.5,1,,2.93,1.0,3.5,0.303,0.4537429043342889,-0.37278999999999995,0.303,107.0,3.5,betonlineag,L,-1.0,0.19843884892086322,0.697,-139.0,3.5,betonlineag,W,0.7194244604316546
formula,receptions,Jeffrey Overton Jr.,Receptions,2026-10-03,Virginia Tech,Pittsburgh,4,0.08953445747800587,-1.5,1,,2.73,5.0,2.5,0.4725,0.5867448807441689,-0.24456586826347304,0.4725,-167.0,2.5,betonlineag,W,0.5988023952095808,0.19742500000000002,0.5275,127.0,2.5,betonlineag,L,-1.0
formula,receptions,Javarius Green,Receptions,2026-10-03,Boston College,SMU,4,0.20616883116883117,21.5,1,,3.04,5.0,3.5,0.3315,0.46526552222043954,-0.33036999999999994,0.3315,102.0,3.5,betonlineag,W,1.02,0.17493939393939395,0.6685,-132.0,3.5,betonlineag,L,-1.0
formula,receptions,Makhi Hughes,Receptions,2026-10-03,Houston,UCF,4,0.05822440087145969,-10.5,1,,1.31,2.0,1.5,0.3925,0.45132743362831856,-0.21500000000000002,0.3925,100.0,1.5,fliff,W,1.0,-0.0005645161290322442,0.6075,-155.0,1.5,fliff,L,-1.0
formula,receptions,DJ Epps,Receptions,2026-10-03,West Virginia,Iowa State,4,0.2556818181818182,3.0,1,,3.39,4.0,2.5,0.6075,0.5318542641970282,0.07480769230769235,0.6075,-130.0,2.5,betonlineag,W,0.7692307692307693,-0.211075,0.3925,101.0,2.5,betonlineag,L,-1.0
formula,receptions,Jaden Bray,Receptions,2026-10-03,West Virginia,Iowa State,4,0.19090909090909092,3.0,1,,2.36,1.0,1.5,0.654,0.5318542641970282,0.15707692307692311,0.654,-130.0,1.5,betonlineag,L,-1.0,-0.30454000000000003,0.346,101.0,1.5,betonlineag,W,1.01
formula,receptions,Cam Cook,Receptions,2026-10-03,West Virginia,Iowa State,4,0.12045454545454545,3.0,1,,1.56,2.0,1.5,0.3925,0.5719844357976653,-0.38321428571428573,0.3925,-175.0,1.5,fliff,W,0.5714285714285714,0.2757500000000001,0.6075,110.0,1.5,fliff,L,-1.0
formula,receptions,Fredrick Moore,Receptions,2026-10-03,Michigan State,Wisconsin,4,0.1509221772379667,8.5,1,,2.82,4.0,3.5,0.2795,0.45132743362831856,-0.441,0.2795,100.0,3.5,fliff,W,1.0,0.18533870967741933,0.7205,-155.0,3.5,fliff,L,-1.0
formula,receptions,Amir Jackson,Receptions,2026-10-03,Florida,Missouri,3,0.07916666666666666,-5.5,1,,1.73,1.0,1.5,0.442,0.4482758620689655,-0.11600000000000005,0.442,100.0,1.5,fliff,L,-1.0,-0.09325,0.558,-160.0,1.5,fliff,W,0.625
formula,receptions,Luke Harpring,Receptions,2026-10-03,Florida,Missouri,4,0.090625,-5.5,1,,1.61,3.0,1.5,0.3925,0.44217687074829937,-0.19537500000000002,0.3925,105.0,1.5,fliff,W,1.05,-0.012812500000000004,0.6075,-160.0,1.5,fliff,L,-1.0
formula,receptions,Jayden Scott,Receptions,2026-10-03,NC State,Louisville,4,0.030448717948717948,5.5,1,,1.17,0.0,1.5,0.357,0.5088967971530249,-0.3683846153846154,0.357,-130.0,1.5,fliff,L,-1.0,0.1788333333333334,0.643,-120.0,1.5,fliff,W,0.8333333333333334
formula,receptions,Mekhi Nelson,Receptions,2026-10-03,Nebraska,Maryland,4,0.060897435897435896,-15.5,1,,1.51,3.0,1.5,0.3925,0.5802098950524738,-0.3894444444444445,0.3925,-180.0,1.5,fliff,W,0.5555555555555556,0.3061249999999999,0.6075,115.0,1.5,fliff,L,-1.0
formula,receptions,Ca'Lil Valentine,Receptions,2026-10-03,Illinois,Purdue,4,0.0415521978021978,-9.5,1,,1.04,0.0,1.5,0.2225,0.3773584905660377,-0.46599999999999997,0.2225,140.0,1.5,fliff,L,-1.0,0.1309090909090909,0.7775,-220.0,1.5,fliff,W,0.45454545454545453
formula,receptions,Aidan Laughery,Receptions,2026-10-03,Illinois,Purdue,4,0.0415521978021978,-9.5,1,,0.97,1.0,0.5,0.5635,0.6525096525096524,-0.21976923076923074,0.5635,-260.0,0.5,fliff,W,0.38461538461538464,0.13490000000000002,0.4365,160.0,0.5,fliff,L,-1.0
formula,receptions,Tanook Hines,Receptions,2026-10-03,USC,Washington,3,0.08748125937031485,-7.5,1,,2.39,5.0,2.5,0.4115,0.3933164104995956,-0.016515000000000057,0.4115,139.0,2.5,betonlineag,W,1.39,-0.08814835164835161,0.5885,-182.0,2.5,betonlineag,L,-1.0
formula,receptions,Benjamin Brahmer,Receptions,2026-10-03,Penn State,Northwestern,4,0.17202380952380952,-3.0,1,,2.89,5.0,3.5,0.2925,0.46322988528598974,-0.406225,0.2925,103.0,3.5,betonlineag,W,1.03,0.2394548872180451,0.7075,-133.0,3.5,betonlineag,L,-1.0
formula,receptions,Brett Eskildsen,Receptions,2026-10-03,Penn State,Northwestern,3,0.1595238095238095,-3.0,1,,2.64,6.0,2.5,0.4585,0.516439256945586,-0.1656803278688524,0.4585,-122.0,2.5,betonlineag,W,0.819672131147541,0.052349056603773536,0.5415,-106.0,2.5,betonlineag,L,-1.0
formula,receptions,Chase Sowell,Receptions,2026-10-03,Penn State,Northwestern,4,0.2261904761904762,-3.0,1,,3.7,5.0,3.5,0.471,0.556480811006517,-0.20417241379310347,0.471,-145.0,3.5,betonlineag,W,0.6896551724137931,0.12148000000000014,0.529,112.0,3.5,betonlineag,L,-1.0
formula,receptions,Patrick Overmyer,Receptions,2026-10-03,Houston,UCF,4,0.22652505446623095,-10.5,1,,4.32,6.0,4.5,0.427,0.5467012037178121,-0.2635797101449275,0.427,-138.0,4.5,fanduel,W,0.7246376811594203,0.19183999999999996,0.573,108.0,4.5,fanduel,L,-1.0
formula,receptions,Koby Young,Receptions,2026-10-03,Houston,UCF,4,0.0957244008714597,-10.5,1,,2.7,1.0,1.5,0.7235,0.5946590367191226,0.14413953488372094,0.7235,-172.0,1.5,betonlineag,L,-1.0,-0.35852,0.2765,132.0,1.5,betonlineag,W,1.32
formula,receptions,Trent Walker,Receptions,2026-10-03,Houston,UCF,4,0.16508714596949892,-10.5,1,,2.87,2.0,1.5,0.742,0.5668912415784408,0.23015789473684212,0.742,-152.0,1.5,betonlineag,W,0.6578947368421053,-0.44014,0.258,117.0,1.5,betonlineag,L,-1.0
formula,receptions,Omari Hayes,Receptions,2026-10-03,Iowa State,West Virginia,4,0.21091269841269839,-3.0,1,,3.51,3.0,3.5,0.4525,0.45920859794821695,-0.07237499999999997,0.4525,105.0,3.5,espnbet,L,-1.0,-0.04694444444444451,0.5475,-135.0,3.5,espnbet,W,0.7407407407407407
formula,receptions,Dominic Overby,Receptions,2026-10-03,Iowa State,West Virginia,3,0.17724867724867724,-3.0,1,,2.7,3.0,1.5,0.722,0.611260053619303,0.10199999999999992,0.722,-190.0,1.5,espnbet,W,0.5263157894736842,-0.3328,0.278,140.0,1.5,espnbet,L,-1.0
formula,receptions,Cody Jackson,Receptions,2026-10-03,Iowa State,West Virginia,1,0.19047619047619047,-3.0,1,,2.85,6.0,1.5,0.729,0.4969046636401156,0.37989285714285714,0.729,-112.0,1.5,betonlineag,W,0.8928571428571429,-0.4933478260869565,0.271,-115.0,1.5,betonlineag,L,-1.0
formula,receptions,Vince Benetti,Receptions,2026-10-03,Iowa State,West Virginia,3,0.13148148148148148,-3.0,1,,2.24,2.0,1.5,0.5735,0.5462570956657111,-0.013910071942446034,0.5735,-139.0,1.5,betonlineag,W,0.7194244604316546,-0.117145,0.4265,107.0,1.5,betonlineag,L,-1.0
formula,receptions,Aiden Flora,Receptions,2026-10-03,Iowa State,West Virginia,4,0.1261904761904762,-3.0,1,,1.88,0.0,1.5,0.5735,0.5802098950524738,-0.10788888888888887,0.5735,-180.0,1.5,fliff,L,-1.0,-0.08302500000000007,0.4265,115.0,1.5,fliff,W,1.15
formula,receptions,Cam'ron Lacy,Receptions,2026-10-03,Middle Tennessee,Kansas,4,0.3670833333333333,21.5,1,,6.06,2.0,5.5,0.5555,0.43668122270742354,0.19432499999999997,0.5555,115.0,5.5,espnbet,L,-1.0,-0.25916666666666666,0.4445,-150.0,5.5,espnbet,W,0.6666666666666666
formula,receptions,Nik McMillan,Receptions,2026-10-03,Kansas,Middle Tennessee,3,0.2371615312791783,-21.5,1,,3.74,2.0,3.5,0.4795,0.5407914020517831,-0.1653148148148148,0.4795,-135.0,3.5,espnbet,L,-1.0,0.06702500000000006,0.5205,105.0,3.5,espnbet,W,1.05
formula,receptions,Keaton Kubecka,Receptions,2026-10-03,Kansas,Middle Tennessee,3,0.10955493308434484,-21.5,1,,2.57,1.0,2.5,0.446,0.4796954314720812,-0.12923809523809532,0.446,-105.0,2.5,espnbet,L,-1.0,-0.002799999999999969,0.554,-125.0,2.5,espnbet,W,0.8
formula,receptions,Nahzae Cox,Receptions,2026-10-03,Kansas,Middle Tennessee,3,0.08154372860255213,-21.5,1,,2.14,2.0,1.5,0.5735,0.6017069701280228,-0.10788888888888887,0.5735,-180.0,1.5,espnbet,W,0.5555555555555556,0.002275000000000027,0.4265,135.0,1.5,espnbet,L,-1.0
formula,receptions,Dylan Edwards,Receptions,2026-10-03,Kansas,Middle Tennessee,3,0.17631497043261748,-21.5,1,,2.11,1.0,2.5,0.293,0.4096045197740113,-0.3554,0.293,120.0,2.5,fliff,L,-1.0,0.07910526315789473,0.707,-190.0,2.5,fliff,W,0.5263157894736842
formula,receptions,Antonio Martin,Receptions,2026-10-03,Middle Tennessee,Kansas,4,0.040625,21.5,1,,0.97,0.0,0.5,0.5635,0.6052631578947368,-0.15475,0.5635,-200.0,0.5,fliff,L,-1.0,0.003950000000000009,0.4365,130.0,0.5,fliff,W,1.3
formula,receptions,Hogan Hansen,Receptions,2026-10-03,Michigan,Minnesota,1,0.11764705882352941,-6.5,1,,1.41,3.0,0.5,0.8585,0.6226415094339622,0.24872727272727277,0.8585,-220.0,0.5,fliff,W,0.45454545454545453,-0.6604000000000001,0.1415,140.0,0.5,fliff,L,-1.0
formula,receptions,Cole Weaver,Receptions,2026-10-03,Syracuse,UConn,2,0.11818181818181818,-6.5,1,,2.28,1.0,2.5,0.309,0.38203893657106974,-0.23985999999999996,0.309,146.0,2.5,betonlineag,L,-1.0,0.05089583333333336,0.691,-192.0,2.5,betonlineag,W,0.5208333333333334
formula,receptions,Umari Hatcher,Receptions,2026-10-03,Syracuse,UConn,3,0.2512121212121212,-6.5,1,,5.18,12.0,5.5,0.4045,0.49179655455291227,-0.2277727272727273,0.4045,-110.0,5.5,betonlineag,W,0.9090909090909091,0.10016101694915253,0.5955,-118.0,5.5,betonlineag,L,-1.0
formula,receptions,Javon Brown,Receptions,2026-10-03,UConn,Syracuse,3,0.1769498910675381,6.5,1,,2.76,3.0,2.5,0.4725,0.44351918899348297,0.0017000000000000348,0.4725,112.0,2.5,betonlineag,W,1.12,-0.10870689655172411,0.5275,-145.0,2.5,betonlineag,L,-1.0
formula,receptions,Ryder Treadway,Receptions,2026-10-03,UConn,Syracuse,4,0.11607843137254903,6.5,1,,2.1,3.0,2.5,0.293,0.41598386486827177,-0.33781999999999995,0.293,126.0,2.5,betonlineag,W,1.26,0.13809756097560977,0.707,-164.0,2.5,betonlineag,L,-1.0
formula,receptions,Xavier Watson,Receptions,2026-10-03,UConn,Syracuse,3,0.11703703703703705,6.5,1,,2.04,2.0,1.5,0.5735,0.5829383886255923,-0.0768048780487805,0.5735,-164.0,1.5,betonlineag,W,0.6097560975609756,-0.04037500000000005,0.4265,125.0,1.5,betonlineag,L,-1.0
formula,receptions,Jordan Faison,Receptions,2026-10-03,Notre Dame,North Carolina,4,0.22457602339181287,-21.0,1,,4.12,8.0,5.5,0.2485,0.46691027202598456,-0.4980299999999999,0.2485,102.0,5.5,fanduel,W,1.02,0.32957692307692305,0.7515,-130.0,5.5,fanduel,L,-1.0
formula,receptions,Jordan Shipp,Receptions,2026-10-03,North Carolina,Notre Dame,3,0.2950498575498575,21.0,1,,3.91,7.0,3.5,0.5255,0.4548257786000617,0.09304000000000007,0.5255,108.0,3.5,fanduel,W,1.08,-0.17660294117647057,0.4745,-136.0,3.5,fanduel,L,-1.0
formula,receptions,Micah Gilbert,Receptions,2026-10-03,Notre Dame,North Carolina,4,0.20183479532163742,-21.0,1,,3.84,3.0,3.5,0.508,0.42847503373819157,0.11760000000000004,0.508,120.0,3.5,fanduel,L,-1.0,-0.18851948051948053,0.492,-154.0,3.5,fanduel,W,0.6493506493506493
formula,receptions,Jelani Thurman,Receptions,2026-10-03,North Carolina,Notre Dame,3,0.2343304843304843,21.0,1,,3.33,5.0,3.5,0.428,0.36038130667286683,0.12136000000000013,0.428,162.0,3.5,fanduel,W,1.62,-0.15561904761904766,0.572,-210.0,3.5,fanduel,L,-1.0
formula,receptions,Sam West,Receptions,2026-10-03,Mississippi State,Alabama,3,0.08966861598440545,5.5,1,,2.33,1.0,1.5,0.6475,0.5925565555825832,0.03291666666666665,0.6475,-168.0,1.5,fanduel,L,-1.0,-0.18219999999999997,0.3525,132.0,1.5,fanduel,W,1.32
formula,receptions,Marshall Pritchett,Receptions,2026-10-03,Alabama,Mississippi State,3,0.08156487232574189,-5.5,1,,1.97,2.0,1.5,0.5735,0.44563936358279316,0.21582000000000012,0.5735,112.0,1.5,fanduel,W,1.12,-0.2731478873239437,0.4265,-142.0,1.5,fanduel,L,-1.0
formula,receptions,Kaleb Edwards,Receptions,2026-10-03,Alabama,Mississippi State,3,0.1275652900366859,-5.5,1,,2.5,1.0,2.5,0.436,0.5,-0.17471428571428566,0.436,-112.0,2.5,fanduel,L,-1.0,0.06757142857142856,0.564,-112.0,2.5,fanduel,W,0.8928571428571429
formula,receptions,Daniel Hill,Receptions,2026-10-03,Alabama,Mississippi State,4,0.08034011659583742,-5.5,1,,1.58,0.0,1.5,0.3925,0.3909205548549811,-0.09724999999999995,0.3925,130.0,1.5,fliff,L,-1.0,-0.1032142857142857,0.6075,-210.0,1.5,fliff,W,0.47619047619047616
formula,receptions,Talyn Taylor,Receptions,2026-10-03,Georgia,Vanderbilt,3,0.17055555555555557,-25.5,1,,2.71,3.0,2.5,0.4725,0.4498870615467902,-0.012474999999999903,0.4725,109.0,2.5,betonlineag,W,1.09,-0.098386524822695,0.5275,-141.0,2.5,betonlineag,L,-1.0
formula,receptions,Lawson Luckie,Receptions,2026-10-03,Georgia,Vanderbilt,3,0.10187908496732027,-25.5,1,,1.81,1.0,1.5,0.5585,0.5123152709359606,0.023916666666666697,0.5585,-120.0,1.5,betonlineag,L,-1.0,-0.14970370370370367,0.4415,-108.0,1.5,betonlineag,W,0.9259259259259259
formula,receptions,Ian Strong,Receptions,2026-10-03,California,UNLV,4,0.17076599870717518,1.5,1,,4.29,6.0,4.5,0.4235,0.40640759418570166,-0.02595000000000003,0.4235,130.0,4.5,fanduel,W,1.3,-0.09217816091954023,0.5765,-174.0,4.5,fanduel,L,-1.0
formula,receptions,Jacory Barney Jr.,Receptions,2026-10-03,Nebraska,Maryland,4,0.19081196581196583,-15.5,1,,3.19,2.0,3.5,0.3705,0.4121896998888477,-0.15525999999999995,0.3705,128.0,3.5,betonlineag,L,-1.0,0.006446107784431054,0.6295,-167.0,3.5,betonlineag,W,0.5988023952095808
formula,receptions,Dorian Fleming,Receptions,2026-10-03,Maryland,Nebraska,4,0.12090225563909775,15.5,1,,3.41,5.0,3.5,0.4385,0.48974190636412124,-0.15920642201834861,0.4385,-109.0,3.5,betonlineag,W,0.9174311926605505,0.03334873949579831,0.5615,-119.0,3.5,betonlineag,L,-1.0
formula,receptions,Nyziah Hunter,Receptions,2026-10-03,Nebraska,Maryland,4,0.08183760683760684,-15.5,1,,2.15,2.0,2.5,0.293,0.588150289017341,-0.5486216216216215,0.293,-185.0,2.5,fliff,L,-1.0,0.5553999999999999,0.707,120.0,2.5,fliff,W,1.2
formula,receptions,Iverson Howard,Receptions,2026-10-03,Maryland,Nebraska,4,0.07923558897243108,15.5,1,,2.04,0.0,2.5,0.293,0.43928719436386243,-0.39935,0.293,105.0,2.5,fliff,L,-1.0,0.13548484848484849,0.707,-165.0,2.5,fliff,W,0.6060606060606061
formula,receptions,Brayden Trimble,Receptions,2026-10-03,Illinois,Purdue,4,0.15244764293677338,-9.5,1,,2.89,2.0,3.5,0.292,0.4096045197740113,-0.3576,0.292,120.0,3.5,fliff,L,-1.0,0.08063157894736839,0.708,-190.0,3.5,fliff,W,0.5263157894736842
formula,receptions,Mario Craver,Receptions,2026-10-03,Texas A&M,Arkansas,4,0.28076923076923077,-13.5,1,,5.07,1.0,4.5,0.556,0.552733296521259,-0.05518881118881119,0.556,-143.0,4.5,betonlineag,L,-1.0,-0.03749999999999998,0.6125,-175.0,5.5,fliff,W,0.5714285714285714
formula,receptions,Ed Small,Receptions,2026-10-03,TCU,BYU,4,0.2779166666666667,5.5,1,,5.48,4.0,3.5,0.794,0.48768472906403937,0.5291851851851853,0.794,-108.0,3.5,betonlineag,W,0.9259259259259259,-0.6223333333333334,0.206,-120.0,3.5,betonlineag,L,-1.0
formula,receptions,Jeremy Payne,Receptions,2026-10-03,TCU,BYU,4,0.15672619047619046,5.5,1,,2.93,4.0,2.5,0.5105,0.41184971098265893,0.12309999999999993,0.5105,120.0,2.5,fliff,W,1.2,-0.24590540540540534,0.4895,-185.0,2.5,fliff,L,-1.0
formula,receptions,T.J. Moore,Receptions,2026-10-03,Clemson,Miami,4,0.3041208791208791,14.0,1,,4.76,4.0,4.5,0.4835,0.5976612249623713,-0.2448707865168539,0.4835,-178.0,4.5,fanduel,L,-1.0,0.19827999999999996,0.5165,132.0,4.5,fanduel,W,1.32
formula,receptions,Bryant Wesco Jr.,Receptions,2026-10-03,Clemson,Miami,4,0.23090659340659342,14.0,1,,4.02,9.0,4.5,0.383,0.43297422610118635,-0.17272000000000004,0.383,116.0,4.5,fanduel,W,1.16,0.017649350649350637,0.617,-154.0,4.5,fanduel,L,-1.0
formula,receptions,Elija Lofton,Receptions,2026-10-03,Miami,Clemson,4,0.07777777777777778,-14.0,1,,2.53,3.0,2.5,0.44,0.539576802507837,-0.23407407407407416,0.44,-135.0,2.5,betonlineag,W,0.7407407407407407,0.14240000000000003,0.56,104.0,2.5,betonlineag,L,-1.0
formula,receptions,Dawson Pendergrass,Receptions,2026-10-03,Baylor,Arizona State,4,0.050423280423280425,3.5,1,,1.08,0.0,1.5,0.2335,0.6,-0.6497499999999999,0.2335,-200.0,1.5,fliff,L,-1.0,0.7246249999999999,0.7665,125.0,1.5,fliff,W,1.25
formula,receptions,Kyson Brown,Receptions,2026-10-03,Arizona State,Baylor,3,0.058996558996559,-3.5,1,,1.77,1.0,1.5,0.538,0.43928719436386243,0.10290000000000005,0.538,105.0,1.5,fliff,L,-1.0,-0.258,0.462,-165.0,1.5,fliff,W,0.6060606060606061
formula,receptions,Isaiah Johnson,Receptions,2026-10-03,Cincinnati,Arizona,4,0.16313625890238792,7.0,1,,3.65,6.0,3.5,0.466,0.48149290561381863,-0.09019047619047621,0.466,-105.0,3.5,betonlineag,W,0.9523809523809523,-0.031853658536585394,0.534,-123.0,3.5,betonlineag,L,-1.0
formula,receptions,Malachi Henry,Receptions,2026-10-03,Cincinnati,Arizona,4,0.06610023041474654,7.0,1,,2.89,1.0,2.5,0.496,0.47438944435338465,-0.01772549019607844,0.496,-102.0,2.5,betonlineag,L,-1.0,-0.09914960629921254,0.504,-127.0,2.5,betonlineag,W,0.7874015748031497
formula,receptions,Isaiah Mizell,Receptions,2026-10-03,Arizona,Cincinnati,3,0.107077721661055,-7.0,1,,2.49,4.0,2.5,0.4345,0.38995689950058143,0.04714499999999999,0.4345,141.0,2.5,betonlineag,W,1.41,-0.12882432432432428,0.5655,-185.0,2.5,betonlineag,L,-1.0
formula,receptions,AJ Little,Receptions,2026-10-03,Southern Miss,Troy,4,0.18256888302260355,9.5,1,,3.15,1.0,3.5,0.3635,0.516439256945586,-0.3385491803278688,0.3635,-122.0,3.5,betonlineag,L,-1.0,0.23697169811320756,0.6365,-106.0,3.5,betonlineag,W,0.9433962264150944
formula,receptions,Howard Kinchen,Receptions,2026-10-03,Troy,Southern Miss,2,0.2588888888888889,-9.5,1,,4.07,2.0,4.5,0.3875,0.41703248463564524,-0.13200000000000006,0.3875,124.0,4.5,fanduel,L,-1.0,-0.018524096385542144,0.6125,-166.0,4.5,fanduel,W,0.6024096385542169
formula,receptions,Jace Petty,Receptions,2026-10-03,Troy,Southern Miss,4,0.1382142857142857,-9.5,1,,2.88,2.0,2.5,0.4855,0.4248366013071895,0.06810000000000005,0.4855,120.0,2.5,fanduel,L,-1.0,-0.1639375,0.5145,-160.0,2.5,fanduel,W,0.625
formula,receptions,Noreel White,Receptions,2026-10-03,Troy,Southern Miss,4,0.1334126984126984,-9.5,1,,2.44,1.0,2.5,0.424,0.4248366013071895,-0.06720000000000004,0.424,120.0,2.5,fanduel,L,-1.0,-0.064,0.576,-160.0,2.5,fanduel,W,0.625
formula,receptions,James Resar,Receptions,2026-10-10,Florida International,New Mexico State,3,0.16104594330400782,-7.0,1,,2.81,3.0,2.5,0.4725,0.48149290561381863,-0.07750000000000001,0.4725,-105.0,2.5,betonlineag,W,0.9523809523809523,-0.04363821138211382,0.5275,-123.0,2.5,betonlineag,L,-1.0
formula,receptions,Josiah Thomas,Receptions,2026-10-10,New Mexico State,Florida International,5,0.1495412444153863,7.0,1,,3.31,1.0,3.5,0.425,0.4564539116366858,-0.12449999999999994,0.425,106.0,3.5,betonlineag,L,-1.0,-0.00529197080291971,0.575,-137.0,3.5,betonlineag,W,0.7299270072992701
formula,receptions,Maguire Anderson,Receptions,2026-10-10,Florida International,New Mexico State,4,0.2747434017595308,-7.0,1,,5.29,1.0,5.5,0.4235,0.539576802507837,-0.26279629629629636,0.4235,-135.0,5.5,betonlineag,L,-1.0,0.17606,0.5765,104.0,5.5,betonlineag,W,1.04
formula,receptions,Jonathan Stafford Jr.,Receptions,2026-10-10,Western Kentucky,Missouri State,5,0.26455375253549696,1.5,1,,5.51,6.0,6.5,0.3005,0.5185070943861814,-0.45519105691056916,0.3005,-123.0,6.5,betonlineag,L,-1.0,0.3656904761904761,0.6995,-105.0,6.5,betonlineag,W,0.9523809523809523
formula,receptions,Mekhi Miller,Receptions,2026-10-10,Missouri State,Western Kentucky,3,0.12417027417027417,-1.5,1,,2.84,5.0,2.5,0.4725,0.5946590367191226,-0.2527906976744186,0.4725,-172.0,2.5,betonlineag,W,0.5813953488372093,0.22380000000000005,0.5275,132.0,2.5,betonlineag,L,-1.0
formula,receptions,Isaiah Myers,Receptions,2026-10-10,Missouri State,Western Kentucky,3,0.27178932178932175,-1.5,1,,4.29,3.0,5.5,0.27,0.49179655455291227,-0.4845454545454545,0.27,-110.0,5.5,betonlineag,L,-1.0,0.34864406779661006,0.73,-118.0,5.5,betonlineag,W,0.847457627118644
formula,receptions,Jeremiah Jones-Thomas,Receptions,2026-10-10,South Alabama,Arkansas State,5,0.2467904076599729,3.0,1,,4.05,1.0,3.5,0.555,0.46042319749216293,0.13220000000000004,0.555,104.0,3.5,betonlineag,L,-1.0,-0.22537037037037044,0.445,-135.0,3.5,betonlineag,W,0.7407407407407407
formula,receptions,Brendan Jenkins,Receptions,2026-10-10,South Alabama,Arkansas State,5,0.2130067999633217,3.0,1,,3.78,1.0,3.5,0.49,0.48149290561381863,-0.04333333333333339,0.49,-105.0,3.5,betonlineag,L,-1.0,-0.0753658536585366,0.51,-123.0,3.5,betonlineag,W,0.8130081300813008
formula,receptions,AJ Wilson,Receptions,2026-10-10,UTSA,South Florida,5,0.13506281377424753,-5.5,1,,3.36,2.0,4.5,0.277,0.44351918899348297,-0.4127599999999999,0.277,112.0,4.5,betonlineag,L,-1.0,0.2216206896551724,0.723,-145.0,4.5,betonlineag,W,0.6896551724137931
formula,receptions,Mekhi Anderson,Receptions,2026-10-10,UTSA,South Florida,5,0.1845100997006623,-5.5,1,,3.76,3.0,3.5,0.4835,0.539576802507837,-0.15835185185185185,0.4835,-135.0,3.5,betonlineag,L,-1.0,0.053659999999999985,0.5165,104.0,3.5,betonlineag,W,1.04
formula,receptions,Anthony Carrie,Receptions,2026-10-10,Florida International,New Mexico State,4,0.045454545454545456,-7.0,1,,1.49,1.0,2.5,0.159,0.4096045197740113,-0.6502,0.159,120.0,2.5,fliff,L,-1.0,0.28363157894736835,0.841,-190.0,2.5,fliff,W,0.5263157894736842
formula,receptions,Jackson Verdugo,Receptions,2026-10-10,Florida International,New Mexico State,4,0.06298875855327468,-7.0,1,,1.73,1.0,1.5,0.4385,0.5178412132024978,-0.23668518518518522,0.4385,-135.0,1.5,fliff,L,-1.0,0.04976086956521736,0.5615,-115.0,1.5,fliff,W,0.8695652173913043
formula,receptions,James Jones,Receptions,2026-10-10,New Mexico State,Florida International,5,0.052729650212487746,7.0,1,,1.49,3.0,1.5,0.3925,0.3408567480423768,0.040124999999999966,0.3925,165.0,1.5,fliff,W,1.65,-0.1675,0.6075,-270.0,1.5,fliff,L,-1.0
formula,receptions,Darius Cannon,Receptions,2026-10-10,Jacksonville State,Kennesaw State,5,0.17603939516309958,-3.0,1,,2.87,4.0,4.5,0.1555,0.3993154592127781,-0.6361300000000001,0.1555,134.0,4.5,fanduel,L,-1.0,0.31366666666666665,0.8445,-180.0,4.5,fanduel,W,0.5555555555555556
formula,receptions,Deondre Johnson,Receptions,2026-10-10,Jacksonville State,Kennesaw State,5,0.1575977026966393,-3.0,1,,3.15,4.0,3.5,0.363,0.3993154592127781,-0.15058,0.363,134.0,3.5,fanduel,W,1.34,-0.00911111111111107,0.637,-180.0,3.5,fanduel,L,-1.0
formula,receptions,Brayden Munroe,Receptions,2026-10-10,Kennesaw State,Jacksonville State,4,0.14957836281365694,3.0,1,,2.84,6.0,2.5,0.4735,0.5585303332383936,-0.20656756756756756,0.4735,-148.0,2.5,fanduel,W,0.6756756756756757,0.11618,0.5265,112.0,2.5,fanduel,L,-1.0
formula,receptions,Joshua Porter,Receptions,2026-10-10,South Florida,UTSA,5,0.21796244622250813,5.5,1,,3.65,2.0,3.5,0.466,0.4564539116366858,-0.040039999999999965,0.466,106.0,3.5,betonlineag,L,-1.0,-0.0762189781021898,0.534,-137.0,3.5,betonlineag,W,0.7299270072992701
formula,receptions,Bryson Rodgers,Receptions,2026-10-10,South Florida,UTSA,5,0.27790502995456556,5.5,1,,4.07,5.0,3.5,0.557,0.5347344777795604,-0.02103030303030301,0.557,-132.0,3.5,betonlineag,W,0.7575757575757576,-0.10514000000000001,0.443,102.0,3.5,betonlineag,L,-1.0
formula,receptions,Hunter Summers,Receptions,2026-10-10,Arkansas State,South Alabama,5,0.2158824508824509,-3.0,1,,4.1,9.0,4.5,0.393,0.4498870615467902,-0.17862999999999996,0.393,109.0,4.5,betonlineag,W,1.09,0.037496453900709215,0.607,-141.0,4.5,betonlineag,L,-1.0
formula,receptions,Chauncy Cobb,Receptions,2026-10-10,Arkansas State,South Alabama,5,0.28656010656010655,-3.0,1,,4.46,2.0,5.5,0.2945,0.44351918899348297,-0.37566,0.2945,112.0,5.5,betonlineag,L,-1.0,0.1920517241379311,0.7055,-145.0,5.5,betonlineag,W,0.6896551724137931
formula,receptions,Jaylen Bonelli,Receptions,2026-10-10,Arkansas State,South Alabama,5,0.15752247752247753,-3.0,1,,3.41,5.0,3.5,0.44,0.46322988528598974,-0.10680000000000006,0.44,103.0,3.5,betonlineag,W,1.03,-0.0189473684210526,0.56,-133.0,3.5,betonlineag,L,-1.0
formula,receptions,Jamari Person,Receptions,2026-10-10,Liberty,Sam Houston,5,0.1613499245852187,-13.5,1,,2.38,1.0,2.5,0.4115,0.5030953363598846,-0.23067391304347834,0.4115,-115.0,2.5,betonlineag,L,-1.0,0.11394642857142867,0.5885,-112.0,2.5,betonlineag,W,0.8928571428571429
formula,receptions,Makai Jackson,Receptions,2026-10-10,Liberty,Sam Houston,5,0.2955505279034691,-13.5,1,,3.45,3.0,3.5,0.443,0.5867448807441689,-0.2917305389221558,0.443,-167.0,3.5,betonlineag,L,-1.0,0.26439000000000007,0.557,127.0,3.5,betonlineag,W,1.27
formula,receptions,Tim Burns Jr.,Receptions,2026-10-10,Sam Houston,Liberty,3,0.0885814668423364,13.5,1,,2.73,2.0,2.5,0.4725,0.38961038961038963,0.134,0.4725,140.0,2.5,fanduel,L,-1.0,-0.1919148936170213,0.5275,-188.0,2.5,fanduel,W,0.5319148936170213
formula,receptions,Grady O'Neill,Receptions,2026-10-10,Sam Houston,Liberty,4,0.221582674571805,13.5,1,,4.79,3.0,5.5,0.341,0.46209273182957394,-0.31118,0.341,102.0,5.5,fanduel,L,-1.0,0.1435588235294118,0.659,-136.0,5.5,fanduel,W,0.7352941176470589
formula,receptions,Chris Reed,Receptions,2026-10-10,Sam Houston,Liberty,4,0.11113306982872201,13.5,1,,3.2,3.0,3.5,0.373,0.48768472906403937,-0.2816296296296296,0.373,-108.0,3.5,betonlineag,L,-1.0,0.14950000000000008,0.627,-120.0,3.5,betonlineag,W,0.8333333333333334
formula,receptions,Rod Gibbs,Receptions,2026-10-10,South Alabama,Arkansas State,4,0.11021164825512653,3.0,1,,2.09,2.0,1.5,0.5735,0.5693779904306221,-0.08914705882352941,0.5735,-170.0,1.5,fliff,W,0.5882352941176471,-0.10435,0.4265,110.0,1.5,fliff,L,-1.0
formula,receptions,Keenan Phillips,Receptions,2026-10-10,South Alabama,Arkansas State,5,0.08506372854198942,3.0,1,,1.41,1.0,1.5,0.3925,0.36933407946278674,-0.03837500000000005,0.3925,145.0,1.5,fliff,L,-1.0,-0.1283695652173913,0.6075,-230.0,1.5,fliff,W,0.43478260869565216
formula,receptions,D.J. Crowther,Receptions,2026-10-10,South Florida,UTSA,5,0.0668624502432552,5.5,1,,1.6,2.0,1.5,0.3925,0.4731182795698925,-0.25068181818181823,0.3925,-110.0,1.5,fliff,W,0.9090909090909091,0.041428571428571426,0.6075,-140.0,1.5,fliff,L,-1.0
